"Date","BA.Open","BA.High","BA.Low","BA.Close","BA.Volume","BA.Adjusted"
"2019-01-02",316.190002441406,323.950012207031,313.709991455078,323.809997558594,3292200,314.645111083984
"2019-01-03",319.489990234375,319.739990234375,309.399993896484,310.899993896484,5705600,302.100524902344
"2019-01-04",316.690002441406,328.440002441406,316.079986572266,327.079986572266,4448800,317.822570800781
"2019-01-07",330.519989013672,330.690002441406,323.350006103516,328.109985351562,4030300,318.823455810547
"2019-01-08",334.109985351562,341.25,332.649993896484,340.529998779297,4736500,330.891876220703
"2019-01-09",342.959991455078,347.200012207031,340.869995117188,343.829986572266,4213900,334.098510742188
"2019-01-10",346.510009765625,353.470001220703,343,352.609985351562,5358100,342.630004882812
"2019-01-11",348.559997558594,354.359985351562,348.089996337891,352.899993896484,3158900,342.911804199219
"2019-01-14",348.200012207031,352.809997558594,347.010009765625,350.359985351562,2476400,340.443664550781
"2019-01-15",352,353.320007324219,347.980010986328,352.239990234375,2940900,342.270477294922
"2019-01-16",352.5,355,351.559997558594,352.059997558594,2731100,342.095611572266
"2019-01-17",350.75,363.829986572266,350.730010986328,359.089996337891,4270400,348.926605224609
"2019-01-18",363.880004882812,367.320007324219,361.320007324219,364.730010986328,4256500,354.406951904297
"2019-01-22",362.859985351562,364.200012207031,354.230010986328,357.899993896484,4336500,347.770233154297
"2019-01-23",361.910003662109,362.200012207031,353.670013427734,358.609985351562,2924900,348.460205078125
"2019-01-24",358.910003662109,363.179992675781,356.899993896484,358.269989013672,2801300,348.129791259766
"2019-01-25",362.489990234375,366.940002441406,360.329986572266,364.200012207031,3185600,353.891998291016
"2019-01-28",360.649993896484,363.170013427734,357.5,362.970001220703,3128900,352.696807861328
"2019-01-29",363.070007324219,367.779998779297,362.410003662109,364.910003662109,3202700,354.581878662109
"2019-01-30",387.399993896484,391.970001220703,380.5,387.720001220703,12705300,376.746307373047
"2019-01-31",387.160003662109,388.989990234375,382.079986572266,385.619995117188,6878500,374.705749511719
"2019-02-01",386.109985351562,392.799987792969,384.730010986328,387.429992675781,5625700,376.464508056641
"2019-02-04",388.970001220703,397.070007324219,388.119995117188,397,4256600,385.763641357422
"2019-02-05",400.75,410.75,399.549987792969,410.179992675781,7230400,398.570587158203
"2019-02-06",411.510009765625,413.880004882812,405.660003662109,411.109985351562,5356000,399.474243164062
"2019-02-07",407.929992675781,410.350006103516,402.290008544922,405.170013427734,5211400,395.680267333984
"2019-02-08",400,404.959991455078,397.799987792969,404.910003662109,4570900,395.426361083984
"2019-02-11",408.100006103516,409.829986572266,402.690002441406,403.950012207031,3046900,394.488830566406
"2019-02-12",407,411.209991455078,405.399993896484,410.720001220703,3263300,401.100280761719
"2019-02-13",412.519989013672,412.720001220703,407.670013427734,410.579986572266,3078700,400.963562011719
"2019-02-14",408.929992675781,412.220001220703,407.799987792969,409.820007324219,2724300,400.221374511719
"2019-02-15",412.480010986328,418.049987792969,411.429992675781,417.970001220703,4017300,408.180480957031
"2019-02-19",415.5,417.940002441406,414.540008544922,416.260009765625,3051500,406.510528564453
"2019-02-20",417.140014648438,421.839996337891,417.109985351562,421.549987792969,3990100,411.676605224609
"2019-02-21",421.579986572266,422.410003662109,415.679992675781,417.579986572266,2880500,407.799621582031
"2019-02-22",419.700012207031,424.470001220703,419.140014648438,424.049987792969,3132300,414.118072509766
"2019-02-25",427.489990234375,429.920013427734,426.519989013672,426.869995117188,3276100,416.872039794922
"2019-02-26",426,429,424.25,426.769989013672,2503700,416.774353027344
"2019-02-27",427.170013427734,436.329986572266,427.149993896484,435.440002441406,4603800,425.241302490234
"2019-02-28",438.700012207031,441.420013427734,437.079986572266,439.959991455078,5063100,429.655456542969
"2019-03-01",446.010009765625,446.010009765625,440.190002441406,440.619995117188,5124200,430.299987792969
"2019-03-04",443.220001220703,444.5,426.630004882812,432.690002441406,5971000,422.555725097656
"2019-03-05",431.040008544922,433.850006103516,428.640014648438,430.119995117188,2844300,420.0458984375
"2019-03-06",429.700012207031,432,422.079986572266,424.459991455078,4159400,414.518493652344
"2019-03-07",423.359985351562,434.350006103516,416.440002441406,422.559997558594,4893600,412.662994384766
"2019-03-08",416.769989013672,423.429992675781,415.5,422.540008544922,3794900,412.643463134766
"2019-03-11",371.269989013672,402.670013427734,365.549987792969,400.010009765625,34742200,390.641143798828
"2019-03-12",384.709991455078,390,368,375.410003662109,36922600,366.617279052734
"2019-03-13",378.429992675781,381.769989013672,363.329986572266,377.140014648438,32662300,368.306793212891
"2019-03-14",374.989990234375,380.390014648438,372.100006103516,373.299987792969,13514100,364.556732177734
"2019-03-15",370.880004882812,385.709991455078,366.450012207031,378.989990234375,26697700,370.113433837891
"2019-03-18",370,373.070007324219,367.200012207031,372.279998779297,13119200,363.560607910156
"2019-03-19",371.140014648438,378.769989013672,371.010009765625,373.429992675781,9856100,364.683654785156
"2019-03-20",374.700012207031,380.799987792969,373.679992675781,376.160003662109,8737600,367.349761962891
"2019-03-21",374.040008544922,377,372.230010986328,372.700012207031,6951000,363.970764160156
"2019-03-22",368.790008544922,369.859985351562,361.529998779297,362.170013427734,10143900,353.687408447266
"2019-03-25",365,371.209991455078,362.890014648438,370.459991455078,7939600,361.783233642578
"2019-03-26",375.579986572266,375.600006103516,367.600006103516,370.380004882812,6479700,361.705108642578
"2019-03-27",371.890014648438,376.660003662109,365.549987792969,374.209991455078,9600000,365.445404052734
"2019-03-28",376.600006103516,376.660003662109,372.329986572266,374.440002441406,4921300,365.670043945312
"2019-03-29",376.519989013672,382.179992675781,374.739990234375,381.420013427734,7694700,372.486602783203
"2019-04-01",385.799987792969,392.899993896484,383.100006103516,391.540008544922,7735700,382.369537353516
"2019-04-02",388.5,394.829986572266,388.5,390.75,6401000,381.598022460938
"2019-04-03",389.679992675781,391.540008544922,384.070007324219,384.739990234375,7350300,375.728759765625
"2019-04-04",385.989990234375,397.059997558594,385.100006103516,395.859985351562,9388100,386.588317871094
"2019-04-05",398.070007324219,398.660003662109,390.950012207031,391.929992675781,6857200,382.750366210938
"2019-04-08",376.200012207031,379.799987792969,371.859985351562,374.519989013672,14482600,365.748168945312
"2019-04-09",370.290008544922,372.239990234375,367.75,369.040008544922,7980100,360.396514892578
"2019-04-10",368.399993896484,368.790008544922,362.920013427734,364.940002441406,8285000,356.392517089844
"2019-04-11",364.619995117188,371.079986572266,364.209991455078,370.160003662109,6598400,361.490295410156
"2019-04-12",375.75,379.950012207031,372,379.640014648438,7334600,370.748260498047
"2019-04-15",376.700012207031,377.899993896484,373.679992675781,375.459991455078,3822100,366.666137695312
"2019-04-16",376.510009765625,384.640014648438,375.029998779297,381.720001220703,7083800,372.779510498047
"2019-04-17",384.100006103516,384.190002441406,377.480010986328,377.519989013672,4424400,368.677886962891
"2019-04-18",377.519989013672,382.170013427734,377.519989013672,380.070007324219,4703100,371.168182373047
"2019-04-22",375.690002441406,378.950012207031,374.899993896484,375.170013427734,4147700,366.382965087891
"2019-04-23",375.540008544922,376.869995117188,372.609985351562,374.019989013672,4894500,365.259857177734
"2019-04-24",377.890014648438,381.149993896484,373.660003662109,375.459991455078,9855100,366.666137695312
"2019-04-25",376.010009765625,384.799987792969,372.760009765625,382.799987792969,6615000,373.834197998047
"2019-04-26",383.890014648438,384,378.140014648438,380.790008544922,4259600,371.871307373047
"2019-04-29",378.489990234375,385.299987792969,376.760009765625,379.049987792969,5457300,370.172027587891
"2019-04-30",379.5,381.140014648438,375.049987792969,377.690002441406,3732800,368.843872070312
"2019-05-01",378.529998779297,381.200012207031,376.380004882812,376.799987792969,2765600,367.974731445312
"2019-05-02",375.5,377.649993896484,373.25,375.799987792969,2438800,366.998168945312
"2019-05-03",376.079986572266,377.899993896484,374.220001220703,376.459991455078,2953800,367.642669677734
"2019-05-06",367.880004882812,372.480010986328,365.630004882812,371.600006103516,4747600,362.896545410156
"2019-05-07",366.329986572266,367.709991455078,355.019989013672,357.230010986328,9740300,348.863128662109
"2019-05-08",357.769989013672,361.519989013672,353.329986572266,359.75,6030000,351.324066162109
"2019-05-09",354.760009765625,355.649993896484,347.470001220703,354.130004882812,6075200,347.822570800781
"2019-05-10",351.869995117188,355.540008544922,347.549987792969,354.670013427734,4574100,348.352966308594
"2019-05-13",344.510009765625,346.630004882812,337,337.369995117188,7757800,331.361083984375
"2019-05-14",339.899993896484,346.100006103516,337.230010986328,343.040008544922,4747800,336.930114746094
"2019-05-15",339.799987792969,348.799987792969,337.640014648438,345.640014648438,4810000,339.483795166016
"2019-05-16",348.640014648438,356.5,345.820007324219,353.809997558594,6036500,347.508270263672
"2019-05-17",351.5,359.989990234375,351.160003662109,355.019989013672,5282900,348.696685791016
"2019-05-20",353,355.940002441406,350.529998779297,352.790008544922,3219900,346.506439208984
"2019-05-21",358.029998779297,360.769989013672,354.880004882812,358.75,4022600,352.360290527344
"2019-05-22",357.220001220703,357.570007324219,351.75,352.779998779297,3841400,346.496612548828
"2019-05-23",345.920013427734,351.470001220703,341.149993896484,350.549987792969,5305400,344.306304931641
"2019-05-24",355,361.399993896484,353,354.899993896484,5387500,348.578887939453
"2019-05-28",355.290008544922,359.309997558594,354.880004882812,354.880004882812,3504300,348.559204101562
"2019-05-29",352.589996337891,352.790008544922,346.049987792969,348.799987792969,4160500,342.587463378906
"2019-05-30",350,351.920013427734,347.940002441406,349.869995117188,2183900,343.638427734375
"2019-05-31",345.850006103516,345.850006103516,341.359985351562,341.609985351562,3217600,335.525543212891
"2019-06-03",338.200012207031,339.109985351562,330.670013427734,338.890014648438,5148000,332.854034423828
"2019-06-04",342.570007324219,346.410003662109,340.119995117188,344.619995117188,3592300,338.481964111328
"2019-06-05",346.220001220703,353.25,332.489990234375,348.75,3188400,342.538391113281
"2019-06-06",348.179992675781,351.640014648438,345.579986572266,350.640014648438,2582300,344.394744873047
"2019-06-07",352.299987792969,355.279998779297,352.299987792969,353.700012207031,2470700,347.400238037109
"2019-06-10",356,357.399993896484,353.549987792969,353.799987792969,2560800,347.498413085938
"2019-06-11",355.420013427734,355.470001220703,348.130004882812,349.329986572266,2702700,343.108032226562
"2019-06-12",349,349.269989013672,342.799987792969,347.029998779297,2738300,340.849029541016
"2019-06-13",347.25,349.059997558594,344.100006103516,348.859985351562,2621300,342.646423339844
"2019-06-14",348,349.170013427734,345.890014648438,347.160003662109,2258400,340.976684570312
"2019-06-17",348.619995117188,356.049987792969,347.049987792969,354.899993896484,3746400,348.578887939453
"2019-06-18",357.609985351562,374.649993896484,357.600006103516,373.959991455078,9199200,367.299377441406
"2019-06-19",375.399993896484,379.309997558594,368.350006103516,368.559997558594,5716000,361.995574951172
"2019-06-20",373,375.790008544922,368.959991455078,374.880004882812,3794500,368.202972412109
"2019-06-21",374.390014648438,376.109985351562,371.720001220703,371.839996337891,4923700,365.217132568359
"2019-06-24",372.950012207031,375.489990234375,372.100006103516,373.989990234375,2323200,367.328826904297
"2019-06-25",374.75,375.25,368.029998779297,369.320007324219,3005400,362.742004394531
"2019-06-26",371.019989013672,378.980010986328,370,374.940002441406,4542000,368.261932373047
"2019-06-27",367.540008544922,369.929992675781,362.350006103516,364.019989013672,8980000,357.536407470703
"2019-06-28",363.920013427734,366.230010986328,361.570007324219,364.010009765625,4737100,357.526611328125
"2019-07-01",364.880004882812,365.230010986328,353.320007324219,356.459991455078,6392600,350.111083984375
"2019-07-02",355.630004882812,356.779998779297,352.690002441406,354.160003662109,3774700,347.85205078125
"2019-07-03",354.5,354.850006103516,352.260009765625,354.470001220703,2164900,348.156524658203
"2019-07-05",354,357.25,351.429992675781,355.859985351562,3208200,349.521728515625
"2019-07-08",350.410003662109,352.959991455078,349.399993896484,351.119995117188,3262300,344.8662109375
"2019-07-09",349.049987792969,353.850006103516,347.899993896484,353.089996337891,4828200,346.801086425781
"2019-07-10",354.489990234375,356.519989013672,351.25,352.299987792969,2946700,346.025146484375
"2019-07-11",352.619995117188,359.260009765625,350.700012207031,359,5059200,352.605834960938
"2019-07-12",360,365.450012207031,358.140014648438,365.329986572266,3592800,358.823089599609
"2019-07-15",360.5,362.850006103516,359.019989013672,361.609985351562,4814600,355.169311523438
"2019-07-16",361.260009765625,365.350006103516,361.200012207031,362.75,2960400,356.289031982422
"2019-07-17",362.75,369.75,362,369.519989013672,4010000,362.9384765625
"2019-07-18",367.600006103516,368.450012207031,359.75,361.109985351562,4582800,354.67822265625
"2019-07-19",370.670013427734,378.399993896484,368.5,377.359985351562,9504000,370.638824462891
"2019-07-22",376.940002441406,382.480010986328,371.890014648438,373.420013427734,4265100,366.769012451172
"2019-07-23",374.269989013672,376.429992675781,370.679992675781,373.070007324219,3354900,366.425231933594
"2019-07-24",370.279998779297,371.359985351562,360.029998779297,361.429992675781,7447900,354.992553710938
"2019-07-25",356.179992675781,357.690002441406,345.709991455078,348.089996337891,9663700,341.89013671875
"2019-07-26",346.200012207031,348.429992675781,342,345,4441100,338.855163574219
"2019-07-29",344.989990234375,346.079986572266,339.109985351562,340.209991455078,4116600,334.150512695312
"2019-07-30",339.839996337891,347.489990234375,336.559997558594,347.459991455078,4528000,341.271362304688
"2019-07-31",348.489990234375,351.290008544922,341.049987792969,341.179992675781,5219700,335.103210449219
"2019-08-01",341.910003662109,344.290008544922,333,334.290008544922,6465300,328.335968017578
"2019-08-02",334.559997558594,340.540008544922,332.320007324219,339.559997558594,4675400,333.512084960938
"2019-08-05",332.459991455078,333.369995117188,326.959991455078,331.059997558594,5876100,325.163452148438
"2019-08-06",333.989990234375,335.700012207031,329.140014648438,332.450012207031,3653300,326.528717041016
"2019-08-07",328.600006103516,333.649993896484,324.570007324219,331.380004882812,4187600,325.477783203125
"2019-08-08",331.299987792969,336.429992675781,328.859985351562,336.350006103516,3673000,332.420715332031
"2019-08-09",334.059997558594,339.079986572266,333.170013427734,337.549987792969,3102900,333.606689453125
"2019-08-12",333.679992675781,336.010009765625,331.369995117188,332.940002441406,2683400,329.050537109375
"2019-08-13",331.820007324219,337.399993896484,330.5,332.859985351562,3689700,328.971466064453
"2019-08-14",328.350006103516,329.540008544922,320.410003662109,320.420013427734,5110400,316.676788330078
"2019-08-15",323,328.070007324219,319.549987792969,328,4721800,324.168243408203
"2019-08-16",330.220001220703,331.160003662109,326.480010986328,330.450012207031,3866600,326.589660644531
"2019-08-19",334.179992675781,335.910003662109,331.399993896484,333.779998779297,2335600,329.880706787109
"2019-08-20",332.470001220703,333.5,328.880004882812,331.75,2039000,327.874450683594
"2019-08-21",335.480010986328,342.579986572266,333.209991455078,339.989990234375,3265600,336.018188476562
"2019-08-22",342.429992675781,356.440002441406,341.010009765625,354.410003662109,8320900,350.269714355469
"2019-08-23",355.350006103516,369.690002441406,354.350006103516,356.010009765625,11518700,351.851043701172
"2019-08-26",365.040008544922,367.339996337891,356.890014648438,359.040008544922,4661100,354.845642089844
"2019-08-27",359.420013427734,361.309997558594,353.619995117188,354.730010986328,3740300,350.585998535156
"2019-08-28",353.309997558594,360.190002441406,351.179992675781,359.970001220703,2402000,355.764770507812
"2019-08-29",363.850006103516,366.040008544922,360.170013427734,362.739990234375,2717500,358.502410888672
"2019-08-30",364.369995117188,366.369995117188,362.399993896484,364.089996337891,3147000,359.836639404297
"2019-09-03",354.109985351562,355.320007324219,350.609985351562,354.420013427734,4272200,350.279632568359
"2019-09-04",357.679992675781,358.029998779297,354.429992675781,356.529998779297,2737100,352.364959716797
"2019-09-05",360.140014648438,364.709991455078,359.130004882812,360.299987792969,3643300,356.090881347656
"2019-09-06",361.609985351562,364.910003662109,359.119995117188,363,3022600,358.759368896484
"2019-09-09",357.980010986328,360.929992675781,354.730010986328,358.779998779297,4183300,354.588653564453
"2019-09-10",359,369.489990234375,358.549987792969,369.489990234375,4547200,365.173522949219
"2019-09-11",368.739990234375,383.5,368,382.940002441406,8437000,378.466430664062
"2019-09-12",383.709991455078,384,374.309997558594,375.630004882812,4495300,371.241821289062
"2019-09-13",377.390014648438,381.75,377.049987792969,379.760009765625,3628900,375.323577880859
"2019-09-16",378.140014648438,381.630004882812,375,378.850006103516,3055500,374.424194335938
"2019-09-17",378.410003662109,385.309997558594,377.799987792969,384.200012207031,3269500,379.711700439453
"2019-09-18",383.25,386.739990234375,379.799987792969,386.410003662109,4186400,381.895904541016
"2019-09-19",386.140014648438,388.519989013672,382.899993896484,384.440002441406,2928800,379.948913574219
"2019-09-20",384.109985351562,384.730010986328,377.920013427734,379.390014648438,6643000,374.957916259766
"2019-09-23",376.609985351562,380.100006103516,374.420013427734,377.029998779297,2674900,372.625457763672
"2019-09-24",379.540008544922,381.890014648438,375.309997558594,381.649993896484,3533300,377.191497802734
"2019-09-25",384.910003662109,391,383.100006103516,386.200012207031,4705500,381.688354492188
"2019-09-26",387.100006103516,388.230010986328,383.329986572266,386.890014648438,2520400,382.370300292969
"2019-09-27",388.190002441406,389.690002441406,381.309997558594,382.859985351562,2730800,378.387359619141
"2019-09-30",383,383.769989013672,376.690002441406,380.470001220703,3183300,376.025268554688
"2019-10-01",381.700012207031,382.850006103516,374.630004882812,374.940002441406,2943800,370.559875488281
"2019-10-02",371.850006103516,372.989990234375,363.769989013672,367.359985351562,3698300,363.068420410156
"2019-10-03",366.209991455078,372.25,363.230010986328,372.070007324219,2623900,367.723419189453
"2019-10-04",372.25,376.130004882812,371.720001220703,375.700012207031,2008400,371.31103515625
"2019-10-07",374.059997558594,378.149993896484,373.059997558594,376.540008544922,1931800,372.141204833984
"2019-10-08",371.049987792969,377.339996337891,368.640014648438,374.100006103516,4030200,369.729705810547
"2019-10-09",376,377.859985351562,373.5,374.959991455078,2774100,370.579650878906
"2019-10-10",373.700012207031,374.540008544922,370.329986572266,371,2723700,366.665924072266
"2019-10-11",373,376.940002441406,370.079986572266,374.920013427734,3935400,370.540130615234
"2019-10-14",374.25,378.700012207031,372.679992675781,373.179992675781,2124500,368.820434570312
"2019-10-15",372.579986572266,373.529998779297,370.529998779297,370.959991455078,2836600,366.626373291016
"2019-10-16",370.220001220703,377.420013427734,369.239990234375,372.429992675781,3657100,368.079223632812
"2019-10-17",372.420013427734,373.799987792969,369.059997558594,369.059997558594,2397100,364.748596191406
"2019-10-18",369,369.350006103516,344,344,13544300,339.981353759766
"2019-10-21",332.890014648438,334.239990234375,324.399993896484,331.059997558594,15493100,327.192474365234
"2019-10-22",336.070007324219,341.480010986328,334.459991455078,337,7949700,333.063110351562
"2019-10-23",345,350.799987792969,336.5,340.5,10960800,336.522216796875
"2019-10-24",341.700012207031,345.739990234375,337.769989013672,344.549987792969,5382700,340.52490234375
"2019-10-25",342.920013427734,343.369995117188,338.899993896484,339.829986572266,4058000,335.860046386719
"2019-10-28",341.5,344.980010986328,339.489990234375,340.880004882812,3234500,336.897766113281
"2019-10-29",340.190002441406,349.720001220703,339.220001220703,348.929992675781,6113600,344.853729248047
"2019-10-30",346.630004882812,350,343.269989013672,346.059997558594,3997600,342.017272949219
"2019-10-31",344.700012207031,346.059997558594,339.450012207031,339.910003662109,3868400,335.939117431641
"2019-11-01",340.589996337891,345.190002441406,339.5,345.190002441406,3538200,341.157440185547
"2019-11-04",346.459991455078,351.450012207031,346.049987792969,351.089996337891,3703000,346.988494873047
"2019-11-05",355.230010986328,361.609985351562,353.190002441406,358.290008544922,5468900,354.104400634766
"2019-11-06",358.859985351562,359.399993896484,353.130004882812,354.190002441406,3815700,350.052307128906
"2019-11-07",356.119995117188,359.399993896484,355.049987792969,357.309997558594,2834500,355.196685791016
"2019-11-08",356.399993896484,357,350.549987792969,351,3218200,348.924011230469
"2019-11-11",349.040008544922,369.75,345.559997558594,366.959991455078,11483400,364.789611816406
"2019-11-12",366.489990234375,367.109985351562,360.010009765625,362.880004882812,5769700,360.733734130859
"2019-11-13",361.869995117188,366.619995117188,361.119995117188,362.5,3453700,360.355987548828
"2019-11-14",363.100006103516,368.480010986328,361.480010986328,367.440002441406,5339600,365.266784667969
"2019-11-15",370,373.480010986328,369.299987792969,371.679992675781,5493100,369.481689453125
"2019-11-18",371.670013427734,375.600006103516,367.899993896484,369.459991455078,3823800,367.274810791016
"2019-11-19",373.510009765625,374.829986572266,361.609985351562,367,6670200,364.829376220703
"2019-11-20",366,370.989990234375,365.75,370.910003662109,3774800,368.716247558594
"2019-11-21",369.75,370.760009765625,366.260009765625,366.440002441406,2703800,364.272674560547
"2019-11-22",368.269989013672,373.549987792969,366.609985351562,371.339996337891,3915700,369.143707275391
"2019-11-25",372.519989013672,374.299987792969,369.200012207031,373.130004882812,3324400,370.923126220703
"2019-11-26",373.660003662109,374.769989013672,371.359985351562,373.510009765625,2859000,371.300872802734
"2019-11-27",369.959991455078,371.829986572266,366.799987792969,368,4145000,365.823455810547
"2019-11-29",367.5,368.299987792969,366.179992675781,366.179992675781,1390900,364.014221191406
"2019-12-02",367.079986572266,367.380004882812,355.160003662109,355.179992675781,4794500,353.079284667969
"2019-12-03",352.089996337891,355.559997558594,347.609985351562,352.079986572266,4683500,349.997619628906
"2019-12-04",354.700012207031,355.290008544922,348.820007324219,348.839996337891,3014200,346.776763916016
"2019-12-05",350.220001220703,350.420013427734,345.589996337891,345.679992675781,4719600,343.635467529297
"2019-12-06",347.739990234375,354.399993896484,347.109985351562,354.089996337891,2856100,351.995727539062
"2019-12-09",352.670013427734,353.600006103516,349.570007324219,351.209991455078,2844600,349.132751464844
"2019-12-10",350.149993896484,351.399993896484,347.450012207031,347.899993896484,2920900,345.842346191406
"2019-12-11",342.100006103516,350.029998779297,338.5,350,7369100,347.929931640625
"2019-12-12",348.25,351.070007324219,341,346.290008544922,5970000,344.241882324219
"2019-12-13",346.299987792969,349.309997558594,341.100006103516,341.670013427734,4526300,339.649200439453
"2019-12-16",328.529998779297,336.230010986328,326.429992675781,327,16488200,325.065948486328
"2019-12-17",322.059997558594,330.950012207031,320.609985351562,327,13526400,325.065948486328
"2019-12-18",328.720001220703,335.25,328.140014648438,330.679992675781,7029300,328.724182128906
"2019-12-19",332.899993896484,334.809997558594,330.980010986328,333.5,5492600,331.527496337891
"2019-12-20",334.619995117188,335.5,328,328,9489400,326.060028076172
"2019-12-23",336.75,340.589996337891,334.200012207031,337.549987792969,9534800,335.553558349609
"2019-12-24",339.510009765625,339.75,332.619995117188,333,4120100,331.030456542969
"2019-12-26",332.700012207031,333.359985351562,329.299987792969,329.920013427734,4593400,327.968688964844
"2019-12-27",330.200012207031,333.649993896484,329.170013427734,330.140014648438,4124000,328.187408447266
"2019-12-30",330.5,330.630004882812,325.709991455078,326.399993896484,4525500,324.469512939453
"2019-12-31",325.410003662109,326.570007324219,323.320007324219,325.760009765625,4958800,323.833312988281
"2020-01-02",328.549987792969,333.350006103516,327.700012207031,333.320007324219,4544400,331.348571777344
"2020-01-03",330.630004882812,334.890014648438,330.299987792969,332.760009765625,3875900,330.791900634766
"2020-01-06",329.299987792969,334.859985351562,327.880004882812,333.739990234375,5355000,331.766082763672
"2020-01-07",334.260009765625,344.190002441406,330.709991455078,337.279998779297,9898600,335.28515625
"2020-01-08",332.399993896484,334.029998779297,329.600006103516,331.369995117188,8239200,329.410095214844
"2020-01-09",334.950012207031,341.730010986328,332.049987792969,336.339996337891,8175600,334.350708007812
"2020-01-10",335.559997558594,337.700012207031,329.450012207031,329.920013427734,7161700,327.968688964844
"2020-01-13",332.399993896484,334.100006103516,330.079986572266,330.220001220703,5648500,328.266906738281
"2020-01-14",330.760009765625,335.350006103516,328.279998779297,332.350006103516,6945300,330.384307861328
"2020-01-15",332.350006103516,333.109985351562,329.690002441406,329.799987792969,4578300,327.849395751953
"2020-01-16",331.049987792969,332.869995117188,329.309997558594,332,4024100,330.036376953125
"2020-01-17",332.390014648438,332.5,323,324.149993896484,11061700,322.232818603516
"2020-01-21",322.600006103516,326.600006103516,305.75,313.369995117188,19318000,311.516571044922
"2020-01-22",309.820007324219,312.839996337891,302.720001220703,309,18792600,307.172424316406
"2020-01-23",308.5,318.170013427734,307.700012207031,317.790008544922,9702100,315.910430908203
"2020-01-24",322,326.200012207031,312.510009765625,323.049987792969,17798200,321.139312744141
"2020-01-27",316.209991455078,321.260009765625,314.579986572266,316.600006103516,7468100,314.727478027344
"2020-01-28",318.049987792969,319.359985351562,314,316.559997558594,5502200,314.687713623047
"2020-01-29",324.350006103516,327.179992675781,319.140014648438,322.019989013672,12454700,320.115386962891
"2020-01-30",320.5,325.350006103516,317.640014648438,323.299987792969,6022000,321.387817382812
"2020-01-31",321.75,321.929992675781,316.989990234375,318.269989013672,4999600,316.387573242188
"2020-02-03",318.75,320.739990234375,314.880004882812,316,4841800,314.131011962891
"2020-02-04",318.279998779297,319.480010986328,315.029998779297,317.940002441406,3779800,316.059539794922
"2020-02-05",320.5,329.679992675781,319.230010986328,329.549987792969,6071800,327.600860595703
"2020-02-06",330.910003662109,343.440002441406,325.660003662109,341.429992675781,12845500,339.410614013672
"2020-02-07",340.369995117188,340.739990234375,335.690002441406,336.75,5337800,334.75830078125
"2020-02-10",337.220001220703,345.940002441406,336.320007324219,344.670013427734,5876400,342.631469726562
"2020-02-11",347.640014648438,348.070007324219,342.100006103516,344.420013427734,5311500,342.382934570312
"2020-02-12",346.420013427734,349.950012207031,345.850006103516,347.450012207031,4421500,345.39501953125
"2020-02-13",344.320007324219,347.890014648438,342.630004882812,342.820007324219,3783100,342.820007324219
"2020-02-14",342.299987792969,344.5,338,340.489990234375,4199800,340.489990234375
"2020-02-18",338.769989013672,339.989990234375,336.100006103516,338.880004882812,2904600,338.880004882812
"2020-02-19",338.119995117188,341.470001220703,335.859985351562,338.299987792969,4935700,338.299987792969
"2020-02-20",338.290008544922,341.239990234375,335.390014648438,336.279998779297,2807500,336.279998779297
"2020-02-21",334.049987792969,334.660003662109,330.230010986328,330.380004882812,3709900,330.380004882812
"2020-02-24",320,321.739990234375,316.329986572266,317.899993896484,6073200,317.899993896484
"2020-02-25",318.260009765625,320.640014648438,303.630004882812,304.140014648438,8052500,304.140014648438
"2020-02-26",307,315.220001220703,304.059997558594,305.589996337891,6987300,305.589996337891
"2020-02-27",300.369995117188,301,284.290008544922,287.760009765625,10982400,287.760009765625
"2020-02-28",278.070007324219,282.859985351562,269.600006103516,275.109985351562,15364300,275.109985351562
"2020-03-02",279.540008544922,291.709991455078,274.290008544922,289.269989013672,11012300,289.269989013672
"2020-03-03",292,297.440002441406,278.079986572266,280.619995117188,7499300,280.619995117188
"2020-03-04",284.549987792969,285.910003662109,277.010009765625,283.119995117188,6986100,283.119995117188
"2020-03-05",275.790008544922,276.309997558594,259.649993896484,260.369995117188,14669100,260.369995117188
"2020-03-06",253.699996948242,264.290008544922,249.800003051758,262.329986572266,12861800,262.329986572266
"2020-03-09",238,241.479995727539,224.369995117188,227.169998168945,11585500,227.169998168945
"2020-03-10",237,237.830001831055,215,231.009994506836,13059600,231.009994506836
"2020-03-11",222.990005493164,226.990005493164,187,189.080001831055,28503500,189.080001831055
"2020-03-12",160.529998779297,189.850006103516,154.809997558594,154.839996337891,31734400,154.839996337891
"2020-03-13",174.970001220703,178.279998779297,161.380004882812,170.199996948242,21168500,170.199996948242
"2020-03-16",149.419998168945,151,128.759994506836,129.610000610352,26844400,129.610000610352
"2020-03-17",132.509994506836,134.960006713867,101.25,124.139999389648,54492200,124.139999389648
"2020-03-18",99.8600006103516,107.849998474121,89,101.889999389648,61943200,101.889999389648
"2020-03-19",98.8000030517578,103.569999694824,90.3499984741211,97.7099990844727,40210600,97.7099990844727
"2020-03-20",99.8499984741211,107,94.2799987792969,95.0100021362305,41370700,95.0100021362305
"2020-03-23",98.75,114.48999786377,93.5599975585938,105.620002746582,46140100,105.620002746582
"2020-03-24",123.680000305176,127.959999084473,116.129997253418,127.680000305176,43683100,127.680000305176
"2020-03-25",154.899993896484,174.770004272461,141,158.729995727539,77826000,158.729995727539
"2020-03-26",172.289993286133,186.479995727539,167.179992675781,180.550003051758,63267300,180.550003051758
"2020-03-27",172,172.919998168945,155.539993286133,162,47880200,162
"2020-03-30",153.809997558594,153.809997558594,140.679992675781,152.279998779297,51052500,152.279998779297
"2020-03-31",155,160.639999389648,149,149.139999389648,29954000,149.139999389648
"2020-04-01",138.910003662109,144.380004882812,130,130.699996948242,41899700,130.699996948242
"2020-04-02",128.509994506836,136.679992675781,120.019996643066,123.269996643066,42372400,123.269996643066
"2020-04-03",125,131.289993286133,122.5,124.519996643066,37347400,124.519996643066
"2020-04-06",133.699996948242,149.690002441406,129.210006713867,148.770004272461,51085500,148.770004272461
"2020-04-07",162,164.800003051758,140.259994506836,141.580001831055,56699100,141.580001831055
"2020-04-08",147.509994506836,154,144.550003051758,146.869995117188,41351000,146.869995117188
"2020-04-09",154.710006713867,157.979995727539,150.089996337891,151.839996337891,37874200,151.839996337891
"2020-04-13",155.5,156,146.259994506836,147.330001831055,26034100,147.330001831055
"2020-04-14",150.509994506836,152.399993896484,140,141,33970500,141
"2020-04-15",139,148.690002441406,132.899993896484,145.979995727539,39297600,145.979995727539
"2020-04-16",141.460006713867,143.240005493164,134,134.240005493164,41364800,134.240005493164
"2020-04-17",149.410003662109,154,145,154,52389400,154
"2020-04-20",147.210006713867,151.630004882812,142.5,143.610000610352,34983800,143.610000610352
"2020-04-21",139.009994506836,141.899993896484,135.449996948242,136.330001831055,27043800,136.330001831055
"2020-04-22",140.419998168945,140.820007324219,134.520004272461,134.970001220703,22734500,134.970001220703
"2020-04-23",136.5,142.380004882812,136.050003051758,137.740005493164,25936400,137.740005493164
"2020-04-24",137,137.570007324219,128.330001831055,128.979995727539,35884700,128.979995727539
"2020-04-27",129.970001220703,131.199996948242,123.830001831055,128.679992675781,34563000,128.679992675781
"2020-04-28",133.880004882812,137.199996948242,127.73999786377,131.300003051758,37806900,131.300003051758
"2020-04-29",138.080001831055,147.179992675781,135.25,139,60454400,139
"2020-04-30",137.669998168945,144.649993896484,132.309997558594,141.020004272461,37876600,141.020004272461
"2020-05-01",143.229995727539,143.710006713867,132.839996337891,133.369995117188,36613100,133.369995117188
"2020-05-04",127.120002746582,131.5,124.349998474121,131.460006713867,30708900,131.460006713867
"2020-05-05",132.880004882812,133.800003051758,125,125.400001525879,30621000,125.400001525879
"2020-05-06",125.800003051758,126.860000610352,121.370002746582,121.860000610352,29627700,121.860000610352
"2020-05-07",122.809997558594,130.710006713867,122.360000610352,128.649993896484,29525000,128.649993896484
"2020-05-08",132.570007324219,135.550003051758,131.559997558594,133.440002441406,22695700,133.440002441406
"2020-05-11",130.919998168945,131,127.949996948242,128.910003662109,20055400,128.910003662109
"2020-05-12",129.720001220703,133.119995117188,125.199996948242,125.220001220703,22579000,125.220001220703
"2020-05-13",125,125.069999694824,119.330001831055,121.5,26002000,121.5
"2020-05-14",118.980003356934,122.610000610352,113.889999389648,122.519996643066,37499200,122.519996643066
"2020-05-15",118.330001831055,121.889999389648,117.779998779297,120,26756800,120
"2020-05-18",126.180000305176,136.199996948242,125.800003051758,135.440002441406,43781800,135.440002441406
"2020-05-19",137,137.039993286133,130.279998779297,130.440002441406,32373000,130.440002441406
"2020-05-20",133.270004272461,135.449996948242,131.309997558594,133.320007324219,21835500,133.320007324219
"2020-05-21",137,144.240005493164,136.149993896484,139,48263900,139
"2020-05-22",141.009994506836,141.080001831055,135.779998779297,137.529998779297,21098800,137.529998779297
"2020-05-26",145.210006713867,145.910003662109,142.610000610352,144.729995727539,30338300,144.729995727539
"2020-05-27",149.139999389648,149.649993896484,141.240005493164,149.520004272461,32799900,149.520004272461
"2020-05-28",156.100006103516,156.699996948242,149.050003051758,149.820007324219,34734300,149.820007324219
"2020-05-29",145.300003051758,152,142.940002441406,145.850006103516,33853900,145.850006103516
"2020-06-01",145.449996948242,153.550003051758,144.550003051758,151.389999389648,27127300,151.389999389648
"2020-06-02",154,155.850006103516,151.809997558594,153.309997558594,24780500,153.309997558594
"2020-06-03",157.100006103516,173.779998779297,155.490005493164,173.160003662109,66486400,173.160003662109
"2020-06-04",181.279998779297,188.600006103516,177.399993896484,184.300003051758,67155600,184.300003051758
"2020-06-05",205,218.789993286133,197.360000610352,205.429992675781,99846000,205.429992675781
"2020-06-08",222.940002441406,234.199996948242,218.929992675781,230.5,80902800,230.5
"2020-06-09",222.139999389648,227,213.080001831055,216.740005493164,66688700,216.740005493164
"2020-06-10",211.169998168945,213.029998779297,197.399993896484,203.410003662109,90384900,203.410003662109
"2020-06-11",179.350006103516,192.179992675781,166.009994506836,170,103212800,170
"2020-06-12",187.149993896484,191.300003051758,176.259994506836,189.509994506836,89550100,189.509994506836
"2020-06-15",177.179992675781,193.229995727539,175.889999389648,190.940002441406,78612900,190.940002441406
"2020-06-16",207.149993896484,208.300003051758,192.600006103516,197.770004272461,76496900,197.770004272461
"2020-06-17",194.520004272461,196.429992675781,191.25,192.539993286133,53085400,192.539993286133
"2020-06-18",188.240005493164,198.029998779297,187.199996948242,192.289993286133,60849900,192.289993286133
"2020-06-19",197.899993896484,197.960006713867,184.570007324219,187.020004272461,67262100,187.020004272461
"2020-06-22",184.559997558594,188.699996948242,181.899993896484,188.520004272461,53901500,188.520004272461
"2020-06-23",189.300003051758,190.119995117188,183.550003051758,187.880004882812,50281300,187.880004882812
"2020-06-24",183.610000610352,185.199996948242,176.070007324219,176.690002441406,56534800,176.690002441406
"2020-06-25",169.869995117188,177.5,169.589996337891,174.880004882812,57335700,174.880004882812
"2020-06-26",173.419998168945,173.850006103516,167.600006103516,170.009994506836,50644400,170.009994506836
"2020-06-29",181,194.5,176.270004272461,194.490005493164,78499900,194.490005493164
"2020-06-30",188.020004272461,188.490005493164,180.380004882812,183.300003051758,65493100,183.300003051758
"2020-07-01",185.880004882812,190.610000610352,180.039993286133,180.320007324219,49036700,180.320007324219
"2020-07-02",185.580001831055,187.789993286133,180.429992675781,180.809997558594,41792300,180.809997558594
"2020-07-06",184.520004272461,189.360000610352,181.600006103516,187.910003662109,49471700,187.910003662109
"2020-07-07",185.070007324219,185.070007324219,178.649993896484,178.880004882812,37105300,178.880004882812
"2020-07-08",179.050003051758,181.580001831055,175.509994506836,180.080001831055,38116200,180.080001831055
"2020-07-09",179.669998168945,180.75,172.809997558594,173.279998779297,33514500,173.279998779297
"2020-07-10",171.699996948242,179.330001831055,169.75,178.440002441406,40955600,178.440002441406
"2020-07-13",180.199996948242,183.25,174.360000610352,175.649993896484,43364700,175.649993896484
"2020-07-14",177,181.300003051758,173.410003662109,179.960006713867,39256200,179.960006713867
"2020-07-15",185.539993286133,189.529998779297,181.25,187.940002441406,48044800,187.940002441406
"2020-07-16",184.320007324219,184.589996337891,177.339996337891,178.699996948242,35050000,178.699996948242
"2020-07-17",178.410003662109,181.100006103516,175.550003051758,175.660003662109,26170500,175.660003662109
"2020-07-20",175.130004882812,176.570007324219,171.619995117188,174.419998168945,25294300,174.419998168945
"2020-07-21",178.429992675781,182.649993896484,176.75,178.630004882812,40740500,178.630004882812
"2020-07-22",176.429992675781,182.949996948242,175.389999389648,179.789993286133,29790300,179.789993286133
"2020-07-23",178,182.5,175.419998168945,176.449996948242,29587200,176.449996948242
"2020-07-24",175.679992675781,181.100006103516,173.600006103516,173.759994506836,28548000,173.759994506836
"2020-07-27",173.190002441406,174.139999389648,169,170.210006713867,30243800,170.210006713867
"2020-07-28",168.5,173.740005493164,168.229995727539,170.839996337891,25349100,170.839996337891
"2020-07-29",172.899993896484,173.009994506836,162.25,166.009994506836,51709600,166.009994506836
"2020-07-30",162.880004882812,164.550003051758,160.639999389648,161.949996948242,29140000,161.949996948242
"2020-07-31",161.550003051758,163.399993896484,156.259994506836,158,30263100,158
"2020-08-03",156.509994506836,163.580001831055,153.410003662109,162.270004272461,38520500,162.270004272461
"2020-08-04",164.630004882812,167.399993896484,163.009994506836,165.070007324219,30853500,165.070007324219
"2020-08-05",167.600006103516,174.979995727539,166.399993896484,174.279998779297,46189200,174.279998779297
"2020-08-06",172.800003051758,175.570007324219,170.600006103516,172.199996948242,32921600,172.199996948242
"2020-08-07",171.5,171.860000610352,168.699996948242,170.020004272461,19318000,170.020004272461
"2020-08-10",171.360000610352,179.789993286133,171.330001831055,179.410003662109,35857700,179.410003662109
"2020-08-11",184.509994506836,189.970001220703,179.529998779297,180.130004882812,61036600,180.130004882812
"2020-08-12",184.009994506836,184.149993896484,173.190002441406,175.440002441406,40674400,175.440002441406
"2020-08-13",173.619995117188,179.470001220703,172.429992675781,174.729995727539,22958800,174.729995727539
"2020-08-14",173.089996337891,179.470001220703,172.350006103516,178.080001831055,32414100,178.080001831055
"2020-08-17",178.240005493164,178.289993286133,171.410003662109,172.009994506836,23352100,172.009994506836
"2020-08-18",172.009994506836,173.240005493164,169.009994506836,170.229995727539,21488500,170.229995727539
"2020-08-19",170.440002441406,174.100006103516,169.089996337891,169.270004272461,25601500,169.270004272461
"2020-08-20",168.539993286133,170.839996337891,165.860000610352,169.580001831055,23213400,169.580001831055
"2020-08-21",168.350006103516,170.080001831055,167.270004272461,167.5,16945900,167.5
"2020-08-24",168.779998779297,178.270004272461,167.929992675781,178.270004272461,39317100,178.270004272461
"2020-08-25",180.460006713867,180.630004882812,172.440002441406,174.729995727539,31318500,174.729995727539
"2020-08-26",173.800003051758,174.429992675781,171.350006103516,171.899993896484,16189800,171.899993896484
"2020-08-27",174.710006713867,181.309997558594,173.559997558594,174.199996948242,29548100,174.199996948242
"2020-08-28",175.110000610352,177.279998779297,172.570007324219,175.800003051758,20383900,175.800003051758
"2020-08-31",174.649993896484,175.270004272461,171.699996948242,171.820007324219,16264300,171.820007324219
"2020-09-01",170.710006713867,175.490005493164,169.25,172.100006103516,18977300,172.100006103516
"2020-09-02",172.740005493164,175,171.449996948242,174.779998779297,16552100,174.779998779297
"2020-09-03",175,180.850006103516,168.119995117188,168.770004272461,27799400,168.770004272461
"2020-09-04",171.309997558594,172.830001831055,164,171.050003051758,18867300,171.050003051758
"2020-09-08",165.800003051758,166.899993896484,160.5,161.080001831055,22622700,161.080001831055
"2020-09-09",161.610000610352,163.059997558594,157,160.779998779297,21951400,160.779998779297
"2020-09-10",160.960006713867,163.779998779297,157.570007324219,157.690002441406,14532600,157.690002441406
"2020-09-11",158,161.360000610352,156.320007324219,160.229995727539,14722400,160.229995727539
"2020-09-14",161.75,165.940002441406,158.899993896484,165.350006103516,17228400,165.350006103516
"2020-09-15",166.649993896484,168.839996337891,163.330001831055,163.490005493164,14881700,163.490005493164
"2020-09-16",161.949996948242,170.570007324219,160.309997558594,167.460006713867,21851400,167.460006713867
"2020-09-17",164.630004882812,168.460006713867,161.050003051758,167.529998779297,19717800,167.529998779297
"2020-09-18",165.660003662109,169.720001220703,161.020004272461,161.139999389648,22057100,161.139999389648
"2020-09-21",157.830001831055,158.830001831055,154.199996948242,156.350006103516,23125300,156.350006103516
"2020-09-22",156.809997558594,160.070007324219,154.949996948242,156.800003051758,17768900,156.800003051758
"2020-09-23",157.330001831055,160.419998168945,150.889999389648,151.179992675781,18247500,151.179992675781
"2020-09-24",150.289993286133,150.309997558594,145.020004272461,146.050003051758,27098100,146.050003051758
"2020-09-25",146.850006103516,156.309997558594,146.419998168945,156.029998779297,29123000,156.029998779297
"2020-09-28",160.330001831055,168,159.199996948242,166.080001831055,38868200,166.080001831055
"2020-09-29",164.770004272461,165.5,162.009994506836,163.600006103516,19874700,163.600006103516
"2020-09-30",164.5,170.979995727539,164.110000610352,165.259994506836,38436700,165.259994506836
"2020-10-01",170.149993896484,172.759994506836,165.570007324219,167.860000610352,30677100,167.860000610352
"2020-10-02",161.860000610352,169.779998779297,161.800003051758,168.080001831055,31773800,168.080001831055
"2020-10-05",169.490005493164,172.080001831055,167.509994506836,171.199996948242,19082100,171.199996948242
"2020-10-06",173.039993286133,175.559997558594,159.330001831055,159.539993286133,47132500,159.539993286133
"2020-10-07",163.710006713867,166.339996337891,162.380004882812,164.610000610352,26019100,164.610000610352
"2020-10-08",166.220001220703,168.089996337891,163.539993286133,168,20598600,168
"2020-10-09",169.929992675781,170,166.820007324219,167.330001831055,17406000,167.330001831055
"2020-10-12",167.75,169.199996948242,165.949996948242,167.350006103516,12176600,167.350006103516
"2020-10-13",165.360000610352,165.529998779297,162.089996337891,162.139999389648,15182600,162.139999389648
"2020-10-14",162.699996948242,165.169998168945,162.490005493164,163.240005493164,10505500,163.240005493164
"2020-10-15",161.009994506836,164.539993286133,158.729995727539,164.240005493164,13226800,164.240005493164
"2020-10-16",171.220001220703,173.419998168945,167.270004272461,167.350006103516,31780600,167.350006103516
"2020-10-19",169.089996337891,170.839996337891,166.110000610352,167.110000610352,16519600,167.110000610352
"2020-10-20",168.289993286133,169.289993286133,166.179992675781,167.240005493164,12319900,167.240005493164
"2020-10-21",166.440002441406,167.630004882812,163.820007324219,163.860000610352,11450600,163.860000610352
"2020-10-22",164.699996948242,169.630004882812,164.100006103516,169.070007324219,14238200,169.070007324219
"2020-10-23",169.990005493164,170.259994506836,166.050003051758,167.360000610352,10024200,167.360000610352
"2020-10-26",164.949996948242,165.5,159.050003051758,160.830001831055,16151100,160.830001831055
"2020-10-27",159.160003662109,160.25,155,155.240005493164,15491900,155.240005493164
"2020-10-28",153,153.949996948242,148,148.139999389648,20279800,148.139999389648
"2020-10-29",148.029998779297,150.100006103516,146.600006103516,148.289993286133,14554300,148.289993286133
"2020-10-30",147.199996948242,149.169998168945,141.580001831055,144.389999389648,15374700,144.389999389648
"2020-11-02",145.75,149.589996337891,143.380004882812,148.600006103516,13854600,148.600006103516
"2020-11-03",151.830001831055,154.820007324219,150.639999389648,153.649993896484,12249800,153.649993896484
"2020-11-04",153.169998168945,155.399993896484,151.169998168945,151.630004882812,11344700,151.630004882812
"2020-11-05",152.479995727539,157.630004882812,152.100006103516,157.089996337891,12328300,157.089996337891
"2020-11-06",156.330001831055,158.470001220703,154.520004272461,157.740005493164,8995600,157.740005493164
"2020-11-09",179,184.460006713867,172.160003662109,179.360000610352,49014400,179.360000610352
"2020-11-10",182.800003051758,193.949996948242,180.380004882812,188.690002441406,46404300,188.690002441406
"2020-11-11",189.889999389648,190,180.410003662109,182.149993896484,29907800,182.149993896484
"2020-11-12",178.949996948242,184.589996337891,176.25,176.720001220703,20288400,176.720001220703
"2020-11-13",179,187.270004272461,178.710006713867,187.110000610352,19724500,187.110000610352
"2020-11-16",194.559997558594,202.940002441406,191.350006103516,202.399993896484,40562800,202.399993896484
"2020-11-17",200.25,211.199996948242,196.050003051758,210.050003051758,38299300,210.050003051758
"2020-11-18",223.020004272461,223.020004272461,203,203.300003051758,65990700,203.300003051758
"2020-11-19",200.449996948242,209.440002441406,199.899993896484,205.669998168945,34236100,205.669998168945
"2020-11-20",204.589996337891,206.580001831055,199.169998168945,199.619995117188,18230900,199.619995117188
"2020-11-23",203.240005493164,214.210006713867,201.869995117188,211.529998779297,28372400,211.529998779297
"2020-11-24",219.429992675781,222.949996948242,215.759994506836,218.490005493164,31132000,218.490005493164
"2020-11-25",217.710006713867,221,213.089996337891,217.610000610352,19254100,217.610000610352
"2020-11-27",218.25,219.929992675781,216.039993286133,216.5,9970200,216.5
"2020-11-30",215.699996948242,217.779998779297,208.520004272461,210.710006713867,16501900,210.710006713867
"2020-12-01",214.309997558594,218.089996337891,213,213.009994506836,15754200,213.009994506836
"2020-12-02",213.009994506836,224.990005493164,210.300003051758,223.850006103516,25912300,223.850006103516
"2020-12-03",228.300003051758,242,226.529998779297,237.199996948242,45945100,237.199996948242
"2020-12-04",236.360000610352,238.179992675781,230.25,232.710006713867,29378400,232.710006713867
"2020-12-07",238.5,244.080001831055,237.110000610352,238.169998168945,33246700,238.169998168945
"2020-12-08",238.699996948242,241.699996948242,234.460006713867,236.570007324219,19682000,236.570007324219
"2020-12-09",238.639999389648,240.839996337891,228.279998779297,232.059997558594,19043600,232.059997558594
"2020-12-10",228.100006103516,237.009994506836,228.020004272461,234.429992675781,16185000,234.429992675781
"2020-12-11",232.820007324219,236.220001220703,228.330001831055,230.330001831055,17311800,230.330001831055
"2020-12-14",235,237.630004882812,228.369995117188,228.619995117188,19231200,228.619995117188
"2020-12-15",230,232.5,224.360000610352,229.5,18993700,229.5
"2020-12-16",229.330001831055,232.369995117188,225.300003051758,225.869995117188,17858400,225.869995117188
"2020-12-17",227.240005493164,228.490005493164,220.529998779297,221.240005493164,17465600,221.240005493164
"2020-12-18",222.050003051758,223.460006713867,218.610000610352,219.75,19092800,219.75
"2020-12-21",212.339996337891,219.429992675781,211.100006103516,219.309997558594,18726500,219.309997558594
"2020-12-22",223.279998779297,223.889999389648,217.699996948242,218.779998779297,13280000,218.779998779297
"2020-12-23",219.550003051758,224.399993896484,219.320007324219,219.690002441406,10869000,219.690002441406
"2020-12-24",219.619995117188,219.880004882812,216.050003051758,217.149993896484,6398500,217.149993896484
"2020-12-28",218.190002441406,219.199996948242,215.160003662109,216.089996337891,9090600,216.089996337891
"2020-12-29",218.300003051758,221.679992675781,215.399993896484,216.25,14593800,216.25
"2020-12-30",216.360000610352,218.550003051758,214.369995117188,216.669998168945,10812600,216.669998168945
"2020-12-31",216.240005493164,216.899993896484,212.699996948242,214.059997558594,10487600,214.059997558594
"2021-01-04",210,210.199996948242,202.490005493164,202.720001220703,21225600,202.720001220703
"2021-01-05",204.740005493164,213.350006103516,204.600006103516,211.630004882812,19338300,211.630004882812
"2021-01-06",210.220001220703,215.610000610352,209.339996337891,211.029998779297,16202200,211.029998779297
"2021-01-07",213.389999389648,216.600006103516,211.779998779297,212.710006713867,14474100,212.710006713867
"2021-01-08",213.610000610352,214.100006103516,208.160003662109,209.899993896484,14144000,209.899993896484
"2021-01-11",203.029998779297,207.779998779297,201.009994506836,206.789993286133,16770300,206.789993286133
"2021-01-12",206.649993896484,209.059997558594,204.809997558594,208.410003662109,12836200,208.410003662109
"2021-01-13",207.149993896484,208.789993286133,204.850006103516,207.210006713867,8570500,207.210006713867
"2021-01-14",208.789993286133,214.190002441406,208.210006713867,209.910003662109,12446800,209.910003662109
"2021-01-15",208.960006713867,209.25,204.199996948242,204.320007324219,11103300,204.320007324219
"2021-01-19",206.990005493164,211.520004272461,206.520004272461,210.710006713867,11947200,210.710006713867
"2021-01-20",213.240005493164,215.589996337891,211.210006713867,211.449996948242,9727000,211.449996948242
"2021-01-21",211.720001220703,211.929992675781,206.339996337891,207.410003662109,11091300,207.410003662109
"2021-01-22",205.550003051758,206.699996948242,204.270004272461,205.839996337891,7514600,205.839996337891
"2021-01-25",203.270004272461,203.800003051758,199.300003051758,203.360000610352,14276200,203.360000610352
"2021-01-26",205.339996337891,208.350006103516,201.789993286133,202.059997558594,11011800,202.059997558594
"2021-01-27",196.899993896484,199.470001220703,191.850006103516,194.029998779297,20948500,194.029998779297
"2021-01-28",198.050003051758,200.419998168945,196,197.229995727539,10403200,197.229995727539
"2021-01-29",198.300003051758,201.570007324219,193.119995117188,194.190002441406,13683700,194.190002441406
"2021-02-01",196,197.380004882812,192.860000610352,195.839996337891,9061900,195.839996337891
"2021-02-02",198.979995727539,203.029998779297,198.089996337891,200.940002441406,11130600,200.940002441406
"2021-02-03",202,208.160003662109,201.259994506836,207.389999389648,11836900,207.389999389648
"2021-02-04",209.869995117188,212.479995727539,208.020004272461,210.639999389648,11869900,210.639999389648
"2021-02-05",212.25,213.199996948242,206.660003662109,207.929992675781,9546100,207.929992675781
"2021-02-08",209.550003051758,211.990005493164,208.300003051758,211.949996948242,11182100,211.949996948242
"2021-02-09",210.600006103516,216.729995727539,208.899993896484,215.119995117188,13615700,215.119995117188
"2021-02-10",215.649993896484,217.490005493164,211.119995117188,211.919998168945,11510700,211.919998168945
"2021-02-11",212.240005493164,213.990005493164,208.570007324219,210.660003662109,7140200,210.660003662109
"2021-02-12",210.360000610352,213.160003662109,209.669998168945,210.979995727539,6010800,210.979995727539
"2021-02-16",213.080001831055,217.399993896484,212.330001831055,217.179992675781,10171100,217.179992675781
"2021-02-17",215.520004272461,218.710006713867,212.679992675781,215.520004272461,9276000,215.520004272461
"2021-02-18",213.449996948242,214.339996337891,208.080001831055,208.479995727539,9121300,208.479995727539
"2021-02-19",209.970001220703,217.639999389648,209.149993896484,217.470001220703,12415300,217.470001220703
"2021-02-22",211.889999389648,220.389999389648,210.800003051758,212.880004882812,21413700,212.880004882812
"2021-02-23",214.149993896484,214.75,206.600006103516,212.119995117188,15996700,212.119995117188
"2021-02-24",212.100006103516,229.610000610352,211.600006103516,229.339996337891,30709300,229.339996337891
"2021-02-25",227.800003051758,228.5,214.710006713867,216.449996948242,19283000,216.449996948242
"2021-02-26",218.509994506836,220.660003662109,211.289993286133,212.009994506836,12838400,212.009994506836
"2021-03-01",219.600006103516,226.979995727539,219.020004272461,224.389999389648,18735400,224.389999389648
"2021-03-02",224.789993286133,227.190002441406,222.149993896484,223.139999389648,11114400,223.139999389648
"2021-03-03",226.360000610352,235.399993896484,225.039993286133,228.559997558594,30426000,228.559997558594
"2021-03-04",232.729995727539,237.100006103516,218.699996948242,224.710006713867,26645100,224.710006713867
"2021-03-05",229.009994506836,229.919998168945,213.800003051758,223.220001220703,20026600,223.220001220703
"2021-03-08",226.669998168945,229.889999389648,223.710006713867,224.029998779297,13836800,224.029998779297
"2021-03-09",226.809997558594,234.059997558594,222.580001831055,230.610000610352,21001200,230.610000610352
"2021-03-10",233.809997558594,246.800003051758,232.880004882812,245.339996337891,27753400,245.339996337891
"2021-03-11",248.770004272461,256.649993896484,246.550003051758,252,30139200,252
"2021-03-12",253.860000610352,269.720001220703,253.5,269.190002441406,35264300,269.190002441406
"2021-03-15",274.149993896484,278.570007324219,264.329986572266,265.630004882812,34816700,265.630004882812
"2021-03-16",263.230010986328,264.170013427734,254.020004272461,255.210006713867,28785800,255.210006713867
"2021-03-17",254.699996948242,263.609985351562,253.679992675781,263.589996337891,23785500,263.589996337891
"2021-03-18",261.320007324219,267.369995117188,254.729995727539,256.059997558594,24595500,256.059997558594
"2021-03-19",257.75,258.880004882812,251.309997558594,255.820007324219,17330800,255.820007324219
"2021-03-22",255.820007324219,257.670013427734,250.160003662109,251.229995727539,15230000,251.229995727539
"2021-03-23",249.259994506836,251.300003051758,239.429992675781,241.25,21358200,241.25
"2021-03-24",243.75,248.800003051758,239.059997558594,239.240005493164,24055100,239.240005493164
"2021-03-25",234.339996337891,247.580001831055,231.699996948242,247.190002441406,27553600,247.190002441406
"2021-03-26",249.619995117188,250.899993896484,240.300003051758,244.869995117188,17157100,244.869995117188
"2021-03-29",251.300003051758,254.710006713867,248.029998779297,250.520004272461,22198800,250.520004272461
"2021-03-30",251.240005493164,253.5,248.910003662109,252.009994506836,12577300,252.009994506836
"2021-03-31",254.699996948242,257.880004882812,253.360000610352,254.720001220703,14138500,254.720001220703
"2021-04-01",256.670013427734,257.880004882812,251.309997558594,252.960006713867,10934500,252.960006713867
"2021-04-05",256.559997558594,260.480010986328,256.25,259.359985351562,13750300,259.359985351562
"2021-04-06",257.209991455078,259.350006103516,254.660003662109,255.169998168945,11180300,255.169998168945
"2021-04-07",255.309997558594,255.899993896484,250.830001831055,252.580001831055,9925700,252.580001831055
"2021-04-08",251.699996948242,254.949996948242,249.309997558594,254.949996948242,9899900,254.949996948242
"2021-04-09",250.509994506836,252.839996337891,249.440002441406,252.360000610352,12255900,252.360000610352
"2021-04-12",250.570007324219,251.550003051758,246.289993286133,249.520004272461,10383600,249.520004272461
"2021-04-13",248.330001831055,254.490005493164,246.100006103516,253.270004272461,15901400,253.270004272461
"2021-04-14",255.320007324219,258.369995117188,251.279998779297,252.429992675781,12661800,252.429992675781
"2021-04-15",253.559997558594,254.119995117188,249.429992675781,251.110000610352,9479000,251.110000610352
"2021-04-16",252,253.050003051758,246.229995727539,248.179992675781,14606000,248.179992675781
"2021-04-19",247,247,242.220001220703,244.149993896484,9249300,244.149993896484
"2021-04-20",241.029998779297,241.089996337891,232.339996337891,234.059997558594,19483600,234.059997558594
"2021-04-21",232.220001220703,236.759994506836,230.220001220703,235.919998168945,12847000,235.919998168945
"2021-04-22",235.960006713867,239.649993896484,233.380004882812,234.330001831055,13854400,234.330001831055
"2021-04-23",233.889999389648,238.580001831055,233.110000610352,238.380004882812,11533100,238.380004882812
"2021-04-26",240.240005493164,244.649993896484,240.100006103516,241.440002441406,10599600,241.440002441406
"2021-04-27",241.880004882812,243.490005493164,239.410003662109,242.470001220703,10583300,242.470001220703
"2021-04-28",239,239.649993896484,232.850006103516,235.460006713867,19054100,235.460006713867
"2021-04-29",237,237.679992675781,231.800003051758,235.940002441406,12296100,235.940002441406
"2021-04-30",233.679992675781,236.770004272461,232.699996948242,234.309997558594,10380400,234.309997558594
"2021-05-03",234.110000610352,237.100006103516,233.809997558594,235.190002441406,9887800,235.190002441406
"2021-05-04",235.75,236.649993896484,225.649993896484,233.630004882812,17807200,233.630004882812
"2021-05-05",232.449996948242,233.490005493164,227.559997558594,228.179992675781,14913500,228.179992675781
"2021-05-06",229.300003051758,231.169998168945,226.550003051758,229.809997558594,11857100,229.809997558594
"2021-05-07",229.800003051758,235.910003662109,227.990005493164,235.470001220703,12823000,235.470001220703
"2021-05-10",236.839996337891,241.100006103516,232.5,232.929992675781,14813900,232.929992675781
"2021-05-11",226.559997558594,230.130004882812,223.850006103516,228.880004882812,16273200,228.880004882812
"2021-05-12",227.25,229.740005493164,220.630004882812,220.779998779297,14931200,220.779998779297
"2021-05-13",223,229.270004272461,219.070007324219,222.639999389648,16503400,222.639999389648
"2021-05-14",225.990005493164,228.809997558594,224.350006103516,228.470001220703,10162400,228.470001220703
"2021-05-17",226.240005493164,228.259994506836,223.580001831055,227.979995727539,9559300,227.979995727539
"2021-05-18",227.25,232.270004272461,226.429992675781,227.550003051758,10081100,227.550003051758
"2021-05-19",223.179992675781,225.119995117188,220.279998779297,224.419998168945,13162700,224.419998168945
"2021-05-20",225.130004882812,228.440002441406,223.770004272461,227.649993896484,9218900,227.649993896484
"2021-05-21",232.899993896484,236.300003051758,231.389999389648,234.820007324219,16579000,234.820007324219
"2021-05-24",235.139999389648,238.5,232.600006103516,237.440002441406,10106000,237.440002441406
"2021-05-25",240,243.779998779297,239.229995727539,240.740005493164,12908000,240.740005493164
"2021-05-26",241.699996948242,242.490005493164,239.869995117188,241.369995117188,7240200,241.369995117188
"2021-05-27",248.110000610352,252.600006103516,247.190002441406,250.699996948242,18404400,250.699996948242
"2021-05-28",247.479995727539,248.979995727539,245.369995117188,247.020004272461,11197400,247.020004272461
"2021-06-01",253,255.639999389648,251.520004272461,254.729995727539,13562800,254.729995727539
"2021-06-02",255.600006103516,258.399993896484,254.619995117188,255.619995117188,10820400,255.619995117188
"2021-06-03",252.979995727539,254.800003051758,249.690002441406,250.320007324219,10402000,250.320007324219
"2021-06-04",251.509994506836,251.800003051758,248.490005493164,249.919998168945,8799000,249.919998168945
"2021-06-07",251.5,253.199996948242,248.809997558594,252.660003662109,10606000,252.660003662109
"2021-06-08",256.260009765625,256.309997558594,250,252.759994506836,15113900,252.759994506836
"2021-06-09",251.199996948242,253.169998168945,247.910003662109,248.059997558594,10693200,248.059997558594
"2021-06-10",251.720001220703,255.139999389648,248.100006103516,248.339996337891,14519200,248.339996337891
"2021-06-11",250.350006103516,251.119995117188,245.779998779297,247.279998779297,9934200,247.279998779297
"2021-06-14",246.440002441406,249.199996948242,244.399993896484,245.139999389648,9344400,245.139999389648
"2021-06-15",245.360000610352,248.509994506836,244.940002441406,246.539993286133,10630900,246.539993286133
"2021-06-16",245.25,246.059997558594,241.550003051758,242.270004272461,10529200,242.270004272461
"2021-06-17",241.960006713867,243.5,237.330001831055,239.220001220703,10774400,239.220001220703
"2021-06-18",237.789993286133,239.309997558594,235.800003051758,237.350006103516,11965000,237.350006103516
"2021-06-21",238.660003662109,245.619995117188,237.25,245.279998779297,15301800,245.279998779297
"2021-06-22",244.5,244.630004882812,241.080001831055,243.779998779297,10042500,243.779998779297
"2021-06-23",244.800003051758,246.869995117188,243.169998168945,243.570007324219,9874700,243.570007324219
"2021-06-24",245.199996948242,250.740005493164,243.699996948242,250.570007324219,13755600,250.570007324219
"2021-06-25",250.75,252.300003051758,248.25,248.380004882812,9625800,248.380004882812
"2021-06-28",244.729995727539,245.080001831055,238.880004882812,239.960006713867,18152000,239.960006713867
"2021-06-29",243.740005493164,244.369995117188,235.660003662109,235.759994506836,16743900,235.759994506836
"2021-06-30",236.240005493164,241.169998168945,236,239.559997558594,12089100,239.559997558594
"2021-07-01",240.360000610352,241.800003051758,238.610000610352,239.729995727539,9516200,239.729995727539
"2021-07-02",239.550003051758,240.110000610352,233.470001220703,236.679992675781,15706600,236.679992675781
"2021-07-06",236.850006103516,237.169998168945,233.470001220703,236.139999389648,11045800,236.139999389648
"2021-07-07",235.169998168945,238.009994506836,230.520004272461,231.779998779297,11497000,231.779998779297
"2021-07-08",227.479995727539,237.470001220703,226.160003662109,236.770004272461,17964300,236.770004272461
"2021-07-09",237.770004272461,240.380004882812,236.220001220703,239.589996337891,12385400,239.589996337891
"2021-07-12",237.990005493164,240.770004272461,236.460006713867,238.289993286133,9071500,238.289993286133
"2021-07-13",232.270004272461,234.490005493164,228.160003662109,228.199996948242,21029500,228.199996948242
"2021-07-14",229.020004272461,230.520004272461,224.300003051758,224.449996948242,12137000,224.449996948242
"2021-07-15",222.880004882812,226.669998168945,220.800003051758,222.759994506836,12228600,222.759994506836
"2021-07-16",223.110000610352,224,217.029998779297,217.740005493164,12413400,217.740005493164
"2021-07-19",211.179992675781,211.550003051758,204.800003051758,206.990005493164,24123600,206.990005493164
"2021-07-20",208.100006103516,217.369995117188,206.619995117188,217.149993896484,17027300,217.149993896484
"2021-07-21",219.5,224.089996337891,218.899993896484,222.539993286133,11437600,222.539993286133
"2021-07-22",221.520004272461,222.25,218.309997558594,220.869995117188,9768900,220.869995117188
"2021-07-23",222.970001220703,224.630004882812,220.940002441406,221.520004272461,9379500,221.520004272461
"2021-07-26",220,226.119995117188,219.889999389648,225.850006103516,8933200,225.850006103516
"2021-07-27",223.169998168945,225.699996948242,220.419998168945,222.270004272461,8784200,222.270004272461
"2021-07-28",234.050003051758,237.490005493164,231.330001831055,231.570007324219,19330500,231.570007324219
"2021-07-29",233.690002441406,234.820007324219,231.119995117188,231.630004882812,8667900,231.630004882812
"2021-07-30",229.389999389648,231.179992675781,225.399993896484,226.479995727539,9940100,226.479995727539
"2021-08-02",227.190002441406,230.470001220703,224.869995117188,225.339996337891,8889100,225.339996337891
"2021-08-03",225.899993896484,229.100006103516,221.300003051758,229.089996337891,7326400,229.089996337891
"2021-08-04",226.419998168945,232.350006103516,225.330001831055,226.630004882812,9756300,226.630004882812
"2021-08-05",226.679992675781,231.539993286133,226.490005493164,229.940002441406,8362600,229.940002441406
"2021-08-06",231.550003051758,233.570007324219,230.419998168945,231.330001831055,6061900,231.330001831055
"2021-08-09",229,233.570007324219,226.889999389648,232.270004272461,8358600,232.270004272461
"2021-08-10",231.970001220703,236.850006103516,231.619995117188,235.779998779297,9603500,235.779998779297
"2021-08-11",236.610000610352,239.589996337891,234.580001831055,239.490005493164,9664000,239.490005493164
"2021-08-12",240,241.149993896484,236.509994506836,238.179992675781,6810000,238.179992675781
"2021-08-13",238.009994506836,239.690002441406,234.279998779297,234.460006713867,6390300,234.460006713867
"2021-08-16",231.899993896484,232.029998779297,227.139999389648,229.059997558594,7622000,229.059997558594
"2021-08-17",226.199996948242,226.240005493164,219.800003051758,222.220001220703,13124000,222.220001220703
"2021-08-18",221.729995727539,223.649993896484,218.899993896484,219,9000900,219
"2021-08-19",216.300003051758,218.300003051758,211.729995727539,212.160003662109,11404400,212.160003662109
"2021-08-20",212.309997558594,214.740005493164,210.940002441406,212.669998168945,9335700,212.669998168945
"2021-08-23",215.830001831055,220.179992675781,215.380004882812,219.399993896484,10392100,219.399993896484
"2021-08-24",220.110000610352,223.100006103516,219.800003051758,221.429992675781,8942600,221.429992675781
"2021-08-25",221.5,222.300003051758,219.100006103516,221.029998779297,6528900,221.029998779297
"2021-08-26",221.410003662109,222.899993896484,215.910003662109,216.5,8341400,216.5
"2021-08-27",217.470001220703,222.429992675781,216.860000610352,221.75,7684900,221.75
"2021-08-30",222.350006103516,222.369995117188,217.529998779297,217.660003662109,7587800,217.660003662109
"2021-08-31",217.330001831055,221.330001831055,217.089996337891,219.5,6764500,219.5
"2021-09-01",220,221.759994506836,217.619995117188,218.119995117188,7157400,218.119995117188
"2021-09-02",218.949996948242,223.839996337891,218.080001831055,220.830001831055,8899500,220.830001831055
"2021-09-03",219.449996948242,221.179992675781,217.460006713867,218.169998168945,6393500,218.169998168945
"2021-09-07",215.910003662109,216.710006713867,212.169998168945,214.240005493164,13196100,214.240005493164
"2021-09-08",213.600006103516,216.080001831055,210.509994506836,211.380004882812,8877600,211.380004882812
"2021-09-09",211.149993896484,216.610000610352,210.720001220703,213.940002441406,9242800,213.940002441406
"2021-09-10",215.160003662109,215.889999389648,210.119995117188,210.300003051758,6959700,210.300003051758
"2021-09-13",211.350006103516,215.639999389648,209.880004882812,214.479995727539,10175900,214.479995727539
"2021-09-14",215.839996337891,216.110000610352,210.710006713867,211.570007324219,9947000,211.570007324219
"2021-09-15",211.789993286133,214.350006103516,210.320007324219,214.220001220703,7916300,214.220001220703
"2021-09-16",213.960006713867,216.309997558594,213.309997558594,213.360000610352,6370900,213.360000610352
"2021-09-17",213.119995117188,215.369995117188,211.910003662109,213.360000610352,7932700,213.360000610352
"2021-09-20",210.809997558594,212.429992675781,206.529998779297,209.5,10567400,209.5
"2021-09-21",210.25,211.759994506836,207.720001220703,208.509994506836,7139000,208.509994506836
"2021-09-22",210,217.990005493164,209.649993896484,216.979995727539,10953000,216.979995727539
"2021-09-23",217.809997558594,222.619995117188,217.149993896484,221.100006103516,9344600,221.100006103516
"2021-09-24",219.130004882812,222.410003662109,218.660003662109,221.389999389648,6498200,221.389999389648
"2021-09-27",224,228.600006103516,223.880004882812,224.160003662109,9749200,224.160003662109
"2021-09-28",222.899993896484,224.580001831055,216.419998168945,218.410003662109,9639800,218.410003662109
"2021-09-29",227.800003051758,229.940002441406,224.860000610352,225.360000610352,16808000,225.360000610352
"2021-09-30",226.080001831055,226.149993896484,219.460006713867,219.940002441406,10366900,219.940002441406
"2021-10-01",222.850006103516,226.720001220703,220.600006103516,226,9113600,226
"2021-10-04",225.679992675781,227.970001220703,222,223.789993286133,6946100,223.789993286133
"2021-10-05",224.270004272461,226.449996948242,222.419998168945,224.419998168945,5687300,224.419998168945
"2021-10-06",221.080001831055,225.070007324219,219.199996948242,224.990005493164,7157600,224.990005493164
"2021-10-07",227.339996337891,229,225.899993896484,226.479995727539,7748500,226.479995727539
"2021-10-08",226.75,228.710006713867,225.399993896484,226.389999389648,4515000,226.389999389648
"2021-10-11",226.5,232.100006103516,225.320007324219,226.449996948242,7287000,226.449996948242
"2021-10-12",226,228.660003662109,223.119995117188,223.570007324219,8486800,223.570007324219
"2021-10-13",224,224.300003051758,219.360000610352,221.779998779297,8240200,221.779998779297
"2021-10-14",221.070007324219,222.179992675781,217.039993286133,217.440002441406,10427300,217.440002441406
"2021-10-15",218.169998168945,219.610000610352,216.279998779297,217.039993286133,8773400,217.039993286133
"2021-10-18",216,217.279998779297,214.050003051758,216.979995727539,6553500,216.979995727539
"2021-10-19",217.470001220703,217.660003662109,215.279998779297,215.970001220703,5963400,215.970001220703
"2021-10-20",215.490005493164,218.660003662109,214.350006103516,216.169998168945,8485200,216.169998168945
"2021-10-21",216.539993286133,218.110000610352,213.809997558594,214.339996337891,8691500,214.339996337891
"2021-10-22",214.600006103516,216.720001220703,212.580001831055,212.970001220703,7077600,212.970001220703
"2021-10-25",213.25,213.979995727539,211.699996948242,212.869995117188,7239100,212.869995117188
"2021-10-26",213.190002441406,214.850006103516,208.179992675781,209.809997558594,11014500,209.809997558594
"2021-10-27",212.850006103516,212.899993896484,205.639999389648,206.610000610352,14761700,206.610000610352
"2021-10-28",206,208.740005493164,204.600006103516,207.850006103516,8825500,207.850006103516
"2021-10-29",206.839996337891,208.240005493164,205.289993286133,207.029998779297,8559500,207.029998779297
"2021-11-01",207,214.690002441406,206.809997558594,214.580001831055,9284900,214.580001831055
"2021-11-02",213.830001831055,215.720001220703,210.699996948242,212.770004272461,6160200,212.770004272461
"2021-11-03",211.470001220703,213.759994506836,210.869995117188,213.380004882812,4636100,213.380004882812
"2021-11-04",213.800003051758,214.820007324219,211.869995117188,213.029998779297,5849600,213.029998779297
"2021-11-05",217.699996948242,224.580001831055,217.699996948242,224.460006713867,16936300,224.460006713867
"2021-11-08",225.240005493164,226.990005493164,222.110000610352,222.679992675781,9456100,222.679992675781
"2021-11-09",222.490005493164,222.850006103516,217.539993286133,220.789993286133,6863700,220.789993286133
"2021-11-10",219.360000610352,225.679992675781,217.270004272461,218.5,8197600,218.5
"2021-11-11",220.5,222.649993896484,218.899993896484,219.380004882812,6567300,219.380004882812
"2021-11-12",219.720001220703,223.75,218.899993896484,220.960006713867,6419900,220.960006713867
"2021-11-15",227.369995117188,233.940002441406,226.919998168945,233.089996337891,21921900,233.089996337891
"2021-11-16",232.940002441406,232.949996948242,225.509994506836,225.800003051758,10120200,225.800003051758
"2021-11-17",229.539993286133,231.320007324219,224.199996948242,226.619995117188,10750900,226.619995117188
"2021-11-18",230.300003051758,231.5,224.949996948242,227.25,10983700,227.25
"2021-11-19",225.070007324219,225.330001831055,213.229995727539,214.130004882812,20844100,214.130004882812
"2021-11-22",215,215.020004272461,208.949996948242,209.899993896484,10764300,209.899993896484
"2021-11-23",211.5,212.990005493164,207.770004272461,209.130004882812,8882800,209.130004882812
"2021-11-24",207.520004272461,211.220001220703,206.869995117188,210.600006103516,5437600,210.600006103516
"2021-11-26",197.570007324219,199.419998168945,194,199.210006713867,17636600,199.210006713867
"2021-11-29",201.869995117188,204.279998779297,195.330001831055,198.5,12276200,198.5
"2021-11-30",196.020004272461,198.820007324219,193.850006103516,197.850006103516,12638900,197.850006103516
"2021-12-01",200.809997558594,201.619995117188,188,188.190002441406,13268700,188.190002441406
"2021-12-02",196.800003051758,202.539993286133,192.410003662109,202.380004882812,20435400,202.380004882812
"2021-12-03",198.699996948242,199.899993896484,195.419998168945,198.490005493164,10742700,198.490005493164
"2021-12-06",199.770004272461,206.419998168945,199.199996948242,205.880004882812,11587900,205.880004882812
"2021-12-07",207.059997558594,211.649993896484,206.380004882812,208.830001831055,10387900,208.830001831055
"2021-12-08",209.179992675781,212.679992675781,207.710006713867,211.029998779297,6986800,211.029998779297
"2021-12-09",207.529998779297,208.550003051758,205.199996948242,207.559997558594,7011000,207.559997558594
"2021-12-10",208.809997558594,209,203.479995727539,205.059997558594,6040000,205.059997558594
"2021-12-13",202.5,202.809997558594,195.550003051758,197.399993896484,10619600,197.399993896484
"2021-12-14",195.600006103516,200.5,195.179992675781,195.5,8445100,195.5
"2021-12-15",195.279998779297,196.580001831055,190.320007324219,195.429992675781,10535900,195.429992675781
"2021-12-16",197,198.320007324219,190.440002441406,190.789993286133,8216800,190.789993286133
"2021-12-17",190.270004272461,194.770004272461,187.880004882812,192.630004882812,12618300,192.630004882812
"2021-12-20",188.110000610352,190.360000610352,185.259994506836,188.479995727539,10256400,188.479995727539
"2021-12-21",190.279998779297,199.690002441406,190.039993286133,199.520004272461,12082300,199.520004272461
"2021-12-22",199.460006713867,202.929992675781,197.940002441406,201.690002441406,8145300,201.690002441406
"2021-12-23",202.130004882812,205.130004882812,201.320007324219,204.220001220703,7415200,204.220001220703
"2021-12-27",201.990005493164,203.429992675781,199.100006103516,203.169998168945,7818900,203.169998168945
"2021-12-28",202.229995727539,208.940002441406,201.649993896484,206.130004882812,8879700,206.130004882812
"2021-12-29",205.360000610352,205.410003662109,202.600006103516,203.660003662109,6119000,203.660003662109
"2021-12-30",203,206,202.600006103516,202.710006713867,7012600,202.710006713867
"2021-12-31",202.199996948242,203.690002441406,200.029998779297,201.320007324219,8053000,201.320007324219
"2022-01-03",204,210.550003051758,203.339996337891,207.860000610352,9060200,207.860000610352
"2022-01-04",211.300003051758,214.559997558594,209.779998779297,213.630004882812,11414600,213.630004882812
"2022-01-05",216.639999389648,218.929992675781,211.809997558594,213.070007324219,11564700,213.070007324219
"2022-01-06",214.639999389648,216,207.860000610352,211.339996337891,7142200,211.339996337891
"2022-01-07",212.979995727539,218.320007324219,212.380004882812,215.5,9526400,215.5
"2022-01-10",214.259994506836,215.279998779297,207.130004882812,209.309997558594,8229000,209.309997558594
"2022-01-11",209,217.029998779297,208.410003662109,216.020004272461,8098400,216.020004272461
"2022-01-12",217.089996337891,221.240005493164,216.300003051758,217.449996948242,9134500,217.449996948242
"2022-01-13",222.25,226.889999389648,220.050003051758,223.899993896484,17628000,223.899993896484
"2022-01-14",222.160003662109,226.199996948242,220.25,225.960006713867,8053500,225.960006713867
"2022-01-18",224.5,229.669998168945,224.259994506836,225.009994506836,8930700,225.009994506836
"2022-01-19",225.100006103516,225.419998168945,216.940002441406,217.080001831055,9382800,217.080001831055
"2022-01-20",217.380004882812,221.949996948242,213.419998168945,214.190002441406,7636800,214.190002441406
"2022-01-21",213.789993286133,213.789993286133,204.570007324219,205.440002441406,11548500,205.440002441406
"2022-01-24",199.850006103516,204.800003051758,192.509994506836,204.199996948242,13796500,204.199996948242
"2022-01-25",200.100006103516,205.630004882812,197.550003051758,204.100006103516,8824500,204.100006103516
"2022-01-26",206.210006713867,206.210006713867,191.919998168945,194.270004272461,19974400,194.270004272461
"2022-01-27",196.380004882812,199.710006713867,188.639999389648,189.75,12670100,189.75
"2022-01-28",188.779998779297,190.720001220703,183.770004272461,190.570007324219,10966700,190.570007324219
"2022-01-31",190.729995727539,200.339996337891,190,200.240005493164,15504600,200.240005493164
"2022-02-01",202.479995727539,208.889999389648,200.5,208.339996337891,12265100,208.339996337891
"2022-02-02",205.429992675781,208.389999389648,203.210006713867,207.520004272461,7843700,207.520004272461
"2022-02-03",206.059997558594,209.100006103516,204.259994506836,206.389999389648,7054700,206.389999389648
"2022-02-04",205,208.25,203.100006103516,206.449996948242,5952600,206.449996948242
"2022-02-07",205.789993286133,214.369995117188,205.419998168945,211.919998168945,11816900,211.919998168945
"2022-02-08",212.679992675781,213.869995117188,209.690002441406,213.270004272461,7356200,213.270004272461
"2022-02-09",214.910003662109,217.039993286133,213.300003051758,215.860000610352,7587700,215.860000610352
"2022-02-10",213.710006713867,223.229995727539,213.699996948242,218.75,11695900,218.75
"2022-02-11",217.869995117188,221.419998168945,210.270004272461,212.300003051758,11443700,212.300003051758
"2022-02-14",213,215.630004882812,208.759994506836,210.039993286133,6481400,210.039993286133
"2022-02-15",214.839996337891,219.539993286133,213.690002441406,217.729995727539,10448500,217.729995727539
"2022-02-16",216.100006103516,219.679992675781,215.279998779297,218.929992675781,5698900,218.929992675781
"2022-02-17",218.470001220703,218.580001831055,212.669998168945,213.580001831055,6176600,213.580001831055
"2022-02-18",212.559997558594,214.729995727539,208.600006103516,209.029998779297,6973600,209.029998779297
"2022-02-22",205,206.899993896484,197.820007324219,198.740005493164,10382100,198.740005493164
"2022-02-23",201.130004882812,203.25,195.910003662109,196.419998168945,7326300,196.419998168945
"2022-02-24",189.289993286133,198.860000610352,186.880004882812,198.429992675781,12207600,198.429992675781
"2022-02-25",201.089996337891,204.070007324219,199.100006103516,201.479995727539,8730300,201.479995727539
"2022-02-28",198.580001831055,207.309997558594,196.75,205.339996337891,9859300,205.339996337891
"2022-03-01",203.110000610352,203.5,192.929992675781,194.910003662109,11799500,194.910003662109
"2022-03-02",196.270004272461,199.850006103516,194.639999389648,197.809997558594,7463400,197.809997558594
"2022-03-03",197.940002441406,198.5,188.710006713867,188.850006103516,12424500,188.850006103516
"2022-03-04",187.369995117188,188.320007324219,178.970001220703,180.839996337891,13084000,180.839996337891
"2022-03-07",181.029998779297,182.720001220703,169.059997558594,169.169998168945,12847500,169.169998168945
"2022-03-08",169.729995727539,180.820007324219,167.580001831055,173.800003051758,13715500,173.800003051758
"2022-03-09",179.800003051758,182.869995117188,177.410003662109,178.559997558594,10062100,178.559997558594
"2022-03-10",175.759994506836,182.020004272461,175.389999389648,178.389999389648,8364100,178.389999389648
"2022-03-11",183.589996337891,184.860000610352,175.949996948242,176.229995727539,9373600,176.229995727539
"2022-03-14",175.880004882812,178.229995727539,172.570007324219,175.520004272461,8138900,175.520004272461
"2022-03-15",176.300003051758,180.5,175.600006103516,179.889999389648,8051500,179.889999389648
"2022-03-16",183.389999389648,189.600006103516,182.300003051758,188.990005493164,12077500,188.990005493164
"2022-03-17",186.360000610352,190.240005493164,185.270004272461,190.190002441406,8126600,190.190002441406
"2022-03-18",192.070007324219,193.380004882812,190.100006103516,192.830001831055,12849600,192.830001831055
"2022-03-21",184.399993896484,187.270004272461,180.610000610352,185.899993896484,27369600,185.899993896484
"2022-03-22",185.240005493164,192.860000610352,184.520004272461,191.039993286133,14378500,191.039993286133
"2022-03-23",189.669998168945,190.160003662109,185.029998779297,186.039993286133,8297800,186.039993286133
"2022-03-24",186.350006103516,189.190002441406,184.720001220703,189.050003051758,7094400,189.050003051758
"2022-03-25",187.759994506836,191.699996948242,186.929992675781,188.949996948242,6365600,188.949996948242
"2022-03-28",188.429992675781,189.259994506836,184.470001220703,188.160003662109,6904100,188.160003662109
"2022-03-29",191.619995117188,196.360000610352,191.199996948242,193.800003051758,8438700,193.800003051758
"2022-03-30",192.320007324219,197.449996948242,191.360000610352,194.910003662109,9959300,194.910003662109
"2022-03-31",195,197.580001831055,191.449996948242,191.5,6447900,191.5
"2022-04-01",192.580001831055,192.619995117188,188.779998779297,190.759994506836,4862100,190.759994506836
"2022-04-04",190.020004272461,191.839996337891,186.910003662109,191.179992675781,7792100,191.179992675781
"2022-04-05",189.699996948242,192.350006103516,182.520004272461,182.649993896484,9371600,182.649993896484
"2022-04-06",180.399993896484,180.570007324219,176.580001831055,178.720001220703,8173900,178.720001220703
"2022-04-07",178.130004882812,178.660003662109,173.869995117188,177.970001220703,7517800,177.970001220703
"2022-04-08",176.539993286133,178.130004882812,174.240005493164,175.199996948242,6524100,175.199996948242
"2022-04-11",173.839996337891,179.669998168945,173.399993896484,175.029998779297,6001100,175.029998779297
"2022-04-12",175.5,178.5,174.529998779297,176.279998779297,6125100,176.279998779297
"2022-04-13",176.960006713867,183.460006713867,176.960006713867,182.869995117188,7399900,182.869995117188
"2022-04-14",182.75,185.539993286133,181.639999389648,181.940002441406,5144600,181.940002441406
"2022-04-18",181.449996948242,182.460006713867,178.550003051758,179.850006103516,5042600,179.850006103516
"2022-04-19",180.360000610352,187.610000610352,180.279998779297,185.979995727539,7485600,185.979995727539
"2022-04-20",187.240005493164,187.339996337891,182.860000610352,183.550003051758,6824300,183.550003051758
"2022-04-21",188.729995727539,189.850006103516,180.550003051758,181.020004272461,7446100,181.020004272461
"2022-04-22",180.779998779297,182.669998168945,176.5,176.919998168945,6372400,176.919998168945
"2022-04-25",174.509994506836,176.080001831055,172.449996948242,175.910003662109,6293100,175.910003662109
"2022-04-26",174.759994506836,174.869995117188,166.850006103516,167.039993286133,9277300,167.039993286133
"2022-04-27",161.25,161.25,146,154.460006713867,40371700,154.460006713867
"2022-04-28",156.610000610352,156.789993286133,149,154.220001220703,13518800,154.220001220703
"2022-04-29",153.440002441406,157.029998779297,148.520004272461,148.839996337891,10880300,148.839996337891
"2022-05-02",148.020004272461,149.449996948242,143.380004882812,148.610000610352,12399200,148.610000610352
"2022-05-03",149.089996337891,154.449996948242,147.910003662109,153.580001831055,10149500,153.580001831055
"2022-05-04",152.910003662109,157.139999389648,150.770004272461,156.970001220703,9550600,156.970001220703
"2022-05-05",155.690002441406,157.990005493164,149.050003051758,150.470001220703,7950800,150.470001220703
"2022-05-06",149.960006713867,150.899993896484,145.850006103516,148.899993896484,7697900,148.899993896484
"2022-05-09",146,146.949996948242,132.649993896484,133.309997558594,12593800,133.309997558594
"2022-05-10",136.759994506836,137.839996337891,130.330001831055,132.949996948242,11781400,132.949996948242
"2022-05-11",132.949996948242,138.960006713867,129.110000610352,129.389999389648,11388400,129.389999389648
"2022-05-12",126.889999389648,128.529998779297,120.279998779297,123.139999389648,15891300,123.139999389648
"2022-05-13",124.980003356934,130.800003051758,122.379997253418,127.199996948242,20891500,127.199996948242
"2022-05-16",127.050003051758,131.119995117188,122.349998474121,124.050003051758,10631600,124.050003051758
"2022-05-17",126.910003662109,132.830001831055,125.790000915527,132.050003051758,12154200,132.050003051758
"2022-05-18",130.339996337891,132.100006103516,124.360000610352,125.519996643066,9567600,125.519996643066
"2022-05-19",124.400001525879,128.399993896484,123.699996948242,127.139999389648,8075800,127.139999389648
"2022-05-20",128.770004272461,128.850006103516,117.080001831055,120.699996948242,18822200,120.699996948242
"2022-05-23",121.699996948242,124.480003356934,120.339996337891,124.069999694824,9341500,124.069999694824
"2022-05-24",122.440002441406,122.699996948242,117.290000915527,119.400001525879,9092400,119.400001525879
"2022-05-25",119.169998168945,122.599998474121,118.76000213623,122.059997558594,7707900,122.059997558594
"2022-05-26",123.099998474121,128.839996337891,122.73999786377,127.730003356934,8333900,127.730003356934
"2022-05-27",128.770004272461,132.229995727539,128.320007324219,132.229995727539,7261500,132.229995727539
"2022-05-31",131.029998779297,132.990005493164,128.860000610352,131.399993896484,7953700,131.399993896484
"2022-06-01",133,134.330001831055,127.01000213623,130.649993896484,9991600,130.649993896484
"2022-06-02",132.139999389648,140.550003051758,131.869995117188,140.5,12777000,140.5
"2022-06-03",138.520004272461,140.699996948242,137.589996337891,139.25,10091800,139.25
"2022-06-06",139.990005493164,141.139999389648,136.830001831055,139.240005493164,6354800,139.240005493164
"2022-06-07",137.490005493164,141.240005493164,135.910003662109,140.820007324219,5436100,140.820007324219
"2022-06-08",139.130004882812,142.210006713867,138.440002441406,139.630004882812,5833700,139.630004882812
"2022-06-09",139.350006103516,139.660003662109,133.699996948242,133.729995727539,6010100,133.729995727539
"2022-06-10",130.270004272461,132.190002441406,126.849998474121,127,7770700,127
"2022-06-13",123,123.25,114.139999389648,115.860000610352,16778500,115.860000610352
"2022-06-14",116.650001525879,122.190002441406,113.019996643066,122.160003662109,17549800,122.160003662109
"2022-06-15",124.349998474121,134.990005493164,123.830001831055,133.720001220703,25997800,133.720001220703
"2022-06-16",131.699996948242,135.339996337891,131.259994506836,133.360000610352,19543600,133.360000610352
"2022-06-17",132.25,138.979995727539,131.5,136.800003051758,16042500,136.800003051758
"2022-06-21",139.169998168945,140.940002441406,135.839996337891,136.75,10519900,136.75
"2022-06-22",134.029998779297,138.789993286133,133.279998779297,137.160003662109,7713300,137.160003662109
"2022-06-23",136.419998168945,137.419998168945,130.089996337891,133.970001220703,10746900,133.970001220703
"2022-06-24",135.009994506836,141.869995117188,134.949996948242,141.529998779297,13626200,141.529998779297
"2022-06-27",140.279998779297,140.570007324219,136.220001220703,138.720001220703,8457400,138.720001220703
"2022-06-28",140.889999389648,147.179992675781,138.539993286133,138.699996948242,12125400,138.699996948242
"2022-06-29",138.610000610352,138.919998168945,134.839996337891,138.449996948242,7489200,138.449996948242
"2022-06-30",134.300003051758,137.490005493164,131.600006103516,136.720001220703,8455100,136.720001220703
"2022-07-01",135.880004882812,141.789993286133,135.399993896484,139.839996337891,7627100,139.839996337891
"2022-07-05",136.25,138.070007324219,131.289993286133,137.699996948242,10065900,137.699996948242
"2022-07-06",137.539993286133,138.710006713867,134.460006713867,136.309997558594,6608000,136.309997558594
"2022-07-07",137.929992675781,142.279998779297,137.899993896484,139.970001220703,7674400,139.970001220703
"2022-07-08",139.699996948242,140.740005493164,137.369995117188,139.070007324219,5655500,139.070007324219
"2022-07-11",137.770004272461,139.240005493164,134.889999389648,136.990005493164,6176500,136.990005493164
"2022-07-12",136.860000610352,149.320007324219,136.809997558594,147.149993896484,18598200,147.149993896484
"2022-07-13",142.789993286133,146.410003662109,142.179992675781,143.949996948242,9038700,143.949996948242
"2022-07-14",141.110000610352,147.490005493164,140.610000610352,147.149993896484,9456100,147.149993896484
"2022-07-15",149.169998168945,149.740005493164,144.649993896484,147.740005493164,7910400,147.740005493164
"2022-07-18",153.309997558594,155.940002441406,147.199996948242,147.720001220703,13948500,147.720001220703
"2022-07-19",149.610000610352,156.279998779297,148.970001220703,156.130004882812,14183000,156.130004882812
"2022-07-20",156,159.399993896484,154.259994506836,158.380004882812,8668600,158.380004882812
"2022-07-21",158.889999389648,161.660003662109,156.190002441406,161.410003662109,8044100,161.410003662109
"2022-07-22",161.800003051758,163.339996337891,157.770004272461,158.160003662109,7594900,158.160003662109
"2022-07-25",156.940002441406,157.309997558594,152.839996337891,156.639999389648,5764700,156.639999389648
"2022-07-26",155.240005493164,158.179992675781,154.5,155.919998168945,6053100,155.919998168945
"2022-07-27",161.119995117188,162.740005493164,152.800003051758,156.089996337891,16356600,156.089996337891
"2022-07-28",154.020004272461,160.100006103516,153.029998779297,159.089996337891,8729100,159.089996337891
"2022-07-29",157.949996948242,159.839996337891,155.539993286133,159.309997558594,5743500,159.309997558594
"2022-08-01",165.949996948242,171.759994506836,164.25,169.070007324219,18321600,169.070007324219
"2022-08-02",167,167.330001831055,163.139999389648,163.279998779297,10874300,163.279998779297
"2022-08-03",164.509994506836,167.520004272461,162.330001831055,166.639999389648,6709100,166.639999389648
"2022-08-04",165.770004272461,168.119995117188,164.410003662109,166.5,5039600,166.5
"2022-08-05",164.399993896484,167.070007324219,163.929992675781,165.039993286133,4709100,165.039993286133
"2022-08-08",166.410003662109,171.089996337891,164.710006713867,165.889999389648,11293200,165.889999389648
"2022-08-09",166.509994506836,166.509994506836,163.449996948242,164.850006103516,6064800,164.850006103516
"2022-08-10",168.350006103516,171.139999389648,167.25,169.020004272461,7181700,169.020004272461
"2022-08-11",170.5,171.759994506836,167.050003051758,167.880004882812,4996800,167.880004882812
"2022-08-12",168.389999389648,170.110000610352,167.570007324219,169.990005493164,4345200,169.990005493164
"2022-08-15",169.289993286133,172.550003051758,168.320007324219,170.470001220703,4734700,170.470001220703
"2022-08-16",170,173.850006103516,169.149993896484,172.080001831055,5259600,172.080001831055
"2022-08-17",169.610000610352,169.850006103516,166.089996337891,167.199996948242,6533500,167.199996948242
"2022-08-18",167.199996948242,169.179992675781,165.770004272461,168.690002441406,4404600,168.690002441406
"2022-08-19",166.330001831055,166.839996337891,162.580001831055,162.919998168945,5736100,162.919998168945
"2022-08-22",159.399993896484,160.270004272461,157.910003662109,158.979995727539,5312300,158.979995727539
"2022-08-23",159.139999389648,161.690002441406,159.080001831055,160.070007324219,3425200,160.070007324219
"2022-08-24",162.270004272461,164.139999389648,161.380004882812,163.600006103516,4211300,163.600006103516
"2022-08-25",164.559997558594,169.649993896484,163.699996948242,169.380004882812,4949400,169.380004882812
"2022-08-26",170,171.369995117188,164.270004272461,164.529998779297,4957400,164.529998779297
"2022-08-29",162.279998779297,166.899993896484,162.199996948242,165.419998168945,4727600,165.419998168945
"2022-08-30",167.270004272461,169.919998168945,160.720001220703,162.210006713867,6248600,162.210006713867
"2022-08-31",163,163.550003051758,160.139999389648,160.25,4123500,160.25
"2022-09-01",158,158.899993896484,150.820007324219,153.660003662109,7652000,153.660003662109
"2022-09-02",155.190002441406,156.990005493164,151.479995727539,151.820007324219,5262800,151.820007324219
"2022-09-06",152.389999389648,154.479995727539,150.460006713867,152.389999389648,5210500,152.389999389648
"2022-09-07",151.259994506836,156.350006103516,150.869995117188,155.949996948242,5298600,155.949996948242
"2022-09-08",155,158.300003051758,153.839996337891,157.789993286133,4949100,157.789993286133
"2022-09-09",158,159.75,156.949996948242,157.520004272461,5775800,157.520004272461
"2022-09-12",158.460006713867,160.970001220703,157.449996948242,158.720001220703,5363100,158.720001220703
"2022-09-13",153.600006103516,155.190002441406,147.130004882812,147.309997558594,8724900,147.309997558594
"2022-09-14",146.899993896484,149.699996948242,144.300003051758,149.259994506836,8478000,149.259994506836
"2022-09-15",147.880004882812,153.449996948242,147.279998779297,149.779998779297,9792800,149.779998779297
"2022-09-16",145.229995727539,145.630004882812,141.350006103516,144.289993286133,10310700,144.289993286133
"2022-09-19",142.619995117188,146.990005493164,142.350006103516,144.880004882812,5150700,144.880004882812
"2022-09-20",145.259994506836,147.669998168945,143.899993896484,145.940002441406,6737600,145.940002441406
"2022-09-21",146.770004272461,149.869995117188,143.210006713867,143.289993286133,6244300,143.289993286133
"2022-09-22",143.130004882812,143.699996948242,138.289993286133,138.710006713867,6311800,138.710006713867
"2022-09-23",135.649993896484,136.190002441406,129.5,131.259994506836,8927900,131.259994506836
"2022-09-26",129.770004272461,132.449996948242,126.879997253418,127.339996337891,7095100,127.339996337891
"2022-09-27",129.320007324219,130.449996948242,125.599998474121,127.51000213623,6682300,127.51000213623
"2022-09-28",128.039993286133,133.889999389648,127.400001525879,133.440002441406,10257200,133.440002441406
"2022-09-29",131.199996948242,131.610000610352,123.800003051758,125.330001831055,8905400,125.330001831055
"2022-09-30",123.139999389648,125.480003356934,120.98999786377,121.080001831055,8383000,121.080001831055
"2022-10-03",122,127.150001525879,121.019996643066,126.050003051758,7962400,126.050003051758
"2022-10-04",129.399993896484,133.570007324219,129.330001831055,133.509994506836,7235700,133.509994506836
"2022-10-05",130.279998779297,133.550003051758,128.259994506836,132.110000610352,6268300,132.110000610352
"2022-10-06",131.130004882812,133.309997558594,129.740005493164,132.199996948242,4454700,132.199996948242
"2022-10-07",130.360000610352,130.610000610352,128.020004272461,129.789993286133,5097400,129.789993286133
"2022-10-10",131.419998168945,135.740005493164,130.199996948242,131.899993896484,6829900,131.899993896484
"2022-10-11",132.960006713867,135.360000610352,129.509994506836,131.570007324219,8508400,131.570007324219
"2022-10-12",128.429992675781,131.339996337891,127.860000610352,130.419998168945,6393000,130.419998168945
"2022-10-13",126.5,134.699996948242,124.169998168945,132.399993896484,7842300,132.399993896484
"2022-10-14",135.589996337891,136.410003662109,131.369995117188,133.149993896484,6093900,133.149993896484
"2022-10-17",136.979995727539,137.279998779297,133.259994506836,136.089996337891,9073500,136.089996337891
"2022-10-18",139,139.419998168945,135.220001220703,137.339996337891,6146300,137.339996337891
"2022-10-19",137.169998168945,141.199996948242,136.630004882812,138.389999389648,6321900,138.389999389648
"2022-10-20",138.360000610352,141.880004882812,138.360000610352,139.130004882812,4331700,139.130004882812
"2022-10-21",138.479995727539,141.330001831055,136.619995117188,141.320007324219,5451300,141.320007324219
"2022-10-24",142.850006103516,142.880004882812,139.279998779297,142.050003051758,5177800,142.050003051758
"2022-10-25",142.089996337891,146.880004882812,141.880004882812,146.649993896484,6515600,146.649993896484
"2022-10-26",147.050003051758,150.139999389648,132.210006713867,133.789993286133,29406500,133.789993286133
"2022-10-27",137.100006103516,143.100006103516,136.619995117188,139.759994506836,13754900,139.759994506836
"2022-10-28",141.160003662109,144.729995727539,139.929992675781,143.839996337891,7941100,143.839996337891
"2022-10-31",141.880004882812,144.449996948242,139.520004272461,142.509994506836,6212200,142.509994506836
"2022-11-01",143.990005493164,145.25,141.839996337891,143.380004882812,5758600,143.380004882812
"2022-11-02",142.119995117188,153.589996337891,141.539993286133,147.410003662109,20236100,147.410003662109
"2022-11-03",148.789993286133,158.690002441406,147.5,156.75,16212600,156.75
"2022-11-04",156.660003662109,160.979995727539,154.5,160.009994506836,9396200,160.009994506836
"2022-11-07",161.399993896484,166.699996948242,160.630004882812,164.910003662109,10220300,164.910003662109
"2022-11-08",166,170.550003051758,164.910003662109,169.619995117188,11274500,169.619995117188
"2022-11-09",169.289993286133,171.619995117188,166.860000610352,168.740005493164,8893800,168.740005493164
"2022-11-10",172.139999389648,179.320007324219,171.75,177.580001831055,12375000,177.580001831055
"2022-11-11",176.399993896484,178.029998779297,172.990005493164,177.490005493164,8894300,177.490005493164
"2022-11-14",176.5,178.190002441406,173.5,173.550003051758,5598300,173.550003051758
"2022-11-15",175.490005493164,176.690002441406,172.75,175.350006103516,7207900,175.350006103516
"2022-11-16",174.110000610352,174.789993286133,171.850006103516,172.690002441406,4438600,172.690002441406
"2022-11-17",169.300003051758,173.149993896484,168.520004272461,172.779998779297,4878600,172.779998779297
"2022-11-18",173.979995727539,175.190002441406,171.529998779297,173.889999389648,4693200,173.889999389648
"2022-11-21",172.529998779297,174.720001220703,171.119995117188,172.940002441406,3501800,172.940002441406
"2022-11-22",173.649993896484,174.990005493164,171,172.5,4370600,172.5
"2022-11-23",172.089996337891,175,171.770004272461,174.850006103516,3523500,174.850006103516
"2022-11-25",174.350006103516,178.460006713867,174.029998779297,178.360000610352,3476900,178.360000610352
"2022-11-28",176.169998168945,177.139999389648,171.699996948242,171.830001831055,5355500,171.830001831055
"2022-11-29",172.880004882812,175.949996948242,172.559997558594,175.320007324219,5077800,175.320007324219
"2022-11-30",178,179.979995727539,174.199996948242,178.880004882812,6778700,178.880004882812
"2022-12-01",178.880004882812,179.699996948242,174.690002441406,175.779998779297,4517500,175.779998779297
"2022-12-02",173.119995117188,183.449996948242,172.850006103516,182.869995117188,10563800,182.869995117188
"2022-12-05",182,188.449996948242,180.800003051758,185.100006103516,10456300,185.100006103516
"2022-12-06",184.009994506836,184.789993286133,177.009994506836,178.429992675781,8236900,178.429992675781
"2022-12-07",176.279998779297,178.429992675781,174.619995117188,176.5,5871200,176.5
"2022-12-08",179.320007324219,184.880004882812,178.610000610352,179.080001831055,6707700,179.080001831055
"2022-12-09",180.75,183.889999389648,179.25,179.539993286133,6359000,179.539993286133
"2022-12-12",180.800003051758,186.690002441406,180.5,186.270004272461,8098400,186.270004272461
"2022-12-13",191.110000610352,191.110000610352,184.850006103516,187.130004882812,10975300,187.130004882812
"2022-12-14",187.330001831055,189.669998168945,185.410003662109,188.25,5814900,188.25
"2022-12-15",186.25,187.979995727539,181.279998779297,183.720001220703,5343200,183.720001220703
"2022-12-16",182.789993286133,186.610000610352,181.300003051758,184.699996948242,7906800,184.699996948242
"2022-12-19",184.919998168945,188.039993286133,184.710006713867,185.679992675781,6605400,185.679992675781
"2022-12-20",186.179992675781,189.910003662109,185.740005493164,188.289993286133,6156800,188.289993286133
"2022-12-21",190.039993286133,196.399993896484,189.720001220703,196,9175400,196
"2022-12-22",193.820007324219,194.169998168945,185.669998168945,188.25,6924800,188.25
"2022-12-23",188.25,189.429992675781,184.720001220703,189.059997558594,3983600,189.059997558594
"2022-12-27",189.580001831055,192.440002441406,187.619995117188,189.399993896484,5014800,189.399993896484
"2022-12-28",189.320007324219,191.320007324219,187.429992675781,188.380004882812,4426300,188.380004882812
"2022-12-29",189,190.25,186.190002441406,188.910003662109,4518900,188.910003662109
"2022-12-30",187.5,190.649993896484,187.039993286133,190.490005493164,4007400,190.490005493164
