"Date","DIS.Open","DIS.High","DIS.Low","DIS.Close","DIS.Volume","DIS.Adjusted"
"2019-01-02",108.099998474121,109.139999389648,107.730003356934,108.970001220703,9723500,104.377685546875
"2019-01-03",108.480003356934,108.650001525879,105.940002441406,106.330001831055,10594700,101.848937988281
"2019-01-04",107.940002441406,110.75,107.25,109.610000610352,10122800,104.990715026855
"2019-01-07",109.910003662109,111.400001525879,109.300003051758,110.559997558594,6714700,105.900672912598
"2019-01-08",111.800003051758,112.559997558594,111.169998168945,111.419998168945,8730700,106.724418640137
"2019-01-09",111.800003051758,112.800003051758,111.559997558594,112.669998168945,5931900,107.921745300293
"2019-01-10",111.98999786377,112.910003662109,111.5,112.800003051758,6160100,108.046272277832
"2019-01-11",112.180000305176,112.919998168945,111.730003356934,112.650001525879,4819100,107.90259552002
"2019-01-14",111.650001525879,112.699996948242,111.430000305176,112.419998168945,6980600,107.682289123535
"2019-01-15",112.300003051758,113.180000305176,110.610000610352,111.76000213623,9800900,107.050109863281
"2019-01-16",111.449996948242,112.01000213623,110.809997558594,110.910003662109,5899900,106.235939025879
"2019-01-17",110.720001220703,111.26000213623,110.160003662109,111.01000213623,6392000,106.331718444824
"2019-01-18",111.860000610352,111.930000305176,110.830001831055,111.040000915527,8554700,106.360443115234
"2019-01-22",110.620002746582,111.330001831055,109.75,110.599998474121,6986700,105.938980102539
"2019-01-23",111.190002441406,111.839996337891,110,111.120002746582,6845600,106.437080383301
"2019-01-24",111,111.110000610352,109.930000305176,110.550003051758,6716800,105.891098022461
"2019-01-25",111.470001220703,111.5,110.660003662109,111.089996337891,5706900,106.408332824707
"2019-01-28",110.76000213623,110.98999786377,109.949996948242,110.809997558594,6178800,106.140129089355
"2019-01-29",110.650001525879,110.930000305176,110,110.900001525879,5253700,106.226341247559
"2019-01-30",110.300003051758,110.580001831055,108.959999084473,110.129997253418,7853800,105.488784790039
"2019-01-31",110.099998474121,111.540000915527,110.01000213623,111.519996643066,8351600,106.820213317871
"2019-02-01",111.970001220703,112.050003051758,110.930000305176,111.300003051758,6557700,106.609489440918
"2019-02-04",111.410003662109,111.980003356934,110.680000305176,111.800003051758,7037000,107.088417053223
"2019-02-05",112.019996643066,112.73999786377,111.449996948242,112.660003662109,13619800,107.912178039551
"2019-02-06",113.849998474121,113.919998168945,111.069999694824,111.410003662109,14229000,106.714859008789
"2019-02-07",111.050003051758,111.110000610352,109.809997558594,110.949996948242,8658100,106.274238586426
"2019-02-08",110.459999084473,111.540000915527,110.059997558594,111.51000213623,6395500,106.81063079834
"2019-02-11",111.769996643066,111.809997558594,109.25,109.440002441406,11086400,104.827865600586
"2019-02-12",110.209999084473,110.830001831055,109.150001525879,109.199996948242,7610200,104.597991943359
"2019-02-13",109.23999786377,110.480003356934,109.230003356934,110.199996948242,6919700,105.55583190918
"2019-02-14",109.849998474121,111.5,109.540000915527,110.660003662109,6324300,105.996459960938
"2019-02-15",111.400001525879,112.629997253418,111.029998779297,112.589996337891,8197300,107.845115661621
"2019-02-19",112.910003662109,113.769996643066,112.830001831055,113.51000213623,8169600,108.726348876953
"2019-02-20",113.599998474121,114.089996337891,113.290000915527,113.680000305176,7081500,108.889175415039
"2019-02-21",113.400001525879,114.540000915527,112.870002746582,114.290000915527,9480100,109.473480224609
"2019-02-22",114.629997253418,115.769996643066,113.949996948242,115.25,8734700,110.393028259277
"2019-02-25",115.620002746582,115.800003051758,113.459999084473,113.589996337891,9327700,108.802963256836
"2019-02-26",113.650001525879,114.01000213623,112.849998474121,113.5,8956000,108.716773986816
"2019-02-27",113.099998474121,113.51000213623,112.459999084473,112.779998779297,7249500,108.027114868164
"2019-02-28",112.900001525879,113.430000305176,112.75,112.839996337891,6716700,108.084594726562
"2019-03-01",113.449996948242,114.440002441406,113.449996948242,114.01000213623,6996900,109.205291748047
"2019-03-04",114.419998168945,114.419998168945,113.089996337891,114.330001831055,6015000,109.511795043945
"2019-03-05",114.230003356934,114.540000915527,113.76000213623,114,5225100,109.195701599121
"2019-03-06",114,115.050003051758,114,114.849998474121,7352800,110.009880065918
"2019-03-07",114.849998474121,114.900001525879,113.470001220703,114.01000213623,6324000,109.205291748047
"2019-03-08",113.459999084473,113.839996337891,112.900001525879,113.809997558594,6549100,109.013702392578
"2019-03-11",114.040000915527,115,114.029998779297,114.75,6952700,109.914093017578
"2019-03-12",114.720001220703,115.300003051758,114.040000915527,114.730003356934,9920300,109.89493560791
"2019-03-13",114.839996337891,114.849998474121,113.720001220703,114.089996337891,17994500,109.281890869141
"2019-03-14",114.120002746582,114.769996643066,113.930000305176,114.480003356934,17409600,109.655471801758
"2019-03-15",114.5,115.480003356934,113.680000305176,114.959999084473,14932700,110.115249633789
"2019-03-18",113.029998779297,114,112.459999084473,113.120002746582,21769800,108.35279083252
"2019-03-19",112.949996948242,113.709999084473,109.800003051758,110,45384400,105.364273071289
"2019-03-20",110.309997558594,110.879997253418,108.050003051758,109.98999786377,35588700,105.354682922363
"2019-03-21",110.099998474121,110.150001525879,108.370002746582,108.660003662109,27438900,104.080749511719
"2019-03-22",108.330001831055,109,107.51000213623,108.230003356934,24133800,103.668869018555
"2019-03-25",108.48999786377,109.069999694824,107.319999694824,107.790000915527,18187500,103.247406005859
"2019-03-26",108.400001525879,110.339996337891,108.269996643066,110.139999389648,16693100,105.498359680176
"2019-03-27",110.449996948242,111.089996337891,109.730003356934,110.279998779297,10794800,105.632469177246
"2019-03-28",110.599998474121,111.269996643066,110.23999786377,110.709999084473,11748900,106.044357299805
"2019-03-29",111.559997558594,111.599998474121,110.389999389648,111.029998779297,16358800,106.350860595703
"2019-04-01",111.589996337891,112.870002746582,111.379997253418,112.51000213623,10785100,107.768501281738
"2019-04-02",113.150001525879,113.309997558594,111.919998168945,111.959999084473,9231800,107.241676330566
"2019-04-03",112.699996948242,113.110000610352,112.209999084473,112.519996643066,10534900,107.778076171875
"2019-04-04",113.23999786377,114.860000610352,113.029998779297,114.75,14378400,109.914093017578
"2019-04-05",114.970001220703,115.129997253418,114.309997558594,115,10907900,110.153564453125
"2019-04-08",115,115.830001831055,114.639999389648,114.959999084473,11054200,110.115249633789
"2019-04-09",115.610000610352,117.160003662109,115.279998779297,116.860000610352,17340300,111.935165405273
"2019-04-10",117.580001831055,118.029998779297,116.279998779297,117.160003662109,14091100,112.222526550293
"2019-04-11",117.730003356934,117.860000610352,116.319999694824,116.599998474121,12784500,111.686126708984
"2019-04-12",127.910003662109,130.899993896484,126.360000610352,130.059997558594,65253500,124.578872680664
"2019-04-15",131.050003051758,132.699996948242,129.789993286133,132.039993286133,32773700,126.475425720215
"2019-04-16",131.75,132.130004882812,129.559997558594,129.899993896484,14564300,124.425621032715
"2019-04-17",129.809997558594,132.360000610352,129.279998779297,131.75,14253700,126.197662353516
"2019-04-18",131.770004272461,132.869995117188,131.110000610352,132.449996948242,11890600,126.868171691895
"2019-04-22",131.899993896484,132.199996948242,131.029998779297,131.679992675781,10197500,126.130615234375
"2019-04-23",133.389999389648,134.240005493164,132.649993896484,133.360000610352,12159300,127.739807128906
"2019-04-24",133.110000610352,135.75,132.720001220703,135.100006103516,11449500,129.406478881836
"2019-04-25",135.360000610352,138.880004882812,134.839996337891,137.240005493164,16382500,131.456314086914
"2019-04-26",138.699996948242,140.039993286133,137.509994506836,139.919998168945,14167600,134.023330688477
"2019-04-29",142.190002441406,142.369995117188,137.610000610352,139.300003051758,25746100,133.429473876953
"2019-04-30",139.119995117188,139.389999389648,136.029998779297,136.970001220703,15253100,131.197692871094
"2019-05-01",137.490005493164,138.169998168945,136.240005493164,136.380004882812,8906700,130.632522583008
"2019-05-02",135.380004882812,135.690002441406,132.380004882812,134.139999389648,16580400,128.486938476562
"2019-05-03",135.220001220703,135.309997558594,133.779998779297,134.330001831055,8874400,128.668930053711
"2019-05-06",132.539993286133,135.330001831055,132.300003051758,135,9955600,129.310699462891
"2019-05-07",135.350006103516,135.970001220703,132.759994506836,133.440002441406,10972700,127.816421508789
"2019-05-08",133.5,135.699996948242,133.309997558594,134.990005493164,15423500,129.301116943359
"2019-05-09",135.029998779297,136.479995727539,132.839996337891,133.589996337891,15297100,127.960113525391
"2019-05-10",133.009994506836,134.320007324219,131.229995727539,134.039993286133,9858500,128.391159057617
"2019-05-13",131.5,132.660003662109,130.550003051758,131.339996337891,11389900,125.804931640625
"2019-05-14",133.520004272461,134.660003662109,132.050003051758,133.199996948242,12001700,127.586540222168
"2019-05-15",132.550003051758,135.210006713867,132.039993286133,134.679992675781,9734100,129.004180908203
"2019-05-16",135.289993286133,136.399993896484,134.809997558594,135.5,9689400,129.789611816406
"2019-05-17",134.259994506836,135.979995727539,134.029998779297,135.039993286133,8964200,129.349014282227
"2019-05-20",134.25,134.399993896484,133.25,133.910003662109,8009000,128.266647338867
"2019-05-21",134.570007324219,134.570007324219,133.110000610352,134.089996337891,7050300,128.439056396484
"2019-05-22",133.820007324219,134.169998168945,133.389999389648,133.850006103516,5093700,128.209182739258
"2019-05-23",132.710006713867,133.550003051758,131.949996948242,132.729995727539,6743300,127.136337280273
"2019-05-24",133.100006103516,133.289993286133,132.220001220703,132.789993286133,4570100,127.193824768066
"2019-05-28",133.210006713867,134.039993286133,132.589996337891,132.619995117188,8938400,127.030990600586
"2019-05-29",131.960006713867,132.149993896484,130.779998779297,131.570007324219,7749600,126.025238037109
"2019-05-30",131.880004882812,132.679992675781,131.339996337891,132.199996948242,5274000,126.628692626953
"2019-05-31",130.960006713867,132.929992675781,130.779998779297,132.039993286133,7420700,126.475425720215
"2019-06-03",132.020004272461,132.949996948242,131.490005493164,132.470001220703,7901400,126.887306213379
"2019-06-04",133.449996948242,134.880004882812,132.919998168945,134.820007324219,8247500,129.138305664062
"2019-06-05",135.410003662109,136,134.940002441406,135.940002441406,6842800,130.211074829102
"2019-06-06",136.509994506836,137.440002441406,135.729995727539,137.210006713867,6027300,131.42756652832
"2019-06-07",137.600006103516,138.759994506836,137.330001831055,138.039993286133,7026300,132.222579956055
"2019-06-10",138.880004882812,138.880004882812,136.070007324219,137.070007324219,8479500,131.293441772461
"2019-06-11",137.589996337891,137.75,134.940002441406,135.080001831055,6352200,129.387329101562
"2019-06-12",135.089996337891,136.279998779297,134.820007324219,135.720001220703,5537000,130.000381469727
"2019-06-13",137.949996948242,141.850006103516,137.610000610352,141.740005493164,17939500,135.766662597656
"2019-06-14",142.050003051758,142.949996948242,140.529998779297,141.649993896484,11125200,135.680435180664
"2019-06-17",140.809997558594,141.479995727539,139.110000610352,140.970001220703,8542700,135.029098510742
"2019-06-18",141.990005493164,143.509994506836,138.970001220703,139.240005493164,11231400,133.372024536133
"2019-06-19",139.509994506836,141.070007324219,138.580001831055,140.919998168945,6877100,134.981216430664
"2019-06-20",141.979995727539,142.229995727539,139.910003662109,142.020004272461,8485800,136.034866333008
"2019-06-21",141.949996948242,142,140,140.229995727539,14150000,134.320281982422
"2019-06-24",140.119995117188,140.470001220703,137.800003051758,139.220001220703,10497400,133.35285949707
"2019-06-25",139.020004272461,140.410003662109,138.669998168945,139.940002441406,14675400,134.042526245117
"2019-06-26",140.360000610352,140.740005493164,139.509994506836,140.399993896484,8842100,134.483123779297
"2019-06-27",141,141.740005493164,138.919998168945,139.300003051758,6466300,133.429473876953
"2019-06-28",139.410003662109,140.210006713867,138.610000610352,139.639999389648,20078800,133.755157470703
"2019-07-01",140.449996948242,141.949996948242,139.220001220703,141.649993896484,8972400,135.680435180664
"2019-07-02",141.399993896484,142.860000610352,141.270004272461,142.529998779297,7554100,136.523376464844
"2019-07-03",142.699996948242,143,142,142.979995727539,4150900,136.954406738281
"2019-07-05",141.419998168945,142.889999389648,140.699996948242,142.449996948242,5596000,137.291702270508
"2019-07-08",142.179992675781,142.229995727539,140.970001220703,141.020004272461,4993900,135.913497924805
"2019-07-09",140.059997558594,141.720001220703,139.75,141.610000610352,7396300,136.482131958008
"2019-07-10",142.399993896484,144.25,142.009994506836,143.539993286133,9533700,138.342224121094
"2019-07-11",144.009994506836,145.339996337891,143.539993286133,143.559997558594,10471100,138.361541748047
"2019-07-12",144.149993896484,145.429992675781,144,144.880004882812,8510000,139.633728027344
"2019-07-15",145.130004882812,145.360000610352,143.970001220703,145.059997558594,5289200,139.807205200195
"2019-07-16",144.75,144.990005493164,143.809997558594,144.300003051758,5854700,139.074722290039
"2019-07-17",144.600006103516,144.679992675781,142.369995117188,142.570007324219,5296400,137.40739440918
"2019-07-18",142.460006713867,142.460006713867,140.169998168945,141.630004882812,8031700,136.501419067383
"2019-07-19",142.240005493164,142.240005493164,139.740005493164,139.850006103516,6109900,134.785888671875
"2019-07-22",141.25,141.440002441406,140.009994506836,140.839996337891,7706400,135.740020751953
"2019-07-23",141.649993896484,142.539993286133,140.270004272461,141.259994506836,7514500,136.144805908203
"2019-07-24",141.399993896484,141.589996337891,140.399993896484,141.289993286133,5896600,136.173721313477
"2019-07-25",141.399993896484,143.229995727539,141.039993286133,143.210006713867,7294400,138.024230957031
"2019-07-26",143.740005493164,145.190002441406,143.050003051758,144.649993896484,8139400,139.412048339844
"2019-07-29",145.589996337891,147.149993896484,145.169998168945,146.389999389648,11674100,141.089065551758
"2019-07-30",145.759994506836,146.800003051758,144.610000610352,144.929992675781,6563100,139.681915283203
"2019-07-31",144.990005493164,145,142.339996337891,143.009994506836,9710700,137.831451416016
"2019-08-01",143.339996337891,144.529998779297,141.259994506836,141.850006103516,8911700,136.713455200195
"2019-08-02",140.990005493164,142.220001220703,139.940002441406,141.710006713867,6539100,136.578521728516
"2019-08-05",139.139999389648,140.229995727539,137.029998779297,138.300003051758,10669700,133.292022705078
"2019-08-06",140.410003662109,141.949996948242,138.369995117188,141.869995117188,18818900,136.732727050781
"2019-08-07",134.929992675781,135.869995117188,132.259994506836,134.860000610352,29084500,129.976577758789
"2019-08-08",137.899993896484,138,136.009994506836,137.889999389648,14054800,132.896865844727
"2019-08-09",137.100006103516,139.240005493164,136.759994506836,138.520004272461,8811900,133.504028320312
"2019-08-12",137.309997558594,137.570007324219,135.229995727539,135.75,7918900,130.834320068359
"2019-08-13",135,137.919998168945,135,137.009994506836,8145400,132.048690795898
"2019-08-14",135.059997558594,135.149993896484,132.679992675781,132.850006103516,11797700,128.039352416992
"2019-08-15",133.5,134.279998779297,132.470001220703,133.410003662109,7590100,128.579071044922
"2019-08-16",134.020004272461,135.5,133.830001831055,135.199996948242,6353800,130.304244995117
"2019-08-19",136.789993286133,137.619995117188,134.279998779297,135.289993286133,11741800,130.391006469727
"2019-08-20",133.330001831055,136.039993286133,133.259994506836,135.130004882812,8628000,130.236801147461
"2019-08-21",134.610000610352,136.059997558594,134.050003051758,135.759994506836,6325000,130.843963623047
"2019-08-22",136.199996948242,136.669998168945,134.690002441406,136.080001831055,6967100,131.152420043945
"2019-08-23",135.509994506836,136.440002441406,131.020004272461,131.669998168945,10190900,126.90209197998
"2019-08-26",134.190002441406,134.639999389648,132.550003051758,134.610000610352,8093800,129.735610961914
"2019-08-27",135.770004272461,135.990005493164,134.190002441406,134.490005493164,6013600,129.619964599609
"2019-08-28",134.059997558594,136.729995727539,133.520004272461,136.550003051758,5950500,131.605392456055
"2019-08-29",138.119995117188,138.679992675781,137.419998168945,137.839996337891,6532700,132.848663330078
"2019-08-30",138.289993286133,138.5,136.759994506836,137.259994506836,5622200,132.289642333984
"2019-09-03",136.369995117188,136.419998168945,135.059997558594,136.309997558594,5997400,131.374053955078
"2019-09-04",136.740005493164,138.199996948242,136.389999389648,137.889999389648,4285400,132.896865844727
"2019-09-05",138.919998168945,139.270004272461,138.320007324219,138.839996337891,5143500,133.812438964844
"2019-09-06",139.130004882812,139.809997558594,138.25,139.550003051758,4090000,134.49674987793
"2019-09-09",139.580001831055,140.080001831055,138.479995727539,138.830001831055,5458700,133.802795410156
"2019-09-10",138.119995117188,138.440002441406,134.580001831055,135.789993286133,10974600,130.87287902832
"2019-09-11",135.559997558594,136.240005493164,134.929992675781,136.190002441406,7896400,131.258407592773
"2019-09-12",136.839996337891,138.669998168945,136.539993286133,137.5,7333900,132.520980834961
"2019-09-13",137.850006103516,138.220001220703,137.110000610352,138.020004272461,5209100,133.02214050293
"2019-09-16",136.289993286133,137.240005493164,135.300003051758,135.800003051758,6329300,130.882522583008
"2019-09-17",135.800003051758,136.729995727539,135.669998168945,136.309997558594,4726500,131.374053955078
"2019-09-18",136.410003662109,137.070007324219,135.720001220703,136.800003051758,6857900,131.846313476562
"2019-09-19",137,137.360000610352,133,133.300003051758,12216100,128.473037719727
"2019-09-20",133.029998779297,133.229995727539,131.610000610352,132.270004272461,25231600,127.48038482666
"2019-09-23",131.990005493164,132.889999389648,131.889999389648,132.460006713867,6096100,127.663467407227
"2019-09-24",134.009994506836,134.149993896484,131.5,131.970001220703,11904000,127.191215515137
"2019-09-25",131.789993286133,133.419998168945,131.220001220703,133.089996337891,6523000,128.270645141602
"2019-09-26",133.139999389648,133.300003051758,129.059997558594,131.270004272461,11615100,126.516571044922
"2019-09-27",130.100006103516,131,128.919998168945,129.960006713867,8401300,125.254020690918
"2019-09-30",130.350006103516,130.860000610352,129.820007324219,130.320007324219,5532500,125.600967407227
"2019-10-01",130.800003051758,131.779998779297,129.509994506836,129.550003051758,5978500,124.858848571777
"2019-10-02",128.509994506836,129.220001220703,127.569999694824,129.139999389648,8296100,124.463684082031
"2019-10-03",128.600006103516,129.429992675781,127.540000915527,128.149993896484,8498700,123.509544372559
"2019-10-04",128.690002441406,130.440002441406,128.610000610352,130.270004272461,6732900,125.552764892578
"2019-10-07",130.270004272461,131.570007324219,129.039993286133,130.899993896484,5784100,126.159957885742
"2019-10-08",129.899993896484,130.039993286133,128.369995117188,128.470001220703,6526000,123.817962646484
"2019-10-09",129.100006103516,129.850006103516,128.059997558594,129.330001831055,5004600,124.646812438965
"2019-10-10",129.220001220703,130.139999389648,128.880004882812,129.339996337891,4512000,124.656448364258
"2019-10-11",130.300003051758,130.990005493164,129.839996337891,130.020004272461,6559000,125.311836242676
"2019-10-14",130.130004882812,130.300003051758,129.479995727539,129.699996948242,3710300,125.00341796875
"2019-10-15",130.009994506836,130.889999389648,129.399993896484,129.759994506836,5914700,125.061233520508
"2019-10-16",129.759994506836,131.830001831055,129.699996948242,130.860000610352,7610800,126.12141418457
"2019-10-17",132.529998779297,133.440002441406,130.509994506836,132.369995117188,8005100,127.576713562012
"2019-10-18",132.369995117188,133.160003662109,130.889999389648,130.889999389648,8694000,126.150314331055
"2019-10-21",131.440002441406,131.729995727539,130.020004272461,130.259994506836,6257100,125.543121337891
"2019-10-22",133.149993896484,133.679992675781,132.100006103516,132.399993896484,9291600,127.60563659668
"2019-10-23",132.449996948242,132.679992675781,130.759994506836,131.130004882812,5970800,126.381629943848
"2019-10-24",131.520004272461,131.699996948242,129.630004882812,130.259994506836,5746300,125.543121337891
"2019-10-25",130.5,131.759994506836,130.029998779297,130.899993896484,6696000,126.159957885742
"2019-10-28",131.449996948242,132.080001831055,130.139999389648,130.529998779297,8940300,125.803367614746
"2019-10-29",130.5,130.770004272461,129.440002441406,129.479995727539,9305100,124.791381835938
"2019-10-30",129.690002441406,130.309997558594,129.149993896484,129.600006103516,10880000,124.907043457031
"2019-10-31",129.529998779297,130.149993896484,128.75,129.919998168945,9628300,125.215446472168
"2019-11-01",130.990005493164,132.800003051758,130.509994506836,132.75,8507600,127.942962646484
"2019-11-04",134.119995117188,134.139999389648,132.470001220703,132.919998168945,7631800,128.106826782227
"2019-11-05",132.770004272461,132.770004272461,130.889999389648,131.449996948242,7404500,126.690040588379
"2019-11-06",131.600006103516,131.660003662109,130.660003662109,131.270004272461,9132500,126.516571044922
"2019-11-07",132.350006103516,133.699996948242,131.75,132.960006713867,18047600,128.145401000977
"2019-11-08",140.220001220703,140.25,136.740005493164,137.960006713867,24175900,132.964309692383
"2019-11-11",137.5,138.559997558594,136.210006713867,136.740005493164,10138400,131.788482666016
"2019-11-12",138.029998779297,139.339996337891,136.740005493164,138.580001831055,17284000,133.561828613281
"2019-11-13",138.580001831055,149.919998168945,136.839996337891,148.720001220703,45725400,143.334671020508
"2019-11-14",148,150.630004882812,146.279998779297,147.149993896484,28393600,141.821533203125
"2019-11-15",147.139999389648,147.199996948242,144.210006713867,144.669998168945,13733400,139.431335449219
"2019-11-18",144.75,149.039993286133,143.690002441406,147.649993896484,15353100,142.303421020508
"2019-11-19",148.179992675781,149.479995727539,146.800003051758,148.380004882812,11504300,143.00700378418
"2019-11-20",148.089996337891,148.990005493164,146.029998779297,146.929992675781,9448400,141.609497070312
"2019-11-21",147.160003662109,147.470001220703,146.259994506836,146.899993896484,6241400,141.580596923828
"2019-11-22",147.210006713867,149.440002441406,146.679992675781,148.289993286133,9639400,142.920257568359
"2019-11-25",148.800003051758,150.210006713867,147.699996948242,149.690002441406,11316800,144.269546508789
"2019-11-26",151.75,153.410003662109,150.610000610352,151.639999389648,24949900,146.148941040039
"2019-11-27",152.300003051758,152.570007324219,151.149993896484,151.479995727539,6155400,145.994720458984
"2019-11-29",151.479995727539,152.470001220703,151.009994506836,151.580001831055,6284900,146.091110229492
"2019-12-02",152.940002441406,152.970001220703,149.100006103516,150.619995117188,10351000,145.165878295898
"2019-12-03",147.740005493164,149.110000610352,146.869995117188,148.580001831055,9273800,143.199768066406
"2019-12-04",149.300003051758,149.330001831055,148.179992675781,148.279998779297,7684800,142.910614013672
"2019-12-05",148.690002441406,148.830001831055,147.100006103516,147.440002441406,7363300,142.101058959961
"2019-12-06",148.399993896484,148.610000610352,147.179992675781,147.660003662109,7084900,142.313064575195
"2019-12-09",147.960006713867,148.509994506836,145.399993896484,146.210006713867,11515000,140.915588378906
"2019-12-10",145.259994506836,146.850006103516,145.050003051758,146.100006103516,7084100,140.8095703125
"2019-12-11",147.389999389648,147.889999389648,146.759994506836,147.589996337891,8253700,142.24560546875
"2019-12-12",147.919998168945,148.929992675781,147.25,147.759994506836,7748300,142.409439086914
"2019-12-13",147.429992675781,147.800003051758,146.309997558594,146.380004882812,9350100,141.924652099609
"2019-12-16",147.589996337891,148.649993896484,146.550003051758,148.460006713867,9134400,143.941345214844
"2019-12-17",148.100006103516,148.460006713867,147.619995117188,147.729995727539,8776100,143.233551025391
"2019-12-18",147.770004272461,147.949996948242,146.190002441406,146.259994506836,9467800,141.808319091797
"2019-12-19",146.179992675781,146.800003051758,145.320007324219,146.149993896484,10243900,141.70166015625
"2019-12-20",147.149993896484,147.880004882812,145.770004272461,146.880004882812,12629900,142.409454345703
"2019-12-23",145.910003662109,146.330001831055,144.330001831055,144.679992675781,9314000,140.276397705078
"2019-12-24",144.580001831055,145.429992675781,144.449996948242,145.289993286133,3508500,140.86784362793
"2019-12-26",145.399993896484,145.860000610352,145.169998168945,145.699996948242,4422000,141.265350341797
"2019-12-27",146.050003051758,146.509994506836,145.449996948242,145.75,5495300,141.313842773438
"2019-12-30",145.75,145.869995117188,143.399993896484,143.770004272461,6602800,139.394119262695
"2019-12-31",143.669998168945,144.770004272461,143.259994506836,144.630004882812,5662900,140.227935791016
"2020-01-02",145.289993286133,148.199996948242,145.100006103516,148.199996948242,9502100,143.689270019531
"2020-01-03",146.399993896484,147.899993896484,146.050003051758,146.5,7320200,142.041015625
"2020-01-06",145.539993286133,146.029998779297,144.309997558594,145.649993896484,8262500,141.216873168945
"2020-01-07",145.990005493164,146.869995117188,145.419998168945,145.699996948242,6906500,141.265350341797
"2020-01-08",145.490005493164,146.130004882812,144.820007324219,145.399993896484,6984200,140.974487304688
"2020-01-09",146.470001220703,146.630004882812,144.610000610352,144.830001831055,6664200,140.421829223633
"2020-01-10",145.300003051758,145.5,144.259994506836,144.619995117188,5152500,140.218200683594
"2020-01-13",144.75,144.75,143.360000610352,143.880004882812,9921300,139.500778198242
"2020-01-14",143.410003662109,146.720001220703,142.289993286133,145.199996948242,14839100,140.780578613281
"2020-01-15",145.710006713867,145.710006713867,143.929992675781,144.320007324219,6818200,139.927368164062
"2020-01-16",145.089996337891,145.429992675781,144.440002441406,145.119995117188,6948400,140.703002929688
"2020-01-17",145.539993286133,145.639999389648,144.009994506836,144.330001831055,10355300,139.937057495117
"2020-01-21",144.240005493164,144.589996337891,143.009994506836,143.559997558594,9250200,139.190490722656
"2020-01-22",144.449996948242,144.789993286133,143.539993286133,144.009994506836,7550000,139.62678527832
"2020-01-23",143.600006103516,143.610000610352,140.649993896484,142.199996948242,11082000,137.87190246582
"2020-01-24",141.399993896484,142.25,139.199996948242,140.080001831055,13076300,135.816421508789
"2020-01-27",135.860000610352,137.729995727539,135,135.899993896484,12831800,131.763656616211
"2020-01-28",136.5,138.929992675781,135.860000610352,138.369995117188,10390000,134.158447265625
"2020-01-29",138.600006103516,138.679992675781,135.789993286133,136.059997558594,9382700,131.91877746582
"2020-01-30",135.089996337891,137.850006103516,134.830001831055,137.809997558594,11847300,133.615509033203
"2020-01-31",138.399993896484,138.669998168945,137.059997558594,138.309997558594,12379100,134.100280761719
"2020-02-03",139.789993286133,141.820007324219,139.75,141.320007324219,12639900,137.018692016602
"2020-02-04",145.490005493164,145.589996337891,143.25,144.729995727539,23519700,140.324859619141
"2020-02-05",146.600006103516,147.300003051758,138.570007324219,141.369995117188,27824100,137.067138671875
"2020-02-06",141.919998168945,143.949996948242,141.220001220703,142.699996948242,9504600,138.356674194336
"2020-02-07",141.889999389648,141.990005493164,140.119995117188,141.020004272461,10948900,136.727798461914
"2020-02-10",141.029998779297,142.589996337891,140.460006713867,142.589996337891,8162100,138.250015258789
"2020-02-11",142.850006103516,142.990005493164,140.460006713867,141.009994506836,10790100,136.718109130859
"2020-02-12",141.339996337891,142.220001220703,140.869995117188,141.850006103516,8168200,137.532531738281
"2020-02-13",141.169998168945,141.899993896484,140.820007324219,140.899993896484,7543100,136.611450195312
"2020-02-14",141.100006103516,141.279998779297,139.130004882812,139.539993286133,9110500,135.292861938477
"2020-02-18",139.020004272461,139.660003662109,138.100006103516,139.139999389648,8214900,134.905029296875
"2020-02-19",139.630004882812,141.869995117188,139.229995727539,141.300003051758,7080900,136.999282836914
"2020-02-20",141.630004882812,141.630004882812,138.850006103516,140.369995117188,5981700,136.097579956055
"2020-02-21",139.860000610352,139.880004882812,138.580001831055,138.970001220703,7725800,134.740188598633
"2020-02-24",132.899993896484,134.440002441406,131.210006713867,133.009994506836,19336500,128.96159362793
"2020-02-25",133.75,133.940002441406,127.980003356934,128.190002441406,21032500,124.288307189941
"2020-02-26",126.120002746582,128.369995117188,122.129997253418,123.360000610352,31195900,119.605316162109
"2020-02-27",119.809997558594,122.900001525879,117.919998168945,118.040000915527,30827500,114.447235107422
"2020-02-28",114.51000213623,118.309997558594,113.209999084473,117.650001525879,35389900,114.069114685059
"2020-03-02",119.129997253418,119.980003356934,116.029998779297,119.980003356934,21775900,116.328186035156
"2020-03-03",121.150001525879,121.779998779297,115.150001525879,116.449996948242,19529700,112.905632019043
"2020-03-04",118.959999084473,119.23999786377,115.480003356934,119.180000305176,13842100,115.552536010742
"2020-03-05",116.860000610352,116.959999084473,112.110000610352,113.980003356934,22397200,110.51082611084
"2020-03-06",110.76000213623,115.870002746582,110.319999694824,115.269996643066,22899600,111.76155090332
"2020-03-09",108.690002441406,110.430000305176,104.279998779297,104.349998474121,26233600,101.173919677734
"2020-03-10",108.099998474121,111.580001831055,102.430000305176,111.459999084473,24083700,108.067512512207
"2020-03-11",108.419998168945,108.900001525879,102.860000610352,105.51000213623,24771300,102.298614501953
"2020-03-12",97.620002746582,100,91.6399993896484,91.8099975585938,40392900,89.0155944824219
"2020-03-13",100.779998779297,102.870002746582,92.25,102.519996643066,40960100,99.3996124267578
"2020-03-16",91.8000030517578,98.2799987792969,90,95.0100021362305,35379500,92.1182022094727
"2020-03-17",95.8000030517578,97.4599990844727,91.1500015258789,93.5299987792969,27526200,90.6832504272461
"2020-03-18",87.5899963378906,89.3399963378906,79.0699996948242,88.8000030517578,43592500,86.0972061157227
"2020-03-19",88,97.4000015258789,85.1100006103516,94.9300003051758,30866800,92.0406341552734
"2020-03-20",95.9899978637695,96.9899978637695,85.8399963378906,85.9800033569336,31957800,83.3630447387695
"2020-03-23",84.4899978637695,87.2799987792969,81.0899963378906,85.7600021362305,32246600,83.1497421264648
"2020-03-24",92.3300018310547,99.1699981689453,91.8000030517578,98.120002746582,32538100,95.133544921875
"2020-03-25",100.660003662109,105.919998168945,95.5100021362305,100.730003356934,28533000,97.6641006469727
"2020-03-26",100.830001831055,107.730003356934,100.800003051758,105.360000610352,24520300,102.153175354004
"2020-03-27",100.449996948242,101.48999786377,95.5400009155273,96.4000015258789,30591500,93.4658889770508
"2020-03-30",96,100.459999084473,92.0999984741211,99.8000030517578,23119200,96.7624053955078
"2020-03-31",100.220001220703,103.160003662109,96.1600036621094,96.5999984741211,21563200,93.659797668457
"2020-04-01",93.5,97.4000015258789,92.5599975585938,94.9199981689453,18303900,92.0309295654297
"2020-04-02",94.1999969482422,97.2600021362305,94.1999969482422,96.9700012207031,13936500,94.0185394287109
"2020-04-03",96.3099975585938,96.9199981689453,92.7099990844727,93.879997253418,14814600,91.0225830078125
"2020-04-06",97.2600021362305,100.190002441406,94.5199966430664,99.5800018310547,20407400,96.5490951538086
"2020-04-07",104.860000610352,105.889999389648,100.25,101.23999786377,22899600,98.1585845947266
"2020-04-08",100.529998779297,102.349998474121,98.6500015258789,101.069999694824,22562500,97.9937438964844
"2020-04-09",107.919998168945,107.98999786377,103.529998779297,104.5,31453600,101.319343566895
"2020-04-13",104.709999084473,104.870002746582,99.6100006103516,103.5,17306000,100.349792480469
"2020-04-14",105.5,107.639999389648,103.900001525879,106.029998779297,19866900,102.802772521973
"2020-04-15",104.389999389648,104.879997253418,102.699996948242,103.370002746582,14157600,100.223747253418
"2020-04-16",103.529998779297,103.720001220703,100.889999389648,102.019996643066,18029300,98.9148254394531
"2020-04-17",106.209999084473,106.790000915527,104.349998474121,106.629997253418,17926900,103.38451385498
"2020-04-20",103.580001831055,104.860000610352,102,102.26000213623,17021000,99.1475372314453
"2020-04-21",100.01000213623,101.51000213623,99.129997253418,100.540000915527,16101400,97.4798889160156
"2020-04-22",101.800003051758,102.629997253418,100.889999389648,100.98999786377,11463800,97.9161834716797
"2020-04-23",100.650001525879,102.529998779297,99.4599990844727,101,17132200,97.9258804321289
"2020-04-24",101.779998779297,101.919998168945,99.5199966430664,101.190002441406,13614100,98.1100997924805
"2020-04-27",102,106.519996643066,101.610000610352,106.059997558594,15518300,102.831855773926
"2020-04-28",108.790000915527,110.059997558594,105.980003356934,106.209999084473,16503700,102.97730255127
"2020-04-29",109.940002441406,112.699996948242,108.559997558594,112.25,20139800,108.833473205566
"2020-04-30",109.440002441406,110.309997558594,106.860000610352,108.150001525879,18638700,104.858253479004
"2020-05-01",106.360000610352,106.910003662109,104.470001220703,105.5,13209100,102.288925170898
"2020-05-04",102.01000213623,103.830001831055,100.550003051758,103.180000305176,19514800,100.039527893066
"2020-05-05",101.51000213623,105.180000305176,100.900001525879,101.059997558594,30169800,97.9840545654297
"2020-05-06",101.480003356934,105.269996643066,98.8600006103516,100.879997253418,51992400,97.8095321655273
"2020-05-07",101.849998474121,105.610000610352,101.830001831055,105.569999694824,20868800,102.356781005859
"2020-05-08",109.050003051758,109.180000305176,106.629997253418,109.160003662109,24079700,105.837524414062
"2020-05-11",108.400001525879,108.809997558594,106.410003662109,107.769996643066,20555900,104.489814758301
"2020-05-12",109.059997558594,109.440002441406,104.48999786377,104.559997558594,17049700,101.377532958984
"2020-05-13",104.5,104.540000915527,101.599998474121,102.919998168945,21085800,99.7874374389648
"2020-05-14",101.980003356934,105.919998168945,99.6600036621094,105.910003662109,22002200,102.686447143555
"2020-05-15",104.980003356934,109.379997253418,104.269996643066,109.050003051758,29766000,105.73087310791
"2020-05-18",114.470001220703,119.779998779297,114.470001220703,116.849998474121,40044600,113.29345703125
"2020-05-19",115.099998474121,116.470001220703,113.419998168945,114.370002746582,20332600,110.888954162598
"2020-05-20",116.419998168945,120.870002746582,116.040000915527,119.919998168945,25749900,116.27001953125
"2020-05-21",119.339996337891,120.300003051758,116.5,117.830001831055,17578300,114.243637084961
"2020-05-22",117.5,118.569999694824,116.830001831055,118.019996643066,9288200,114.427841186523
"2020-05-26",121.050003051758,122.51000213623,120.430000305176,120.949996948242,16466400,117.268669128418
"2020-05-27",123.680000305176,123.779998779297,119.709999084473,121.529998779297,19345400,117.831016540527
"2020-05-28",121.599998474121,121.980003356934,116,116.75,18606000,113.196502685547
"2020-05-29",116.190002441406,117.75,114.120002746582,117.300003051758,17745100,113.729766845703
"2020-06-01",117.26000213623,119.650001525879,116.930000305176,118.769996643066,10538300,115.15502166748
"2020-06-02",119,119.849998474121,117.830001831055,118.75,10753100,115.135635375977
"2020-06-03",119.98999786377,122.449996948242,119.319999694824,122.180000305176,12584300,118.461235046387
"2020-06-04",121.949996948242,124.5,121.849998474121,123.690002441406,14195100,119.925270080566
"2020-06-05",126.309997558594,127.819999694824,124.279998779297,124.819999694824,16581600,121.020866394043
"2020-06-08",125.099998474121,127.440002441406,123.940002441406,127.279998779297,13858100,123.40599822998
"2020-06-09",125.629997253418,125.790000915527,123.51000213623,123.889999389648,10882800,120.119178771973
"2020-06-10",124.019996643066,124.099998474121,120.930000305176,122.180000305176,11497100,118.461235046387
"2020-06-11",117.599998474121,118,112.25,112.639999389648,26078800,109.21159362793
"2020-06-12",115.169998168945,117,112.889999389648,115.48999786377,18361900,111.974853515625
"2020-06-15",112.080001831055,118.120002746582,111.709999084473,117.080001831055,14156400,113.516464233398
"2020-06-16",121.23999786377,121.5,116.050003051758,118.440002441406,12951200,114.835060119629
"2020-06-17",118.639999389648,119.230003356934,117.139999389648,117.650001525879,8921600,114.069114685059
"2020-06-18",116.879997253418,118.529998779297,115.930000305176,118.370002746582,9577300,114.767196655273
"2020-06-19",119.980003356934,120.120002746582,114.349998474121,114.349998474121,23496300,110.869552612305
"2020-06-22",114.190002441406,116.190002441406,113.110000610352,115.919998168945,12868000,112.391761779785
"2020-06-23",116.959999084473,117.449996948242,115.970001220703,116.589996337891,10187600,113.041366577148
"2020-06-24",115.849998474121,116,110.029998779297,112.069999694824,22252500,108.65894317627
"2020-06-25",108.98999786377,111.51000213623,108.5,111.360000610352,17240400,107.970558166504
"2020-06-26",110.949996948242,111.199996948242,108.019996643066,109.099998474121,15270900,105.779342651367
"2020-06-29",109,111.569999694824,108.099998474121,111.519996643066,12584300,108.125686645508
"2020-06-30",111.5,112.050003051758,109.930000305176,111.51000213623,10565900,108.115982055664
"2020-07-01",112.819999694824,115.599998474121,112.290000915527,113.01000213623,11930900,109.570327758789
"2020-07-02",115,115.099998474121,112,112.180000305176,10312000,108.765602111816
"2020-07-06",113.830001831055,114.529998779297,112.900001525879,114.430000305176,11933400,110.947113037109
"2020-07-07",113.629997253418,115.080001831055,112.610000610352,113.629997253418,10836500,110.171455383301
"2020-07-08",113.480003356934,117.129997253418,112.809997558594,116.660003662109,13629500,113.109237670898
"2020-07-09",116.51000213623,117.849998474121,115.379997253418,116.809997558594,13582900,113.254676818848
"2020-07-10",116.830001831055,119.440002441406,116.209999084473,119.339996337891,14207900,115.707656860352
"2020-07-13",119.940002441406,120.129997253418,115.889999389648,116.220001220703,15620200,112.682632446289
"2020-07-14",115.230003356934,119.080001831055,114.540000915527,118.660003662109,12425100,115.048362731934
"2020-07-15",121.629997253418,122.089996337891,119.699996948242,120.900001525879,15314200,117.220199584961
"2020-07-16",117.720001220703,119.98999786377,117.599998474121,119.430000305176,10210100,115.794937133789
"2020-07-17",118.900001525879,119.559997558594,117.059997558594,118.650001525879,9843500,115.038665771484
"2020-07-20",118.050003051758,118.48999786377,116.819999694824,117.790000915527,8947900,114.20484161377
"2020-07-21",118.050003051758,120.389999389648,117.660003662109,118.620002746582,8946300,115.009582519531
"2020-07-22",118.190002441406,119.300003051758,117.930000305176,119.029998779297,7063300,115.407104492188
"2020-07-23",118.860000610352,119.349998474121,117.01000213623,118.120002746582,7255800,114.524795532227
"2020-07-24",115.699996948242,118.209999084473,115.529998779297,117.610000610352,8233300,114.030326843262
"2020-07-27",117.199996948242,117.419998168945,115.680000305176,116.309997558594,9413000,112.769897460938
"2020-07-28",115.459999084473,116.839996337891,114.680000305176,116.180000305176,6821100,112.643852233887
"2020-07-29",116.220001220703,116.709999084473,115.110000610352,115.610000610352,9496500,112.091201782227
"2020-07-30",114.910003662109,116.290000915527,113.370002746582,115.660003662109,9713500,112.139686584473
"2020-07-31",115.220001220703,117.050003051758,114.120002746582,116.940002441406,9601000,113.380722045898
"2020-08-03",116.169998168945,117.120002746582,115.349998474121,116.349998474121,10229200,112.80867767334
"2020-08-04",115.959999084473,118.349998474121,115.76000213623,117.290000915527,17293900,113.720069885254
"2020-08-05",123.370002746582,130.309997558594,123.279998779297,127.610000610352,53000200,123.725952148438
"2020-08-06",126.959999084473,131.630004882812,125.610000610352,130.820007324219,27238000,126.838264465332
"2020-08-07",130.220001220703,131.940002441406,128.660003662109,129.929992675781,16088600,125.975341796875
"2020-08-10",129.75,131.320007324219,128.490005493164,128.789993286133,8529200,124.870040893555
"2020-08-11",130.529998779297,132.759994506836,130,130.490005493164,13885700,126.51831817627
"2020-08-12",130.669998168945,133,130.490005493164,131.789993286133,12204200,127.778732299805
"2020-08-13",130.639999389648,132.350006103516,130.449996948242,130.960006713867,6468600,126.973991394043
"2020-08-14",130.009994506836,131.080001831055,129.740005493164,130.529998779297,6507600,126.557083129883
"2020-08-17",130.100006103516,130.139999389648,128.539993286133,129.369995117188,7492200,125.432395935059
"2020-08-18",129.440002441406,129.589996337891,128.360000610352,128.919998168945,6714600,124.996086120605
"2020-08-19",129.25,130.220001220703,127.430000305176,127.769996643066,7624200,123.881088256836
"2020-08-20",126.800003051758,128.449996948242,126.529998779297,128.119995117188,4918100,124.220428466797
"2020-08-21",127.720001220703,128.309997558594,127.230003356934,127.440002441406,6064700,123.561134338379
"2020-08-24",128.149993896484,130.880004882812,127.930000305176,130.690002441406,7613600,126.712203979492
"2020-08-25",130.830001831055,131.089996337891,129.309997558594,129.789993286133,5494400,125.839599609375
"2020-08-26",130,132.600006103516,129.520004272461,132.179992675781,8447800,128.156860351562
"2020-08-27",133,136.360000610352,132.820007324219,133.729995727539,13667600,129.659683227539
"2020-08-28",134.5,136.800003051758,133.580001831055,135.539993286133,11020100,131.414596557617
"2020-08-31",135.25,135.539993286133,131.25,131.869995117188,11617500,127.856285095215
"2020-09-01",131.919998168945,133.610000610352,130.889999389648,133.550003051758,7351200,129.485168457031
"2020-09-02",133.630004882812,135.919998168945,133.259994506836,135.389999389648,8187800,131.269149780273
"2020-09-03",135.240005493164,137.240005493164,132.020004272461,133.240005493164,12079200,129.184616088867
"2020-09-04",133.75,134.880004882812,129.419998168945,131.990005493164,11248300,127.972648620605
"2020-09-08",131.990005493164,137.139999389648,130.860000610352,134.199996948242,17257300,130.115371704102
"2020-09-09",134.279998779297,135.550003051758,132.259994506836,133.360000610352,8891800,129.300933837891
"2020-09-10",133.580001831055,136.75,132.740005493164,133.220001220703,9853400,129.16520690918
"2020-09-11",133.740005493164,133.740005493164,131.089996337891,131.75,7165300,127.739944458008
"2020-09-14",132.529998779297,132.929992675781,130.899993896484,131.25,8391900,127.255172729492
"2020-09-15",131.460006713867,132.539993286133,131.009994506836,131.240005493164,7289100,127.245475769043
"2020-09-16",132.169998168945,133.619995117188,131.399993896484,132.089996337891,6601000,128.069610595703
"2020-09-17",130.550003051758,131.770004272461,128.600006103516,130.220001220703,6723500,126.256523132324
"2020-09-18",129.5,130.789993286133,128.119995117188,128.630004882812,9916300,124.714912414551
"2020-09-21",125.980003356934,126.889999389648,123.589996337891,125.410003662109,10352700,121.592910766602
"2020-09-22",125.26000213623,127.470001220703,124.699996948242,127.209999084473,6978800,123.33812713623
"2020-09-23",127.069999694824,127.300003051758,122.900001525879,123.279998779297,8323600,119.527755737305
"2020-09-24",121.930000305176,123.800003051758,120.779998779297,122.48999786377,8480000,118.761795043945
"2020-09-25",121.360000610352,124.190002441406,120.980003356934,124,6851800,120.22583770752
"2020-09-28",125.75,126.860000610352,125.370002746582,125.98999786377,6283700,122.155265808105
"2020-09-29",125.919998168945,126.290000915527,123.680000305176,125.400001525879,7405800,121.583221435547
"2020-09-30",123.23999786377,125.550003051758,123.23999786377,124.080001831055,13642500,120.303398132324
"2020-10-01",124.940002441406,125.470001220703,122.419998168945,123.309997558594,8908300,119.556838989258
"2020-10-02",121.98999786377,123.680000305176,121.690002441406,122.550003051758,6490200,118.819969177246
"2020-10-05",123.26000213623,123.599998474121,122.330001831055,123.370002746582,5919200,119.615020751953
"2020-10-06",123.129997253418,124.190002441406,120.610000610352,120.930000305176,9052000,117.249282836914
"2020-10-07",121.949996948242,123.309997558594,120.930000305176,122.910003662109,10187800,119.169013977051
"2020-10-08",123.580001831055,123.75,122.419998168945,123.089996337891,7404600,119.343536376953
"2020-10-09",123.849998474121,125.550003051758,123.330001831055,124.980003356934,11502200,121.176002502441
"2020-10-12",124.900001525879,125.940002441406,123.730003356934,124.970001220703,10958200,121.166313171387
"2020-10-13",129.800003051758,131.360000610352,127.900001525879,128.960006713867,22389000,125.034873962402
"2020-10-14",129.139999389648,129.5,125.290000915527,126.589996337891,11531500,122.736999511719
"2020-10-15",125,127.400001525879,124.430000305176,127.360000610352,7744000,123.48356628418
"2020-10-16",127.809997558594,128.119995117188,126.330001831055,126.809997558594,6291700,122.950302124023
"2020-10-19",127.370002746582,127.400001525879,123.709999084473,124.230003356934,6576900,120.448844909668
"2020-10-20",124.580001831055,125.730003356934,123.639999389648,124.949996948242,6161200,121.146911621094
"2020-10-21",124.360000610352,127.559997558594,123.839996337891,126.629997253418,6591500,122.775772094727
"2020-10-22",126.669998168945,128.100006103516,125.970001220703,127.559997558594,5177700,123.67748260498
"2020-10-23",128.100006103516,128.5,126.349998474121,128.350006103516,5439900,124.44344329834
"2020-10-26",127.110000610352,127.110000610352,122.949996948242,124.059997558594,8578900,120.283996582031
"2020-10-27",124.029998779297,124.610000610352,123.029998779297,123.309997558594,6813800,119.556838989258
"2020-10-28",121.01000213623,121.529998779297,118.319999694824,118.470001220703,11654700,114.864151000977
"2020-10-29",118.160003662109,122.629997253418,117.230003356934,121.540000915527,9583700,117.840713500977
"2020-10-30",120.639999389648,121.75,119.089996337891,121.25,8090200,117.559539794922
"2020-11-02",122.23999786377,122.930000305176,119.809997558594,120.129997253418,9186000,116.473617553711
"2020-11-03",121.610000610352,125.069999694824,121.370002746582,124.019996643066,8144900,120.245223999023
"2020-11-04",123.580001831055,126.860000610352,123.410003662109,125.069999694824,7483000,121.26326751709
"2020-11-05",126.779998779297,128.619995117188,125.800003051758,126.959999084473,7654800,123.095741271973
"2020-11-06",126.26000213623,128.039993286133,124.610000610352,127.459999084473,6259700,123.580520629883
"2020-11-09",140.259994506836,147.679992675781,138.070007324219,142.589996337891,35634700,138.250015258789
"2020-11-10",139.970001220703,142.369995117188,137.669998168945,142.110000610352,18115400,137.784637451172
"2020-11-11",141.470001220703,142,136.619995117188,137.820007324219,9600900,133.625213623047
"2020-11-12",136.339996337891,138.490005493164,134.100006103516,135.520004272461,13768200,131.395202636719
"2020-11-13",140.899993896484,141.190002441406,136.520004272461,138.360000610352,21062300,134.148773193359
"2020-11-16",141.570007324219,144.740005493164,141.570007324219,144.669998168945,16382500,140.266693115234
"2020-11-17",144.399993896484,144.830001831055,142.559997558594,144.5,9354900,140.10188293457
"2020-11-18",144.5,145.479995727539,143.350006103516,143.899993896484,9456200,139.520126342773
"2020-11-19",142.570007324219,143.300003051758,141.699996948242,141.720001220703,8892500,137.406509399414
"2020-11-20",141.710006713867,142.610000610352,140.860000610352,141.070007324219,8481600,136.776275634766
"2020-11-23",142.449996948242,147.75,141.699996948242,145.979995727539,12887000,141.536819458008
"2020-11-24",148.160003662109,151.860000610352,147.850006103516,151.490005493164,16711700,146.879135131836
"2020-11-25",150.270004272461,150.270004272461,147.240005493164,149.089996337891,9552000,144.552185058594
"2020-11-27",149,150.350006103516,146.529998779297,147.130004882812,5306400,142.651840209961
"2020-11-30",147.059997558594,148.690002441406,146.289993286133,148.009994506836,9710100,143.50505065918
"2020-12-01",149.570007324219,151.399993896484,149,149.440002441406,8825500,144.891510009766
"2020-12-02",149.490005493164,154.009994506836,148.339996337891,153.610000610352,10601900,148.934600830078
"2020-12-03",153.449996948242,154.440002441406,152.130004882812,153.240005493164,9063200,148.57585144043
"2020-12-04",153.690002441406,154.679992675781,152.809997558594,154.139999389648,6033300,149.448471069336
"2020-12-07",153.179992675781,153.880004882812,152.259994506836,153.679992675781,6815500,149.002456665039
"2020-12-08",152.419998168945,154.880004882812,152.25,153.720001220703,7900600,149.041259765625
"2020-12-09",156.289993286133,157.460006713867,153.889999389648,154.429992675781,10804300,149.729629516602
"2020-12-10",153.320007324219,155.339996337891,152.5,154.690002441406,8993200,149.981735229492
"2020-12-11",169.679992675781,179.449996948242,165.330001831055,175.720001220703,87410700,170.371643066406
"2020-12-14",173.800003051758,177.300003051758,168.809997558594,169.300003051758,30939400,164.147048950195
"2020-12-15",170.490005493164,174.470001220703,167.820007324219,173.940002441406,18802600,168.645812988281
"2020-12-16",173.990005493164,174.850006103516,171.619995117188,173.119995117188,11105800,167.850784301758
"2020-12-17",173.820007324219,174.839996337891,171.960006713867,173.550003051758,9004600,168.267700195312
"2020-12-18",173.600006103516,175.839996337891,172.279998779297,172.889999389648,21172100,167.627792358398
"2020-12-21",170.089996337891,171.940002441406,168.190002441406,170.690002441406,11424200,165.494735717773
"2020-12-22",170,171.449996948242,169.160003662109,170.449996948242,6419200,165.262054443359
"2020-12-23",172.960006713867,175.949996948242,172.300003051758,173.550003051758,9994000,168.267700195312
"2020-12-24",173.990005493164,174.580001831055,172.380004882812,173.729995727539,2721000,168.442199707031
"2020-12-28",175.75,179.919998168945,175.050003051758,178.860000610352,13145400,173.416076660156
"2020-12-29",180.009994506836,180.199996948242,176.220001220703,177.300003051758,6875400,171.903549194336
"2020-12-30",178.5,183.399993896484,178.369995117188,181.169998168945,11680400,175.65576171875
"2020-12-31",181.220001220703,183.399993896484,180.270004272461,181.179992675781,7073500,175.665435791016
"2021-01-04",182.259994506836,182.589996337891,174.729995727539,177.679992675781,13426600,172.27197265625
"2021-01-05",176.199996948242,180.339996337891,176.199996948242,178.440002441406,7771800,173.008865356445
"2021-01-06",178.320007324219,181.610000610352,177.279998779297,179.119995117188,7517800,173.668167114258
"2021-01-07",179.5,179.949996948242,177.580001831055,178.580001831055,7300800,173.144592285156
"2021-01-08",178.809997558594,180.020004272461,176.600006103516,178.690002441406,7894500,173.251251220703
"2021-01-11",177.75,181.259994506836,177.350006103516,179.089996337891,6461300,173.639083862305
"2021-01-12",177.300003051758,178.320007324219,174.860000610352,175.990005493164,8349800,170.633422851562
"2021-01-13",174.399993896484,177.729995727539,173.740005493164,176.119995117188,6839500,170.759460449219
"2021-01-14",177.009994506836,178.350006103516,173.399993896484,173.429992675781,8951200,168.151336669922
"2021-01-15",172.949996948242,174.190002441406,170.169998168945,171.440002441406,12232500,166.221908569336
"2021-01-19",172.100006103516,173.710006713867,171.440002441406,172.259994506836,7834700,167.016967773438
"2021-01-20",175.220001220703,177.880004882812,173,173.639999389648,9809200,168.354949951172
"2021-01-21",173.240005493164,175,171.020004272461,171.279998779297,8416400,166.066787719727
"2021-01-22",174,175.25,171.889999389648,172.779998779297,9517200,167.521118164062
"2021-01-25",171.889999389648,173.110000610352,168.770004272461,171.889999389648,7833700,166.658203125
"2021-01-26",173,173.350006103516,169.050003051758,169.559997558594,7523200,164.399124145508
"2021-01-27",165.009994506836,166.339996337891,160.520004272461,163.029998779297,18239200,158.067886352539
"2021-01-28",166.169998168945,172.880004882812,165.949996948242,171.880004882812,14449100,166.648529052734
"2021-01-29",168.800003051758,169.809997558594,165.789993286133,168.169998168945,12848800,163.05143737793
"2021-02-01",170.839996337891,171.729995727539,168.029998779297,170.970001220703,8140400,165.766220092773
"2021-02-02",173.770004272461,179.759994506836,172.800003051758,176.960006713867,12215200,171.573913574219
"2021-02-03",177,178.429992675781,175.759994506836,176.429992675781,5508600,171.060028076172
"2021-02-04",177.589996337891,181.380004882812,176.490005493164,180.229995727539,9035400,174.744354248047
"2021-02-05",181.710006713867,182.320007324219,179.330001831055,181.160003662109,6640500,175.646041870117
"2021-02-08",183.850006103516,190.639999389648,183.300003051758,190,16085700,184.217010498047
"2021-02-09",188.169998168945,189.25,186.039993286133,188.210006713867,11270800,182.481491088867
"2021-02-10",189.979995727539,190.699996948242,185.809997558594,189.630004882812,11464600,183.858276367188
"2021-02-11",189.179992675781,191.25,188.070007324219,190.910003662109,17507900,185.099304199219
"2021-02-12",193,193.850006103516,186.559997558594,187.669998168945,27233800,181.957916259766
"2021-02-16",187.300003051758,188.440002441406,184.860000610352,186.350006103516,11630700,180.678100585938
"2021-02-17",185.360000610352,187.630004882812,182.160003662109,186.440002441406,11391800,180.765350341797
"2021-02-18",184.789993286133,186.399993896484,182.839996337891,183,12380900,177.430068969727
"2021-02-19",184.270004272461,184.779998779297,182.789993286133,183.649993896484,8834500,178.060256958008
"2021-02-22",181.740005493164,194.020004272461,181.529998779297,191.759994506836,18799600,185.923431396484
"2021-02-23",193.589996337891,198.940002441406,188.660003662109,197.089996337891,23191400,191.091217041016
"2021-02-24",197.580001831055,200.600006103516,195.330001831055,197.509994506836,16205900,191.498413085938
"2021-02-25",197.729995727539,197.960006713867,190.380004882812,190.979995727539,12712000,185.167190551758
"2021-02-26",190.070007324219,191.610000610352,185.449996948242,189.039993286133,15844000,183.286209106445
"2021-03-01",193.229995727539,196.899993896484,191.389999389648,194.979995727539,10709900,189.04541015625
"2021-03-02",196.100006103516,197.960006713867,193.490005493164,193.940002441406,8371400,188.037078857422
"2021-03-03",194.630004882812,196.809997558594,192.210006713867,192.259994506836,8750300,186.408218383789
"2021-03-04",189.899993896484,192.479995727539,184.119995117188,188.029998779297,12542600,182.306976318359
"2021-03-05",189.149993896484,190.570007324219,183.339996337891,189.990005493164,10266400,184.207321166992
"2021-03-08",197.309997558594,203.020004272461,193.789993286133,201.910003662109,25093200,195.764511108398
"2021-03-09",200.190002441406,201.699996948242,194.369995117188,194.509994506836,23331000,188.589736938477
"2021-03-10",197.309997558594,198.800003051758,194.679992675781,195.059997558594,13662100,189.122985839844
"2021-03-11",197.380004882812,199.050003051758,195.399993896484,196.75,11933900,190.76155090332
"2021-03-12",196.529998779297,198.410003662109,195.179992675781,197.160003662109,13249100,191.159088134766
"2021-03-15",198.539993286133,198.539993286133,194.809997558594,196.759994506836,10311400,190.771240234375
"2021-03-16",196.100006103516,196.589996337891,192.880004882812,194.240005493164,9680700,188.32795715332
"2021-03-17",193.440002441406,196.190002441406,191.779998779297,195.240005493164,14418700,189.29753112793
"2021-03-18",194.949996948242,195.080001831055,191.740005493164,192.279998779297,9644500,186.427612304688
"2021-03-19",190.919998168945,194,189.759994506836,191.139999389648,28354600,185.322296142578
"2021-03-22",193.259994506836,196.330001831055,192,192.860000610352,8838500,186.989944458008
"2021-03-23",191.589996337891,192.339996337891,187.970001220703,188.729995727539,10701200,182.985656738281
"2021-03-24",190.059997558594,190.5,184.639999389648,184.720001220703,13549100,179.097686767578
"2021-03-25",181.850006103516,187.710006713867,181.009994506836,186.910003662109,9609200,181.221038818359
"2021-03-26",188.830001831055,188.979995727539,182.570007324219,185.919998168945,10196100,180.261184692383
"2021-03-29",185.240005493164,185.940002441406,183.149993896484,184.850006103516,7544700,179.223754882812
"2021-03-30",183.830001831055,186.320007324219,183.559997558594,185.529998779297,5929700,179.883056640625
"2021-03-31",185.830001831055,186.899993896484,184.419998168945,184.520004272461,8478000,178.903793334961
"2021-04-01",186.429992675781,189.100006103516,185.589996337891,188.970001220703,7749400,183.218338012695
"2021-04-05",191.470001220703,191.669998168945,188.089996337891,188.5,7405300,182.762664794922
"2021-04-06",188.5,191.279998779297,187.869995117188,189.729995727539,7926200,183.955230712891
"2021-04-07",189.800003051758,190.330001831055,186.949996948242,187.559997558594,6238700,181.851257324219
"2021-04-08",187.199996948242,188.050003051758,185.630004882812,187.320007324219,7763000,181.618591308594
"2021-04-09",188.169998168945,188.220001220703,186.149993896484,187.889999389648,6089300,182.171234130859
"2021-04-12",187.75,187.850006103516,185.479995727539,186.490005493164,6662500,180.813858032227
"2021-04-13",185.589996337891,186.440002441406,184.600006103516,185.490005493164,6826500,179.844253540039
"2021-04-14",185.970001220703,190.399993896484,185.710006713867,187.460006713867,9089900,181.754333496094
"2021-04-15",188.089996337891,188.899993896484,185.699996948242,185.929992675781,7262500,180.270874023438
"2021-04-16",187.570007324219,189.470001220703,186.199996948242,187.259994506836,9453500,181.560394287109
"2021-04-19",187.509994506836,190.330001831055,185.649993896484,187.429992675781,7625800,181.725234985352
"2021-04-20",187.289993286133,188.080001831055,181.820007324219,182.789993286133,10765800,177.226440429688
"2021-04-21",181.289993286133,183.380004882812,178.860000610352,183.110000610352,8400200,177.536727905273
"2021-04-22",184.220001220703,184.880004882812,181.259994506836,182.759994506836,7378300,177.197357177734
"2021-04-23",182.350006103516,183.899993896484,181.960006713867,183.020004272461,6075500,177.449462890625
"2021-04-26",183.960006713867,185.600006103516,183.259994506836,184.270004272461,6178300,178.661392211914
"2021-04-27",184.990005493164,185.809997558594,184.149993896484,184.639999389648,4870000,179.020141601562
"2021-04-28",184.789993286133,184.789993286133,182.820007324219,183.389999389648,5199300,177.808181762695
"2021-04-29",184.800003051758,185.550003051758,182.75,185.330001831055,5958300,179.68913269043
"2021-04-30",184.289993286133,186.320007324219,183.539993286133,186.020004272461,7866300,180.358154296875
"2021-05-03",187.690002441406,189.220001220703,185.25,185.509994506836,7542800,179.863662719727
"2021-05-04",184.869995117188,185.630004882812,182.309997558594,184.25,7069300,178.641983032227
"2021-05-05",185.009994506836,185.009994506836,181.360000610352,181.509994506836,5901700,175.985397338867
"2021-05-06",182.779998779297,182.990005493164,179.809997558594,181.789993286133,6944900,176.256881713867
"2021-05-07",182,185.119995117188,181.509994506836,184.839996337891,6888400,179.214050292969
"2021-05-10",185.699996948242,186.970001220703,184.029998779297,184.300003051758,8260300,178.690490722656
"2021-05-11",181.800003051758,182.25,178.429992675781,181.669998168945,10865600,176.140548706055
"2021-05-12",180.699996948242,182.460006713867,177.580001831055,177.850006103516,8988100,172.436828613281
"2021-05-13",178.369995117188,180.75,175.800003051758,178.339996337891,12332200,172.911895751953
"2021-05-14",172.929992675781,174.910003662109,168.779998779297,173.699996948242,33149400,168.413116455078
"2021-05-17",172.699996948242,172.990005493164,168.570007324219,170.080001831055,17771600,164.903305053711
"2021-05-18",170.259994506836,171.259994506836,169.449996948242,169.679992675781,10401000,164.515487670898
"2021-05-19",167.710006713867,169.399993896484,167.100006103516,169.270004272461,9251000,164.117950439453
"2021-05-20",169.210006713867,171.899993896484,168.979995727539,171.360000610352,7400700,166.14436340332
"2021-05-21",172.220001220703,173.119995117188,171.520004272461,172.399993896484,8105700,167.152694702148
"2021-05-24",172.449996948242,175.110000610352,171.75,174.309997558594,7346700,169.004577636719
"2021-05-25",175.600006103516,177.449996948242,175.399993896484,176.169998168945,8089700,170.80793762207
"2021-05-26",176.619995117188,177.899993896484,176.199996948242,176.470001220703,8086200,171.098831176758
"2021-05-27",177.199996948242,179.589996337891,176.789993286133,179.039993286133,13567800,173.590576171875
"2021-05-28",179.509994506836,180.139999389648,178.080001831055,178.649993896484,7124800,173.212463378906
"2021-06-01",180.179992675781,181.009994506836,178.740005493164,178.839996337891,7475600,173.396682739258
"2021-06-02",179.039993286133,179.100006103516,176.929992675781,177,7851700,171.612686157227
"2021-06-03",176.270004272461,176.970001220703,175.419998168945,176.240005493164,5583900,170.875823974609
"2021-06-04",175.929992675781,177.520004272461,175.610000610352,177.179992675781,6343400,171.787200927734
"2021-06-07",177.970001220703,178.070007324219,176.399993896484,176.990005493164,5178100,171.602981567383
"2021-06-08",175.970001220703,177.119995117188,175.190002441406,176.330001831055,5356200,170.963073730469
"2021-06-09",176.309997558594,177.330001831055,175.880004882812,176.039993286133,5082400,170.681900024414
"2021-06-10",176.440002441406,177.610000610352,175.550003051758,176.570007324219,5253000,171.19580078125
"2021-06-11",177.449996948242,178.490005493164,176.809997558594,177.380004882812,5476300,171.98112487793
"2021-06-14",177.649993896484,178.869995117188,176.899993896484,178.179992675781,10170000,172.756729125977
"2021-06-15",178.179992675781,178.699996948242,175.619995117188,175.860000610352,7895000,170.507400512695
"2021-06-16",176.009994506836,176.259994506836,173.550003051758,174.660003662109,8336000,169.343902587891
"2021-06-17",174.589996337891,176.259994506836,173.839996337891,174.649993896484,8906000,169.334197998047
"2021-06-18",173.139999389648,173.860000610352,172.119995117188,172.419998168945,12357500,167.172073364258
"2021-06-21",172.130004882812,174.259994506836,171.309997558594,173.970001220703,9196900,168.674896240234
"2021-06-22",174.369995117188,174.699996948242,172.350006103516,173.5,8097100,168.219223022461
"2021-06-23",173.619995117188,175.449996948242,172.940002441406,175.330001831055,9174200,169.993515014648
"2021-06-24",176.130004882812,178.240005493164,175.779998779297,177.929992675781,7549400,172.514373779297
"2021-06-25",178.830001831055,179.089996337891,177.490005493164,178.350006103516,7431800,172.921615600586
"2021-06-28",178.5,178.660003662109,174.990005493164,176.570007324219,9881400,171.19580078125
"2021-06-29",176.639999389648,177.020004272461,173.800003051758,173.929992675781,13498300,168.636123657227
"2021-06-30",173.889999389648,175.979995727539,173.339996337891,175.770004272461,7481900,170.420120239258
"2021-07-01",175.350006103516,177.600006103516,174.600006103516,177.259994506836,5887100,171.86474609375
"2021-07-02",177.860000610352,178.360000610352,174.619995117188,177.110000610352,11099300,171.719345092773
"2021-07-06",176.759994506836,177,172.220001220703,173.690002441406,11557900,168.403442382812
"2021-07-07",172.860000610352,174.320007324219,171.990005493164,172.820007324219,6757300,167.559921264648
"2021-07-08",170.179992675781,173.75,169.809997558594,172.800003051758,6960100,167.540542602539
"2021-07-09",174.699996948242,177.520004272461,173.929992675781,177.039993286133,7873300,171.651473999023
"2021-07-12",177.710006713867,184.990005493164,177.369995117188,184.380004882812,21835500,178.768081665039
"2021-07-13",184.089996337891,185.669998168945,181.839996337891,183.649993896484,12534600,178.060256958008
"2021-07-14",185.199996948242,186.289993286133,182.080001831055,183.419998168945,8787300,177.837265014648
"2021-07-15",183.449996948242,185.419998168945,183.050003051758,184.149993896484,7867000,178.545074462891
"2021-07-16",184.940002441406,185.289993286133,178.919998168945,179.309997558594,8348800,173.852355957031
"2021-07-19",175.710006713867,176.479995727539,172.160003662109,172.949996948242,14651800,167.685943603516
"2021-07-20",173.699996948242,177.509994506836,172.869995117188,176.75,8372400,171.370300292969
"2021-07-21",176.5,177.899993896484,175.320007324219,176.889999389648,6302200,171.50602722168
"2021-07-22",176.699996948242,176.720001220703,173.899993896484,175.130004882812,5713700,169.799591064453
"2021-07-23",175.660003662109,176.5,174.029998779297,176.139999389648,5126300,170.778869628906
"2021-07-26",175.619995117188,178.779998779297,175.339996337891,178.740005493164,5641000,173.299743652344
"2021-07-27",178.25,179.559997558594,176.570007324219,179.5,6684100,174.036590576172
"2021-07-28",179.690002441406,180.350006103516,177.550003051758,179.100006103516,5926900,173.648773193359
"2021-07-29",179.809997558594,181.419998168945,178.270004272461,178.350006103516,6209100,172.921615600586
"2021-07-30",177.529998779297,179.199996948242,175.139999389648,176.020004272461,6813400,170.662506103516
"2021-08-02",177.220001220703,178.820007324219,175.309997558594,175.550003051758,5847200,170.206817626953
"2021-08-03",176.020004272461,176.130004882812,170.919998168945,172.990005493164,9931300,167.724746704102
"2021-08-04",172.5,173.25,171.339996337891,172.580001831055,5665800,167.327224731445
"2021-08-05",172.490005493164,177.119995117188,172.490005493164,176.710006713867,8864200,171.331497192383
"2021-08-06",177.429992675781,178.809997558594,176.630004882812,177.130004882812,5505200,171.738739013672
"2021-08-09",177,177.309997558594,175.059997558594,176.720001220703,5339000,171.341201782227
"2021-08-10",176.25,177.399993896484,175.580001831055,177.070007324219,5185000,171.680572509766
"2021-08-11",177.360000610352,178.490005493164,176.509994506836,178.089996337891,5359900,172.669494628906
"2021-08-12",178.089996337891,179.720001220703,176.449996948242,179.289993286133,11081300,173.832962036133
"2021-08-13",186.289993286133,187.580001831055,180.880004882812,181.080001831055,32504600,175.568496704102
"2021-08-16",180.509994506836,180.589996337891,176.509994506836,179.089996337891,8746700,173.639083862305
"2021-08-17",177.149993896484,178.449996948242,174.919998168945,175.830001831055,8534500,170.478302001953
"2021-08-18",175.899993896484,176.789993286133,174.5,174.740005493164,7063500,169.421493530273
"2021-08-19",174,174.679992675781,172.559997558594,173.25,8478600,167.976791381836
"2021-08-20",173,175.210006713867,172.649993896484,175.119995117188,6239600,169.78987121582
"2021-08-23",177.080001831055,178.309997558594,175.910003662109,177.660003662109,7395900,172.25260925293
"2021-08-24",177.919998168945,180.080001831055,177.759994506836,178.470001220703,5886900,173.037948608398
"2021-08-25",178.160003662109,178.589996337891,176.880004882812,178.309997558594,4842100,172.8828125
"2021-08-26",178.339996337891,178.940002441406,176.339996337891,176.559997558594,4563000,171.186080932617
"2021-08-27",176.279998779297,180.539993286133,176.279998779297,180.139999389648,8697000,174.657119750977
"2021-08-30",180.5,181.389999389648,178.869995117188,179.979995727539,6421300,174.501998901367
"2021-08-31",179.25,182.979995727539,178.529998779297,181.300003051758,8620000,175.781814575195
"2021-09-01",181.960006713867,184.210006713867,181.779998779297,183.479995727539,7302800,177.895446777344
"2021-09-02",184.160003662109,185.300003051758,181.550003051758,181.860000610352,6492600,176.324752807617
"2021-09-03",181.820007324219,181.820007324219,179.130004882812,181,6847400,175.490936279297
"2021-09-07",181.020004272461,185.550003051758,180.050003051758,184.339996337891,10702900,178.729278564453
"2021-09-08",184.339996337891,187.460006713867,183.919998168945,185.149993896484,8634000,179.514602661133
"2021-09-09",185.149993896484,187.580001831055,184.570007324219,185.910003662109,7190700,180.251495361328
"2021-09-10",186.360000610352,187.100006103516,184.009994506836,184.119995117188,5572200,178.515975952148
"2021-09-13",185.119995117188,185.800003051758,183.5,184.979995727539,6818200,179.349807739258
"2021-09-14",184.960006713867,185.130004882812,182.149993896484,182.399993896484,6185900,176.848297119141
"2021-09-15",182.059997558594,184.660003662109,181.100006103516,184.410003662109,5933400,178.797164916992
"2021-09-16",183.970001220703,184.639999389648,182.119995117188,183.339996337891,5678200,177.759719848633
"2021-09-17",182.910003662109,185.899993896484,182.729995727539,183.470001220703,10035100,177.885757446289
"2021-09-20",179.740005493164,180.880004882812,176.550003051758,178.610000610352,8056600,173.17366027832
"2021-09-21",180.320007324219,182.229995727539,169.029998779297,171.169998168945,23216000,165.960113525391
"2021-09-22",172.940002441406,175.339996337891,171.660003662109,173.649993896484,14214500,168.364639282227
"2021-09-23",174.940002441406,177.190002441406,174.369995117188,176.25,8052900,170.885513305664
"2021-09-24",175.300003051758,176.699996948242,175.080001831055,176,5712800,170.643112182617
"2021-09-27",176.630004882812,179.449996948242,175.960006713867,178.259994506836,7755000,172.834350585938
"2021-09-28",177.75,178,173.860000610352,174.520004272461,9133100,169.20817565918
"2021-09-29",174.25,174.960006713867,172.589996337891,172.679992675781,6240800,167.424163818359
"2021-09-30",173.100006103516,173.679992675781,169.100006103516,169.169998168945,13978000,164.021011352539
"2021-10-01",172.279998779297,177.320007324219,171.970001220703,176.009994506836,12165000,170.652801513672
"2021-10-04",175.559997558594,175.960006713867,172.669998168945,173.460006713867,7200600,168.180435180664
"2021-10-05",173.830001831055,176.240005493164,173.610000610352,174.610000610352,6798200,169.295440673828
"2021-10-06",173,175.710006713867,171.550003051758,175.479995727539,6005200,170.138931274414
"2021-10-07",177.699996948242,179.630004882812,177.330001831055,177.710006713867,7780000,172.301071166992
"2021-10-08",177.929992675781,178.600006103516,176.399993896484,176.740005493164,4132200,171.360595703125
"2021-10-11",176.020004272461,176.520004272461,173.479995727539,173.520004272461,8046300,168.23860168457
"2021-10-12",173.619995117188,174.490005493164,172.550003051758,173.130004882812,5188400,167.860473632812
"2021-10-13",173.630004882812,173.699996948242,170.940002441406,172.960006713867,8914700,167.695648193359
"2021-10-14",174.070007324219,176.020004272461,174,174.410003662109,7450200,169.101501464844
"2021-10-15",175.690002441406,178.889999389648,174.100006103516,176.460006713867,13943900,171.089126586914
"2021-10-18",172.360000610352,173.339996337891,169.800003051758,171.139999389648,20494800,165.931030273438
"2021-10-19",171.440002441406,171.580001831055,170.179992675781,171.179992675781,9669500,165.969818115234
"2021-10-20",170.970001220703,171.020004272461,169.880004882812,170.550003051758,9737600,165.359008789062
"2021-10-21",170.199996948242,172.5,170.100006103516,171.339996337891,7509000,166.124954223633
"2021-10-22",170.570007324219,170.800003051758,168.600006103516,169.419998168945,7854300,164.263397216797
"2021-10-25",169.899993896484,172.570007324219,169.029998779297,172.009994506836,9798700,166.774551391602
"2021-10-26",172.949996948242,173.119995117188,170.710006713867,172.039993286133,5850200,166.803634643555
"2021-10-27",171.770004272461,172.039993286133,169.429992675781,169.550003051758,7054700,164.389434814453
"2021-10-28",169.479995727539,170.350006103516,168.600006103516,169.679992675781,7884500,164.515487670898
"2021-10-29",169.020004272461,170.460006713867,168.149993896484,169.070007324219,7598800,163.924041748047
"2021-11-01",169.210006713867,171.25,169.089996337891,170.190002441406,8182900,165.009948730469
"2021-11-02",170.029998779297,170.850006103516,168.979995727539,169.830001831055,6777200,164.660919189453
"2021-11-03",169.699996948242,170.190002441406,168.369995117188,170.080001831055,6829300,164.903305053711
"2021-11-04",170.029998779297,170.419998168945,168.669998168945,170.279998779297,7505500,165.097213745117
"2021-11-05",173.5,176.990005493164,172.330001831055,175.630004882812,16859200,170.284378051758
"2021-11-08",178.690002441406,179.25,176.100006103516,176.869995117188,10584600,171.486633300781
"2021-11-09",176.949996948242,177.119995117188,173.210006713867,175.110000610352,7293300,169.780212402344
"2021-11-10",174.690002441406,176.869995117188,173.869995117188,174.449996948242,11045800,169.14030456543
"2021-11-11",162.889999389648,163.960006713867,158.330001831055,162.110000610352,62366500,157.175888061523
"2021-11-12",163.520004272461,163.610000610352,158.929992675781,159.630004882812,25638400,154.771377563477
"2021-11-15",160.089996337891,160.720001220703,157.660003662109,158.429992675781,21285300,153.607894897461
"2021-11-16",159.059997558594,160.240005493164,158.550003051758,158.830001831055,15516200,153.995727539062
"2021-11-17",158.729995727539,158.889999389648,156.75,157.330001831055,14695500,152.541381835938
"2021-11-18",157.089996337891,157.300003051758,153.710006713867,155.580001831055,14487700,150.844650268555
"2021-11-19",155.020004272461,155.210006713867,152.770004272461,154,16776500,149.312713623047
"2021-11-22",153.229995727539,155.820007324219,152.570007324219,154.160003662109,12790400,149.467864990234
"2021-11-23",153.839996337891,154.25,150.190002441406,151.029998779297,17382900,146.433135986328
"2021-11-24",150.690002441406,151.410003662109,148.800003051758,151.339996337891,14123700,146.733688354492
"2021-11-26",146.800003051758,148.850006103516,145.850006103516,148.110000610352,12027700,143.602005004883
"2021-11-29",148.809997558594,149.300003051758,144.25,147.809997558594,21231300,143.311126708984
"2021-11-30",146.720001220703,147.279998779297,143.110000610352,144.899993896484,26011100,140.489700317383
"2021-12-01",146.699996948242,148.369995117188,142.039993286133,142.149993896484,16469000,137.82341003418
"2021-12-02",142.839996337891,147.649993896484,142.770004272461,147.199996948242,18177700,142.719680786133
"2021-12-03",147.809997558594,148.320007324219,144.320007324219,146.220001220703,14975600,141.76953125
"2021-12-06",147.279998779297,150.740005493164,146.669998168945,150.369995117188,14333900,145.793197631836
"2021-12-07",151.839996337891,152.759994506836,149.720001220703,150.809997558594,14661100,146.219848632812
"2021-12-08",150.910003662109,153.660003662109,150.559997558594,153.339996337891,12886300,148.672805786133
"2021-12-09",152.270004272461,154.289993286133,151.699996948242,152.940002441406,11862300,148.285003662109
"2021-12-10",153.580001831055,154.660003662109,151.449996948242,152.710006713867,10247900,148.061996459961
"2021-12-13",152.119995117188,152.5,149.289993286133,150.429992675781,10195800,145.851409912109
"2021-12-14",149.259994506836,151.619995117188,148.520004272461,149.100006103516,10872000,144.561874389648
"2021-12-15",148.759994506836,150.919998168945,147.350006103516,150.399993896484,12231500,145.822311401367
"2021-12-16",151.350006103516,152.059997558594,148.580001831055,148.75,11145600,144.222534179688
"2021-12-17",148.509994506836,149.839996337891,146.570007324219,148.759994506836,13785000,144.232238769531
"2021-12-20",146.979995727539,147.729995727539,145.080001831055,146.470001220703,11201900,142.011932373047
"2021-12-21",147.559997558594,151.429992675781,147.389999389648,151.050003051758,10781400,146.452529907227
"2021-12-22",150.419998168945,152.199996948242,149.869995117188,151.880004882812,7820400,147.257247924805
"2021-12-23",152.320007324219,154.190002441406,151.929992675781,153.630004882812,6572400,148.954010009766
"2021-12-27",152.880004882812,154.020004272461,151.399993896484,152.800003051758,7762000,148.14924621582
"2021-12-28",152.619995117188,156.5,152.410003662109,155.199996948242,12198700,150.476211547852
"2021-12-29",154.559997558594,155.919998168945,154.179992675781,154.869995117188,8737000,150.15625
"2021-12-30",155.710006713867,157.070007324219,155.509994506836,155.929992675781,7228400,151.183975219727
"2021-12-31",155.869995117188,156.570007324219,154.740005493164,154.889999389648,6410200,150.175643920898
"2022-01-03",155.830001831055,157.559997558594,155.360000610352,156.759994506836,10222800,151.988693237305
"2022-01-04",158.589996337891,160.320007324219,155.550003051758,155.729995727539,16582000,150.99006652832
"2022-01-05",156.520004272461,159.380004882812,155.100006103516,155.190002441406,12272100,150.466506958008
"2022-01-06",156.240005493164,157.770004272461,153.679992675781,156.899993896484,11095300,152.124465942383
"2022-01-07",156.899993896484,159.300003051758,156.289993286133,157.830001831055,9554600,153.026153564453
"2022-01-10",157.979995727539,158.270004272461,154.649993896484,156.600006103516,8672900,151.833602905273
"2022-01-11",156.619995117188,158.220001220703,155.949996948242,157.889999389648,8042600,153.084335327148
"2022-01-12",158.5,158.990005493164,156.330001831055,157.800003051758,6995600,152.997085571289
"2022-01-13",157.699996948242,158.529998779297,155.169998168945,155.440002441406,9680600,150.708892822266
"2022-01-14",152.350006103516,152.619995117188,148.419998168945,151.940002441406,16832000,147.3154296875
"2022-01-18",151.110000610352,153.130004882812,149.830001831055,152.270004272461,10419500,147.635406494141
"2022-01-19",150.839996337891,152.860000610352,149.960006713867,150.110000610352,10413200,145.541122436523
"2022-01-20",150.910003662109,152.660003662109,147.149993896484,147.619995117188,11760400,143.126907348633
"2022-01-21",141.229995727539,141.869995117188,136.630004882812,137.380004882812,34491800,133.198608398438
"2022-01-24",134.820007324219,137.679992675781,129.259994506836,137.460006713867,31419500,133.276153564453
"2022-01-25",135.289993286133,137.75,132.380004882812,136.509994506836,14694400,132.355087280273
"2022-01-26",137.710006713867,138.199996948242,132.259994506836,133.600006103516,14569900,129.533660888672
"2022-01-27",135.070007324219,137.910003662109,134.020004272461,135.419998168945,11913900,131.298248291016
"2022-01-28",135.210006713867,138.690002441406,133.559997558594,138.630004882812,10011700,134.410568237305
"2022-01-31",138.860000610352,143.149993896484,138.470001220703,142.970001220703,10185500,138.618453979492
"2022-02-01",143.020004272461,144.690002441406,142.25,144.490005493164,8573300,140.092193603516
"2022-02-02",144.190002441406,144.589996337891,141.380004882812,142.619995117188,9529900,138.279113769531
"2022-02-03",140,142.039993286133,139.25,140.029998779297,9820600,135.767944335938
"2022-02-04",140.039993286133,143.190002441406,139.529998779297,142.020004272461,8061100,137.697372436523
"2022-02-07",143.389999389648,144.089996337891,141.610000610352,142.509994506836,10937500,138.172439575195
"2022-02-08",141.789993286133,142.889999389648,140.740005493164,142.479995727539,9231700,138.143341064453
"2022-02-09",144.369995117188,147.350006103516,143.25,147.229995727539,22877400,142.748779296875
"2022-02-10",156.020004272461,157.5,151.110000610352,152.160003662109,42500300,147.528717041016
"2022-02-11",153.539993286133,154.690002441406,148.559997558594,149.470001220703,17975200,144.920608520508
"2022-02-14",149.369995117188,153.729995727539,149.210006713867,150.850006103516,14694700,146.258605957031
"2022-02-15",153.539993286133,154.850006103516,152.509994506836,154.720001220703,12726000,150.010818481445
"2022-02-16",154.979995727539,156.729995727539,153.75,156.350006103516,10656400,151.591201782227
"2022-02-17",154.690002441406,155.360000610352,152.610000610352,152.949996948242,8110300,148.294677734375
"2022-02-18",152.910003662109,153.679992675781,150.050003051758,151.360000610352,10785500,146.753082275391
"2022-02-22",150.190002441406,150.789993286133,147.610000610352,148.089996337891,12227200,143.582595825195
"2022-02-23",149.5,149.740005493164,145.5,145.869995117188,9300700,141.430160522461
"2022-02-24",140,149.570007324219,140,149.399993896484,12475500,144.852722167969
"2022-02-25",149.559997558594,150.279998779297,147.220001220703,149.529998779297,10149500,144.978790283203
"2022-02-28",147.830001831055,149.479995727539,146.460006713867,148.460006713867,10834700,143.941345214844
"2022-03-01",147.860000610352,148.149993896484,143.779998779297,145.699996948242,8944000,141.265350341797
"2022-03-02",146.309997558594,148.470001220703,145.919998168945,147.339996337891,7851000,142.855453491211
"2022-03-03",147.309997558594,148.649993896484,144.449996948242,145.570007324219,8048400,141.13932800293
"2022-03-04",144.009994506836,144.259994506836,139.550003051758,140.720001220703,12913000,136.436920166016
"2022-03-07",140.279998779297,140.889999389648,133.440002441406,133.5,14549700,129.43669128418
"2022-03-08",133.020004272461,135.490005493164,129.289993286133,131.75,16552000,127.739944458008
"2022-03-09",135.490005493164,135.5,133.360000610352,133.649993896484,14673100,129.582107543945
"2022-03-10",132.360000610352,134.199996948242,131.619995117188,133.639999389648,8447200,129.57243347168
"2022-03-11",135.080001831055,136.160003662109,131.570007324219,131.75,7058400,127.739944458008
"2022-03-14",130.979995727539,133.070007324219,128.380004882812,129.029998779297,9971500,125.102737426758
"2022-03-15",129.740005493164,134.559997558594,129.509994506836,134.199996948242,9834800,130.115371704102
"2022-03-16",135.649993896484,138.979995727539,134.940002441406,138.139999389648,10638700,133.935440063477
"2022-03-17",137.440002441406,139.470001220703,136.559997558594,139.470001220703,6816000,135.224945068359
"2022-03-18",139.550003051758,140.729995727539,138.300003051758,140.300003051758,11308800,136.029708862305
"2022-03-21",138.899993896484,139.300003051758,136.880004882812,138.619995117188,9090300,134.400848388672
"2022-03-22",139.059997558594,142.190002441406,138.899993896484,140.110000610352,8511600,135.845504760742
"2022-03-23",139.070007324219,139.759994506836,137.539993286133,137.639999389648,8761300,133.450668334961
"2022-03-24",138.580001831055,139.270004272461,137.410003662109,138.960006713867,5858800,134.730514526367
"2022-03-25",139.279998779297,140.380004882812,138.119995117188,139.139999389648,5949400,134.905029296875
"2022-03-28",138.880004882812,139.630004882812,136.279998779297,138.720001220703,8456100,134.497817993164
"2022-03-29",140.960006713867,144.460006713867,140.960006713867,142.380004882812,11280700,138.046401977539
"2022-03-30",141.309997558594,143.270004272461,140.080001831055,140.960006713867,7922400,136.669631958008
"2022-03-31",140.139999389648,140.880004882812,137.110000610352,137.160003662109,12306500,132.985290527344
"2022-04-01",137.339996337891,138.100006103516,135.529998779297,137,10341000,132.830154418945
"2022-04-04",136.970001220703,139.259994506836,136.889999389648,138.580001831055,8174600,134.362045288086
"2022-04-05",137.740005493164,139.199996948242,135.130004882812,135.619995117188,8694100,131.492156982422
"2022-04-06",133.75,133.929992675781,130.809997558594,132.570007324219,11679700,128.535003662109
"2022-04-07",133.009994506836,133.210006713867,130.020004272461,131.869995117188,9858700,127.856285095215
"2022-04-08",132,133.119995117188,130.630004882812,131.869995117188,6702000,127.856285095215
"2022-04-11",130.039993286133,132.429992675781,130.039993286133,130.649993896484,9915300,126.673431396484
"2022-04-12",131.809997558594,133.210006713867,130.149993896484,130.839996337891,7885600,126.85765838623
"2022-04-13",131.050003051758,132.889999389648,130.75,132.350006103516,7694500,128.321701049805
"2022-04-14",132.809997558594,133.589996337891,130.350006103516,130.470001220703,7283500,126.498924255371
"2022-04-18",130.070007324219,130.220001220703,126.819999694824,127.769996643066,10571000,123.881088256836
"2022-04-19",128.089996337891,133.190002441406,127.790000915527,131.899993896484,12767200,127.885375976562
"2022-04-20",126.050003051758,127.349998474121,124.110000610352,124.569999694824,36465700,120.778480529785
"2022-04-21",125.540000915527,126.449996948242,121.279998779297,121.660003662109,18688600,117.957054138184
"2022-04-22",120.01000213623,121.889999389648,118.150001525879,118.269996643066,19472800,114.67024230957
"2022-04-25",117.660003662109,120.330001831055,116.75,119.949996948242,16491000,116.299095153809
"2022-04-26",119.150001525879,119.150001525879,115.639999389648,115.769996643066,16116000,112.24633026123
"2022-04-27",115.430000305176,116.900001525879,113.389999389648,115.209999084473,15553000,111.703369140625
"2022-04-28",115.220001220703,116,112.690002441406,115.290000915527,23192100,111.780944824219
"2022-04-29",115.199996948242,115.98999786377,111.360000610352,111.629997253418,16907000,108.23233795166
"2022-05-02",111.709999084473,113.660003662109,111.01000213623,113.5,14300700,110.045417785645
"2022-05-03",114.050003051758,114.830001831055,112.690002441406,113.550003051758,11149500,110.093902587891
"2022-05-04",113.370002746582,116.440002441406,111.830001831055,116.190002441406,11488300,112.653549194336
"2022-05-05",114.73999786377,115.269996643066,111.480003356934,112.610000610352,12720200,109.182510375977
"2022-05-06",111.769996643066,112.089996337891,108.300003051758,110.290000915527,12525200,106.933120727539
"2022-05-09",108.110000610352,110.73999786377,106.480003356934,106.980003356934,17941600,103.72386932373
"2022-05-10",109.839996337891,110.699996948242,106.139999389648,107.680000305176,15657700,104.402565002441
"2022-05-11",107.900001525879,110.069999694824,104.790000915527,105.209999084473,26933300,102.007743835449
"2022-05-12",102.900001525879,105,99.4700012207031,104.309997558594,36298800,101.135139465332
"2022-05-13",105.360000610352,107.690002441406,105.309997558594,107.330001831055,16782600,104.06322479248
"2022-05-16",107.459999084473,107.620002746582,104.849998474121,105.180000305176,11993600,101.978652954102
"2022-05-17",107.730003356934,108.790000915527,106.300003051758,108.639999389648,11847600,105.333343505859
"2022-05-18",107.379997253418,107.660003662109,103.879997253418,104.300003051758,11794000,101.125442504883
"2022-05-19",103.430000305176,105.300003051758,102.959999084473,103.139999389648,11285000,100.000755310059
"2022-05-20",104.48999786377,104.800003051758,100.050003051758,102.419998168945,15650400,99.3026504516602
"2022-05-23",103.76000213623,106.029998779297,101.559997558594,105.830001831055,14402400,102.608871459961
"2022-05-24",103.709999084473,103.839996337891,100.129997253418,101.589996337891,13970200,98.4979248046875
"2022-05-25",101.430000305176,103.809997558594,101.160003662109,103.26000213623,11026600,100.117095947266
"2022-05-26",104.220001220703,106.129997253418,103.959999084473,105.610000610352,11297800,102.395561218262
"2022-05-27",106.889999389648,109.370002746582,106.529998779297,109.319999694824,13671300,105.992652893066
"2022-05-31",110,111.23999786377,107.910003662109,110.440002441406,20274600,107.078559875488
"2022-06-01",112.01000213623,112.849998474121,108.269996643066,109.190002441406,11829700,105.866607666016
"2022-06-02",109.430000305176,110.949996948242,107.910003662109,110.870002746582,8829900,107.495475769043
"2022-06-03",109.169998168945,109.849998474121,107.919998168945,108.669998168945,6767600,105.362419128418
"2022-06-06",109.75,110.190002441406,107.650001525879,107.830001831055,7575900,104.548004150391
"2022-06-07",106.790000915527,107.919998168945,106,107.790000915527,7279100,104.509208679199
"2022-06-08",107.430000305176,109.360000610352,106.959999084473,107.339996337891,7019500,104.072906494141
"2022-06-09",106.529998779297,107.059997558594,103.25,103.300003051758,8261200,100.155876159668
"2022-06-10",101.430000305176,102.120002746582,99.379997253418,99.4000015258789,15369700,96.3745727539062
"2022-06-13",97.6100006103516,97.6100006103516,94.8300018310547,95.7099990844727,15239700,92.7968978881836
"2022-06-14",96.2699966430664,96.2699966430664,93.0999984741211,94.2200012207031,12443700,91.3522415161133
"2022-06-15",94.6100006103516,97.3000030517578,94.0899963378906,95.879997253418,11751600,92.9617156982422
"2022-06-16",94.0100021362305,95.379997253418,93.4100036621094,94.2799987792969,15298500,91.4104156494141
"2022-06-17",94.0100021362305,95.9700012207031,93.4700012207031,94.3399963378906,15403800,91.4685974121094
"2022-06-21",94.9000015258789,95.4499969482422,93.2699966430664,93.2900009155273,16649800,90.4505462646484
"2022-06-22",92.1699981689453,94.6100006103516,92.0100021362305,93.5,11403500,90.6541595458984
"2022-06-23",93.9599990844727,94.6500015258789,92.0699996948242,94.3000030517578,11348800,91.4298095703125
"2022-06-24",95.4499969482422,98.5699996948242,95.4000015258789,97.7799987792969,11681200,94.8038787841797
"2022-06-27",98.2200012207031,98.2300033569336,95.8000030517578,96.6100006103516,10793700,93.6694946289062
"2022-06-28",99.7399978637695,100.400001525879,95.7799987792969,95.9199981689453,16812400,93.0005035400391
"2022-06-29",95.9499969482422,96.1999969482422,94.5299987792969,95.6500015258789,8653200,92.7387237548828
"2022-06-30",94.4199981689453,95.4400024414062,92.5400009155273,94.4000015258789,10983500,91.5267639160156
"2022-07-01",94.2399978637695,96.3099975585938,93.9800033569336,96.1399993896484,10543400,93.2138061523438
"2022-07-05",94.2600021362305,97.2300033569336,92.3099975585938,97.1800003051758,10660600,94.2221527099609
"2022-07-06",97.5299987792969,98.1900024414062,95.4000015258789,96.0800018310547,8640200,93.1556396484375
"2022-07-07",96.9000015258789,97.5299987792969,95.9300003051758,97.4300003051758,7813100,94.4645462036133
"2022-07-08",96.5699996948242,97.120002746582,95.3499984741211,95.8600006103516,7717300,92.9423294067383
"2022-07-11",95,95.3399963378906,93.4300003051758,93.6399993896484,7643700,90.7898864746094
"2022-07-12",93.5800018310547,95.25,93.3099975585938,93.5999984741211,8665300,90.751106262207
"2022-07-13",92.120002746582,93.25,91.0100021362305,92.9400024414062,12006400,90.111198425293
"2022-07-14",91.4800033569336,92.0400009155273,90.2300033569336,91.8399963378906,11146400,89.044677734375
"2022-07-15",92.9100036621094,95.3199996948242,92.6999969482422,95.1999969482422,14946700,92.3024215698242
"2022-07-18",96.3600006103516,97.2699966430664,95.3099975585938,95.6999969482422,10430400,92.7871856689453
"2022-07-19",96.6800003051758,99.8499984741211,96.6800003051758,99.6100006103516,13683400,96.5781860351562
"2022-07-20",100.25,104.26000213623,99.9499969482422,103.349998474121,15112700,100.204345703125
"2022-07-21",102.709999084473,104.25,101.610000610352,104.180000305176,8611300,101.009094238281
"2022-07-22",103.279998779297,104.569999694824,102.110000610352,102.720001220703,7803500,99.5935287475586
"2022-07-25",102.779998779297,103.389999389648,101.809997558594,102.690002441406,6726700,99.5644378662109
"2022-07-26",102.139999389648,102.360000610352,99.5599975585938,99.7799987792969,6346600,96.7430191040039
"2022-07-27",100.970001220703,103.650001525879,100.809997558594,103.5,9684800,100.349792480469
"2022-07-28",103.25,104.970001220703,102.709999084473,104.900001525879,7970300,101.707183837891
"2022-07-29",105.139999389648,106.339996337891,103.370002746582,106.099998474121,10320000,102.870651245117
"2022-08-01",104.870002746582,106.650001525879,103.860000610352,106.220001220703,7769700,102.986999511719
"2022-08-02",105.73999786377,106.360000610352,104.620002746582,104.709999084473,9093000,101.522964477539
"2022-08-03",105.730003356934,109.699996948242,105.730003356934,109.019996643066,11243000,105.701774597168
"2022-08-04",108.919998168945,109.449996948242,107.660003662109,108.120002746582,7322400,104.829170227051
"2022-08-05",106.809997558594,107.699996948242,105.370002746582,106.629997253418,10100000,103.38451385498
"2022-08-08",108.209999084473,111.230003356934,107.900001525879,109.110000610352,13025900,105.789039611816
"2022-08-09",109.220001220703,109.220001220703,107.029998779297,108.129997253418,8776500,104.8388671875
"2022-08-10",112.480003356934,112.669998168945,109.910003662109,112.430000305176,26398700,109.007995605469
"2022-08-11",122.209999084473,123.269996643066,117.330001831055,117.690002441406,50375000,114.107887268066
"2022-08-12",119,121.610000610352,118.919998168945,121.569999694824,21964800,117.86979675293
"2022-08-15",121,125.959999084473,120.98999786377,124.26000213623,24628300,120.477928161621
"2022-08-16",124.730003356934,126.480003356934,123.449996948242,124.959999084473,14607300,121.156616210938
"2022-08-17",123.449996948242,124.480003356934,122.569999694824,122.809997558594,9140900,119.072044372559
"2022-08-18",123.01000213623,123.129997253418,121.709999084473,122.669998168945,7343900,118.936317443848
"2022-08-19",121.25,121.389999389648,119.480003356934,120.139999389648,8702500,116.483322143555
"2022-08-22",117.699996948242,118.209999084473,115.690002441406,115.940002441406,11575800,112.411155700684
"2022-08-23",115.980003356934,116.370002746582,114.620002746582,114.860000610352,7180700,111.364036560059
"2022-08-24",114.669998168945,117.160003662109,114.099998474121,116.410003662109,7840500,112.866851806641
"2022-08-25",117.019996643066,117.769996643066,116.110000610352,117.459999084473,6920900,113.884895324707
"2022-08-26",117.470001220703,118.370002746582,113.889999389648,114.069999694824,7807400,110.598075866699
"2022-08-29",112.540000915527,114.470001220703,112.410003662109,113.529998779297,6882700,110.074508666992
"2022-08-30",114.279998779297,114.75,111.449996948242,112.430000305176,8060000,109.007995605469
"2022-08-31",112.870002746582,113.75,111.849998474121,112.080001831055,7353000,108.668632507324
"2022-09-01",111.790000915527,112.589996337891,110.029998779297,112.529998779297,7718700,109.104934692383
"2022-09-02",113.050003051758,113.889999389648,110.839996337891,111.199996948242,8465100,107.815414428711
"2022-09-06",111.769996643066,111.779998779297,108.519996643066,110.089996337891,9537300,106.739204406738
"2022-09-07",109.870002746582,112.959999084473,109.870002746582,112.690002441406,8193900,109.260078430176
"2022-09-08",111.069999694824,112.98999786377,110.360000610352,112.330001831055,8443300,108.911033630371
"2022-09-09",113.269996643066,115.529998779297,113.190002441406,115.180000305176,9563100,111.674293518066
"2022-09-12",116.139999389648,117.48999786377,115.269996643066,116.389999389648,7923400,112.847457885742
"2022-09-13",113.050003051758,113.819999694824,111.169998168945,111.76000213623,10504600,108.358383178711
"2022-09-14",111.849998474121,112.73999786377,109.879997253418,112.5,8610400,109.075859069824
"2022-09-15",112.389999389648,114.410003662109,110.709999084473,110.769996643066,9739800,107.398506164551
"2022-09-16",109.209999084473,109.580001831055,106.959999084473,108.25,15978800,104.955215454102
"2022-09-19",107.529998779297,109.220001220703,107.040000915527,109.169998168945,7979500,105.847213745117
"2022-09-20",108.279998779297,108.410003662109,106.860000610352,107.569999694824,6957400,104.2958984375
"2022-09-21",107.389999389648,108.040000915527,104.48999786377,104.48999786377,9776400,101.30965423584
"2022-09-22",104.209999084473,104.660003662109,102.019996643066,102.160003662109,10953400,99.0505828857422
"2022-09-23",100.620002746582,101.180000305176,98.0199966430664,99.5,11976900,96.4715347290039
"2022-09-26",98.9499969482422,100.660003662109,98.0599975585938,98.120002746582,9760500,95.133544921875
"2022-09-27",99.5299987792969,99.6399993896484,95.4300003051758,95.8499984741211,13360200,92.9326324462891
"2022-09-28",95.7900009155273,99.870002746582,95.4499969482422,99.4000015258789,12895500,96.3745727539062
"2022-09-29",98.5299987792969,98.5999984741211,96.2300033569336,97.4499969482422,9435100,94.4839324951172
"2022-09-30",96.5,97.4800033569336,94.2799987792969,94.3300018310547,12094900,91.4589080810547
"2022-10-03",95.7300033569336,97.7799987792969,94.5,97.129997253418,9468400,94.1736679077148
"2022-10-04",98.6800003051758,101.519996643066,98.2300033569336,101.440002441406,10229000,98.3524856567383
"2022-10-05",100.040000915527,101.220001220703,98.6999969482422,100.800003051758,7562800,97.7319641113281
"2022-10-06",100.430000305176,101.459999084473,99.870002746582,100.040000915527,6728200,96.9951019287109
"2022-10-07",98.5100021362305,98.8000030517578,96.4499969482422,97.1600036621094,7051000,94.202766418457
"2022-10-10",97.5899963378906,97.7399978637695,94.4199981689453,95.1600036621094,9532300,92.2636260986328
"2022-10-11",94.8099975585938,95.0599975585938,92.6500015258789,93.0999984741211,8900900,90.2663345336914
"2022-10-12",93.1600036621094,94.0699996948242,92.1999969482422,93.4100036621094,6156200,90.5669021606445
"2022-10-13",91.5699996948242,96.9700012207031,90.7099990844727,96.6399993896484,11025400,93.6985855102539
"2022-10-14",97.4700012207031,98.0899963378906,94.3300018310547,94.4499969482422,8202100,91.5752410888672
"2022-10-17",96.379997253418,97.9700012207031,96.2600021362305,97.3300018310547,7083800,94.3675842285156
"2022-10-18",99.870002746582,100.370002746582,97.6399993896484,98.4800033569336,8533500,95.4825820922852
"2022-10-19",100.440002441406,101.870002746582,98.5,98.9899978637695,11731000,95.9770660400391
"2022-10-20",98.2300033569336,100.75,98.1100006103516,98.5899963378906,8212400,95.5892333984375
"2022-10-21",98.3499984741211,102.300003051758,97.8899993896484,102.040000915527,10193400,98.9342269897461
"2022-10-24",102.120002746582,103.190002441406,100.120002746582,101.720001220703,8221500,98.6239547729492
"2022-10-25",102.160003662109,104.730003356934,102.029998779297,104.360000610352,7687500,101.183616638184
"2022-10-26",103.529998779297,107.430000305176,103.529998779297,104.629997253418,9203700,101.445388793945
"2022-10-27",105.809997558594,106.870002746582,104.309997558594,104.440002441406,8673500,101.261184692383
"2022-10-28",104.080001831055,106.089996337891,103.529998779297,105.949996948242,7250900,102.725212097168
"2022-10-31",105.660003662109,106.900001525879,104.819999694824,106.540000915527,8814800,103.297264099121
"2022-11-01",107.699996948242,108.839996337891,105.639999389648,106,7955800,102.773696899414
"2022-11-02",105.449996948242,106.080001831055,101.790000915527,101.819999694824,9583200,98.7209167480469
"2022-11-03",100.199996948242,100.699996948242,98.5599975585938,99.25,8978400,96.2291412353516
"2022-11-04",101.150001525879,101.160003662109,98.1100006103516,99.5800018310547,11035800,96.5490951538086
"2022-11-07",100.879997253418,101.559997558594,98.9899978637695,100.430000305176,11355200,97.3732376098633
"2022-11-08",100.73999786377,101.970001220703,98.0500030517578,99.9000015258789,27130300,96.8593597412109
"2022-11-09",90.5500030517578,91.0999984741211,86.2799987792969,86.75,62029800,84.1096115112305
"2022-11-10",89.75,90.5,87.6100006103516,90.4599990844727,36968100,87.7066879272461
"2022-11-11",91.5800018310547,95.5800018310547,91.0999984741211,95.0100021362305,22373300,92.1182022094727
"2022-11-14",95.8499984741211,96.620002746582,94.2099990844727,94.2799987792969,20598000,91.4104156494141
"2022-11-15",96,97.1800003051758,93.6999969482422,95.5100021362305,15801900,92.6029815673828
"2022-11-16",95.2200012207031,95.2200012207031,93.7200012207031,93.9499969482422,11137700,91.0904541015625
"2022-11-17",92.120002746582,92.2699966430664,90.8499984741211,91.4499969482422,12306400,88.6665496826172
"2022-11-18",92.8600006103516,93.1600036621094,90.9100036621094,91.8000030517578,10011700,89.0058975219727
"2022-11-21",100.120002746582,100.889999389648,96.3199996948242,97.5800018310547,70273500,94.6099700927734
"2022-11-22",97,97.6699981689453,94.6800003051758,96.2099990844727,25753700,93.2816696166992
"2022-11-23",96,99.3399963378906,95.7799987792969,98.879997253418,15503200,95.8703994750977
"2022-11-25",98.8099975585938,99.8099975585938,98.0800018310547,98.870002746582,6664300,95.860710144043
"2022-11-28",98.2099990844727,99.129997253418,95.4300003051758,95.6900024414062,13660000,92.7775039672852
"2022-11-29",96,96.4300003051758,93.9199981689453,94.6900024414062,13205300,91.8079376220703
"2022-11-30",94.9499969482422,97.9400024414062,93.870002746582,97.870002746582,15368100,94.8911437988281
"2022-12-01",97.870002746582,98.8399963378906,96.5800018310547,98.5899963378906,13855700,95.5892333984375
"2022-12-02",97.4599990844727,99.6900024414062,97.0100021362305,99.4300003051758,12608100,96.4036712646484
"2022-12-05",98.2399978637695,99.1600036621094,95.6699981689453,95.9300003051758,10764500,93.0102005004883
"2022-12-06",95.7300033569336,96,91.9800033569336,92.2900009155273,11492400,89.4809875488281
"2022-12-07",92.6600036621094,92.7900009155273,91.2600021362305,92.1500015258789,10353400,89.3452453613281
"2022-12-08",92.5,93.4300003051758,91.6699981689453,92.5500030517578,9351200,89.7330780029297
"2022-12-09",92.370002746582,94.9100036621094,91.9000015258789,93.379997253418,10111900,90.5378112792969
"2022-12-12",93.7300033569336,94.6600036621094,92.6100006103516,94.6600036621094,14140700,91.7788467407227
"2022-12-13",96.4899978637695,97.3899993896484,93.5699996948242,94.6999969482422,22882100,91.817626953125
"2022-12-14",94.5400009155273,95.4700012207031,92.620002746582,94.1500015258789,11505400,91.2843780517578
"2022-12-15",92.4700012207031,93.120002746582,90.120002746582,90.4899978637695,15957700,87.7357635498047
"2022-12-16",90.1900024414062,91.0800018310547,88.8099975585938,90.0800018310547,26383900,87.338264465332
"2022-12-19",89.4400024414062,89.4599990844727,85.4100036621094,85.7799987792969,19225300,83.1691207885742
"2022-12-20",86.0800018310547,87.8399963378906,85.7600021362305,87.0199966430664,14918400,84.3713912963867
"2022-12-21",87.1900024414062,88.0999984741211,86.4800033569336,86.9199981689453,11004800,84.2744293212891
"2022-12-22",86.0299987792969,86.7300033569336,84.6900024414062,86.6699981689453,15487400,84.0320281982422
"2022-12-23",86.0599975585938,88.0699996948242,85.7699966430664,88.0100021362305,11171600,85.3312530517578
"2022-12-27",87.4199981689453,87.9400024414062,85.9599990844727,86.370002746582,11561400,83.7411727905273
"2022-12-28",86.0800018310547,86.6900024414062,84.0699996948242,84.1699981689453,12399500,81.6081390380859
"2022-12-29",85.25,88.2399978637695,84.9700012207031,87.1800003051758,13045100,84.5265197753906
"2022-12-30",85.7300033569336,87.120002746582,85.2300033569336,86.879997253418,23231000,84.2356414794922
