"Date","DUK.Open","DUK.High","DUK.Low","DUK.Close","DUK.Volume","DUK.Adjusted"
"2019-01-02",86.1100006103516,86.1900024414062,84.3000030517578,84.6999969482422,2857400,62.8457717895508
"2019-01-03",84.7600021362305,85.5999984741211,84.0599975585938,84.6699981689453,2959700,62.8234939575195
"2019-01-04",84.1600036621094,85.4499969482422,84.0599975585938,85.370002746582,3278100,63.342887878418
"2019-01-07",84.8499984741211,85.3899993896484,84.3300018310547,85.0100021362305,3060200,63.0757904052734
"2019-01-08",85.0400009155273,86.1699981689453,84.5,86.0800018310547,2350500,63.8696975708008
"2019-01-09",84.9599990844727,86,84.3399963378906,84.8099975585938,3264400,62.9273796081543
"2019-01-10",85.0500030517578,85.5899963378906,84.629997253418,85.2699966430664,3758000,63.2686958312988
"2019-01-11",85.2099990844727,85.2099990844727,84.2099990844727,84.6100006103516,3082400,62.778980255127
"2019-01-14",84.3199996948242,84.3199996948242,82.4599990844727,83.6600036621094,3931000,62.0741004943848
"2019-01-15",83.5999984741211,85.4599990844727,83.3300018310547,85.1399993896484,2722900,63.1722373962402
"2019-01-16",84.7200012207031,85.379997253418,84.3399963378906,85.2699966430664,2279100,63.2686958312988
"2019-01-17",85.2900009155273,85.7699966430664,84.9199981689453,85.6399993896484,1895700,63.5432243347168
"2019-01-18",85.9400024414062,86.0199966430664,85.2099990844727,85.5999984741211,2842600,63.5135383605957
"2019-01-22",85.0100021362305,86.5100021362305,84.8499984741211,85.6100006103516,2693600,63.5209617614746
"2019-01-23",85.4899978637695,86.1500015258789,85.2900009155273,86.129997253418,2629400,63.9067840576172
"2019-01-24",86.2300033569336,86.7699966430664,85.3600006103516,86.6999969482422,2504400,64.3297271728516
"2019-01-25",86.3399963378906,86.9899978637695,85.629997253418,85.8499984741211,2472900,63.6990356445312
"2019-01-28",86.0199966430664,86.2900009155273,85.129997253418,85.6500015258789,2079100,63.5506591796875
"2019-01-29",85.9499969482422,86.1600036621094,85.2799987792969,85.629997253418,3625500,63.5358085632324
"2019-01-30",85.3600006103516,86.5400009155273,85.2600021362305,86.0500030517578,2215100,63.8474502563477
"2019-01-31",86.0899963378906,88.4800033569336,85.5199966430664,87.7799987792969,6869400,65.1310653686523
"2019-02-01",87.7799987792969,88.0500030517578,86.8600006103516,87.7799987792969,3207100,65.1310653686523
"2019-02-04",87.1600036621094,87.8300018310547,86.4800033569336,87.8199996948242,3301800,65.1607437133789
"2019-02-05",87.9100036621094,88.6500015258789,87.4100036621094,88.5,3464300,65.6652908325195
"2019-02-06",88.4499969482422,88.7900009155273,87.8099975585938,88.4599990844727,2467400,65.635612487793
"2019-02-07",88.4000015258789,89.5,87.8499984741211,89.4800033569336,2844600,66.3924331665039
"2019-02-08",89.4199981689453,90.5800018310547,89.3000030517578,90.3000030517578,3716600,67.000862121582
"2019-02-11",90.0800018310547,90.6500015258789,89.6999969482422,90.1699981689453,2428100,66.9044036865234
"2019-02-12",90.3000030517578,90.7399978637695,89.6500015258789,90.2300033569336,2676900,66.9489135742188
"2019-02-13",89.9000015258789,90.2099990844727,89.3199996948242,89.5899963378906,5281400,66.4740676879883
"2019-02-14",88.5299987792969,88.6100006103516,87.25,87.8199996948242,3987400,65.8427734375
"2019-02-15",88.4499969482422,88.4899978637695,87.0199966430664,87.5100021362305,4472900,65.6103439331055
"2019-02-19",87.6399993896484,88.1399993896484,87.2399978637695,87.9400024414062,4358600,65.932731628418
"2019-02-20",87.9499969482422,89.0599975585938,87.5400009155273,88.8499984741211,3471200,66.6150054931641
"2019-02-21",88.3199996948242,89.6600036621094,88.2699966430664,89.5899963378906,3167800,67.1697998046875
"2019-02-22",89.6999969482422,90.2900009155273,89.3600006103516,89.9100036621094,2538500,67.4097442626953
"2019-02-25",89.9100036621094,89.9499969482422,88.9199981689453,89.4800033569336,2551000,67.0873489379883
"2019-02-26",89.629997253418,89.8899993896484,88.1900024414062,88.879997253418,3234500,66.6374969482422
"2019-02-27",88.7300033569336,89.4300003051758,88.4700012207031,89.2799987792969,2112500,66.9374084472656
"2019-02-28",89.2099990844727,89.9899978637695,89,89.6600036621094,4137300,67.2223052978516
"2019-03-01",89.5999984741211,89.9100036621094,88.9300003051758,89.5299987792969,5613700,67.1248550415039
"2019-03-04",89.8199996948242,89.9499969482422,88.9800033569336,89.879997253418,3104400,67.3872451782227
"2019-03-05",89.6600036621094,89.9400024414062,89.4300003051758,89.5299987792969,3513400,67.1248550415039
"2019-03-06",89.6500015258789,89.9599990844727,89.3600006103516,89.5699996948242,3121400,67.1548309326172
"2019-03-07",89.9599990844727,90.6500015258789,89.2900009155273,89.5800018310547,3531000,67.1623153686523
"2019-03-08",89.9100036621094,90.2300033569336,89.3000030517578,90.1999969482422,2443800,67.6271514892578
"2019-03-11",90.2600021362305,90.4700012207031,89.879997253418,90.3600006103516,3720200,67.7471237182617
"2019-03-12",90.4700012207031,90.870002746582,90.1100006103516,90.5100021362305,4583700,67.8595886230469
"2019-03-13",90.3899993896484,90.7900009155273,90.3199996948242,90.5599975585938,4510500,67.8970718383789
"2019-03-14",90.4700012207031,91.0800018310547,90.120002746582,90.3600006103516,3600300,67.7471237182617
"2019-03-15",90.4499969482422,91.0299987792969,90.2399978637695,90.6500015258789,7614200,67.9645614624023
"2019-03-18",90.8600006103516,90.9100036621094,89.7300033569336,90.0599975585938,3977000,67.5221862792969
"2019-03-19",90.0800018310547,90.2300033569336,88.6600036621094,89.120002746582,4656600,66.8174285888672
"2019-03-20",89.3399963378906,90.1600036621094,89,89.379997253418,3838800,67.0123596191406
"2019-03-21",89.4000015258789,90.2399978637695,89.2099990844727,89.9100036621094,4461100,67.4097442626953
"2019-03-22",90.1600036621094,91.6699981689453,89.9100036621094,90.6999969482422,4174400,68.0020294189453
"2019-03-25",90.9000015258789,91.129997253418,90.4499969482422,90.7699966430664,3350900,68.0544967651367
"2019-03-26",90.6999969482422,91.6699981689453,90.629997253418,91.5299987792969,3342100,68.6243286132812
"2019-03-27",91.5899963378906,91.629997253418,90.2300033569336,90.4800033569336,3592200,67.8370895385742
"2019-03-28",90.6800003051758,90.9000015258789,89.0199966430664,89.379997253418,4565800,67.0123596191406
"2019-03-29",89.2300033569336,90.0899963378906,88.8099975585938,90,5434800,67.4772033691406
"2019-04-01",89.75,89.8300018310547,88.629997253418,89.2799987792969,4555500,66.9374084472656
"2019-04-02",89.5999984741211,89.5999984741211,88.6500015258789,89.129997253418,3386400,66.8249206542969
"2019-04-03",89,89.1900024414062,88.2200012207031,88.8499984741211,2998800,66.6150054931641
"2019-04-04",89.0299987792969,89.5299987792969,87.9300003051758,89.3499984741211,4847600,66.9898834228516
"2019-04-05",89.4899978637695,90.620002746582,89.1800003051758,90.5299987792969,5433200,67.8745727539062
"2019-04-08",90.5,90.620002746582,89.6500015258789,90.1100006103516,3115500,67.5596694946289
"2019-04-09",90.0599975585938,90.4800033569336,89.8199996948242,90.25,2475300,67.6646499633789
"2019-04-10",90.4899978637695,91.0800018310547,89.6999969482422,89.9400024414062,3412300,67.4322280883789
"2019-04-11",90.0400009155273,90.4599990844727,89.8000030517578,90.2600021362305,2424500,67.6721649169922
"2019-04-12",89.6999969482422,90.4700012207031,89.2099990844727,90.4499969482422,3520900,67.8145980834961
"2019-04-15",90.5,90.7399978637695,90.1600036621094,90.4400024414062,2808900,67.8071212768555
"2019-04-16",90.1399993896484,90.6500015258789,88.8600006103516,89.0899963378906,3166400,66.7949447631836
"2019-04-17",89.129997253418,89.7200012207031,88.7099990844727,89.0599975585938,4518200,66.7724380493164
"2019-04-18",89.3199996948242,89.6500015258789,88.9400024414062,89.1399993896484,2822400,66.8324127197266
"2019-04-22",89.0100021362305,89.5599975585938,88.5299987792969,88.7300033569336,2615800,66.5250396728516
"2019-04-23",88.8199996948242,89.3099975585938,88.2900009155273,89.0100021362305,2336800,66.7349700927734
"2019-04-24",89.2799987792969,89.9800033569336,88.879997253418,89.6800003051758,1942400,67.2372741699219
"2019-04-25",89.4199981689453,90.6600036621094,89.2699966430664,90.4499969482422,2506600,67.8145980834961
"2019-04-26",90.6999969482422,91.3300018310547,90.2799987792969,90.3199996948242,1921400,67.7171173095703
"2019-04-29",89.9100036621094,90.2900009155273,89.3199996948242,89.5800018310547,2370800,67.1623153686523
"2019-04-30",89.6900024414062,91.2200012207031,89.4300003051758,91.120002746582,3242700,68.3169555664062
"2019-05-01",90.6800003051758,91.0599975585938,90.0999984741211,90.4100036621094,2323400,67.7846069335938
"2019-05-02",90.4400024414062,90.8099975585938,89.620002746582,89.8099975585938,2656600,67.3347549438477
"2019-05-03",90.1699981689453,90.4499969482422,89.8199996948242,90.1600036621094,2988600,67.5971603393555
"2019-05-06",90.1800003051758,90.4199981689453,89.3000030517578,89.4800033569336,2659600,67.0873489379883
"2019-05-07",89.5,89.6399993896484,88.8300018310547,89.2600021362305,2546200,66.9223937988281
"2019-05-08",89.1500015258789,89.3000030517578,87.7200012207031,87.8000030517578,2832400,65.8277740478516
"2019-05-09",88.6800003051758,88.6800003051758,86.6699981689453,86.8300018310547,3165000,65.1005096435547
"2019-05-10",86.620002746582,88.0699996948242,86.4499969482422,87.9899978637695,2965400,65.9702224731445
"2019-05-13",87.6999969482422,88.1600036621094,86.8000030517578,88.0500030517578,4046600,66.0151901245117
"2019-05-14",87.3199996948242,87.620002746582,86.5599975585938,87.0100021362305,4955500,65.235481262207
"2019-05-15",87.2099990844727,87.5599975585938,86.7699966430664,86.7900009155273,3653200,65.0705184936523
"2019-05-16",85.9199981689453,86.7099990844727,85.7200012207031,86.2399978637695,4151900,65.3569869995117
"2019-05-17",85.6999969482422,87.4400024414062,85.6800003051758,87.1999969482422,4428300,66.0845184326172
"2019-05-20",87.3099975585938,87.5999984741211,86.6600036621094,86.9599990844727,3100200,65.9026489257812
"2019-05-21",87.1900024414062,88.0299987792969,86.870002746582,87.0800018310547,2728300,65.9935989379883
"2019-05-22",87.379997253418,88,87.1500015258789,87.8099975585938,2225700,66.5468063354492
"2019-05-23",88.120002746582,88.9899978637695,87.9400024414062,88.9000015258789,3862000,67.3728561401367
"2019-05-24",88.9000015258789,89.4499969482422,88.6500015258789,88.8099975585938,1987700,67.3046722412109
"2019-05-28",88.8099975585938,88.8499984741211,86.9300003051758,87.120002746582,3837700,66.0238952636719
"2019-05-29",87.4000015258789,87.5800018310547,85.7300033569336,85.8099975585938,2319000,65.0311279296875
"2019-05-30",85.8899993896484,86.2799987792969,85.3399963378906,85.5299987792969,2319200,64.8189163208008
"2019-05-31",85.5500030517578,86.0899963378906,84.4599990844727,85.6100006103516,3182500,64.8795471191406
"2019-06-03",86.0400009155273,86.1399993896484,85.2600021362305,86.0199966430664,3061800,65.1902694702148
"2019-06-04",85.9800033569336,86.1600036621094,84.2799987792969,85.9000015258789,2498700,65.0993270874023
"2019-06-05",86.1600036621094,87.6699981689453,85.5100021362305,87.2200012207031,2819200,66.0997085571289
"2019-06-06",87.3199996948242,88,86.9599990844727,87.7099990844727,2985500,66.4710235595703
"2019-06-07",87.9599990844727,88.5999984741211,86.9499969482422,87.0400009155273,3243300,65.9632949829102
"2019-06-10",86.9300003051758,86.9700012207031,86.0500030517578,86.2900009155273,3028400,65.394905090332
"2019-06-11",86.0400009155273,86.4899978637695,85.0699996948242,85.6399993896484,2841300,64.9022750854492
"2019-06-12",86.120002746582,86.870002746582,86.120002746582,86.6500015258789,2893800,65.6677169799805
"2019-06-13",86.9499969482422,87.4400024414062,86.3199996948242,86.7699966430664,3753100,65.7586364746094
"2019-06-14",86.7799987792969,88.1699981689453,86.75,87.870002746582,3237600,66.5922698974609
"2019-06-17",88.0800018310547,88.5899963378906,87.5199966430664,87.9499969482422,2448600,66.6529159545898
"2019-06-18",88.3600006103516,88.5,86.3199996948242,87.2399978637695,2532600,66.1148529052734
"2019-06-19",86.9000015258789,88.120002746582,86.6800003051758,87.6500015258789,2683200,66.4255752563477
"2019-06-20",88.1399993896484,88.8399963378906,87.6800003051758,88.5800018310547,2428300,67.1303787231445
"2019-06-21",88.6399993896484,89.5999984741211,87.9700012207031,89.5299987792969,6867500,67.8503341674805
"2019-06-24",89.620002746582,90.129997253418,89.2200012207031,89.9100036621094,3305700,68.138313293457
"2019-06-25",89.9100036621094,90.6800003051758,89.7799987792969,90.120002746582,3996800,68.2974472045898
"2019-06-26",89.8399963378906,89.9400024414062,87.9300003051758,87.9800033569336,3437000,66.6756591796875
"2019-06-27",88.0699996948242,88.7200012207031,87.7699966430664,88.5500030517578,2726700,67.1076202392578
"2019-06-28",88.4899978637695,89.1399993896484,87.9400024414062,88.2399978637695,3875700,66.8726806640625
"2019-07-01",88.0100021362305,88.2399978637695,87.2399978637695,88.0100021362305,2848000,66.6983947753906
"2019-07-02",88.1699981689453,89.4499969482422,88.1600036621094,89.1399993896484,2039000,67.5547561645508
"2019-07-03",89.1999969482422,90.5999984741211,89.1999969482422,90.0999984741211,1717600,68.2822799682617
"2019-07-05",89.4199981689453,89.7699966430664,88.2099990844727,89.6800003051758,1744000,67.9639892578125
"2019-07-08",89.9000015258789,90.0599975585938,89.0599975585938,89.6600036621094,2046900,67.9488372802734
"2019-07-09",90.25,90.2699966430664,88.870002746582,89.4000015258789,2598000,67.7518005371094
"2019-07-10",89.8000030517578,90.1399993896484,89.3000030517578,89.629997253418,2401700,67.9261016845703
"2019-07-11",89.4899978637695,90.0299987792969,88.6100006103516,89.4499969482422,2379100,67.7897033691406
"2019-07-12",89.5899963378906,89.5899963378906,88.4400024414062,88.6999969482422,2101400,67.2213134765625
"2019-07-15",88.8099975585938,89.5299987792969,88.5500030517578,89.379997253418,1847700,67.7366409301758
"2019-07-16",89.1100006103516,89.5299987792969,88.370002746582,89.0299987792969,1727100,67.4713897705078
"2019-07-17",89.3399963378906,89.6900024414062,88.8899993896484,89.1399993896484,2102700,67.5547561645508
"2019-07-18",89.2099990844727,89.8499984741211,88.6600036621094,89.7900009155273,1911700,68.04736328125
"2019-07-19",89.6399993896484,89.8199996948242,88.4300003051758,88.4499969482422,2408000,67.0318298339844
"2019-07-22",88.5999984741211,88.6900024414062,87.8399963378906,88.1500015258789,2160300,66.8045043945312
"2019-07-23",88.1800003051758,88.2399978637695,87.370002746582,87.6800003051758,3141800,66.4482879638672
"2019-07-24",87.9499969482422,87.9800033569336,86.8000030517578,87.1800003051758,2386500,66.0693817138672
"2019-07-25",86.9000015258789,87.3899993896484,86.1699981689453,86.4899978637695,2680300,65.5464630126953
"2019-07-26",86.5,87.0800018310547,86.2699966430664,86.9100036621094,2426000,65.8647613525391
"2019-07-29",87.2300033569336,87.879997253418,87.0199966430664,87.7900009155273,2442900,66.5316390991211
"2019-07-30",87.6100006103516,88.1800003051758,86.9100036621094,87.7399978637695,2693400,66.4937591552734
"2019-07-31",87.620002746582,87.8300018310547,86.3099975585938,86.7200012207031,2824800,65.7207565307617
"2019-08-01",86.8000030517578,88.0199966430664,86.379997253418,87.5,3055000,66.3118667602539
"2019-08-02",87.8399963378906,88.7300033569336,87.5500030517578,88.120002746582,3228900,66.7817535400391
"2019-08-05",88.4800033569336,88.8499984741211,86.5299987792969,86.9599990844727,3969200,65.9026489257812
"2019-08-06",87.3000030517578,89.4300003051758,86.3099975585938,88.9199981689453,3943300,67.3880233764648
"2019-08-07",88.9100036621094,89.5,87.8399963378906,88.8399963378906,2630100,67.327392578125
"2019-08-08",88.4199981689453,89.5199966430664,88.3399963378906,89.3099975585938,2252100,67.68359375
"2019-08-09",89.4899978637695,90.1800003051758,89.2799987792969,89.75,2355200,68.0170593261719
"2019-08-12",89.9499969482422,90,88.9700012207031,89.5,2302000,67.8275756835938
"2019-08-13",89.6399993896484,90.0299987792969,88.8000030517578,89.8199996948242,2400900,68.0700988769531
"2019-08-14",90.1600036621094,90.5599975585938,88.6500015258789,88.8099975585938,3584600,67.3046722412109
"2019-08-15",87.6900024414062,89.5800018310547,87.5699996948242,89.2799987792969,2384800,68.3885726928711
"2019-08-16",89.4000015258789,90.1399993896484,89.2300033569336,89.7699966430664,2285500,68.7639007568359
"2019-08-19",89.6999969482422,91.120002746582,89.3600006103516,90.6699981689453,2632000,69.4533081054688
"2019-08-20",91.0299987792969,91.5400009155273,90.6699981689453,91.1800003051758,3611300,69.8439407348633
"2019-08-21",90.4700012207031,91.2900009155273,90.0899963378906,91.2399978637695,2754400,69.8899154663086
"2019-08-22",91.2900009155273,92.1100006103516,90.5,91.3199996948242,1945500,69.9511871337891
"2019-08-23",91.4499969482422,91.6699981689453,90.2600021362305,90.7399978637695,3153900,69.5069122314453
"2019-08-26",90.9300003051758,91.3899993896484,90.5699996948242,91.3499984741211,2037100,69.9741516113281
"2019-08-27",91.7699966430664,92.8399963378906,91.6600036621094,92.1500015258789,3668000,70.5869750976562
"2019-08-28",92.4100036621094,93.1500015258789,91.9000015258789,92.3000030517578,2639200,70.7018814086914
"2019-08-29",92.7600021362305,92.8000030517578,91.5299987792969,92.7600021362305,2231400,71.0542144775391
"2019-08-30",93,93.3499984741211,92.6100006103516,92.7399978637695,2157900,71.0389175415039
"2019-09-03",92.5,93.7200012207031,92.3300018310547,93.6699981689453,2620200,71.7512969970703
"2019-09-04",93.9000015258789,94.1800003051758,93.2300033569336,93.9700012207031,2102600,71.9811019897461
"2019-09-05",93.5,93.8499984741211,92.8099975585938,93.4100036621094,2721200,71.5521392822266
"2019-09-06",93.629997253418,94.2900009155273,93.370002746582,93.7600021362305,2578000,71.8202590942383
"2019-09-09",93.5599975585938,93.8399963378906,93.0800018310547,93.7200012207031,2935100,71.7896041870117
"2019-09-10",93.2600021362305,94.5400009155273,93.2399978637695,93.9400024414062,3179600,71.958122253418
"2019-09-11",93.5500030517578,94.5400009155273,93.25,94.4899978637695,2756500,72.3794174194336
"2019-09-12",95.1600036621094,95.6999969482422,94.6699981689453,94.9599990844727,2339400,72.7394485473633
"2019-09-13",94.4899978637695,95,93.6600036621094,93.9000015258789,3322200,71.9274826049805
"2019-09-16",93.8300018310547,93.9800033569336,92.7399978637695,93.120002746582,2934600,71.3300018310547
"2019-09-17",93.3300018310547,94.1999969482422,93.1600036621094,93.870002746582,2615600,71.9045104980469
"2019-09-18",94.2900009155273,94.6800003051758,93.5199966430664,94.2600021362305,3066500,72.203254699707
"2019-09-19",94.5500030517578,94.5599975585938,93.7600021362305,94.4899978637695,2049900,72.3794174194336
"2019-09-20",95.2099990844727,95.4400024414062,94.2399978637695,95.2699966430664,5069100,72.9768981933594
"2019-09-23",95.2900009155273,95.7200012207031,95.0800018310547,95.4000015258789,2089100,73.0764846801758
"2019-09-24",95.6600036621094,96.8000030517578,95.5500030517578,96.2799987792969,3166100,73.7505416870117
"2019-09-25",96.1800003051758,96.629997253418,95.7399978637695,96,2383600,73.5360870361328
"2019-09-26",96.0100021362305,96.6100006103516,95.879997253418,96.1999969482422,1986100,73.6892623901367
"2019-09-27",96.2900009155273,96.4599990844727,95.6699981689453,96.2600021362305,1960700,73.7352294921875
"2019-09-30",96.25,96.4899978637695,95.5899963378906,95.8600006103516,2501700,73.4288558959961
"2019-10-01",95.5699996948242,96.1999969482422,95.25,96.1900024414062,2009200,73.6816329956055
"2019-10-02",96.2099990844727,96.3499984741211,94.6100006103516,94.7099990844727,3044000,72.5479507446289
"2019-10-03",95,95.6100006103516,94.7600021362305,95.0999984741211,3015800,72.8466796875
"2019-10-04",95.4599990844727,97.370002746582,95.3099975585938,97.1699981689453,3129600,74.4322967529297
"2019-10-07",96.75,97.25,96.4000015258789,96.9199981689453,2311700,74.2407989501953
"2019-10-08",96.9599990844727,97.0599975585938,95.9899978637695,96.0899963378906,2470800,73.6050338745117
"2019-10-09",96.2799987792969,96.5599975585938,95.9700012207031,96.0299987792969,2608800,73.5590667724609
"2019-10-10",95.870002746582,96.4599990844727,95.5100021362305,96.2900009155273,2382200,73.7582244873047
"2019-10-11",96.2900009155273,96.5999984741211,95.4499969482422,95.9700012207031,2320000,73.5131149291992
"2019-10-14",96.1600036621094,96.1600036621094,94.8399963378906,95.129997253418,2483600,72.8696594238281
"2019-10-15",95.1399993896484,95.4700012207031,94.6600036621094,95,1904600,72.7700805664062
"2019-10-16",94.7300033569336,95.1500015258789,94.4100036621094,95.129997253418,2617100,72.8696594238281
"2019-10-17",95.1100006103516,95.6100006103516,94.9400024414062,95.1699981689453,2051700,72.9003143310547
"2019-10-18",94.9499969482422,95.5899963378906,94.5,95.3499984741211,3041900,73.0381622314453
"2019-10-21",95.1600036621094,95.4000015258789,94.6600036621094,95.3300018310547,1550200,73.0228729248047
"2019-10-22",95.5,95.6100006103516,95.0800018310547,95.3199996948242,1743700,73.0151977539062
"2019-10-23",95.5299987792969,96.1800003051758,95.2699966430664,96.1699981689453,2199800,73.6663208007812
"2019-10-24",96.0500030517578,96.5,95.9599990844727,96.0699996948242,1763400,73.5896987915039
"2019-10-25",96.2699966430664,96.3600006103516,94.9899978637695,95.4300003051758,1818100,73.0994644165039
"2019-10-28",95.0299987792969,95.25,93.879997253418,94.0999984741211,2761600,72.0806884765625
"2019-10-29",93.7900009155273,93.9400024414062,93.3300018310547,93.5299987792969,2675100,71.6440505981445
"2019-10-30",93.6500015258789,94.370002746582,93.4300003051758,94.0100021362305,1831300,72.0117492675781
"2019-10-31",93.9000015258789,94.4400024414062,93.5800018310547,94.2600021362305,2454100,72.203254699707
"2019-11-01",94.3000030517578,94.5500030517578,93.7799987792969,94.379997253418,2647200,72.295166015625
"2019-11-04",94.3399963378906,94.4199981689453,93.0599975585938,93.6399993896484,3105900,71.7283172607422
"2019-11-05",93.0400009155273,93.5800018310547,92.4000015258789,93.1500015258789,2626800,71.3529815673828
"2019-11-06",93.1999969482422,93.6900024414062,93.0500030517578,93.3600006103516,2186900,71.5138397216797
"2019-11-07",93,93.3000030517578,91.75,92.5800018310547,4125000,70.9163513183594
"2019-11-08",91.6999969482422,91.7799987792969,89.2200012207031,89.9499969482422,6146200,68.9017715454102
"2019-11-11",89.9800033569336,90,87.4700012207031,87.5999984741211,4871000,67.1016693115234
"2019-11-12",87.8000030517578,88.1100006103516,87.2300033569336,87.5899963378906,3843000,67.0940093994141
"2019-11-13",88,88.6900024414062,87.3099975585938,88.5299987792969,5441900,67.8140487670898
"2019-11-14",87.6999969482422,88.8199996948242,87.5199966430664,88.25,3905700,68.3289413452148
"2019-11-15",88.6399993896484,88.7200012207031,88.0899963378906,88.5800018310547,3567000,68.5844573974609
"2019-11-18",88.9000015258789,89.7200012207031,88.4199981689453,88.6500015258789,4274200,68.6386337280273
"2019-11-19",87.0400009155273,87.4599990844727,86.5199966430664,87.0299987792969,16085000,67.3843307495117
"2019-11-20",86.9800033569336,87.6100006103516,86.5199966430664,87.129997253418,6414900,67.4617691040039
"2019-11-21",87.5400009155273,87.5599975585938,86.4300003051758,86.6600036621094,7570900,67.0978698730469
"2019-11-22",87.25,87.3399963378906,86.3600006103516,87.1399993896484,5763100,67.4694900512695
"2019-11-25",87.1999969482422,87.6699981689453,86.7300033569336,87.5999984741211,6254300,67.8256759643555
"2019-11-26",87.4800033569336,88.4199981689453,87.4499969482422,88.1999969482422,6569900,68.2902069091797
"2019-11-27",88.129997253418,88.7799987792969,88.0199966430664,88.5599975585938,3229500,68.568962097168
"2019-11-29",88.8000030517578,88.9300003051758,87.8300018310547,88.1699981689453,1325600,68.2670059204102
"2019-12-02",87.870002746582,88.1699981689453,87.25,87.2900009155273,4202000,67.5856628417969
"2019-12-03",87.5,87.9400024414062,87.1500015258789,87.8600006103516,3954400,68.026985168457
"2019-12-04",87.8499984741211,89.120002746582,87.8499984741211,88.9499969482422,3503600,68.8709335327148
"2019-12-05",88.8600006103516,89.3399963378906,88.5999984741211,89.2900009155273,3055400,69.1341857910156
"2019-12-06",89.2099990844727,89.9400024414062,89.0100021362305,89.7600021362305,2964700,69.4980850219727
"2019-12-09",89.8300018310547,89.8600006103516,89.1999969482422,89.2799987792969,3798500,69.1264343261719
"2019-12-10",89.25,89.4499969482422,88.8300018310547,89.0500030517578,3208900,68.9483642578125
"2019-12-11",89.1800003051758,89.3600006103516,88.6699981689453,89,4994400,68.9096527099609
"2019-12-12",88.9800033569336,89.7900009155273,88.9000015258789,89.5599975585938,5842000,69.3432235717773
"2019-12-13",89.3199996948242,90.4300003051758,89.1699981689453,90.0999984741211,5092800,69.7613296508789
"2019-12-16",90.75,90.7900009155273,89.4499969482422,90.4899978637695,4597500,70.0633010864258
"2019-12-17",90.4000015258789,91.5,90.120002746582,90.5500030517578,2969500,70.1097717285156
"2019-12-18",90.6999969482422,90.9000015258789,90.2600021362305,90.6100006103516,4003000,70.1562194824219
"2019-12-19",90.5299987792969,90.75,89.4000015258789,89.9499969482422,4867400,69.6451950073242
"2019-12-20",90.2200012207031,90.9100036621094,89.75,90.620002746582,6715300,70.1639633178711
"2019-12-23",90.620002746582,90.879997253418,89.6100006103516,90.1500015258789,5060700,69.8000564575195
"2019-12-24",90.1100006103516,90.5100021362305,89.7300033569336,90.2300033569336,804500,69.8619918823242
"2019-12-26",90,90.5299987792969,89.9499969482422,90.3899993896484,2314000,69.9858932495117
"2019-12-27",90.4599990844727,90.9899978637695,90.2200012207031,90.9700012207031,2596200,70.4349594116211
"2019-12-30",90.5999984741211,91.0400009155273,90.4599990844727,90.7900009155273,2237700,70.2955932617188
"2019-12-31",90.8899993896484,91.2399978637695,90.620002746582,91.2099990844727,2540700,70.6207809448242
"2020-01-02",91.2799987792969,91.7799987792969,90.0299987792969,90.3399963378906,3921800,69.9471435546875
"2020-01-03",90.2300033569336,91.0699996948242,90.1500015258789,90.4000015258789,2825400,69.9936218261719
"2020-01-06",90.4000015258789,91.0400009155273,90.3000030517578,90.8399963378906,2410300,70.3342895507812
"2020-01-07",90.8899993896484,90.8899993896484,89.8399963378906,90.2699966430664,3980900,69.8929672241211
"2020-01-08",90.4599990844727,90.870002746582,89.9599990844727,90.4000015258789,2583300,69.9936218261719
"2020-01-09",90.2799987792969,90.7799987792969,90.0800018310547,90.620002746582,2377200,70.1639633178711
"2020-01-10",90.879997253418,91.2300033569336,90.370002746582,90.4400024414062,3225000,70.0245971679688
"2020-01-13",90.5,91.5500030517578,90.5,91.2399978637695,2979000,70.6439895629883
"2020-01-14",91.1600036621094,91.4400024414062,90.5,91.3000030517578,3009800,70.6904525756836
"2020-01-15",91.5400009155273,92.5800018310547,91.3600006103516,92.4899978637695,2357300,71.6118545532227
"2020-01-16",92.7699966430664,93.4199981689453,92.6699981689453,93.1800003051758,3244200,72.1460800170898
"2020-01-17",93.1399993896484,93.9199981689453,92.9800033569336,93.7200012207031,3053500,72.5641708374023
"2020-01-21",94,94.8600006103516,93.5400009155273,94.7900009155273,3429000,73.3926315307617
"2020-01-22",95,95.5999984741211,94.870002746582,95.3099975585938,3638500,73.7952651977539
"2020-01-23",95.2799987792969,96.1600036621094,95.2200012207031,96.0800018310547,3824900,74.3914566040039
"2020-01-24",95.9300003051758,96.6100006103516,95.8099975585938,96.2799987792969,2218600,74.5462951660156
"2020-01-27",96.129997253418,96.6600036621094,95.7200012207031,96.0999984741211,2481100,74.4069442749023
"2020-01-28",96.3000030517578,97.0899963378906,96.0299987792969,96.2099990844727,3696500,74.4921035766602
"2020-01-29",96.3499984741211,97.0899963378906,96.1600036621094,96.75,2335700,74.9101943969727
"2020-01-30",96.5199966430664,97.5500030517578,96.4100036621094,97.4700012207031,3273100,75.4676513671875
"2020-01-31",97.370002746582,98.0500030517578,96.9700012207031,97.629997253418,3175200,75.5915603637695
"2020-02-03",97.629997253418,97.879997253418,97.3099975585938,97.6699981689453,2666200,75.6225204467773
"2020-02-04",97.5500030517578,98.0199966430664,96.5500030517578,96.5999984741211,2802600,74.794059753418
"2020-02-05",96.4199981689453,97.3600006103516,96.3000030517578,97.1399993896484,2319300,75.2121658325195
"2020-02-06",97.0100021362305,97.3899993896484,96.8099975585938,96.9300003051758,1611100,75.049560546875
"2020-02-07",97.25,97.2900009155273,96.1900024414062,96.2699966430664,2747900,74.5385360717773
"2020-02-10",96.3600006103516,96.4100036621094,95.7099990844727,96.2300033569336,2647800,74.5075988769531
"2020-02-11",96.370002746582,97.2399978637695,96.2900009155273,96.9899978637695,2993100,75.0960388183594
"2020-02-12",96.9800033569336,98.2399978637695,96.9300003051758,97.9199981689453,4377700,75.8160781860352
"2020-02-13",97.8099975585938,100.389999389648,97.5599975585938,100.110000610352,5132500,78.2670745849609
"2020-02-14",100.160003662109,101.769996643066,100.089996337891,101.279998779297,6300400,79.1817932128906
"2020-02-18",101.650001525879,102.440002441406,101.529998779297,102.019996643066,6256900,79.7603073120117
"2020-02-19",102.220001220703,102.379997253418,101.370002746582,101.419998168945,2809100,79.2912368774414
"2020-02-20",101.169998168945,101.839996337891,101.01000213623,101.430000305176,2711000,79.2990570068359
"2020-02-21",101.330001831055,102.98999786377,101.300003051758,102.430000305176,3520000,80.0808639526367
"2020-02-24",102.080001831055,103.790000915527,101.720001220703,102.300003051758,5282900,79.9792327880859
"2020-02-25",102.51000213623,102.680000305176,99.0199966430664,99.2699966430664,4093000,77.6103515625
"2020-02-26",99.2900009155273,100.48999786377,98.8199996948242,98.9400024414062,3152200,77.3523559570312
"2020-02-27",98.0899963378906,99.3000030517578,94.9599990844727,94.9899978637695,4784000,74.2641983032227
"2020-02-28",93.3000030517578,93.3000030517578,89.3899993896484,91.6999969482422,7908900,71.6920471191406
"2020-03-02",91.6500015258789,96.9400024414062,91.5400009155273,96.6699981689453,6803600,75.5776443481445
"2020-03-03",96.5599975585938,98.7099990844727,94.8099975585938,95.6100006103516,5060500,74.7489318847656
"2020-03-04",96.6900024414062,101.690002441406,96.5899963378906,101.650001525879,4284200,79.4710464477539
"2020-03-05",100.370002746582,101.48999786377,99,100.129997253418,4327400,78.2827072143555
"2020-03-06",97.4499969482422,99.5,95.5800018310547,99.0500030517578,5522600,77.4383392333984
"2020-03-09",94.5,96.6999969482422,92.8499984741211,94.5800018310547,5616000,73.9436569213867
"2020-03-10",95.6399993896484,96.620002746582,91.4100036621094,95.0500030517578,6386600,74.3110885620117
"2020-03-11",92.8899993896484,93.1699981689453,89.7900009155273,90.9400024414062,6268200,71.0978698730469
"2020-03-12",85.5100021362305,86.3600006103516,76,80.4800033569336,7684400,62.9201393127441
"2020-03-13",85.0100021362305,85.8600006103516,80,85.7699966430664,6156000,67.0559005737305
"2020-03-16",79.3000030517578,84.6500015258789,76,76.5800018310547,7118500,59.8710556030273
"2020-03-17",78.5800018310547,86.5500030517578,78.1500015258789,86,6712800,67.235710144043
"2020-03-18",81.0100021362305,82.9800033569336,77.1699981689453,79.2799987792969,6426500,61.9819641113281
"2020-03-19",79.120002746582,79.1699981689453,74,75.0500030517578,6361700,58.6749038696289
"2020-03-20",75.8499984741211,76,68.0999984741211,68.4000015258789,8975700,53.4758491516113
"2020-03-23",66.3899993896484,67.9300003051758,62.1300010681152,64.1500015258789,7060100,50.1531562805176
"2020-03-24",67.0100021362305,71.9100036621094,66.129997253418,71.5,6516900,55.8994750976562
"2020-03-25",71.1900024414062,78.5500030517578,70.1900024414062,74.7099990844727,6573700,58.4090728759766
"2020-03-26",75.1800003051758,81.9300003051758,75.0100021362305,81.1900024414062,6163700,63.4752006530762
"2020-03-27",78.0299987792969,83.6900024414062,77.9499969482422,80.1900024414062,5091300,62.6933898925781
"2020-03-30",81.3499984741211,83.9400024414062,80.5699996948242,83.4599990844727,5300800,65.2499313354492
"2020-03-31",82.370002746582,83.9599990844727,80.5100021362305,80.879997253418,5115500,63.232852935791
"2020-04-01",77.9199981689453,79.75,76.3600006103516,77.5699996948242,4600700,60.6450538635254
"2020-04-02",76.4300003051758,79.9599990844727,76.2399978637695,79.3899993896484,3665500,62.0679588317871
"2020-04-03",78.3300018310547,79.3399963378906,75.5800018310547,76.0199966430664,2907200,59.4332389831543
"2020-04-06",78.620002746582,81.9800033569336,78.4100036621094,81.25,3960100,63.5221366882324
"2020-04-07",83.5,83.6900024414062,80,80.1100006103516,3522900,62.6308708190918
"2020-04-08",80.5,86.5800018310547,80.0299987792969,85.5,6729500,66.8448257446289
"2020-04-09",86.5,93,86.3199996948242,90.3099975585938,6536800,70.6053161621094
"2020-04-13",89.5899963378906,90.0299987792969,86.4300003051758,87.3600006103516,3800500,68.2989883422852
"2020-04-14",89.3399963378906,90.879997253418,88.2099990844727,90.4199981689453,3812800,70.6913375854492
"2020-04-15",88.5,89.4499969482422,87.0999984741211,87.5400009155273,3694300,68.4397048950195
"2020-04-16",88,88.5899963378906,87.0299987792969,87.5899963378906,2335100,68.4787979125977
"2020-04-17",89.3199996948242,90.5899963378906,87.5699996948242,90.0999984741211,4299100,70.4411392211914
"2020-04-20",89.0599975585938,89.4800033569336,86.5800018310547,86.6500015258789,3144000,67.743896484375
"2020-04-21",85.2399978637695,86.4499969482422,84.379997253418,85.4400024414062,3682900,66.7979049682617
"2020-04-22",86.75,88.4000015258789,86.4800033569336,87.1500015258789,3089900,68.1347961425781
"2020-04-23",87.4800033569336,88.1800003051758,84.9000015258789,85.120002746582,3298100,66.5477294921875
"2020-04-24",85.4700012207031,86.1699981689453,83.6999969482422,85.6900024414062,3723900,66.9933700561523
"2020-04-27",86.2799987792969,87.6800003051758,86.1699981689453,86.75,2593100,67.8220672607422
"2020-04-28",88.120002746582,89.1399993896484,87.3300018310547,87.629997253418,3135500,68.5100784301758
"2020-04-29",88.5400009155273,88.75,86.4499969482422,86.629997253418,2997600,67.7282562255859
"2020-04-30",86,86.4100036621094,84.1800003051758,84.6600036621094,3536500,66.188102722168
"2020-05-01",83.8600006103516,83.9499969482422,82.0899963378906,82.6399993896484,3036700,64.6088485717773
"2020-05-04",82.7300033569336,82.9499969482422,81.2799987792969,82.629997253418,2947400,64.6010208129883
"2020-05-05",82.8300018310547,83.8899993896484,82.8099975585938,83.1399993896484,2781000,64.999755859375
"2020-05-06",83.1800003051758,83.370002746582,80.0400009155273,80.0699996948242,3581900,62.5996017456055
"2020-05-07",80.8899993896484,81.4499969482422,80.0400009155273,80.3099975585938,3426400,62.7872009277344
"2020-05-08",81.4899978637695,82.0699996948242,80.5,81.7799987792969,2875200,63.936466217041
"2020-05-11",81.4499969482422,82.2699966430664,80.3300018310547,81.6600036621094,3924200,63.8426742553711
"2020-05-12",82.4899978637695,83.6600036621094,81.879997253418,81.879997253418,3524700,64.0146484375
"2020-05-13",81.5500030517578,82.0999984741211,80.620002746582,81.8899993896484,3998300,64.0224761962891
"2020-05-14",80,82.3899993896484,79.7200012207031,82.3000030517578,3649300,65.0941925048828
"2020-05-15",81.4800033569336,81.7900009155273,80.1699981689453,81.1900024414062,5250700,64.2162475585938
"2020-05-18",82.6900024414062,85.4400024414062,82.5800018310547,84.9199981689453,6747800,67.1664428710938
"2020-05-19",84.379997253418,84.379997253418,83.25,83.2900009155273,3020800,65.8772201538086
"2020-05-20",83.9499969482422,84.0899963378906,83.1399993896484,83.3099975585938,2710900,65.8930358886719
"2020-05-21",83.0599975585938,83.7699966430664,82.0100021362305,82.3399963378906,3108000,65.1258316040039
"2020-05-22",82.1900024414062,83.3199996948242,81.8899993896484,83.2300033569336,2760600,65.8297576904297
"2020-05-26",84.4599990844727,84.6699981689453,82.6900024414062,82.8099975585938,3910200,65.4975662231445
"2020-05-27",84.120002746582,84.1999969482422,82.6900024414062,83.7200012207031,3606600,66.2173309326172
"2020-05-28",84.8499984741211,86.0999984741211,84.6800003051758,85.8300018310547,3957600,67.8862152099609
"2020-05-29",85.5400009155273,86.370002746582,84.6699981689453,85.629997253418,4017500,67.7280120849609
"2020-06-01",85.8399963378906,87.5800018310547,85.2300033569336,87.4400024414062,2438800,69.1596374511719
"2020-06-02",87.8199996948242,88.0999984741211,86.5999984741211,87.6699981689453,3446800,69.3415374755859
"2020-06-03",88.3300018310547,89.6500015258789,88,89.2300033569336,2449600,70.5754089355469
"2020-06-04",88.8000030517578,89.379997253418,87.4800033569336,88.4400024414062,3640800,69.9505615234375
"2020-06-05",89.4000015258789,91.5599975585938,89.1500015258789,89.4899978637695,3353300,70.7810440063477
"2020-06-08",89.4599990844727,92.1999969482422,89.1100006103516,91.9100036621094,2771000,72.6951217651367
"2020-06-09",91,91.0699996948242,88.9300003051758,90.3199996948242,3023400,71.4375228881836
"2020-06-10",90.4100036621094,90.9499969482422,89.5,90.1900024414062,2721400,71.3347015380859
"2020-06-11",88.8000030517578,89.0500030517578,86.3399963378906,87.0800018310547,4974100,68.874870300293
"2020-06-12",88.9300003051758,88.9899978637695,85.7300033569336,86.7399978637695,3935700,68.6059646606445
"2020-06-15",85.0400009155273,87.4199981689453,84.3000030517578,86.9599990844727,4501000,68.7799758911133
"2020-06-16",89,89.4800033569336,86.4100036621094,86.9499969482422,3865100,68.7720642089844
"2020-06-17",87,87.3600006103516,85.4800033569336,86.2099990844727,4181800,68.1867752075195
"2020-06-18",85.6600036621094,86.379997253418,85,85.7699966430664,3480100,67.838752746582
"2020-06-19",86.7399978637695,86.9300003051758,82.1100006103516,82.1100006103516,8089900,64.9439239501953
"2020-06-22",82.3199996948242,83.5500030517578,81.3099975585938,82.5299987792969,3878700,65.2761077880859
"2020-06-23",83.2399978637695,83.5,81.4899978637695,81.8499984741211,3771600,64.7382659912109
"2020-06-24",81.0800018310547,81.3399963378906,79.8199996948242,80.4700012207031,3675900,63.6467933654785
"2020-06-25",80.1100006103516,80.2300033569336,78.7900009155273,79.4499969482422,3984800,62.8400192260742
"2020-06-26",79.3499984741211,79.9199981689453,77.5800018310547,78.9300003051758,5321500,62.4287376403809
"2020-06-29",79.5699996948242,80.25,78.5199966430664,80.25,2953700,63.472770690918
"2020-06-30",80.0899963378906,80.4800033569336,78.9300003051758,79.8899993896484,4890000,63.1880340576172
"2020-07-01",79.9700012207031,82.379997253418,79.7600021362305,81.9300003051758,2835800,64.8015518188477
"2020-07-02",82.6399993896484,82.9199981689453,81.4400024414062,81.8399963378906,2819700,64.7303466796875
"2020-07-06",80.5,81.8600006103516,79.120002746582,79.8099975585938,5997800,63.1247482299805
"2020-07-07",79.1999969482422,81.1800003051758,79.1500015258789,80.8199996948242,4129600,63.9236068725586
"2020-07-08",80.8600006103516,81.9499969482422,80.3300018310547,81.4400024414062,3434200,64.4139862060547
"2020-07-09",81.3300018310547,81.3300018310547,79.1100006103516,79.7399978637695,3457400,63.069408416748
"2020-07-10",79.7900009155273,81.5800018310547,79.7600021362305,81.3199996948242,2545700,64.3190689086914
"2020-07-13",81.1500015258789,81.9700012207031,80.9599990844727,81.4199981689453,2205100,64.3981628417969
"2020-07-14",81.4199981689453,82.4700012207031,81.3899993896484,81.6900024414062,4218200,64.6117248535156
"2020-07-15",82.4800033569336,82.6399993896484,80.3199996948242,80.4300003051758,4501700,63.6151504516602
"2020-07-16",80.6999969482422,81.3399963378906,80.4300003051758,81.0699996948242,2874300,64.1213455200195
"2020-07-17",81.6900024414062,82.629997253418,81.4599990844727,82.4000015258789,4603000,65.1733016967773
"2020-07-20",82.0500030517578,82.2300033569336,80.9499969482422,81.0999984741211,3271400,64.1450500488281
"2020-07-21",81.5,82.7900009155273,81.0999984741211,82.3300018310547,3892800,65.1179351806641
"2020-07-22",82,84.5100021362305,81.5199966430664,84.1500015258789,3763300,66.5574493408203
"2020-07-23",84.0599975585938,84.3899993896484,83.4800033569336,83.9899978637695,2373100,66.4308929443359
"2020-07-24",84.3499984741211,84.9000015258789,82.620002746582,82.7900009155273,2953100,65.4817657470703
"2020-07-27",82.5,82.6399993896484,81.0899963378906,81.2900009155273,4198700,64.2953491210938
"2020-07-28",81.25,84.9800033569336,81.2099990844727,84.5999984741211,4851400,66.9133605957031
"2020-07-29",84.5299987792969,85.0500030517578,83.8399963378906,84.9700012207031,2501600,67.2060012817383
"2020-07-30",84.3099975585938,84.5800018310547,83.4899978637695,84.5699996948242,2828600,66.8896255493164
"2020-07-31",84.0500030517578,84.8099975585938,83.5999984741211,84.7399978637695,3292100,67.0240707397461
"2020-08-03",84.6699981689453,84.75,83.1100006103516,83.8099975585938,2552200,66.2885131835938
"2020-08-04",83.5,84.9700012207031,83.3399963378906,84.6900024414062,3234500,66.9845352172852
"2020-08-05",84.7200012207031,84.8600006103516,83.2799987792969,83.5100021362305,2861400,66.0512619018555
"2020-08-06",83.2699966430664,84.3899993896484,82.6699981689453,84.2099990844727,3036300,66.6049118041992
"2020-08-07",83.7900009155273,86.6900024414062,83.6800003051758,86.6100006103516,4289500,68.5031356811523
"2020-08-10",87.1900024414062,87.2099990844727,84.5299987792969,84.7600021362305,4323300,67.039924621582
"2020-08-11",84.9899978637695,85.0899963378906,83.4700012207031,83.6699981689453,4546200,66.1777877807617
"2020-08-12",84.0199966430664,84.7799987792969,83.8300018310547,84.3199996948242,3397100,66.6919097900391
"2020-08-13",83.0299987792969,83.2300033569336,82,82.7399978637695,3219200,66.1998062133789
"2020-08-14",82.6600036621094,82.9000015258789,81.9300003051758,82.1500015258789,2016100,65.7277679443359
"2020-08-17",82.2900009155273,83.1100006103516,81.6600036621094,82.5999984741211,3849500,66.0878143310547
"2020-08-18",82.5699996948242,82.7699966430664,81.5,81.6600036621094,2606900,65.3357391357422
"2020-08-19",81.879997253418,82.1900024414062,81.4599990844727,81.6600036621094,2623100,65.3357391357422
"2020-08-20",81.2600021362305,81.6100006103516,80.5599975585938,81.0400009155273,2715200,64.8396759033203
"2020-08-21",81.1999969482422,81.3300018310547,80.2799987792969,81,3911100,64.8076858520508
"2020-08-24",81.379997253418,81.6600036621094,80.5,81.4700012207031,2679100,65.183723449707
"2020-08-25",81.5,81.5,80.4300003051758,80.8499984741211,2769200,64.6876602172852
"2020-08-26",80.4199981689453,80.620002746582,79.3099975585938,79.5500030517578,3367900,63.647533416748
"2020-08-27",79.6800003051758,80.370002746582,79.2200012207031,79.5500030517578,2932800,63.647533416748
"2020-08-28",79.9199981689453,79.9899978637695,78.9499969482422,79.7099990844727,3190500,63.7755279541016
"2020-08-31",79.6999969482422,81.5299987792969,79.6100006103516,80.3399963378906,3569300,64.2796096801758
"2020-09-01",79.8399963378906,80.1800003051758,78.9700012207031,79.2099990844727,3194100,63.3755035400391
"2020-09-02",79.2399978637695,81.9000015258789,78.9800033569336,81.4700012207031,3626200,65.183723449707
"2020-09-03",81.8199996948242,82.6999969482422,80.3399963378906,81.1399993896484,3134800,64.9196929931641
"2020-09-04",81.2200012207031,81.8199996948242,79.9300003051758,80.9700012207031,2820200,64.7836608886719
"2020-09-08",81.0599975585938,81.2399978637695,79.379997253418,80.7300033569336,3252000,64.5916442871094
"2020-09-09",82.4199981689453,83.8899993896484,81.8499984741211,82.5899963378906,4411100,66.0798263549805
"2020-09-10",82.2200012207031,82.7300033569336,81.4100036621094,82,3591200,65.6077651977539
"2020-09-11",82.0699996948242,83.4100036621094,81.75,83.0299987792969,3196800,66.4318695068359
"2020-09-14",83.5800018310547,84.9400024414062,83.5800018310547,84.379997253418,3438100,67.5119934082031
"2020-09-15",84.9400024414062,85.870002746582,83.9300003051758,84.4499969482422,2582500,67.567985534668
"2020-09-16",85,85.4800033569336,84.5699996948242,84.8399963378906,2904600,67.8800430297852
"2020-09-17",84.25,84.7799987792969,83.6399993896484,84.5999984741211,3355800,67.6880187988281
"2020-09-18",84.1999969482422,84.7399978637695,82.9000015258789,82.9499969482422,5035900,66.3678512573242
"2020-09-21",82.0500030517578,82.5699996948242,81.1699981689453,82.5699996948242,3001600,66.0638198852539
"2020-09-22",82.4100036621094,84.0100021362305,82.2600021362305,82.6900024414062,2703700,66.1598358154297
"2020-09-23",82.9000015258789,83.129997253418,81.2300033569336,81.2799987792969,2322700,65.0316848754883
"2020-09-24",81.2300033569336,82.4100036621094,80.4100036621094,81.6699981689453,2582300,65.3437347412109
"2020-09-25",81.2799987792969,82.5899963378906,80.9499969482422,82.4700012207031,3854600,65.9838180541992
"2020-09-28",82.9700012207031,84.0800018310547,82.6600036621094,82.870002746582,2424600,66.3038482666016
"2020-09-29",83.0699996948242,83.4000015258789,82.0400009155273,82.4100036621094,2126100,65.935791015625
"2020-09-30",88,89.4899978637695,86.4300003051758,88.5599975585938,18804900,70.8563842773438
"2020-10-01",88.0299987792969,90.3600006103516,87.5999984741211,90.0500030517578,6249600,72.0485382080078
"2020-10-02",89.2200012207031,92.1500015258789,88.6900024414062,91.5800018310547,5925200,73.2726669311523
"2020-10-05",90.9800033569336,92.1500015258789,89.9000015258789,91.7399978637695,3038400,73.4006805419922
"2020-10-06",91.7200012207031,92.0699996948242,90.4599990844727,90.7699966430664,2993500,72.6246109008789
"2020-10-07",91.6100006103516,92.129997253418,90.6999969482422,91.3000030517578,2480000,73.0486602783203
"2020-10-08",91.4899978637695,93.4300003051758,90.9000015258789,93.1500015258789,3253300,74.5288238525391
"2020-10-09",93.1399993896484,93.9199981689453,92.0400009155273,93.3000030517578,3686800,74.6488342285156
"2020-10-12",93.1900024414062,93.8499984741211,92.5899963378906,93.1100006103516,3131600,74.4968185424805
"2020-10-13",92.6399993896484,93.2600021362305,91.3000030517578,92.9199981689453,2544400,74.3448028564453
"2020-10-14",92.8399963378906,93.5,92.0100021362305,92.6699981689453,2420700,74.1447982788086
"2020-10-15",91.0699996948242,92.8199996948242,90.75,91.9599990844727,2170600,73.5766983032227
"2020-10-16",92.1800003051758,93.0599975585938,91.7300033569336,92.370002746582,2811200,73.9047393798828
"2020-10-19",92.120002746582,92.870002746582,91.75,92.0699996948242,2284000,73.6647109985352
"2020-10-20",92.1100006103516,92.8000030517578,91.8000030517578,92.0599975585938,2243100,73.6567153930664
"2020-10-21",91.9599990844727,92.9800033569336,91.5599975585938,92.5100021362305,2233300,74.0167541503906
"2020-10-22",92.5899963378906,93.9100036621094,92.0599975585938,93.8899993896484,4162200,75.1209030151367
"2020-10-23",94,94.370002746582,90.9700012207031,92.7799987792969,4532000,74.232780456543
"2020-10-26",91.9400024414062,93.5,91.4700012207031,93.1800003051758,2711800,74.5528259277344
"2020-10-27",93.3199996948242,93.9400024414062,92.620002746582,93.0599975585938,2275900,74.4567947387695
"2020-10-28",91.7900009155273,93.0899963378906,90.8300018310547,90.9800033569336,3658800,72.7926330566406
"2020-10-29",90.7200012207031,93.1900024414062,89.620002746582,92.2399978637695,3424900,73.8007278442383
"2020-10-30",91.6600036621094,93,91.2300033569336,92.1100006103516,3304800,73.6967391967773
"2020-11-02",92.9300003051758,94.1999969482422,92.25,93.8199996948242,2929900,75.0648880004883
"2020-11-03",94.8600006103516,96.5599975585938,94.4300003051758,95.5199966430664,3512400,76.425048828125
"2020-11-04",95.0699996948242,96.7300033569336,93.5500030517578,93.5500030517578,2883700,74.8488464355469
"2020-11-05",94.8199996948242,96.9599990844727,93.9700012207031,94.2200012207031,2531900,75.3849182128906
"2020-11-06",94.5,95.5299987792969,93.3399963378906,93.4400024414062,2380500,74.7608489990234
"2020-11-09",96.8099975585938,98.879997253418,95.1100006103516,95.4000015258789,4148100,76.3290405273438
"2020-11-10",95.7200012207031,97.2699966430664,94.3000030517578,97.1399993896484,3146100,77.7212066650391
"2020-11-11",97.6800003051758,98.6600036621094,97.0400009155273,97.3099975585938,2704500,77.8572082519531
"2020-11-12",95.5,95.9100036621094,93.5999984741211,94.25,3119000,76.1642227172852
"2020-11-13",94.7099990844727,95.3600006103516,94.5999984741211,94.9800033569336,1887300,76.7541580200195
"2020-11-16",96.0500030517578,96.0500030517578,94.4700012207031,95.0100021362305,2842900,76.7783966064453
"2020-11-17",94.3000030517578,95,92.8300018310547,92.9199981689453,3178500,75.0894470214844
"2020-11-18",93.5899963378906,93.9599990844727,91.4599990844727,91.5299987792969,2948800,73.9661560058594
"2020-11-19",91.3399963378906,91.7600021362305,90.0100021362305,91.6999969482422,3368600,74.1035537719727
"2020-11-20",91.6999969482422,92.6800003051758,91.379997253418,92.5800018310547,4213800,74.8146820068359
"2020-11-23",92.5199966430664,93.4300003051758,92.0100021362305,93.3300018310547,3795700,75.420783996582
"2020-11-24",94.4700012207031,96.3300018310547,93.9000015258789,96.2600021362305,4350900,77.7885131835938
"2020-11-25",95.9499969482422,96.2399978637695,94.8399963378906,96.1500015258789,1959300,77.6996536254883
"2020-11-27",96.1500015258789,96.1500015258789,94.0999984741211,94.5999984741211,1293800,76.4470596313477
"2020-11-30",94.129997253418,94.25,91.9400024414062,92.6600036621094,5012200,74.8793411254883
"2020-12-01",93.5599975585938,94.6399993896484,93.1699981689453,93.2600021362305,2947300,75.3642044067383
"2020-12-02",93.0999984741211,93.9100036621094,91.9100036621094,93.870002746582,2173900,75.8571395874023
"2020-12-03",93.4800033569336,93.6999969482422,92.0999984741211,92.3499984741211,2286100,74.6288223266602
"2020-12-04",92.1999969482422,92.6699981689453,90.1399993896484,91.1500015258789,3172200,73.6590881347656
"2020-12-07",90.6999969482422,92.3099975585938,90.5500030517578,91.870002746582,2030700,74.2409286499023
"2020-12-08",91.3300018310547,92.0199966430664,90.4000015258789,91.5100021362305,2409300,73.9499969482422
"2020-12-09",91.4899978637695,91.7399978637695,90.2900009155273,91.3899993896484,2998200,73.8530426025391
"2020-12-10",91.6900024414062,92.0699996948242,90.8300018310547,91.7600021362305,3628500,74.1520538330078
"2020-12-11",91.25,91.8899993896484,90.9000015258789,91.5400009155273,3225100,73.9742736816406
"2020-12-14",92.379997253418,94.0800018310547,91.0999984741211,91.129997253418,3684200,73.642936706543
"2020-12-15",91.2600021362305,92.8399963378906,90.9000015258789,92.1100006103516,4059600,74.4348907470703
"2020-12-16",92.3899993896484,92.9800033569336,90.5999984741211,90.6100006103516,4057900,73.2227096557617
"2020-12-17",91.3099975585938,91.8300018310547,91,91.5199966430664,4309900,73.9580841064453
"2020-12-18",91.4499969482422,91.5999984741211,90.2399978637695,90.3199996948242,7342800,72.9883575439453
"2020-12-21",89.8099975585938,90,88.1800003051758,89.0999984741211,4682100,72.0024795532227
"2020-12-22",89.0899963378906,89.5699996948242,88.5999984741211,89.5299987792969,2831600,72.3499374389648
"2020-12-23",89.9800033569336,90.75,89.0199966430664,89.0400009155273,1956500,71.9539794921875
"2020-12-24",89.2200012207031,89.7200012207031,88.8000030517578,89.6699981689453,733500,72.4630813598633
"2020-12-28",90.1600036621094,90.6600036621094,89.7300033569336,90.25,1473400,72.9317779541016
"2020-12-29",90.5299987792969,91.0400009155273,89.6800003051758,89.8600006103516,2044400,72.6166381835938
"2020-12-30",89.9199981689453,91.0800018310547,89.9199981689453,90.5599975585938,1838700,73.1823043823242
"2020-12-31",90.6100006103516,91.6399993896484,90.2699966430664,91.5599975585938,1638800,73.9904174804688
"2021-01-04",91.7799987792969,92.129997253418,89.1999969482422,89.7099990844727,2683700,72.4954147338867
"2021-01-05",89.7900009155273,90.1900024414062,89.0400009155273,89.75,2547400,72.5277557373047
"2021-01-06",89.9499969482422,91.7699966430664,89.870002746582,90.9100036621094,2823000,73.4651489257812
"2021-01-07",91.1500015258789,91.4599990844727,89.7399978637695,89.8899993896484,2989500,72.6408920288086
"2021-01-08",89.9499969482422,90.4000015258789,89.4199981689453,90.0500030517578,2752100,72.7701721191406
"2021-01-11",89.6399993896484,90.4199981689453,88.5299987792969,89.2900009155273,2193700,72.1560287475586
"2021-01-12",89.1399993896484,89.5599975585938,87.620002746582,88.9300003051758,2860700,71.8650894165039
"2021-01-13",88.9800033569336,92.370002746582,88.9499969482422,91.5599975585938,3592500,73.9904174804688
"2021-01-14",91.5599975585938,91.9599990844727,90.3300018310547,91.6600036621094,3097300,74.0712280273438
"2021-01-15",90.9100036621094,92.379997253418,90.5999984741211,92.1100006103516,2914600,74.4348907470703
"2021-01-19",92.5899963378906,92.9499969482422,90.3499984741211,90.379997253418,2486200,73.0368423461914
"2021-01-20",90.3000030517578,91.2099990844727,89.5,90.7799987792969,2331300,73.3600769042969
"2021-01-21",90.5,90.7699966430664,89.8000030517578,90.1800003051758,2254700,72.8752136230469
"2021-01-22",89.8199996948242,90.6699981689453,89.4599990844727,90.2900009155273,1917500,72.9641265869141
"2021-01-25",90.0100021362305,93.0699996948242,89.7900009155273,92.9100036621094,3469200,75.0813674926758
"2021-01-26",92.7900009155273,93.4499969482422,91.8600006103516,92.9199981689453,2261500,75.0894470214844
"2021-01-27",92.3499984741211,94.1600036621094,91.3300018310547,91.7099990844727,3002300,74.1116409301758
"2021-01-28",92.1600036621094,93.6999969482422,91.4499969482422,91.4800033569336,2001000,73.9257507324219
"2021-01-29",92.0100021362305,94.5800018310547,91.0500030517578,94,4967400,75.9621887207031
"2021-02-01",94.0500030517578,94.4000015258789,92.8899993896484,93.1600036621094,2570900,75.2834014892578
"2021-02-02",93.0899963378906,94.9499969482422,92.6900024414062,93.0999984741211,2240700,75.2349014282227
"2021-02-03",92.7399978637695,93.6100006103516,92.5199966430664,93.3899993896484,2577200,75.4692687988281
"2021-02-04",93.6699981689453,94.4700012207031,93.3099975585938,94.3499984741211,2375800,76.2450408935547
"2021-02-05",94.4700012207031,95.4499969482422,94.0299987792969,94.7399978637695,2465900,76.5602035522461
"2021-02-08",94.6100006103516,94.6800003051758,93.0199966430664,93.5999984741211,2087100,75.6389617919922
"2021-02-09",93.6100006103516,94.0599975585938,92.7900009155273,93.3199996948242,1932900,75.4126815795898
"2021-02-10",93.7699966430664,94.1900024414062,92.8099975585938,93.6999969482422,2356700,75.7197952270508
"2021-02-11",92.6999969482422,92.8199996948242,90.3499984741211,90.4199981689453,3633400,73.8295288085938
"2021-02-12",89.9199981689453,90.3899993896484,89.1500015258789,89.8199996948242,2742400,73.3396224975586
"2021-02-16",89.6399993896484,90.1999969482422,88.0299987792969,88.379997253418,2931600,72.1638488769531
"2021-02-17",88.5699996948242,89.5699996948242,87.8899993896484,89.1999969482422,3772600,72.8333587646484
"2021-02-18",89.2099990844727,90.4700012207031,89.0999984741211,89.5299987792969,3658400,73.1028137207031
"2021-02-19",89.4400024414062,89.4400024414062,88.2200012207031,88.4300003051758,3537300,72.2046585083008
"2021-02-22",88.1399993896484,88.6399993896484,87.0800018310547,88.3499984741211,2981400,72.1393508911133
"2021-02-23",89.3899993896484,90.0400009155273,88.2699966430664,89.0400009155273,2640200,72.7027282714844
"2021-02-24",88.9400024414062,88.9899978637695,87.3300018310547,87.3399963378906,2886400,71.3146514892578
"2021-02-25",87.25,88.7600021362305,86.6999969482422,87.120002746582,3423000,71.1350250244141
"2021-02-26",87.3399963378906,88.6399993896484,85.5599975585938,85.5899963378906,3877300,69.8857345581055
"2021-03-01",86,88.0400009155273,86,87.0400009155273,2828000,71.069694519043
"2021-03-02",87.0599975585938,87.870002746582,86.4499969482422,87.2399978637695,2427600,71.2330093383789
"2021-03-03",86.8899993896484,87.4599990844727,85.8000030517578,87.2699966430664,2724700,71.2574996948242
"2021-03-04",87.3000030517578,88.7699966430664,86.0100021362305,86.4599990844727,4197300,70.5961227416992
"2021-03-05",86.75,89,86.1800003051758,88.5299987792969,3788000,72.2863159179688
"2021-03-08",89,91.2300033569336,88.5599975585938,90.2200012207031,3740800,73.6662292480469
"2021-03-09",90.2200012207031,91.4700012207031,89.7900009155273,90.9499969482422,3228200,74.2622756958008
"2021-03-10",90.9499969482422,91.6999969482422,90.5999984741211,90.7900009155273,4227800,74.1316375732422
"2021-03-11",90.6699981689453,92.3000030517578,90.2799987792969,90.6900024414062,3565200,74.0499877929688
"2021-03-12",91.0100021362305,91.9499969482422,90.6900024414062,91.4000015258789,3462300,74.6297225952148
"2021-03-15",91.879997253418,92.5500030517578,91.5299987792969,92.3300018310547,4261000,75.3891067504883
"2021-03-16",92.1900024414062,93.379997253418,91.8099975585938,93.0199966430664,3140100,75.9524841308594
"2021-03-17",92.9599990844727,93.3099975585938,91.4800033569336,91.8499984741211,4138400,74.9971542358398
"2021-03-18",91.8199996948242,92.6600036621094,91.2900009155273,92.3300018310547,3471800,75.3891067504883
"2021-03-19",92.4700012207031,93.3499984741211,91.5999984741211,92.7200012207031,11280800,75.7075119018555
"2021-03-22",92.7200012207031,93.2399978637695,92.0999984741211,93.120002746582,4107800,76.0341415405273
"2021-03-23",92.9899978637695,94.5899963378906,92.6500015258789,94.0199966430664,3852900,76.7690124511719
"2021-03-24",93.5299987792969,95.129997253418,93.4000015258789,94.3899993896484,3024300,77.0711059570312
"2021-03-25",94.9700012207031,95.9000015258789,94.4000015258789,95.5299987792969,2622900,78.0019454956055
"2021-03-26",95.3300018310547,95.9499969482422,94.8000030517578,95.8300018310547,6036000,78.2468948364258
"2021-03-29",95.7900009155273,97.9199981689453,95.3199996948242,97.5800018310547,4941200,79.6758041381836
"2021-03-30",97.5899963378906,97.6399993896484,95.5599975585938,96.2399978637695,3275100,78.581657409668
"2021-03-31",95.9100036621094,96.7900009155273,95.8399963378906,96.5299987792969,3480700,78.8184585571289
"2021-04-01",96.4300003051758,96.5299987792969,95.3399963378906,96.2799987792969,2876100,78.6143417358398
"2021-04-05",96.3499984741211,97.6600036621094,96.1699981689453,96.9300003051758,2839800,79.1450576782227
"2021-04-06",96.7600021362305,97.5999984741211,96.0699996948242,97.5699996948242,3634300,79.6676330566406
"2021-04-07",97.6999969482422,98.0500030517578,97.3499984741211,97.8199996948242,2549200,79.8717498779297
"2021-04-08",97.9300003051758,98.1500015258789,97.370002746582,97.620002746582,4922400,79.7084655761719
"2021-04-09",98,98.7399978637695,97.4400024414062,97.5400009155273,2028700,79.6431427001953
"2021-04-12",97.1399993896484,98.1100006103516,97.0699996948242,97.6399993896484,3784600,79.7247848510742
"2021-04-13",97.120002746582,98.8499984741211,96.8099975585938,98.5,3661300,80.427001953125
"2021-04-14",98.2900009155273,98.8899993896484,98.0299987792969,98.7900009155273,3604100,80.6637802124023
"2021-04-15",98.8399963378906,99.8899993896484,98.7399978637695,99.75,3271600,81.4476470947266
"2021-04-16",99.8499984741211,101.129997253418,99.75,100.669998168945,3820900,82.1988372802734
"2021-04-19",100.680000305176,100.75,99.6600036621094,100.199996948242,3491600,81.8150863647461
"2021-04-20",100.25,101.830001831055,100.059997558594,101.410003662109,3171600,82.8030776977539
"2021-04-21",101.370002746582,101.650001525879,100.569999694824,101.089996337891,3741900,82.5417785644531
"2021-04-22",101.209999084473,101.209999084473,100.040000915527,100.080001831055,3866800,81.7170944213867
"2021-04-23",100.089996337891,100.459999084473,99.4400024414062,99.8499984741211,2849400,81.529296875
"2021-04-26",99.9400024414062,99.9400024414062,99.0100021362305,99.1999969482422,2749800,80.9985504150391
"2021-04-27",98.9599990844727,99.1500015258789,98.3399963378906,98.6100006103516,3441300,80.5168151855469
"2021-04-28",98.8899993896484,99.1600036621094,98.0699996948242,98.5699996948242,2514600,80.4841613769531
"2021-04-29",98.6800003051758,99.629997253418,98.5800018310547,99.5500030517578,2172000,81.2843551635742
"2021-04-30",99.8600006103516,100.709999084473,99.2699966430664,100.690002441406,2574800,82.2151718139648
"2021-05-03",100.819999694824,101.900001525879,100.379997253418,100.709999084473,3572100,82.2314987182617
"2021-05-04",100.709999084473,101.080001831055,100.110000610352,100.779998779297,3096400,82.2886352539062
"2021-05-05",100.5,100.660003662109,98.6500015258789,99.3600006103516,3582200,81.1291961669922
"2021-05-06",99.7600021362305,100.73999786377,99.3499984741211,100.540000915527,2051600,82.0926895141602
"2021-05-07",100.389999389648,101.430000305176,100.190002441406,100.860000610352,4544800,82.3539733886719
"2021-05-10",101.279998779297,108,101.059997558594,103.73999786377,8173900,84.7055511474609
"2021-05-11",104.180000305176,104.599998474121,102.720001220703,103.629997253418,4487600,84.61572265625
"2021-05-12",103.559997558594,103.709999084473,101.150001525879,101.220001220703,4477600,82.6479339599609
"2021-05-13",100.400001525879,103.589996337891,100.25,103,3318200,84.9108352661133
"2021-05-14",103.309997558594,103.830001831055,102.620002746582,103.059997558594,2409600,84.9602966308594
"2021-05-17",103.169998168945,108,102.379997253418,102.449996948242,5583000,84.4574279785156
"2021-05-18",102.199996948242,103.110000610352,101.959999084473,102.48999786377,4857100,84.4904022216797
"2021-05-19",102.199996948242,102.360000610352,100.120002746582,101.160003662109,4371600,83.3939743041992
"2021-05-20",101.309997558594,102.779998779297,101.190002441406,102.269996643066,3110200,84.3090438842773
"2021-05-21",102.529998779297,103.069999694824,101.919998168945,102.860000610352,4136400,84.7954406738281
"2021-05-24",103.089996337891,103.51000213623,102.160003662109,102.309997558594,2726500,84.3420181274414
"2021-05-25",102.120002746582,102.26000213623,100.800003051758,101.309997558594,3015000,83.5176467895508
"2021-05-26",101.300003051758,101.610000610352,100.779998779297,101.110000610352,2607800,83.352783203125
"2021-05-27",101.309997558594,101.360000610352,99.9000015258789,100.01000213623,4251100,82.4459686279297
"2021-05-28",100.370002746582,100.769996643066,99.9899978637695,100.220001220703,2271200,82.6190643310547
"2021-06-01",100.540000915527,100.75,99.5800018310547,100.080001831055,2816100,82.503662109375
"2021-06-02",100.410003662109,101.269996643066,99.7200012207031,100.680000305176,1889900,82.9982833862305
"2021-06-03",100.23999786377,102.019996643066,100.180000305176,101.669998168945,3401900,83.8143997192383
"2021-06-04",101.970001220703,102.089996337891,101.389999389648,101.480003356934,2771400,83.6577911376953
"2021-06-07",101.550003051758,102.209999084473,101.449996948242,101.860000610352,3335100,83.9710388183594
"2021-06-08",102.139999389648,102.139999389648,100.440002441406,100.589996337891,3147900,82.9240875244141
"2021-06-09",100.620002746582,101.470001220703,100.430000305176,101.389999389648,1584800,83.5835876464844
"2021-06-10",101.379997253418,101.860000610352,101.150001525879,101.709999084473,1783900,83.8473968505859
"2021-06-11",101.529998779297,102.059997558594,101.139999389648,101.930000305176,1909000,84.0287628173828
"2021-06-14",101.930000305176,102.550003051758,101.76000213623,102.529998779297,2003300,84.5233688354492
"2021-06-15",102.599998474121,103.51000213623,102.220001220703,103.220001220703,2738600,85.0922012329102
"2021-06-16",103.720001220703,103.900001525879,101.730003356934,101.809997558594,3865400,83.9298248291016
"2021-06-17",101.819999694824,103.169998168945,101.48999786377,102.419998168945,3998700,84.4326858520508
"2021-06-18",102.069999694824,102.25,99.5100021362305,99.6100006103516,5190400,82.1161956787109
"2021-06-21",100.089996337891,101.559997558594,99.7600021362305,101.309997558594,3566100,83.5176467895508
"2021-06-22",100.839996337891,101.470001220703,100.279998779297,100.400001525879,2562000,82.7674560546875
"2021-06-23",100.150001525879,100.919998168945,99.0800018310547,99.2300033569336,3997300,81.8029479980469
"2021-06-24",99.2300033569336,99.4599990844727,98.6999969482422,99.0699996948242,2448600,81.6710433959961
"2021-06-25",99.3600006103516,99.8300018310547,98.9499969482422,99.7200012207031,3236200,82.2068786621094
"2021-06-28",100,100.730003356934,99.6399993896484,100.01000213623,3192800,82.4459686279297
"2021-06-29",99.7600021362305,100.23999786377,97.6800003051758,98.120002746582,2669200,80.8878784179688
"2021-06-30",98.1699981689453,98.9499969482422,97.6800003051758,98.7200012207031,2493300,81.3825149536133
"2021-07-01",98.9599990844727,99.870002746582,98.3499984741211,99.5500030517578,2406900,82.0667572021484
"2021-07-02",99.7399978637695,99.7399978637695,99.1800003051758,99.5100021362305,1779300,82.0337524414062
"2021-07-06",99.5899963378906,99.8899993896484,98.4000015258789,99.8300018310547,3258100,82.2975845336914
"2021-07-07",99.9499969482422,100.559997558594,99.1800003051758,100.370002746582,2044400,82.7427215576172
"2021-07-08",100.029998779297,101,99.8499984741211,100.559997558594,2386200,82.8993453979492
"2021-07-09",100.949996948242,101.040000915527,99.9000015258789,100.660003662109,2676300,82.981803894043
"2021-07-12",100.220001220703,101.639999389648,99.8600006103516,101.529998779297,2509100,83.6990203857422
"2021-07-13",101.459999084473,101.849998474121,100.970001220703,101.529998779297,2774400,83.6990203857422
"2021-07-14",101.5,103.040000915527,100.569999694824,102.699996948242,2692900,84.6635437011719
"2021-07-15",102.540000915527,104,102.540000915527,103.940002441406,2869100,85.6857604980469
"2021-07-16",104.099998474121,105.379997253418,103.809997558594,104.76000213623,2758800,86.3617477416992
"2021-07-19",104.410003662109,105.459999084473,102.73999786377,103.889999389648,5548800,85.6445541381836
"2021-07-20",104.080001831055,105.419998168945,103.430000305176,103.73999786377,2411400,85.520881652832
"2021-07-21",103.919998168945,104.099998474121,103.120002746582,103.160003662109,2078100,85.0427551269531
"2021-07-22",103.169998168945,103.970001220703,102.76000213623,102.919998168945,2948600,84.8448867797852
"2021-07-23",103.059997558594,104.589996337891,103.059997558594,104.470001220703,1896100,86.122673034668
"2021-07-26",104.599998474121,105.050003051758,103.949996948242,104.580001831055,3170100,86.2133636474609
"2021-07-27",104.370002746582,106.680000305176,104.050003051758,106.360000610352,2036000,87.6807556152344
"2021-07-28",106.26000213623,106.400001525879,104.75,105.650001525879,2144700,87.0954437255859
"2021-07-29",105.910003662109,106.059997558594,104.970001220703,105.680000305176,1477900,87.1201782226562
"2021-07-30",105.680000305176,106.709999084473,104.879997253418,105.110000610352,2567700,86.650276184082
"2021-08-02",105.389999389648,106.660003662109,105.160003662109,106.190002441406,3392300,87.5406112670898
"2021-08-03",106.410003662109,107.559997558594,105.980003356934,106.610000610352,2398900,87.886833190918
"2021-08-04",106.290000915527,107,105.370002746582,106.730003356934,2261800,87.9857788085938
"2021-08-05",106.75,108,106.330001831055,107.930000305176,2843600,88.9749984741211
"2021-08-06",107.419998168945,108.059997558594,106.879997253418,106.959999084473,2617800,88.1753921508789
"2021-08-09",106.699996948242,107.01000213623,105.470001220703,106.150001525879,2435800,87.5076217651367
"2021-08-10",106.5,107.23999786377,106,106.900001525879,2022100,88.1259078979492
"2021-08-11",107.279998779297,107.809997558594,106.970001220703,107.139999389648,2510400,88.3237533569336
"2021-08-12",105.790000915527,106.5,105.470001220703,105.690002441406,2227000,87.9368515014648
"2021-08-13",105.980003356934,106.290000915527,105.529998779297,106,2010900,88.1948165893555
"2021-08-16",106.330001831055,108.379997253418,106.160003662109,107.809997558594,3286700,89.7007751464844
"2021-08-17",107.790000915527,108.23999786377,106.75,107.709999084473,2151900,89.6175689697266
"2021-08-18",107.769996643066,107.839996337891,106.569999694824,107.050003051758,2834100,89.0684432983398
"2021-08-19",107.059997558594,108.220001220703,106.699996948242,106.879997253418,2464600,88.9269866943359
"2021-08-20",106.230003356934,107.339996337891,105.639999389648,107.209999084473,2569100,89.2015609741211
"2021-08-23",107.059997558594,107.470001220703,105.680000305176,105.830001831055,2712700,88.053352355957
"2021-08-24",106.029998779297,106.169998168945,104.389999389648,105.150001525879,3730600,87.4875793457031
"2021-08-25",105.129997253418,105.959999084473,104.430000305176,105.379997253418,2357900,87.6789321899414
"2021-08-26",105.400001525879,105.580001831055,104.819999694824,104.849998474121,2495800,87.2379531860352
"2021-08-27",105.080001831055,105.330001831055,104.51000213623,104.669998168945,1724400,87.0882110595703
"2021-08-30",104.5,105.160003662109,104.339996337891,104.790000915527,1947800,87.1880569458008
"2021-08-31",104.839996337891,105.620002746582,104.400001525879,104.660003662109,3069300,87.0798873901367
"2021-09-01",104.900001525879,106.379997253418,104.669998168945,106.120002746582,2499500,88.2946243286133
"2021-09-02",106.199996948242,106.949996948242,106,106.650001525879,2792500,88.7356185913086
"2021-09-03",106.389999389648,106.639999389648,105.470001220703,105.680000305176,3043700,87.9285430908203
"2021-09-07",105.519996643066,105.589996337891,103.169998168945,103.199996948242,4472500,85.8651123046875
"2021-09-08",103.269996643066,105.650001525879,102.709999084473,105.330001831055,3616300,87.6373291015625
"2021-09-09",105.089996337891,105.349998474121,104.529998779297,104.620002746582,2317700,87.0466003417969
"2021-09-10",104.650001525879,104.790000915527,103.150001525879,103.199996948242,2391700,85.8651123046875
"2021-09-13",103.980003356934,104.220001220703,102.550003051758,102.730003356934,2801100,85.4740753173828
"2021-09-14",103,103.51000213623,101.480003356934,101.610000610352,3421700,84.5422058105469
"2021-09-15",101.25,102.419998168945,100.800003051758,102.029998779297,2795800,84.8916625976562
"2021-09-16",102.48999786377,102.809997558594,101.279998779297,101.410003662109,3219100,84.3758010864258
"2021-09-17",101,101.580001831055,99.5699996948242,99.6699981689453,6699200,82.9280624389648
"2021-09-20",99.2900009155273,100.309997558594,98.5299987792969,99.6399993896484,4907800,82.9031372070312
"2021-09-21",99.9199981689453,100.470001220703,98.8300018310547,98.9199981689453,3274900,82.3040618896484
"2021-09-22",99.25,99.4599990844727,98.1800003051758,98.5400009155273,2732900,81.9878768920898
"2021-09-23",98.6100006103516,99.4499969482422,98.1999969482422,98.4000015258789,2419900,81.8713989257812
"2021-09-24",98.25,99.0800018310547,97.8899993896484,98.4599990844727,3010800,81.9213333129883
"2021-09-27",98.4499969482422,99.5599975585938,97.5,97.629997253418,2772800,81.2307357788086
"2021-09-28",97.4499969482422,97.8600006103516,96.5800018310547,97.0500030517578,3126800,80.7481536865234
"2021-09-29",97.0500030517578,99.0299987792969,96.9499969482422,98.3399963378906,3299000,81.8214874267578
"2021-09-30",98.5199966430664,98.6999969482422,97.5599975585938,97.5899963378906,2962300,81.1974639892578
"2021-10-01",98.1999969482422,98.879997253418,97.6100006103516,98.4599990844727,4598500,81.9213333129883
"2021-10-04",98.6600036621094,101.029998779297,98.5100021362305,100.76000213623,4645600,83.8349761962891
"2021-10-05",100.879997253418,100.980003356934,99.9499969482422,100.169998168945,3411500,83.3441009521484
"2021-10-06",99.9300003051758,101.910003662109,99.25,101.849998474121,2794800,84.7419052124023
"2021-10-07",101.919998168945,102.559997558594,100.860000610352,100.959999084473,2020000,84.0013732910156
"2021-10-08",101,101.319999694824,100.410003662109,100.529998779297,1745000,83.6436157226562
"2021-10-11",100.180000305176,100.730003356934,99.3499984741211,99.7099990844727,1659700,82.9613494873047
"2021-10-12",99.8499984741211,100.559997558594,99.5800018310547,99.8199996948242,2426000,83.0529022216797
"2021-10-13",99.8399963378906,100.75,99.0500030517578,100.699996948242,1798800,83.7850570678711
"2021-10-14",101.110000610352,101.889999389648,100.76000213623,101.650001525879,3045600,84.5754928588867
"2021-10-15",101.75,101.98999786377,100.099998474121,100.349998474121,2593400,83.4938659667969
"2021-10-18",99.8499984741211,100.180000305176,99.1500015258789,99.8600006103516,2057600,83.0861587524414
"2021-10-19",100.349998474121,101.220001220703,100.129997253418,101.129997253418,1759000,84.142822265625
"2021-10-20",101.25,102.569999694824,101.25,102.230003356934,1892700,85.0580596923828
"2021-10-21",102.389999389648,103.029998779297,102.169998168945,103,2057800,85.6987075805664
"2021-10-22",103.209999084473,104.940002441406,102.970001220703,103.779998779297,2430300,86.3476867675781
"2021-10-25",103.690002441406,103.699996948242,102.620002746582,102.839996337891,1681600,85.5655899047852
"2021-10-26",102.790000915527,104.139999389648,102.639999389648,103.290000915527,2298300,85.9400329589844
"2021-10-27",103.650001525879,103.819999694824,102.650001525879,102.76000213623,1519200,85.4990310668945
"2021-10-28",102.419998168945,102.849998474121,101.769996643066,102.48999786377,1973600,85.2743835449219
"2021-10-29",102.23999786377,102.959999084473,101.599998474121,102.01000213623,2301300,84.875
"2021-11-01",102.129997253418,102.680000305176,101.459999084473,102.309997558594,1606500,85.1246337890625
"2021-11-02",102.629997253418,102.809997558594,101.5,102.449996948242,2701100,85.2411193847656
"2021-11-03",102.25,102.949996948242,101.449996948242,102.540000915527,2062000,85.3159866333008
"2021-11-04",102.389999389648,102.849998474121,99.870002746582,101.019996643066,3054500,84.0513000488281
"2021-11-05",101.190002441406,102.669998168945,101.050003051758,101.680000305176,2127800,84.6004486083984
"2021-11-08",101.879997253418,101.98999786377,100.51000213623,101.419998168945,3686700,84.3841171264648
"2021-11-09",101.790000915527,102.25,101.230003356934,101.959999084473,2876300,84.8334197998047
"2021-11-10",101.279998779297,101.910003662109,100.690002441406,101.620002746582,1876700,85.3753051757812
"2021-11-11",101.360000610352,101.559997558594,99.9599990844727,100.25,2002600,84.2243118286133
"2021-11-12",100.25,100.5,99.5800018310547,99.879997253418,2504100,83.9134521484375
"2021-11-15",100.23999786377,101.01000213623,99.7300033569336,100.599998474121,2362900,84.5183563232422
"2021-11-16",100.529998779297,100.769996643066,98.9599990844727,99.0800018310547,3758800,83.2413482666016
"2021-11-17",99,99.25,98.4100036621094,98.9899978637695,2368600,83.1657257080078
"2021-11-18",98.5800018310547,98.6600036621094,97.9800033569336,98.370002746582,2809800,82.6448440551758
"2021-11-19",98.4499969482422,98.7600021362305,97.9599990844727,98.4199981689453,2986300,82.6868591308594
"2021-11-22",98.5,100.550003051758,98.3199996948242,100.25,3913900,84.2243118286133
"2021-11-23",100.48999786377,101.069999694824,99.379997253418,100.73999786377,3174100,84.635986328125
"2021-11-24",100.98999786377,101.190002441406,99.9199981689453,100.180000305176,2236800,84.1655120849609
"2021-11-26",99.1800003051758,100.660003662109,99.1500015258789,99.2799987792969,1805400,83.4093856811523
"2021-11-29",99.9199981689453,100.48999786377,99.1100006103516,100.220001220703,2128900,84.1991195678711
"2021-11-30",99.6500015258789,99.7200012207031,96.75,97.0100021362305,3873200,81.5022430419922
"2021-12-01",97.4400024414062,99,96.5800018310547,96.620002746582,2825600,81.1745834350586
"2021-12-02",97.0999984741211,98.6800003051758,96.9300003051758,97.6500015258789,2956200,82.0399398803711
"2021-12-03",98.0999984741211,99.9499969482422,97.3099975585938,99.879997253418,3106800,83.9134521484375
"2021-12-06",100.519996643066,102.699996948242,100.26000213623,101.209999084473,2972500,85.0308532714844
"2021-12-07",100.879997253418,101.550003051758,100.5,101.169998168945,4402500,84.9972381591797
"2021-12-08",100.98999786377,101.639999389648,100.199996948242,100.849998474121,4819400,84.728385925293
"2021-12-09",101.040000915527,101.120002746582,99.2600021362305,100.279998779297,4020800,84.24951171875
"2021-12-10",100.809997558594,102.050003051758,100.360000610352,101.51000213623,3039900,85.2828979492188
"2021-12-13",101.5,103.629997253418,101.449996948242,103.040000915527,3932500,86.5683059692383
"2021-12-14",103.050003051758,103.5,102.319999694824,102.769996643066,2825100,86.3414764404297
"2021-12-15",102.809997558594,104.110000610352,102.809997558594,103.819999694824,3378800,87.2236175537109
"2021-12-16",104,105.110000610352,103.639999389648,104.540000915527,3066600,87.8285293579102
"2021-12-17",104.449996948242,105.169998168945,102.319999694824,103.040000915527,7150200,86.5683059692383
"2021-12-20",102.519996643066,103.830001831055,101.879997253418,103.669998168945,3678600,87.0975952148438
"2021-12-21",104,104.48999786377,102.680000305176,103.019996643066,2054600,86.5515060424805
"2021-12-22",102.910003662109,103.529998779297,102.669998168945,103.160003662109,1588700,86.6691360473633
"2021-12-23",103.279998779297,103.889999389648,102.930000305176,102.970001220703,1435100,86.5094985961914
"2021-12-27",102.970001220703,103.440002441406,102.680000305176,103.290000915527,1269600,86.7783584594727
"2021-12-28",103.459999084473,104.599998474121,103.459999084473,104.569999694824,1197400,87.8537139892578
"2021-12-29",104.76000213623,105.029998779297,104.230003356934,104.76000213623,1176300,88.0133743286133
"2021-12-30",104.800003051758,105.040000915527,104.120002746582,104.790000915527,1690700,88.0385665893555
"2021-12-31",104.720001220703,105.230003356934,104,104.900001525879,1945700,88.130973815918
"2022-01-03",104.910003662109,104.910003662109,103.019996643066,103.48999786377,3272700,86.9463729858398
"2022-01-04",103.360000610352,104.940002441406,103.279998779297,103.410003662109,2558300,86.8791656494141
"2022-01-05",103.5,104.919998168945,103.470001220703,103.639999389648,2446600,87.0724029541016
"2022-01-06",103.51000213623,104.769996643066,103.330001831055,103.470001220703,3944100,86.929573059082
"2022-01-07",102.809997558594,104.970001220703,102.26000213623,104.5,2990100,87.794921875
"2022-01-10",104.650001525879,105.319999694824,104.069999694824,104.559997558594,2683500,87.845329284668
"2022-01-11",104.580001831055,104.699996948242,102.529998779297,103.230003356934,2937300,86.7279510498047
"2022-01-12",102.680000305176,103.819999694824,102.199996948242,103.620002746582,2226300,87.0556106567383
"2022-01-13",103.540000915527,104.5,103.199996948242,104.150001525879,2591200,87.5008697509766
"2022-01-14",104.440002441406,104.680000305176,103.269996643066,104.040000915527,3425900,87.4084701538086
"2022-01-18",103.330001831055,103.75,101.73999786377,101.870002746582,3082000,85.5853500366211
"2022-01-19",101.879997253418,102.830001831055,101.309997558594,102.169998168945,2460800,85.8373794555664
"2022-01-20",102.050003051758,103.529998779297,101.98999786377,102.309997558594,2426800,85.9549942016602
"2022-01-21",103.019996643066,104.209999084473,102.669998168945,102.980003356934,3453800,86.5178985595703
"2022-01-24",103.620002746582,103.980003356934,100.25,102.580001831055,5654600,86.1818466186523
"2022-01-25",101.709999084473,103.150001525879,101.559997558594,102.319999694824,3336300,85.9634094238281
"2022-01-26",102.180000305176,103.300003051758,101.199996948242,101.949996948242,3111000,85.6525573730469
"2022-01-27",102.51000213623,104.379997253418,102.470001220703,103.25,3384900,86.7447509765625
"2022-01-28",103.190002441406,104.769996643066,102.800003051758,104.730003356934,2874200,87.988151550293
"2022-01-31",103.870002746582,105.23999786377,103.459999084473,105.059997558594,4306700,88.2654037475586
"2022-02-01",104.550003051758,105.080001831055,102.389999389648,103.449996948242,3036300,86.9127731323242
"2022-02-02",103.349998474121,105.220001220703,103.050003051758,105,3391100,88.2149887084961
"2022-02-03",105.220001220703,105.76000213623,104.699996948242,105.430000305176,2238900,88.5762405395508
"2022-02-04",104.559997558594,105.339996337891,103.629997253418,104.25,2217100,87.5848846435547
"2022-02-07",104.139999389648,104.819999694824,103.349998474121,104.339996337891,3046600,87.6604843139648
"2022-02-08",105.269996643066,105.360000610352,104.059997558594,104.410003662109,2298800,87.7193069458008
"2022-02-09",104.75,105.209999084473,104.220001220703,104.709999084473,2259800,87.9713363647461
"2022-02-10",104.190002441406,104.330001831055,99.5800018310547,99.7900009155273,5918200,83.8378448486328
"2022-02-11",100.099998474121,100.860000610352,99.5599975585938,99.75,3953500,83.8042602539062
"2022-02-14",100.550003051758,101.01000213623,98.629997253418,99.9499969482422,5284400,83.9722595214844
"2022-02-15",100.129997253418,101.110000610352,98.7699966430664,99.3000030517578,3149200,83.4261779785156
"2022-02-16",99.3600006103516,99.9700012207031,98.9000015258789,99.5100021362305,2955900,83.6026077270508
"2022-02-17",98.4700012207031,99.1600036621094,97.5299987792969,98.7300033569336,2401800,83.7765502929688
"2022-02-18",98.3600006103516,100.190002441406,98.0800018310547,99.8099975585938,4505500,84.6929626464844
"2022-02-22",100,100.23999786377,98.5699996948242,99.4499969482422,3304900,84.3875045776367
"2022-02-23",99.6600036621094,99.870002746582,97.5999984741211,97.6699981689453,4055900,82.877082824707
"2022-02-24",97.4300003051758,97.620002746582,95.4800033569336,97.0400009155273,4207800,82.3425216674805
"2022-02-25",98.0400009155273,100.339996337891,97.8399963378906,100.220001220703,3326800,85.040885925293
"2022-02-28",99.2099990844727,100.519996643066,98.9899978637695,100.410003662109,3069400,85.2021255493164
"2022-03-01",100.410003662109,101.059997558594,98.6699981689453,99.8300018310547,2448100,84.7099609375
"2022-03-02",99.9400024414062,101.25,99.7399978637695,100.790000915527,2334300,85.524543762207
"2022-03-03",101.25,103.230003356934,101.059997558594,102.639999389648,2607400,87.0943603515625
"2022-03-04",102.459999084473,105.370002746582,102.400001525879,105.26000213623,3276600,89.3175354003906
"2022-03-07",105.400001525879,106.98999786377,104.550003051758,106.699996948242,3611000,90.539421081543
"2022-03-08",106.76000213623,107.449996948242,105.330001831055,105.470001220703,3549800,89.495735168457
"2022-03-09",106.190002441406,106.569999694824,105.120002746582,105.330001831055,3293200,89.3769149780273
"2022-03-10",104.620002746582,106.419998168945,104.440002441406,106.190002441406,2038500,90.1066818237305
"2022-03-11",106.099998474121,107.089996337891,105.949996948242,106.139999389648,2229700,90.0642700195312
"2022-03-14",107.050003051758,107.699996948242,105.73999786377,106.300003051758,2562900,90.2000274658203
"2022-03-15",107.339996337891,107.379997253418,106.129997253418,106.690002441406,2113300,90.5309600830078
"2022-03-16",107.019996643066,107.019996643066,104.169998168945,105.970001220703,2636500,89.9199981689453
"2022-03-17",106,107.540000915527,105.290000915527,106.5,2675000,90.3697204589844
"2022-03-18",106.300003051758,106.919998168945,104.569999694824,105.050003051758,4859200,89.1393585205078
"2022-03-21",105.319999694824,106.870002746582,105.279998779297,106.160003662109,1987500,90.0812149047852
"2022-03-22",106.769996643066,106.949996948242,104.860000610352,106.190002441406,2574900,90.1066818237305
"2022-03-23",106.680000305176,107.51000213623,105.919998168945,106.830001831055,2617400,90.6497421264648
"2022-03-24",106.569999694824,108.080001831055,106.400001525879,107.470001220703,2196500,91.1928253173828
"2022-03-25",107.800003051758,109.360000610352,107.529998779297,109.129997253418,1703600,92.6013946533203
"2022-03-28",109,110.040000915527,108.25,110.040000915527,2470300,93.3735656738281
"2022-03-29",110.129997253418,110.98999786377,109.620002746582,110.970001220703,2461600,94.162727355957
"2022-03-30",111,111.5,110.400001525879,111.480003356934,1979300,94.5954742431641
"2022-03-31",111.379997253418,112.550003051758,111.199996948242,111.660003662109,3280100,94.7482147216797
"2022-04-01",111.699996948242,112.900001525879,110.550003051758,112.819999694824,2302500,95.7325210571289
"2022-04-04",112.099998474121,112.25,110.410003662109,111.790000915527,2265700,94.8585052490234
"2022-04-05",112,114.139999389648,111.980003356934,112.519996643066,2489200,95.4779510498047
"2022-04-06",113.110000610352,115.26000213623,112.48999786377,115.150001525879,3413200,97.7096099853516
"2022-04-07",114.98999786377,115.220001220703,113.449996948242,114.860000610352,2785900,97.4635314941406
"2022-04-08",115.389999389648,115.790000915527,114.169998168945,115.349998474121,1678100,97.8793411254883
"2022-04-11",115.459999084473,115.959999084473,113.790000915527,114.230003356934,2574200,96.9289474487305
"2022-04-12",114.029998779297,115.730003356934,113.269996643066,115.419998168945,2509800,97.938720703125
"2022-04-13",115.51000213623,115.900001525879,114.400001525879,115.110000610352,2092300,97.6756591796875
"2022-04-14",115.190002441406,115.519996643066,114.480003356934,114.849998474121,2719300,97.4550628662109
"2022-04-18",115.279998779297,115.819999694824,113.589996337891,114.23999786377,1962500,96.9374465942383
"2022-04-19",114.370002746582,114.699996948242,113.769996643066,114.470001220703,2018100,97.1325912475586
"2022-04-20",115.48999786377,115.870002746582,115.169998168945,115.430000305176,2152900,97.9472122192383
"2022-04-21",115.150001525879,116.330001831055,114.669998168945,115.279998779297,1865900,97.819938659668
"2022-04-22",115.169998168945,115.449996948242,114.139999389648,114.279998779297,3185600,96.9713897705078
"2022-04-25",114.819999694824,115.029998779297,112.040000915527,113.769996643066,3743600,96.5386199951172
"2022-04-26",113.809997558594,115.830001831055,113.349998474121,113.5,3937200,96.3095245361328
"2022-04-27",113.559997558594,114.889999389648,112.209999084473,113.089996337891,2483900,95.9616165161133
"2022-04-28",113.569999694824,114.699996948242,112.599998474121,113.800003051758,2734100,96.5640869140625
"2022-04-29",113.419998168945,113.51000213623,109.779998779297,110.160003662109,5424000,93.4754028320312
"2022-05-02",110.669998168945,111.089996337891,107.470001220703,108.699996948242,3831700,92.2365188598633
"2022-05-03",109.349998474121,110.400001525879,108.190002441406,108.360000610352,2428400,91.9480133056641
"2022-05-04",108.199996948242,110.779998779297,107.930000305176,110.51000213623,2561400,93.7723846435547
"2022-05-05",110.019996643066,110.970001220703,109.080001831055,110.050003051758,2200100,93.3820648193359
"2022-05-06",109.790000915527,111.970001220703,109.330001831055,111.319999694824,2723500,94.4597015380859
"2022-05-09",109.639999389648,112.120002746582,108.5,110.800003051758,3663300,94.0184631347656
"2022-05-10",110.589996337891,112.199996948242,108.040000915527,108.910003662109,3372200,92.4147262573242
"2022-05-11",109.120002746582,111.660003662109,108.839996337891,109.910003662109,3082800,93.2632446289062
"2022-05-12",108.790000915527,109.309997558594,107.400001525879,108.849998474121,3429200,93.1990432739258
"2022-05-13",109.389999389648,109.669998168945,107.709999084473,109.300003051758,3251300,93.584342956543
"2022-05-16",109.650001525879,110.879997253418,109.430000305176,110.029998779297,2408000,94.2093887329102
"2022-05-17",109.430000305176,110,107.129997253418,109.349998474121,4076100,93.6271514892578
"2022-05-18",109.819999694824,110.559997558594,108.580001831055,108.900001525879,4006100,93.2418441772461
"2022-05-19",108.669998168945,109.449996948242,107.230003356934,108.949996948242,3687600,93.2846603393555
"2022-05-20",108.839996337891,110.01000213623,108.190002441406,109.830001831055,3375100,94.0381240844727
"2022-05-23",110.650001525879,111.900001525879,109.809997558594,110.809997558594,2577300,94.8772125244141
"2022-05-24",111.309997558594,113.330001831055,110.720001220703,112.980003356934,3009200,96.7352066040039
"2022-05-25",113.199996948242,113.419998168945,111.699996948242,112.389999389648,2771900,96.2300186157227
"2022-05-26",113.069999694824,113.790000915527,112.599998474121,113.230003356934,2717600,96.9492645263672
"2022-05-27",112.889999389648,114.5,112.580001831055,114.400001525879,2628900,97.9510345458984
"2022-05-31",113.169998168945,113.540000915527,112.099998474121,112.519996643066,5037700,96.3413314819336
"2022-06-01",112.550003051758,112.730003356934,110.959999084473,111.669998168945,2552100,95.6135559082031
"2022-06-02",112.099998474121,112.360000610352,109.919998168945,111.790000915527,2712800,95.71630859375
"2022-06-03",111.480003356934,112.099998474121,110.970001220703,111.160003662109,1547800,95.1768951416016
"2022-06-06",111.51000213623,112.080001831055,110.930000305176,111.110000610352,1483200,95.1340866088867
"2022-06-07",110.949996948242,112.410003662109,110.26000213623,112.339996337891,2113300,96.1872177124023
"2022-06-08",111.959999084473,112.069999694824,110.269996643066,110.48999786377,1810700,94.6032333374023
"2022-06-09",110.430000305176,111.029998779297,107.589996337891,107.730003356934,2379400,92.2400741577148
"2022-06-10",106.910003662109,108.690002441406,105.949996948242,107.769996643066,3342600,92.2743148803711
"2022-06-13",106.779998779297,107,102.930000305176,103.430000305176,2752200,88.5583419799805
"2022-06-14",103.709999084473,104.23999786377,99.6600036621094,100.940002441406,3899500,86.4263763427734
"2022-06-15",102.01000213623,102.120002746582,99.0599975585938,100.180000305176,4039500,85.7756576538086
"2022-06-16",99.0299987792969,99.8300018310547,97.8600006103516,99.5400009155273,4134000,85.2276763916016
"2022-06-17",99.2399978637695,99.9599990844727,96.870002746582,97.8199996948242,5533000,83.7549819946289
"2022-06-21",97.9400024414062,99.5,97.620002746582,99.2099990844727,2877800,84.9451293945312
"2022-06-22",98.9199981689453,101,98.6900024414062,100.160003662109,2909900,85.7585296630859
"2022-06-23",100.669998168945,103.650001525879,100.550003051758,103.410003662109,3724300,88.5412368774414
"2022-06-24",103.669998168945,104.800003051758,103.300003051758,104.529998779297,2953800,89.5001831054688
"2022-06-27",104.029998779297,105.370002746582,103.730003356934,105.199996948242,1725000,90.0738525390625
"2022-06-28",105.76000213623,106.830001831055,105.360000610352,105.699996948242,2215700,90.501953125
"2022-06-29",105.730003356934,106.319999694824,105.309997558594,106.01000213623,1767300,90.7673797607422
"2022-06-30",105.269996643066,107.940002441406,105.040000915527,107.209999084473,3568900,91.7948379516602
"2022-07-01",107.75,109.790000915527,107.209999084473,109.620002746582,2874200,93.8583297729492
"2022-07-05",109.699996948242,109.699996948242,104.540000915527,106.339996337891,2951900,91.049934387207
"2022-07-06",106.669998168945,108.430000305176,106.080001831055,107.580001831055,1920800,92.1116333007812
"2022-07-07",107.819999694824,108.220001220703,106.540000915527,106.830001831055,1913500,91.469482421875
"2022-07-08",106.879997253418,107.069999694824,105.73999786377,105.910003662109,1697600,90.681770324707
"2022-07-11",106.040000915527,107.98999786377,105.860000610352,107.959999084473,2435700,92.4369964599609
"2022-07-12",107.580001831055,108.980003356934,107.129997253418,107.669998168945,2102700,92.1887054443359
"2022-07-13",106.930000305176,108.199996948242,106.720001220703,107.23999786377,2417200,91.8205261230469
"2022-07-14",105.269996643066,107.220001220703,105.190002441406,106.949996948242,2274900,91.5722274780273
"2022-07-15",107.440002441406,107.639999389648,106.180000305176,107.430000305176,2244200,91.9832153320312
"2022-07-18",106.900001525879,107.120002746582,105.400001525879,105.430000305176,2228100,90.2707824707031
"2022-07-19",106.050003051758,106.470001220703,105.440002441406,105.540000915527,2097300,90.3649673461914
"2022-07-20",105.660003662109,105.839996337891,102.839996337891,102.98999786377,2981000,88.1816177368164
"2022-07-21",102.910003662109,103.73999786377,102.169998168945,103.540000915527,3085300,88.6525421142578
"2022-07-22",104.23999786377,105,103.940002441406,104.980003356934,1501200,89.8854827880859
"2022-07-25",104.629997253418,106.019996643066,104.400001525879,105.980003356934,1432500,90.74169921875
"2022-07-26",105.779998779297,107.319999694824,105.51000213623,107.019996643066,1788900,91.6321640014648
"2022-07-27",106.660003662109,106.860000610352,105.870002746582,106.519996643066,2003700,91.2040481567383
"2022-07-28",107.430000305176,109.269996643066,106.639999389648,108.949996948242,2326300,93.2846603393555
"2022-07-29",108.589996337891,110.419998168945,108.559997558594,109.930000305176,2522500,94.1237564086914
"2022-08-01",109.870002746582,110.550003051758,108.959999084473,109.849998474121,2386900,94.0552520751953
"2022-08-02",110.290000915527,111.339996337891,109.430000305176,109.620002746582,2182500,93.8583297729492
"2022-08-03",109.419998168945,111.150001525879,107.459999084473,110.819999694824,2784900,94.8857727050781
"2022-08-04",111.800003051758,111.980003356934,109.5,109.730003356934,2963500,93.952507019043
"2022-08-05",109.150001525879,109.48999786377,107.309997558594,109.160003662109,3033600,93.4644622802734
"2022-08-08",109.870002746582,110.610000610352,108.769996643066,109.040000915527,3130300,93.3617324829102
"2022-08-09",109.389999389648,110.160003662109,109.150001525879,109.809997558594,2366400,94.0210037231445
"2022-08-10",110.300003051758,110.5,109.519996643066,110.059997558594,2907400,94.2350616455078
"2022-08-11",109.150001525879,109.879997253418,108.339996337891,108.51000213623,2640900,93.7641220092773
"2022-08-12",109.129997253418,110.330001831055,108.949996948242,110.25,3302700,95.2676544189453
"2022-08-15",110.360000610352,111.089996337891,109.629997253418,110.980003356934,2163200,95.8984603881836
"2022-08-16",110.980003356934,112.480003356934,110.800003051758,112.110000610352,2504400,96.8749084472656
"2022-08-17",111.910003662109,112.900001525879,111.839996337891,112.029998779297,1894500,96.8057861328125
"2022-08-18",112.099998474121,113.069999694824,112.099998474121,112.580001831055,1744300,97.2810363769531
"2022-08-19",112.779998779297,113.669998168945,112.319999694824,113.23999786377,2091800,97.8513336181641
"2022-08-22",112.980003356934,113.279998779297,111.830001831055,112.050003051758,2282400,96.8230590820312
"2022-08-23",112.150001525879,112.150001525879,110.800003051758,111.029998779297,1489700,95.9416732788086
"2022-08-24",111.199996948242,111.360000610352,110.330001831055,110.930000305176,1796400,95.8552474975586
"2022-08-25",111.040000915527,111.120002746582,109.610000610352,110.699996948242,2612200,95.6565170288086
"2022-08-26",110.839996337891,110.889999389648,108.610000610352,108.730003356934,3367000,93.954216003418
"2022-08-29",108.410003662109,109.919998168945,107.599998474121,109.199996948242,1773300,94.3603363037109
"2022-08-30",108.959999084473,109.25,107.26000213623,107.680000305176,1919800,93.0469131469727
"2022-08-31",107.680000305176,108.559997558594,106.75,106.910003662109,2890900,92.3815612792969
"2022-09-01",107.040000915527,108.550003051758,106.73999786377,108.190002441406,1612200,93.4876098632812
"2022-09-02",108.269996643066,109.269996643066,106.680000305176,107,1496200,92.4593124389648
"2022-09-06",107.230003356934,108.360000610352,106.419998168945,106.76000213623,2037500,92.2519378662109
"2022-09-07",107.470001220703,110.339996337891,107.459999084473,110.25,3324400,95.2676544189453
"2022-09-08",109.879997253418,110.730003356934,108.709999084473,109.199996948242,2390800,94.3603363037109
"2022-09-09",109.580001831055,110.379997253418,108.910003662109,109.879997253418,1456200,94.9479446411133
"2022-09-12",109.959999084473,111.26000213623,109.900001525879,110.879997253418,1653700,95.8120574951172
"2022-09-13",110.150001525879,110.519996643066,107.580001831055,108.190002441406,2387900,93.4876098632812
"2022-09-14",108.319999694824,109.940002441406,108.319999694824,109.269996643066,2309800,94.4208374023438
"2022-09-15",108.540000915527,108.680000305176,106.099998474121,106.279998779297,3103000,91.837158203125
"2022-09-16",106.930000305176,107.589996337891,105.900001525879,106.110000610352,4565300,91.6902618408203
"2022-09-19",105.830001831055,106.849998474121,105.330001831055,106.809997558594,1783400,92.2951354980469
"2022-09-20",106.019996643066,106.25,104.569999694824,105.639999389648,1622400,91.2841262817383
"2022-09-21",106.040000915527,106.870002746582,104.269996643066,104.290000915527,1495600,90.1175842285156
"2022-09-22",104.099998474121,105.589996337891,103.589996337891,104.680000305176,2324900,90.4545974731445
"2022-09-23",103.949996948242,104.269996643066,102.519996643066,103.709999084473,2297600,89.6164016723633
"2022-09-26",103.5,103.610000610352,99.9199981689453,100.839996337891,2812800,87.1364212036133
"2022-09-27",101.089996337891,101.529998779297,97.9599990844727,98.3199996948242,4027900,84.9588851928711
"2022-09-28",99.4499969482422,100.199996948242,98.1600036621094,99.6100006103516,2338200,86.0735855102539
"2022-09-29",99.3600006103516,99.4000015258789,94.9499969482422,95.0999984741211,3104500,82.1764450073242
"2022-09-30",95.75,96.0999984741211,92.8000030517578,93.0199966430664,5163600,80.3791198730469
"2022-10-03",94.4599990844727,96.0100021362305,93.4499969482422,95.3300018310547,3786800,82.3752059936523
"2022-10-04",96,97.3300018310547,95.2699966430664,97.120002746582,3105700,83.9219512939453
"2022-10-05",95.9000015258789,96.129997253418,93.4499969482422,94.0199966430664,3865500,81.2432250976562
"2022-10-06",93.6600036621094,93.75,90.6500015258789,90.7699966430664,4230800,78.4348754882812
"2022-10-07",90.7399978637695,91,88.5899963378906,89.0699996948242,3162700,76.9659042358398
"2022-10-10",89.1100006103516,90.1399993896484,89.0199966430664,89.1500015258789,2982300,77.0350341796875
"2022-10-11",88.8000030517578,90.5,88.6600036621094,89.5299987792969,4892500,77.3633728027344
"2022-10-12",89,89.2900009155273,85.9100036621094,85.9700012207031,4243000,74.2871704101562
"2022-10-13",85,88.5199966430664,83.7600021362305,87.9899978637695,7258400,76.0326614379883
"2022-10-14",88.8899993896484,89.4599990844727,86.4000015258789,86.8199996948242,4711100,75.0216598510742
"2022-10-17",88,89.9599990844727,87.870002746582,89.0999984741211,3704400,76.9918212890625
"2022-10-18",90.2799987792969,91.0999984741211,89.8199996948242,90.8099975585938,3009900,78.4694442749023
"2022-10-19",89.620002746582,90.370002746582,88.8199996948242,89.2900009155273,2611700,77.1560134887695
"2022-10-20",89,89.1699981689453,86.7200012207031,87.2300033569336,4057700,75.3759536743164
"2022-10-21",87.4100036621094,89.0999984741211,86.9199981689453,88.4599990844727,2789000,76.4387893676758
"2022-10-24",89.0599975585938,89.8199996948242,88.0400009155273,88.6900024414062,2318600,76.6375427246094
"2022-10-25",88.7099990844727,90.620002746582,88.6999969482422,90.2399978637695,2781000,77.9769058227539
"2022-10-26",90.75,91.4300003051758,89.9899978637695,90.8099975585938,2938300,78.4694442749023
"2022-10-27",91.6399993896484,92.3099975585938,90.9000015258789,91.0400009155273,3367400,78.6681900024414
"2022-10-28",91.2600021362305,94.2200012207031,91.2600021362305,94,3139200,81.225944519043
"2022-10-31",93.7099990844727,94.2399978637695,92.5800018310547,93.1800003051758,3237600,80.5173797607422
"2022-11-01",93.5699996948242,94.1600036621094,92.7300033569336,93.7399978637695,2889100,81.0012741088867
"2022-11-02",93.4700012207031,95.3899993896484,92.7399978637695,92.879997253418,3061200,80.2581405639648
"2022-11-03",91.9899978637695,93.8099975585938,91.5800018310547,93.2200012207031,3132300,80.5519332885742
"2022-11-04",94.6500015258789,94.7900009155273,91.4400024414062,93.6100006103516,4813400,80.8889465332031
"2022-11-07",93.5,93.5599975585938,90.3600006103516,92.2300033569336,4501300,79.6964721679688
"2022-11-08",92.5299987792969,94.0199966430664,92.3399963378906,93.1999969482422,2876600,80.5346603393555
"2022-11-09",93.629997253418,94.4000015258789,93.1399993896484,93.4499969482422,2742400,80.7506866455078
"2022-11-10",95.8600006103516,97.3600006103516,94.2600021362305,97.0999984741211,3601900,83.9046630859375
"2022-11-11",97.2099990844727,97.25,94.4499969482422,95.1699981689453,3286300,82.2369384765625
"2022-11-14",95.6500015258789,96.4400024414062,95.2699966430664,95.4499969482422,4782300,82.4788970947266
"2022-11-15",96.5999984741211,97.4700012207031,95.8300018310547,97.129997253418,4625600,83.9306106567383
"2022-11-16",97.370002746582,99.0800018310547,97.370002746582,97.9400024414062,3645300,84.6305236816406
"2022-11-17",96.3099975585938,96.7399978637695,94.9300003051758,95.5199966430664,2755500,83.395133972168
"2022-11-18",96.4599990844727,97.2300033569336,96,96.7900009155273,3680500,84.5039215087891
"2022-11-21",96.5500030517578,97.5500030517578,96.1800003051758,97.0400009155273,3314500,84.7221908569336
"2022-11-22",97.4899978637695,98.6900024414062,97.2799987792969,97.6800003051758,2334000,85.2809524536133
"2022-11-23",97.4700012207031,98.6800003051758,97.4499969482422,98.5400009155273,2726000,86.0317993164062
"2022-11-25",99,99.9899978637695,98.9000015258789,99.620002746582,1275700,86.9747085571289
"2022-11-28",99.1999969482422,99.6600036621094,98.2200012207031,98.6100006103516,2283800,86.092903137207
"2022-11-29",98.0299987792969,98.2300033569336,97.2399978637695,97.9400024414062,2127400,85.5079498291016
"2022-11-30",97.5800018310547,100.419998168945,97.2600021362305,99.9300003051758,6052200,87.2453460693359
"2022-12-01",100.839996337891,101.900001525879,99.879997253418,100.309997558594,3329800,87.5771026611328
"2022-12-02",99.3899993896484,99.75,98.5,99.5199966430664,2097700,86.8873901367188
"2022-12-05",98.7399978637695,99.5599975585938,98.5199966430664,99.129997253418,2212500,86.5468826293945
"2022-12-06",99.2300033569336,100.699996948242,99.0500030517578,100.51000213623,2828800,87.751708984375
"2022-12-07",100.349998474121,101.26000213623,99.3300018310547,99.5800018310547,2635600,86.9397735595703
"2022-12-08",99.6100006103516,100.650001525879,99.3199996948242,100.449996948242,2065900,87.6993408203125
"2022-12-09",100.080001831055,100.919998168945,100.01000213623,100.349998474121,1998200,87.6120300292969
"2022-12-12",101.430000305176,102.430000305176,100.300003051758,102.319999694824,2734900,89.3319702148438
"2022-12-13",103.349998474121,104.339996337891,102.419998168945,103.099998474121,5581400,90.0129547119141
"2022-12-14",103.23999786377,105.519996643066,102.629997253418,103.300003051758,4468700,90.1875686645508
"2022-12-15",103.059997558594,103.319999694824,101.940002441406,102.51000213623,3631400,89.4978637695312
"2022-12-16",102.080001831055,102.120002746582,99.1900024414062,100.339996337891,10623600,87.6032943725586
"2022-12-19",100.129997253418,101.330001831055,99.7099990844727,100.230003356934,3628800,87.5072631835938
"2022-12-20",100.080001831055,100.919998168945,99.1999969482422,100.209999084473,2394300,87.4898071289062
"2022-12-21",100.699996948242,102.089996337891,100.650001525879,101.919998168945,2269400,88.9827499389648
"2022-12-22",101.699996948242,101.980003356934,100.209999084473,101.949996948242,2312200,89.0089263916016
"2022-12-23",101.819999694824,103.150001525879,101.059997558594,102.98999786377,1803300,89.9169311523438
"2022-12-27",103.089996337891,103.980003356934,102.550003051758,103.669998168945,1698500,90.5106048583984
"2022-12-28",104,104.480003356934,102.669998168945,102.900001525879,1687600,89.8383560180664
"2022-12-29",103.300003051758,104.419998168945,103.300003051758,103.839996337891,1444600,90.6590347290039
"2022-12-30",103.879997253418,104,101.98999786377,102.98999786377,2055600,89.9169311523438
