"Date","ETSY.Open","ETSY.High","ETSY.Low","ETSY.Close","ETSY.Volume","ETSY.Adjusted"
"2019-01-02",46.2299995422363,47.7299995422363,45.2799987792969,47,1968600,47
"2019-01-03",46.3300018310547,47.560001373291,45.7099990844727,46.0299987792969,1803100,46.0299987792969
"2019-01-04",48.060001373291,50.8839988708496,47.4099998474121,49.7000007629395,4075000,49.7000007629395
"2019-01-07",50.1800003051758,52.2799987792969,49.2900009155273,51.5699996948242,3153900,51.5699996948242
"2019-01-08",53.1399993896484,54,51.5410003662109,53.8800010681152,2824800,53.8800010681152
"2019-01-09",53.9099998474121,54.7999992370605,52.5499992370605,52.7700004577637,2078300,52.7700004577637
"2019-01-10",52.1500015258789,52.2620010375977,50.0699996948242,51.3400001525879,2946800,51.3400001525879
"2019-01-11",50.9199981689453,52.6240005493164,50.7999992370605,52.0699996948242,1947500,52.0699996948242
"2019-01-14",51.5,52.3400001525879,50.5999984741211,52.0400009155273,1313400,52.0400009155273
"2019-01-15",52.3199996948242,54.3800010681152,52.2509994506836,54.3300018310547,1678000,54.3300018310547
"2019-01-16",54.6199989318848,56.4199981689453,54.3400001525879,54.5299987792969,2464300,54.5299987792969
"2019-01-17",53.7099990844727,55.0800018310547,53.560001373291,54.5900001525879,1543800,54.5900001525879
"2019-01-18",55.0400009155273,56.3899993896484,53.7299995422363,55.8300018310547,1966300,55.8300018310547
"2019-01-22",55.2999992370605,56.1100006103516,52.7000007629395,53.5400009155273,2091100,53.5400009155273
"2019-01-23",54.0099983215332,55.3699989318848,53.6500015258789,53.8300018310547,1307000,53.8300018310547
"2019-01-24",54,54.4599990844727,53.2599983215332,54.3400001525879,911700,54.3400001525879
"2019-01-25",54.9000015258789,55.5950012207031,54.0299987792969,55,1360000,55
"2019-01-28",54.2999992370605,54.9599990844727,53.2599983215332,54.9199981689453,1255400,54.9199981689453
"2019-01-29",55.0099983215332,55.8800010681152,53.0900001525879,53.5200004577637,1334000,53.5200004577637
"2019-01-30",54.1199989318848,54.4300003051758,52.6199989318848,54.189998626709,1985000,54.189998626709
"2019-01-31",53.939998626709,55.2400016784668,53.939998626709,54.6500015258789,1509700,54.6500015258789
"2019-02-01",54.3699989318848,54.9700012207031,53.7999992370605,54.3800010681152,1849500,54.3800010681152
"2019-02-04",54.3300018310547,55.1500015258789,54.2879981994629,54.7400016784668,2304700,54.7400016784668
"2019-02-05",55.189998626709,60.5800018310547,54.8600006103516,55.439998626709,10011200,55.439998626709
"2019-02-06",55.7799987792969,55.7999992370605,50.939998626709,52.5900001525879,5699800,52.5900001525879
"2019-02-07",51.810001373291,52,50.1399993896484,51.5299987792969,2465600,51.5299987792969
"2019-02-08",51.060001373291,53.4300003051758,50.5,53.1500015258789,2551300,53.1500015258789
"2019-02-11",53.7900009155273,54.3300018310547,52.7000007629395,53.1500015258789,2122300,53.1500015258789
"2019-02-12",53.939998626709,55.8300018310547,53.8499984741211,55.8300018310547,2576600,55.8300018310547
"2019-02-13",55.9599990844727,57,54.0900001525879,55.0400009155273,2073500,55.0400009155273
"2019-02-14",54.1599998474121,54.5299987792969,53.3899993896484,54.060001373291,1595400,54.060001373291
"2019-02-15",54.4799995422363,55.1399993896484,54,54.6599998474121,2537500,54.6599998474121
"2019-02-19",54.4000015258789,55.8400001525879,54.2299995422363,55.2799987792969,1440200,55.2799987792969
"2019-02-20",55.5499992370605,55.689998626709,54.1199989318848,54.1800003051758,1676900,54.1800003051758
"2019-02-21",53.9799995422363,54.2400016784668,52.2200012207031,53.0299987792969,1911600,53.0299987792969
"2019-02-22",53.5900001525879,56.9300003051758,53.5099983215332,56.6699981689453,3844500,56.6699981689453
"2019-02-25",59.8499984741211,60.5,55.8600006103516,59.0099983215332,12654100,59.0099983215332
"2019-02-26",65.2200012207031,69.5,64.25,68.6500015258789,23794200,68.6500015258789
"2019-02-27",68.2300033569336,72,68.0500030517578,71.7399978637695,6781600,71.7399978637695
"2019-02-28",71.6500015258789,72.4530029296875,69.6399993896484,71.2699966430664,4879100,71.2699966430664
"2019-03-01",72,73.3300018310547,71.4800033569336,72.7699966430664,3377000,72.7699966430664
"2019-03-04",73.2900009155273,73.3450012207031,66.9499969482422,68.9899978637695,5146000,68.9899978637695
"2019-03-05",68.8600006103516,71,67.8939971923828,70.6100006103516,2399800,70.6100006103516
"2019-03-06",70.1900024414062,71.0899963378906,69.2600021362305,70.0400009155273,1758500,70.0400009155273
"2019-03-07",70.2600021362305,71.9100036621094,65.7460021972656,67.2399978637695,6632000,67.2399978637695
"2019-03-08",64,68.25,62.0299987792969,67.7699966430664,3291900,67.7699966430664
"2019-03-11",67.7900009155273,71.2799987792969,67.7399978637695,70.6600036621094,3015300,70.6600036621094
"2019-03-12",70.5100021362305,71.6800003051758,69.3000030517578,71.1500015258789,1777700,71.1500015258789
"2019-03-13",71.6100006103516,72.3899993896484,69.9300003051758,70.1500015258789,2353800,70.1500015258789
"2019-03-14",70.1999969482422,70.8000030517578,69.3850021362305,69.9100036621094,1593800,69.9100036621094
"2019-03-15",70.5,71.5,69.6500015258789,69.8899993896484,5164000,69.8899993896484
"2019-03-18",69.870002746582,70.1900024414062,68.5299987792969,69.5500030517578,1962800,69.5500030517578
"2019-03-19",70.2099990844727,70.4000015258789,68.2799987792969,68.5,1985600,68.5
"2019-03-20",68.2600021362305,69.7200012207031,67.9000015258789,68.9000015258789,1812000,68.9000015258789
"2019-03-21",68.5599975585938,70.1500015258789,68.5599975585938,69.4400024414062,1362200,69.4400024414062
"2019-03-22",68.9700012207031,69.25,65.5699996948242,66.0199966430664,2262200,66.0199966430664
"2019-03-25",66.0199966430664,68.0699996948242,65.0530014038086,67.8600006103516,2396700,67.8600006103516
"2019-03-26",68.4700012207031,69.0500030517578,67.4400024414062,67.7399978637695,1431700,67.7399978637695
"2019-03-27",67.6600036621094,68.0299987792969,64.9499969482422,65.5100021362305,1596400,65.5100021362305
"2019-03-28",66.0699996948242,67.1999969482422,65.1699981689453,67.129997253418,1456100,67.129997253418
"2019-03-29",67.4899978637695,68.5,67.0169982910156,67.2200012207031,1219100,67.2200012207031
"2019-04-01",67.9599990844727,68.5999984741211,66.3199996948242,68.1600036621094,1679000,68.1600036621094
"2019-04-02",68.5,70.6890029907227,68.3399963378906,69.7300033569336,3552100,69.7300033569336
"2019-04-03",69.8199996948242,70.3000030517578,69.0130004882812,69.4599990844727,1911300,69.4599990844727
"2019-04-04",70.1399993896484,70.3499984741211,66.0500030517578,68.3000030517578,2704500,68.3000030517578
"2019-04-05",68.4000015258789,69.1399993896484,67.8140029907227,68.2200012207031,1291600,68.2200012207031
"2019-04-08",67.879997253418,67.9039993286133,66.3099975585938,67.6500015258789,1049700,67.6500015258789
"2019-04-09",67.4100036621094,68.1999969482422,66.5999984741211,66.6900024414062,1248700,66.6900024414062
"2019-04-10",66.8000030517578,68.9199981689453,66.8000030517578,68.2099990844727,1064700,68.2099990844727
"2019-04-11",68.4100036621094,69.2799987792969,67.5400009155273,67.6500015258789,1106400,67.6500015258789
"2019-04-12",68.25,68.2900009155273,65.0599975585938,65.379997253418,2070900,65.379997253418
"2019-04-15",65.379997253418,66.4929962158203,65.0100021362305,66.1999969482422,1364800,66.1999969482422
"2019-04-16",66.6900024414062,67.375,66.0490036010742,66.2799987792969,1267000,66.2799987792969
"2019-04-17",66.6900024414062,67.0400009155273,63.9799995422363,64.25,1575900,64.25
"2019-04-18",64.0299987792969,64.2200012207031,62.2099990844727,63.4000015258789,1813000,63.4000015258789
"2019-04-22",63.0400009155273,63.7799987792969,62.6800003051758,63.5099983215332,970000,63.5099983215332
"2019-04-23",63.9500007629395,65.5599975585938,63.7200012207031,65.2200012207031,1767600,65.2200012207031
"2019-04-24",65.9700012207031,66.5299987792969,65.0899963378906,66.0800018310547,1389600,66.0800018310547
"2019-04-25",66.2699966430664,68.2109985351562,65.9100036621094,67.8499984741211,1691200,67.8499984741211
"2019-04-26",67.870002746582,68.4300003051758,67.1399993896484,67.7099990844727,1203700,67.7099990844727
"2019-04-29",68,69.6399993896484,67.5100021362305,69.4100036621094,1409200,69.4100036621094
"2019-04-30",69.129997253418,69.7850036621094,65.8099975585938,67.5400009155273,2391700,67.5400009155273
"2019-05-01",68.0899963378906,68.7200012207031,66.7399978637695,66.7900009155273,1671800,66.7900009155273
"2019-05-02",66.629997253418,68.0950012207031,65.75,68.0699996948242,1365500,68.0699996948242
"2019-05-03",68.9000015258789,70.0899963378906,67.8259963989258,69.6500015258789,1579600,69.6500015258789
"2019-05-06",67.9300003051758,69.4300003051758,67.4000015258789,69.0299987792969,1772200,69.0299987792969
"2019-05-07",68.120002746582,68.8499984741211,65.6699981689453,66.9700012207031,1935000,66.9700012207031
"2019-05-08",66.75,68.2089996337891,65.9000015258789,68.0800018310547,3978300,68.0800018310547
"2019-05-09",63.25,65.1999969482422,59.5400009155273,60.7599983215332,10280300,60.7599983215332
"2019-05-10",61.3600006103516,63.2000007629395,59.8450012207031,61.7999992370605,4106900,61.7999992370605
"2019-05-13",59.6800003051758,59.9300003051758,56.939998626709,57.2299995422363,4066700,57.2299995422363
"2019-05-14",58,59.2099990844727,57.1800003051758,58.8199996948242,1871100,58.8199996948242
"2019-05-15",58.0499992370605,61.9599990844727,58.0200004577637,61.8899993896484,2297700,61.8899993896484
"2019-05-16",61.9099998474121,64.2399978637695,61.9099998474121,63.6500015258789,2350800,63.6500015258789
"2019-05-17",62.6399993896484,64.129997253418,62.2400016784668,62.7799987792969,1840700,62.7799987792969
"2019-05-20",61.5800018310547,63.4099998474121,61.0099983215332,63.1199989318848,1838100,63.1199989318848
"2019-05-21",63.9199981689453,65.6100006103516,63.7900009155273,65.2099990844727,2027700,65.2099990844727
"2019-05-22",64.8199996948242,65.5199966430664,64,64.0100021362305,1177400,64.0100021362305
"2019-05-23",62.560001373291,63.8899993896484,61.75,63.3199996948242,2149900,63.3199996948242
"2019-05-24",63.7000007629395,64.7200012207031,63.6500015258789,64.7099990844727,1062900,64.7099990844727
"2019-05-28",65.0999984741211,66.2099990844727,64.3499984741211,65.0299987792969,1940500,65.0299987792969
"2019-05-29",64.2099990844727,64.2200012207031,61.3300018310547,62.1300010681152,1715200,62.1300010681152
"2019-05-30",62.5400009155273,63.4099998474121,61.4199981689453,62.9500007629395,1223300,62.9500007629395
"2019-05-31",61.6100006103516,63.0200004577637,60.689998626709,62.310001373291,1557800,62.310001373291
"2019-06-03",61.9500007629395,62.7000007629395,60.2099990844727,61.0699996948242,1826700,61.0699996948242
"2019-06-04",61.5800018310547,62.060001373291,59.7299995422363,61.25,2289600,61.25
"2019-06-05",61.1500015258789,62.4799995422363,60.3199996948242,61.4900016784668,1500900,61.4900016784668
"2019-06-06",61.1100006103516,62.2080001831055,60.3899993896484,61.9599990844727,1267800,61.9599990844727
"2019-06-07",62.2900009155273,64.8600006103516,62.2400016784668,63.8899993896484,1925900,63.8899993896484
"2019-06-10",64.9199981689453,67.2099990844727,64.620002746582,65.3099975585938,2274900,65.3099975585938
"2019-06-11",65.7799987792969,67.8600006103516,65.6999969482422,67.1800003051758,2668700,67.1800003051758
"2019-06-12",67.25,69.7200012207031,66.5240020751953,69.1699981689453,3212500,69.1699981689453
"2019-06-13",70.0699996948242,71.8000030517578,69.5299987792969,70.0500030517578,2721700,70.0500030517578
"2019-06-14",70.120002746582,70.1900024414062,67.4499969482422,67.8000030517578,1858500,67.8000030517578
"2019-06-17",68.3199996948242,69.3499984741211,67.5899963378906,68.4599990844727,1316200,68.4599990844727
"2019-06-18",69,69.6600036621094,65.9400024414062,66.9499969482422,2433400,66.9499969482422
"2019-06-19",67.2900009155273,68.4899978637695,66.2300033569336,68.1399993896484,1443700,68.1399993896484
"2019-06-20",69.379997253418,69.9599990844727,68.1110000610352,68.8300018310547,1699600,68.8300018310547
"2019-06-21",68.3899993896484,68.6399993896484,65.6600036621094,65.7799987792969,2333700,65.7799987792969
"2019-06-24",66.3600006103516,66.4000015258789,63.8699989318848,63.9300003051758,2252400,63.9300003051758
"2019-06-25",63.6800003051758,64.5,61.2700004577637,61.7900009155273,3151300,61.7900009155273
"2019-06-26",62.1399993896484,62.8899993896484,59.9099998474121,60.3600006103516,2348300,60.3600006103516
"2019-06-27",60.439998626709,62.7999992370605,60.2929992675781,62.3600006103516,3215100,62.3600006103516
"2019-06-28",62.2700004577637,62.5499992370605,61.0900001525879,61.3699989318848,16253800,61.3699989318848
"2019-07-01",63.5800018310547,63.75,61.25,62.060001373291,4576500,62.060001373291
"2019-07-02",61.7400016784668,62.6749992370605,60.6949996948242,62.6399993896484,2735000,62.6399993896484
"2019-07-03",62.5499992370605,64.5199966430664,62.5499992370605,64.2799987792969,1028900,64.2799987792969
"2019-07-05",63.8699989318848,63.890998840332,62.7099990844727,63.3800010681152,1462600,63.3800010681152
"2019-07-08",63.0800018310547,64.3150024414062,62.310001373291,64.0100021362305,1624000,64.0100021362305
"2019-07-09",64.3199996948242,67.120002746582,63.9900016784668,66.8600006103516,3057100,66.8600006103516
"2019-07-10",67.5299987792969,68.359001159668,66.1100006103516,66.4499969482422,2326700,66.4499969482422
"2019-07-11",66.4599990844727,66.9499969482422,64.3399963378906,64.9899978637695,1455600,64.9899978637695
"2019-07-12",65.3199996948242,65.7699966430664,64.0999984741211,64.5999984741211,1401300,64.5999984741211
"2019-07-15",65.129997253418,65.6900024414062,64.4700012207031,65.5500030517578,1194300,65.5500030517578
"2019-07-16",65.2799987792969,65.5309982299805,63.560001373291,64.2099990844727,1422400,64.2099990844727
"2019-07-17",64.3600006103516,64.6999969482422,63.3400001525879,63.4199981689453,1628900,63.4199981689453
"2019-07-18",63.4799995422363,65.3349990844727,63.3400001525879,65.1999969482422,1981900,65.1999969482422
"2019-07-19",65.5,66.2200012207031,65.3000030517578,65.8499984741211,1354100,65.8499984741211
"2019-07-22",66.379997253418,68.620002746582,65.8099975585938,68.5299987792969,2109100,68.5299987792969
"2019-07-23",68.9700012207031,69.1600036621094,67.0999984741211,67.8199996948242,2647600,67.8199996948242
"2019-07-24",67.7399978637695,68.6740036010742,67.5800018310547,68.0500030517578,2303300,68.0500030517578
"2019-07-25",68.9499969482422,69.9499969482422,67.7149963378906,68.7300033569336,2460700,68.7300033569336
"2019-07-26",68.6399993896484,71.0800018310547,68.6399993896484,70.8600006103516,2370200,70.8600006103516
"2019-07-29",70.5500030517578,70.5999984741211,68.1100006103516,69.120002746582,1500500,69.120002746582
"2019-07-30",68.5800018310547,69.0910034179688,67.8600006103516,68,1285300,68
"2019-07-31",68.0400009155273,68.5899963378906,66,67.0199966430664,1957100,67.0199966430664
"2019-08-01",67.2699966430664,70.0999984741211,66.2699966430664,68.1399993896484,5424300,68.1399993896484
"2019-08-02",64.0800018310547,68.6500015258789,59.6800003051758,59.7099990844727,8312200,59.7099990844727
"2019-08-05",56.4799995422363,57.7599983215332,52.8209991455078,53.939998626709,6277700,53.939998626709
"2019-08-06",55.6800003051758,56.4000015258789,54.6599998474121,55.3899993896484,3653500,55.3899993896484
"2019-08-07",55.0299987792969,56.5200004577637,53.6199989318848,56.060001373291,3314300,56.060001373291
"2019-08-08",56.5499992370605,58.8499984741211,56.0900001525879,58.0400009155273,3183100,58.0400009155273
"2019-08-09",57.3499984741211,57.6199989318848,56.1399993896484,56.4300003051758,1959200,56.4300003051758
"2019-08-12",55.7599983215332,56,54.1500015258789,54.9700012207031,1511400,54.9700012207031
"2019-08-13",54.5200004577637,56.7700004577637,54.5110015869141,55.7400016784668,1471800,55.7400016784668
"2019-08-14",53.7799987792969,54.5,52.4780006408691,52.8400001525879,1733200,52.8400001525879
"2019-08-15",52.4900016784668,53.0060005187988,51.2700004577637,51.7099990844727,2620100,51.7099990844727
"2019-08-16",52.3800010681152,52.9049987792969,51.7799987792969,52.6100006103516,1810600,52.6100006103516
"2019-08-19",53.4799995422363,53.5299987792969,51.4900016784668,52.4099998474121,3118600,52.4099998474121
"2019-08-20",52.4300003051758,53.3699989318848,51.75,52.8899993896484,2168300,52.8899993896484
"2019-08-21",53.5400009155273,55.1399993896484,53.1300010681152,54.25,2052400,54.25
"2019-08-22",55.8300018310547,56.060001373291,53.9480018615723,55.4000015258789,2327800,55.4000015258789
"2019-08-23",54.3600006103516,55.5,53.8310012817383,54.0900001525879,2151700,54.0900001525879
"2019-08-26",54.3800010681152,54.8199996948242,53.0299987792969,53.5800018310547,1558100,53.5800018310547
"2019-08-27",53.9199981689453,54.4799995422363,53.2200012207031,53.4099998474121,2284800,53.4099998474121
"2019-08-28",53.0400009155273,54.4799995422363,52.5200004577637,54.3400001525879,896600,54.3400001525879
"2019-08-29",55.5,55.5,53.9700012207031,54.4000015258789,1004000,54.4000015258789
"2019-08-30",54.9000015258789,54.9000015258789,52.1399993896484,52.7900009155273,1958900,52.7900009155273
"2019-09-03",51.8499984741211,52.3300018310547,49.6399993896484,50.2999992370605,2679400,50.2999992370605
"2019-09-04",51.2000007629395,51.6450004577637,49.9900016784668,50.1500015258789,2232700,50.1500015258789
"2019-09-05",49.25,50.4199981689453,47.810001373291,50.0999984741211,3784400,50.0999984741211
"2019-09-06",50.2599983215332,50.4819984436035,47.6990013122559,47.9799995422363,3700700,47.9799995422363
"2019-09-09",49.5999984741211,50.5499992370605,48.9199981689453,50.5,5493100,50.5
"2019-09-10",49.8600006103516,51.9300003051758,49.3800010681152,50.5299987792969,3808400,50.5299987792969
"2019-09-11",50.439998626709,52.75,49.7200012207031,52.6699981689453,3784700,52.6699981689453
"2019-09-12",53.2400016784668,55.9199981689453,53.1599998474121,54.8800010681152,3851500,54.8800010681152
"2019-09-13",56.2299995422363,57.2799987792969,55.6599998474121,56.8600006103516,4835100,56.8600006103516
"2019-09-16",56.2299995422363,57.9700012207031,55.3549995422363,57.8400001525879,3006500,57.8400001525879
"2019-09-17",57.8899993896484,59.9300003051758,57.3499984741211,59.8499984741211,3746000,59.8499984741211
"2019-09-18",59.7299995422363,61.189998626709,58.0999984741211,59.4500007629395,3845300,59.4500007629395
"2019-09-19",60.2299995422363,60.4300003051758,58.2599983215332,59.0699996948242,9327100,59.0699996948242
"2019-09-20",60.9099998474121,61.1500015258789,58.2799987792969,60.4099998474121,21290300,60.4099998474121
"2019-09-23",60.439998626709,61.5400009155273,60.1500015258789,60.5400009155273,3647400,60.5400009155273
"2019-09-24",60.3800010681152,61.2210006713867,56.689998626709,56.9000015258789,4253100,56.9000015258789
"2019-09-25",56.6399993896484,56.9290008544922,54.5999984741211,55,6614400,55
"2019-09-26",54.7400016784668,55.2999992370605,53.4199981689453,54.4000015258789,5044500,54.4000015258789
"2019-09-27",54.689998626709,55.1599998474121,53.7400016784668,54.810001373291,2540300,54.810001373291
"2019-09-30",54.9799995422363,56.5800018310547,54.8499984741211,56.5,2507500,56.5
"2019-10-01",56.7200012207031,57.3279991149902,55.1539993286133,55.2999992370605,2172100,55.2999992370605
"2019-10-02",54.5800018310547,54.6699981689453,52.8499984741211,53.9099998474121,3066300,53.9099998474121
"2019-10-03",53.8300018310547,55.8400001525879,53.4799995422363,55.8199996948242,2755400,55.8199996948242
"2019-10-04",57.1500015258789,58.0900001525879,55.6100006103516,56.4799995422363,2638000,56.4799995422363
"2019-10-07",55.8400001525879,56.7029991149902,55.3300018310547,55.9199981689453,2751100,55.9199981689453
"2019-10-08",55.0400009155273,55.939998626709,54.5999984741211,55.2099990844727,2436700,55.2099990844727
"2019-10-09",55.5499992370605,57.7970008850098,55.2900009155273,57.2050018310547,2174100,57.2050018310547
"2019-10-10",56.9000015258789,58.4900016784668,56.1399993896484,57.7700004577637,2623100,57.7700004577637
"2019-10-11",58.75,60.3899993896484,58.75,59.2599983215332,2804400,59.2599983215332
"2019-10-14",59.2200012207031,59.7999992370605,58.5299987792969,59.1100006103516,1500600,59.1100006103516
"2019-10-15",59.2700004577637,60.8819999694824,58.9160003662109,60.0200004577637,1627000,60.0200004577637
"2019-10-16",60.0200004577637,60.1300010681152,58.2900009155273,58.5499992370605,2319900,58.5499992370605
"2019-10-17",59.189998626709,60.7999992370605,58.7999992370605,60.4199981689453,1762900,60.4199981689453
"2019-10-18",59.2000007629395,59.5,56.7999992370605,57.6100006103516,2921400,57.6100006103516
"2019-10-21",58.1300010681152,58.5299987792969,57.6500015258789,58.0400009155273,1200300,58.0400009155273
"2019-10-22",58.1800003051758,58.1800003051758,56.6699981689453,56.8300018310547,2424000,56.8300018310547
"2019-10-23",56.6800003051758,57.3819999694824,56.1599998474121,56.6399993896484,2037900,56.6399993896484
"2019-10-24",56.9700012207031,58.3250007629395,55.7999992370605,57.75,3876600,57.75
"2019-10-25",57.4099998474121,59,55.6699981689453,58.6699981689453,4683900,58.6699981689453
"2019-10-28",59.2400016784668,59.3800010681152,57.1450004577637,57.3199996948242,2663900,57.3199996948242
"2019-10-29",57.3199996948242,57.3199996948242,53.6199989318848,54.4099998474121,4615800,54.4099998474121
"2019-10-30",54.5499992370605,54.810001373291,51.8600006103516,52.7999992370605,7103600,52.7999992370605
"2019-10-31",46.3800010681152,46.6300010681152,43.5499992370605,44.4900016784668,16320100,44.4900016784668
"2019-11-01",44.4500007629395,46.7200012207031,43.939998626709,45.6549987792969,6325700,45.6549987792969
"2019-11-04",45.8800010681152,45.9500007629395,44.6510009765625,44.7400016784668,4870100,44.7400016784668
"2019-11-05",44.8499984741211,44.9129981994629,43.1399993896484,43.2299995422363,3556000,43.2299995422363
"2019-11-06",43.2299995422363,43.3300018310547,42,42.6199989318848,3972400,42.6199989318848
"2019-11-07",42.7400016784668,43,41.4199981689453,41.8600006103516,3467600,41.8600006103516
"2019-11-08",41.7200012207031,42.5800018310547,41.4700012207031,41.9900016784668,3333500,41.9900016784668
"2019-11-11",41.7700004577637,42.0800018310547,40.7799987792969,40.8300018310547,4376500,40.8300018310547
"2019-11-12",41.1199989318848,41.9500007629395,40.4500007629395,40.7999992370605,5035500,40.7999992370605
"2019-11-13",40.6399993896484,40.75,39.810001373291,40.6800003051758,3108100,40.6800003051758
"2019-11-14",40.5999984741211,42.0270004272461,40.5,41.8400001525879,4456300,41.8400001525879
"2019-11-15",42.2999992370605,42.9799995422363,41.7400016784668,42,5042300,42
"2019-11-18",42.060001373291,42.6500015258789,41.8800010681152,41.9900016784668,2948100,41.9900016784668
"2019-11-19",42.3600006103516,42.7299995422363,40.7299995422363,40.8600006103516,3101100,40.8600006103516
"2019-11-20",40.9700012207031,41.6500015258789,40.060001373291,40.6399993896484,5079400,40.6399993896484
"2019-11-21",40.7999992370605,41.5589981079102,40.5099983215332,41.4799995422363,3494100,41.4799995422363
"2019-11-22",41.6399993896484,42.4000015258789,41.2799987792969,41.8400001525879,2201500,41.8400001525879
"2019-11-25",42.2299995422363,43.2789993286133,42.2299995422363,42.7700004577637,2697200,42.7700004577637
"2019-11-26",43,44.2649993896484,43,43.3800010681152,3565000,43.3800010681152
"2019-11-27",43.7299995422363,44.7000007629395,43.560001373291,44.4249992370605,2439300,44.4249992370605
"2019-11-29",44.4199981689453,44.689998626709,43.2099990844727,43.3899993896484,1486000,43.3899993896484
"2019-12-02",43.7099990844727,43.75,41.7299995422363,43.1199989318848,2819200,43.1199989318848
"2019-12-03",41.9199981689453,42.9700012207031,41.689998626709,42.6300010681152,2269000,42.6300010681152
"2019-12-04",42.9900016784668,43.2900009155273,41.9700012207031,42.1399993896484,2500400,42.1399993896484
"2019-12-05",40.4700012207031,41.8199996948242,39.7599983215332,41.0699996948242,6423700,41.0699996948242
"2019-12-06",41.2799987792969,42.3300018310547,40.9799995422363,41.2299995422363,2388100,41.2299995422363
"2019-12-09",41.2599983215332,41.9799995422363,40.9599990844727,41.1599998474121,2176100,41.1599998474121
"2019-12-10",41.0099983215332,41.0999984741211,40.1049995422363,40.5099983215332,1929700,40.5099983215332
"2019-12-11",40.5400009155273,41.2799987792969,40.4000015258789,41.0299987792969,1320800,41.0299987792969
"2019-12-12",41.0099983215332,42.2799987792969,40.9000015258789,41.9799995422363,2201100,41.9799995422363
"2019-12-13",43.0999984741211,43.3699989318848,41.9000015258789,42.2900009155273,2158100,42.2900009155273
"2019-12-16",42.4900016784668,43.5299987792969,42.3300018310547,43.0999984741211,3068400,43.0999984741211
"2019-12-17",43.0900001525879,43.189998626709,41.939998626709,43.0499992370605,3012400,43.0499992370605
"2019-12-18",43.2999992370605,43.2999992370605,42.2150001525879,42.3400001525879,2606900,42.3400001525879
"2019-12-19",42.6699981689453,44.439998626709,42.5950012207031,43.939998626709,3406200,43.939998626709
"2019-12-20",44.2099990844727,44.5099983215332,43.5299987792969,44.060001373291,3000600,44.060001373291
"2019-12-23",44.310001373291,45.1150016784668,43.9199981689453,44.7799987792969,1642800,44.7799987792969
"2019-12-24",45.1300010681152,45.2400016784668,44.5499992370605,44.6699981689453,616300,44.6699981689453
"2019-12-26",44.939998626709,45.8199996948242,44.9300003051758,45.4099998474121,1654400,45.4099998474121
"2019-12-27",45.7400016784668,45.9049987792969,44.810001373291,44.9799995422363,1877000,44.9799995422363
"2019-12-30",45.1100006103516,45.4799995422363,44.4199981689453,44.4700012207031,1352200,44.4700012207031
"2019-12-31",44.2000007629395,44.6800003051758,43.75,44.2999992370605,2325000,44.2999992370605
"2020-01-02",44.7099990844727,45.6100006103516,44.7099990844727,45.189998626709,2152300,45.189998626709
"2020-01-03",44.5,45.3199996948242,44.0200004577637,44.9000015258789,2109800,44.9000015258789
"2020-01-06",44.6699981689453,45.189998626709,44.3600006103516,44.8349990844727,2077100,44.8349990844727
"2020-01-07",45,46.1199989318848,44.9000015258789,45.7799987792969,1945500,45.7799987792969
"2020-01-08",45.8400001525879,46.6199989318848,44.875,45.0050010681152,3222700,45.0050010681152
"2020-01-09",45.2999992370605,46.6300010681152,44.7999992370605,46.4300003051758,2428900,46.4300003051758
"2020-01-10",46.7999992370605,46.9599990844727,45.8899993896484,46.1300010681152,1979100,46.1300010681152
"2020-01-13",46.2799987792969,48.125,46.0900001525879,47.9599990844727,3236300,47.9599990844727
"2020-01-14",48.0900001525879,49.3199996948242,48.0200004577637,49.1500015258789,4489000,49.1500015258789
"2020-01-15",49.0900001525879,50.2799987792969,48.5499992370605,48.8600006103516,2945900,48.8600006103516
"2020-01-16",49.3600006103516,51.2400016784668,49.2799987792969,50.9000015258789,3106000,50.9000015258789
"2020-01-17",51.1199989318848,51.6199989318848,50.7099990844727,51.439998626709,2168600,51.439998626709
"2020-01-21",51.3699989318848,51.3899993896484,49.75,50.7000007629395,2980700,50.7000007629395
"2020-01-22",51.060001373291,51.7799987792969,50.0400009155273,50.2400016784668,1789000,50.2400016784668
"2020-01-23",50,50.4599990844727,48.7799987792969,50.2299995422363,2238800,50.2299995422363
"2020-01-24",50.5499992370605,51.2099990844727,50.060001373291,50.5200004577637,2238700,50.5200004577637
"2020-01-27",48.75,49.5800018310547,47.3300018310547,49.3199996948242,2196400,49.3199996948242
"2020-01-28",49.7999992370605,50.4300003051758,49.3800010681152,49.8300018310547,4233100,49.8300018310547
"2020-01-29",49.8300018310547,50.9799995422363,49.8300018310547,50.1500015258789,1903100,50.1500015258789
"2020-01-30",49.6599998474121,50.4099998474121,49.3600006103516,50.2900009155273,1654400,50.2900009155273
"2020-01-31",50.2999992370605,50.3499984741211,48.4799995422363,48.810001373291,2127900,48.810001373291
"2020-02-03",49.0400009155273,49.7999992370605,48.7849998474121,49.3600006103516,1852700,49.3600006103516
"2020-02-04",49.9500007629395,51.25,49.7799987792969,50.7200012207031,1667100,50.7200012207031
"2020-02-05",51.5999984741211,51.5999984741211,49.5,49.5699996948242,1635400,49.5699996948242
"2020-02-06",49.7099990844727,49.75,49.0099983215332,49.4799995422363,1259000,49.4799995422363
"2020-02-07",49.3499984741211,49.9000015258789,48.5999984741211,49.6399993896484,1563700,49.6399993896484
"2020-02-10",49.5699996948242,50.4700012207031,49.4300003051758,50.3699989318848,1396900,50.3699989318848
"2020-02-11",50.4099998474121,51.4500007629395,50.1800003051758,50.560001373291,1391900,50.560001373291
"2020-02-12",51.2900009155273,52.5900001525879,51.0999984741211,52.25,1569600,52.25
"2020-02-13",51.7900009155273,53.1399993896484,51.5,52.9700012207031,2131900,52.9700012207031
"2020-02-14",53.3899993896484,53.5400009155273,52.2000007629395,53.1599998474121,2065900,53.1599998474121
"2020-02-18",53.0200004577637,53.7999992370605,52.6500015258789,53.3199996948242,1819500,53.3199996948242
"2020-02-19",53.7900009155273,54.25,52.9000015258789,53.1800003051758,2700500,53.1800003051758
"2020-02-20",53.3699989318848,55.4749984741211,53.1800003051758,54.3899993896484,3451000,54.3899993896484
"2020-02-21",54.1800003051758,54.2700004577637,52.8400001525879,53.7000007629395,2006000,53.7000007629395
"2020-02-24",50.9700012207031,51.939998626709,50.060001373291,51.3300018310547,3818600,51.3300018310547
"2020-02-25",52.0499992370605,52.7599983215332,49.2000007629395,49.8899993896484,3998100,49.8899993896484
"2020-02-26",50.2900009155273,52.6500015258789,50,50.689998626709,6523100,50.689998626709
"2020-02-27",55.4249992370605,60.0800018310547,53.810001373291,57.9199981689453,13157400,57.9199981689453
"2020-02-28",56.8499984741211,59.8199996948242,56.3219985961914,57.810001373291,5815800,57.810001373291
"2020-03-02",58.0200004577637,59.7900009155273,56.9099998474121,58.8400001525879,5572800,58.8400001525879
"2020-03-03",58.9199981689453,59.9300003051758,56.8199996948242,58.2099990844727,4053300,58.2099990844727
"2020-03-04",59.0800018310547,63.1450004577637,57.8499984741211,62.4599990844727,4779100,62.4599990844727
"2020-03-05",61.0099983215332,63.2400016784668,60.8300018310547,62.1300010681152,3514100,62.1300010681152
"2020-03-06",60.5,62.8800010681152,59.25,60.6500015258789,3726300,60.6500015258789
"2020-03-09",55.6500015258789,59.4599990844727,54.2299995422363,58.5,3751300,58.5
"2020-03-10",60.2000007629395,60.7400016784668,55.3899993896484,57.9700012207031,4110300,57.9700012207031
"2020-03-11",56.5499992370605,56.9700012207031,49.8050003051758,50.2299995422363,6862000,50.2299995422363
"2020-03-12",45.2700004577637,47.8499984741211,43.1199989318848,44.0400009155273,6107600,44.0400009155273
"2020-03-13",46.5,49.060001373291,44.2900009155273,49.0099983215332,3970200,49.0099983215332
"2020-03-16",44.1500015258789,44.2900009155273,40.6699981689453,41.6500015258789,4022500,41.6500015258789
"2020-03-17",42.2799987792969,43.1399993896484,38.9000015258789,42.1199989318848,3308300,42.1199989318848
"2020-03-18",39.6300010681152,40.4000015258789,34.1990013122559,39.25,4642000,39.25
"2020-03-19",37.75,38.4700012207031,33.5890007019043,34.6599998474121,8012500,34.6599998474121
"2020-03-20",35.8800010681152,36.2000007629395,31,31.6900005340576,5864800,31.6900005340576
"2020-03-23",31.6000003814697,33.7400016784668,29.9500007629395,33.0299987792969,4093500,33.0299987792969
"2020-03-24",35.2599983215332,39.0400009155273,34.0299987792969,38.1300010681152,5535000,38.1300010681152
"2020-03-25",38.8699989318848,43.9799995422363,37.6500015258789,41.2900009155273,4982800,41.2900009155273
"2020-03-26",41.2900009155273,44.4000015258789,40.8600006103516,41.8800010681152,4486600,41.8800010681152
"2020-03-27",40.25,40.439998626709,38.0699996948242,38.6699981689453,3805600,38.6699981689453
"2020-03-30",38.189998626709,38.9599990844727,36.7900009155273,38.6699981689453,3033700,38.6699981689453
"2020-03-31",38.439998626709,40.3199996948242,37.3800010681152,38.439998626709,2831700,38.439998626709
"2020-04-01",36.5040016174316,37.5,35.1599998474121,35.4500007629395,2225900,35.4500007629395
"2020-04-02",34.8800010681152,37.0400009155273,33.9599990844727,34.7999992370605,3406800,34.7999992370605
"2020-04-03",34.75,39.5,34.75,38.1500015258789,5504200,38.1500015258789
"2020-04-06",41.0499992370605,46.8699989318848,40.3199996948242,46.4599990844727,9002300,46.4599990844727
"2020-04-07",49.3499984741211,51.060001373291,46.9300003051758,47.689998626709,6562800,47.689998626709
"2020-04-08",48.5,52.0800018310547,47.8699989318848,51,4949900,51
"2020-04-09",52.8199996948242,54.1699981689453,51.6399993896484,53.6800003051758,4105100,53.6800003051758
"2020-04-13",53.4300003051758,55.7900009155273,51.7599983215332,55.439998626709,4305500,55.439998626709
"2020-04-14",55.7599983215332,57.7599983215332,54.7000007629395,57.6599998474121,3852700,57.6599998474121
"2020-04-15",56,57.25,54.9500007629395,56.7200012207031,2187600,56.7200012207031
"2020-04-16",57.4000015258789,59.9900016784668,56.6399993896484,59.7200012207031,3787300,59.7200012207031
"2020-04-17",60.7299995422363,61.6300010681152,59.7599983215332,61.060001373291,3152700,61.060001373291
"2020-04-20",60.7799987792969,66.2539978027344,60.2999992370605,65.0500030517578,6021700,65.0500030517578
"2020-04-21",65.4300003051758,66.5500030517578,60.7000007629395,61.3699989318848,7521000,61.3699989318848
"2020-04-22",63.7000007629395,64.3300018310547,62.2599983215332,62.75,2874300,62.75
"2020-04-23",63.3400001525879,63.4000015258789,61.7799987792969,62.8499984741211,1986800,62.8499984741211
"2020-04-24",64.0500030517578,67.0199966430664,63.6100006103516,66.1900024414062,3529200,66.1900024414062
"2020-04-27",67.370002746582,70.5800018310547,67.25,69.2799987792969,3829500,69.2799987792969
"2020-04-28",70.2200012207031,71.1999969482422,66.0599975585938,66.25,5554600,66.25
"2020-04-29",66.9199981689453,69.1100006103516,65.7699966430664,68.3300018310547,2871900,68.3300018310547
"2020-04-30",67.4800033569336,68.8499984741211,63.7949981689453,64.870002746582,4339700,64.870002746582
"2020-05-01",63.1599998474121,64.5999984741211,61.310001373291,64.4449996948242,3334400,64.4449996948242
"2020-05-04",63.9900016784668,68.1800003051758,63.2099990844727,67.6900024414062,2363900,67.6900024414062
"2020-05-05",70.0999984741211,76.5,70.0299987792969,72.7900009155273,9153400,72.7900009155273
"2020-05-06",74.8499984741211,78.629997253418,72.0800018310547,78.2399978637695,6919500,78.2399978637695
"2020-05-07",74.379997253418,78.8399963378906,73.3099975585938,76.5899963378906,6841500,76.5899963378906
"2020-05-08",76.8600006103516,81.6900024414062,75.3899993896484,80.7099990844727,4847700,80.7099990844727
"2020-05-11",80.370002746582,82.620002746582,79.629997253418,80.2799987792969,3095400,80.2799987792969
"2020-05-12",80.25,82.9700012207031,78.9000015258789,79.0199966430664,3485000,79.0199966430664
"2020-05-13",80.3099975585938,82.4499969482422,76.8899993896484,81.5500030517578,3403400,81.5500030517578
"2020-05-14",80.4499969482422,83.1800003051758,79.7399978637695,81.629997253418,3737300,81.629997253418
"2020-05-15",82.2699966430664,85.8399963378906,80.6100006103516,85.629997253418,3037600,85.629997253418
"2020-05-18",86.9749984741211,88.0199966430664,78.0299987792969,78.1800003051758,6056700,78.1800003051758
"2020-05-19",79.1800003051758,80.2399978637695,76.0100021362305,77.0849990844727,6443900,77.0849990844727
"2020-05-20",78.5500030517578,79.2799987792969,73.3300018310547,75.2949981689453,5099400,75.2949981689453
"2020-05-21",75.5599975585938,75.9300003051758,73.1100006103516,74.3099975585938,3168300,74.3099975585938
"2020-05-22",74.4300003051758,78.1500015258789,73.4029998779297,77.4800033569336,2799000,77.4800033569336
"2020-05-26",78.4199981689453,78.879997253418,73.0699996948242,74.0800018310547,3640800,74.0800018310547
"2020-05-27",72.9000015258789,76.6999969482422,69.3499984741211,76.2399978637695,4427600,76.2399978637695
"2020-05-28",75.9599990844727,80.1999969482422,75.3099975585938,77.8099975585938,2891200,77.8099975585938
"2020-05-29",78.5400009155273,81.6190032958984,78.4000015258789,80.9800033569336,3182800,80.9800033569336
"2020-06-01",80.5,81.9100036621094,78.3399963378906,78.5899963378906,2290400,78.5899963378906
"2020-06-02",78.8600006103516,82.5510025024414,78.0699996948242,81.8600006103516,3021500,81.8600006103516
"2020-06-03",81.8000030517578,82.3300018310547,79.3399963378906,80.6600036621094,2889200,80.6600036621094
"2020-06-04",81.7200012207031,86.0100021362305,79.5400009155273,80.3000030517578,3968700,80.3000030517578
"2020-06-05",80.5199966430664,80.5899963378906,76.0299987792969,78.7200012207031,2982300,78.7200012207031
"2020-06-08",78.0699996948242,78.5,74.8199996948242,76.4700012207031,2984200,76.4700012207031
"2020-06-09",76.4899978637695,78.9800033569336,76.0800018310547,76.370002746582,2208800,76.370002746582
"2020-06-10",80.870002746582,82.9300003051758,78.5100021362305,79.8099975585938,4330700,79.8099975585938
"2020-06-11",78.5599975585938,80.4499969482422,76.7149963378906,77.5199966430664,3711700,77.5199966430664
"2020-06-12",79.0199966430664,80.6699981689453,76.620002746582,79.7600021362305,2542600,79.7600021362305
"2020-06-15",79.0599975585938,84.620002746582,79.0599975585938,83.9100036621094,4233900,83.9100036621094
"2020-06-16",85,85.8600006103516,82.25,84.5500030517578,2547200,84.5500030517578
"2020-06-17",85.7200012207031,87.0999984741211,84.8000030517578,86.3199996948242,1893300,86.3199996948242
"2020-06-18",86.4599990844727,87.2720031738281,85.120002746582,87,1761800,87
"2020-06-19",88,95.7300033569336,87.0699996948242,95.3899993896484,7135900,95.3899993896484
"2020-06-22",95.5800018310547,99.4100036621094,95.5299987792969,96.3000030517578,3761500,96.3000030517578
"2020-06-23",99.0400009155273,103.940002441406,97.2099990844727,101.220001220703,5783200,101.220001220703
"2020-06-24",101.400001525879,103.410003662109,96.5299987792969,98.1699981689453,4065600,98.1699981689453
"2020-06-25",98.3000030517578,102.389999389648,96.5699996948242,101.279998779297,3737700,101.279998779297
"2020-06-26",102.269996643066,104.279998779297,100.175003051758,102.540000915527,4597000,102.540000915527
"2020-06-29",102.110000610352,103.139999389648,98.8000030517578,102.889999389648,3207300,102.889999389648
"2020-06-30",103.26000213623,107.318000793457,102.709999084473,106.230003356934,4232900,106.230003356934
"2020-07-01",105.5,111.76000213623,105.5,111.209999084473,3273500,111.209999084473
"2020-07-02",113.360000610352,113.419998168945,109.180000305176,110.680000305176,2555600,110.680000305176
"2020-07-06",113.220001220703,115.500999450684,111.51000213623,112.970001220703,2557100,112.970001220703
"2020-07-07",112.610000610352,114.720001220703,110.794998168945,112.209999084473,2954900,112.209999084473
"2020-07-08",112.930000305176,114.73999786377,109.485000610352,111.900001525879,3012800,111.900001525879
"2020-07-09",112.150001525879,115.449996948242,111.769996643066,114.51000213623,2289600,114.51000213623
"2020-07-10",113.680000305176,113.995002746582,109.849998474121,111.290000915527,2613400,111.290000915527
"2020-07-13",113,113.75,103.339996337891,104.569999694824,2994300,104.569999694824
"2020-07-14",103.449996948242,104.889999389648,99.1699981689453,103.73999786377,3887300,103.73999786377
"2020-07-15",101.809997558594,103.23999786377,99.129997253418,101.970001220703,2855800,101.970001220703
"2020-07-16",100.620002746582,103.988998413086,99.4100036621094,103.339996337891,2080500,103.339996337891
"2020-07-17",104.419998168945,105.48999786377,101.129997253418,102.709999084473,1851100,102.709999084473
"2020-07-20",102.839996337891,107.129997253418,102.839996337891,106.690002441406,2115100,106.690002441406
"2020-07-21",108,108.709999084473,103.76000213623,104.650001525879,1534500,104.650001525879
"2020-07-22",105.220001220703,106.322998046875,102.660003662109,104.230003356934,1284200,104.230003356934
"2020-07-23",104.970001220703,106.769996643066,100.699996948242,102.459999084473,1456800,102.459999084473
"2020-07-24",100.830001831055,102.730003356934,97.5,101.589996337891,1378700,101.589996337891
"2020-07-27",102.602996826172,106.775001525879,101.589996337891,105.949996948242,1986600,105.949996948242
"2020-07-28",105.629997253418,105.680000305176,101.98999786377,102.449996948242,1736400,102.449996948242
"2020-07-29",104,109.059997558594,104,108.690002441406,2766200,108.690002441406
"2020-07-30",107.891998291016,112.790000915527,107.529998779297,112.379997253418,2305200,112.379997253418
"2020-07-31",116.669998168945,118.480003356934,114.291999816895,118.379997253418,3713200,118.379997253418
"2020-08-03",121,127.169998168945,121,126.620002746582,4663200,126.620002746582
"2020-08-04",128.766998291016,130.080001831055,124.610000610352,129.800003051758,4459900,129.800003051758
"2020-08-05",131.815002441406,136.289993286133,130.360000610352,135.520004272461,9183300,135.520004272461
"2020-08-06",133.679992675781,138.949996948242,126.569999694824,130.660003662109,9819000,130.660003662109
"2020-08-07",131.440002441406,137.779998779297,131,135.059997558594,5898600,135.059997558594
"2020-08-10",139.240005493164,141.410003662109,131.110000610352,134.720001220703,4282400,134.720001220703
"2020-08-11",132.100006103516,132.509994506836,127.169998168945,127.5,4339100,127.5
"2020-08-12",128.529998779297,128.929992675781,121.800003051758,122.050003051758,4748600,122.050003051758
"2020-08-13",122.660003662109,131.720001220703,122.564002990723,128.729995727539,5456900,128.729995727539
"2020-08-14",130.270004272461,130.990005493164,127.519996643066,129.259994506836,2052600,129.259994506836
"2020-08-17",131.399993896484,131.850006103516,128.565002441406,129.720001220703,2192800,129.720001220703
"2020-08-18",130.210006713867,135.345001220703,128.279998779297,133.009994506836,3556000,133.009994506836
"2020-08-19",132.179992675781,133.759994506836,128.610000610352,131.130004882812,2859100,131.130004882812
"2020-08-20",130.259994506836,131.509994506836,129.029998779297,130.089996337891,5722500,130.089996337891
"2020-08-21",129.998992919922,133.080001831055,128.509994506836,130.369995117188,2895700,130.369995117188
"2020-08-24",132.399993896484,133.889999389648,127.830001831055,128.740005493164,3876000,128.740005493164
"2020-08-25",127.954002380371,129.625,124.15299987793,125.480003356934,3601500,125.480003356934
"2020-08-26",126.349998474121,128.679992675781,125.459999084473,126.910003662109,2499200,126.910003662109
"2020-08-27",127.059997558594,127.608001708984,121.709999084473,122.370002746582,2399100,122.370002746582
"2020-08-28",123,123.319999694824,117.769996643066,119.660003662109,3700000,119.660003662109
"2020-08-31",119.660003662109,120.580001831055,116.629997253418,119.699996948242,3322800,119.699996948242
"2020-09-01",121.194999694824,126.050003051758,119.976997375488,125.050003051758,3038300,125.050003051758
"2020-09-02",128.300003051758,129.940002441406,120.25,124.370002746582,3754400,124.370002746582
"2020-09-03",119.809997558594,121.160003662109,113.330001831055,116.199996948242,4775200,116.199996948242
"2020-09-04",114.230003356934,116.819999694824,103.059997558594,112.040000915527,7500200,112.040000915527
"2020-09-08",113.379997253418,118.199996948242,108.370002746582,110.559997558594,9726300,110.559997558594
"2020-09-09",112.705001831055,114.889999389648,109.430000305176,112.709999084473,4741900,112.709999084473
"2020-09-10",113.480003356934,118,110.253997802734,110.569999694824,4157800,110.569999694824
"2020-09-11",113.080001831055,116.589996337891,109.940002441406,110.769996643066,4450500,110.769996643066
"2020-09-14",111.769996643066,115,109.389999389648,112.550003051758,4737500,112.550003051758
"2020-09-15",113.480003356934,114,109.160003662109,111.004997253418,3489800,111.004997253418
"2020-09-16",111.099998474121,112.650001525879,108.53800201416,108.800003051758,2823200,108.800003051758
"2020-09-17",105.290000915527,109.230003356934,104.300003051758,109.230003356934,4116900,109.230003356934
"2020-09-18",110.684997558594,113.290000915527,109.110000610352,111.75,26303600,111.75
"2020-09-21",110.430000305176,116.330001831055,109.792999267578,116.01000213623,4219500,116.01000213623
"2020-09-22",118,119.75,112.599998474121,119.349998474121,4759900,119.349998474121
"2020-09-23",119.290000915527,121.370002746582,114.050003051758,115.089996337891,4063600,115.089996337891
"2020-09-24",112.550003051758,116.099998474121,109.519996643066,113.680000305176,4339000,113.680000305176
"2020-09-25",113.699996948242,118.684997558594,113.01000213623,118.279998779297,2572600,118.279998779297
"2020-09-28",120.370002746582,123.949996948242,119.190002441406,123.690002441406,3456500,123.690002441406
"2020-09-29",123.610000610352,125.699996948242,121.26000213623,123.230003356934,2618000,123.230003356934
"2020-09-30",123.190002441406,125.589996337891,120.139999389648,121.629997253418,2525400,121.629997253418
"2020-10-01",124.099998474121,133.089996337891,123.25,131.690002441406,5745100,131.690002441406
"2020-10-02",127.48999786377,133.330001831055,127.269996643066,131.630004882812,3783100,131.630004882812
"2020-10-05",132.690002441406,136.839996337891,130.699996948242,136.690002441406,2738300,136.690002441406
"2020-10-06",137,139.259994506836,134.100006103516,134.559997558594,3046500,134.559997558594
"2020-10-07",136.630004882812,143.100006103516,136.449996948242,142.660003662109,3804200,142.660003662109
"2020-10-08",145,145.149993896484,139.160003662109,139.539993286133,3202000,139.539993286133
"2020-10-09",140.699996948242,147.300003051758,140.070007324219,146.669998168945,3358800,146.669998168945
"2020-10-12",149,151.20100402832,146.550003051758,147.380004882812,3279300,147.380004882812
"2020-10-13",148.190002441406,154.729995727539,147.610000610352,153.199996948242,3357400,153.199996948242
"2020-10-14",153.800003051758,154.880004882812,147.660003662109,149.970001220703,3173000,149.970001220703
"2020-10-15",145.380004882812,150.899993896484,143.449996948242,150.669998168945,2209400,150.669998168945
"2020-10-16",151.979995727539,152.529998779297,147.149993896484,147.589996337891,1764200,147.589996337891
"2020-10-19",148.75,151.800003051758,146.360000610352,148.369995117188,2326000,148.369995117188
"2020-10-20",147.539993286133,150.240005493164,144.509994506836,144.789993286133,2548600,144.789993286133
"2020-10-21",144.619995117188,145.630004882812,132.690002441406,133.009994506836,5555000,133.009994506836
"2020-10-22",133.899993896484,138,132.845001220703,135.940002441406,3332300,135.940002441406
"2020-10-23",136.160003662109,138.429992675781,134.125,137.845001220703,2099700,137.845001220703
"2020-10-26",137.490005493164,143.110000610352,136.199996948242,139.729995727539,3256200,139.729995727539
"2020-10-27",141.479995727539,147.649993896484,141.294998168945,145.779998779297,4580200,145.779998779297
"2020-10-28",143.300003051758,145.145004272461,138.919998168945,139.639999389648,4827600,139.639999389648
"2020-10-29",138.285003662109,138.940002441406,128.130004882812,132.419998168945,7810900,132.419998168945
"2020-10-30",130.509994506836,131.703002929688,119.709999084473,121.589996337891,5602900,121.589996337891
"2020-11-02",123.227996826172,127.730003356934,121.569999694824,126.440002441406,3837800,126.440002441406
"2020-11-03",127.956001281738,131.990005493164,125.587997436523,130.449996948242,2937200,130.449996948242
"2020-11-04",135.5,138.789993286133,133.509994506836,136.199996948242,3635900,136.199996948242
"2020-11-05",140,144.949996948242,138.125,143.639999389648,2741400,143.639999389648
"2020-11-06",143.679992675781,146.600006103516,140.550003051758,146.279998779297,2591100,146.279998779297
"2020-11-09",130.960006713867,134,116.309997558594,121.199996948242,10639300,121.199996948242
"2020-11-10",126.220001220703,126.400001525879,113.486999511719,119.430000305176,6264800,119.430000305176
"2020-11-11",121.919998168945,131.070007324219,121.790000915527,130.589996337891,5260700,130.589996337891
"2020-11-12",129.639999389648,133.5,125.809997558594,127.029998779297,3876100,127.029998779297
"2020-11-13",128.550003051758,129.994995117188,123.330001831055,124.919998168945,3481700,124.919998168945
"2020-11-16",122.540000915527,127.23999786377,120.5,125.620002746582,3497700,125.620002746582
"2020-11-17",126.709999084473,128.940002441406,123.599998474121,128.820007324219,2503300,128.820007324219
"2020-11-18",127.839996337891,129.240005493164,124.699996948242,127.01000213623,2538600,127.01000213623
"2020-11-19",128,134.699996948242,127.444999694824,134.5,3011100,134.5
"2020-11-20",136.520004272461,143.960006713867,136.264999389648,140.059997558594,4418800,140.059997558594
"2020-11-23",141,143.229995727539,138.220001220703,140.199996948242,2593300,140.199996948242
"2020-11-24",139.990005493164,140.039993286133,133.649993896484,137.600006103516,3329500,137.600006103516
"2020-11-25",138.630004882812,146.949996948242,138.509994506836,145.089996337891,3552000,145.089996337891
"2020-11-27",148.720001220703,160.630004882812,148.529998779297,160.550003051758,5023000,160.550003051758
"2020-11-30",161.940002441406,164.639999389648,153.360000610352,160.699996948242,11341600,160.699996948242
"2020-12-01",161.509994506836,161.509994506836,154.100006103516,154.669998168945,3252100,154.669998168945
"2020-12-02",151.375,155.600006103516,150,154.619995117188,2195900,154.619995117188
"2020-12-03",154.490005493164,157.02099609375,154.199996948242,154.740005493164,2016100,154.740005493164
"2020-12-04",154.130004882812,157.089996337891,153.22200012207,155.029998779297,1967600,155.029998779297
"2020-12-07",155.598007202148,158.880004882812,153.610000610352,156.929992675781,1942500,156.929992675781
"2020-12-08",158.850006103516,167.916000366211,156.800003051758,163.970001220703,3272500,163.970001220703
"2020-12-09",165.940002441406,167.520004272461,157.639999389648,159.229995727539,3891000,159.229995727539
"2020-12-10",157.300003051758,167.619995117188,157,165.300003051758,2593600,165.300003051758
"2020-12-11",166.080001831055,171.660003662109,165.720001220703,170.020004272461,3064500,170.020004272461
"2020-12-14",172.25,176.479995727539,169.660003662109,169.970001220703,3072300,169.970001220703
"2020-12-15",172,179.929992675781,170.509994506836,177.800003051758,3380600,177.800003051758
"2020-12-16",173.690002441406,182.779998779297,171.339996337891,182.339996337891,4292700,182.339996337891
"2020-12-17",184.320007324219,192.089996337891,183.330001831055,188.100006103516,4322600,188.100006103516
"2020-12-18",190.589996337891,191.729995727539,184.690002441406,190.759994506836,5352800,190.759994506836
"2020-12-21",189.160003662109,193,184.550003051758,189.199996948242,3034000,189.199996948242
"2020-12-22",191.110000610352,198.5,190.442993164062,197.380004882812,3372500,197.380004882812
"2020-12-23",196.899993896484,197.380004882812,190.029998779297,190.169998168945,2099300,190.169998168945
"2020-12-24",191.210006713867,193.740005493164,188.080001831055,190.309997558594,1116600,190.309997558594
"2020-12-28",193.580001831055,194,175.839996337891,178.119995117188,4221700,178.119995117188
"2020-12-29",179.645004272461,180,173.690002441406,177.009994506836,2359700,177.009994506836
"2020-12-30",178.300003051758,183.410003662109,176.119995117188,183.179992675781,2125600,183.179992675781
"2020-12-31",183.130004882812,183.380004882812,175.800003051758,177.910003662109,2076900,177.910003662109
"2021-01-04",179.520004272461,181.600006103516,168.251998901367,172.080001831055,3262000,172.080001831055
"2021-01-05",170.190002441406,175.770004272461,169.061996459961,174.979995727539,2168200,174.979995727539
"2021-01-06",172.110000610352,173.160003662109,166.330001831055,167.570007324219,2966000,167.570007324219
"2021-01-07",170.300003051758,173.5,167.25,170.789993286133,2785200,170.789993286133
"2021-01-08",172.910003662109,179.729995727539,171.759994506836,175.649993896484,2470400,175.649993896484
"2021-01-11",174.100006103516,187.759994506836,171.020004272461,183.039993286133,3821000,183.039993286133
"2021-01-12",185.059997558594,211.850006103516,184.75,205.149993896484,9353800,205.149993896484
"2021-01-13",204.610000610352,209.039993286133,200.869995117188,207.029998779297,2925000,207.029998779297
"2021-01-14",207.25,221.119995117188,207,211.520004272461,5038600,211.520004272461
"2021-01-15",211.210006713867,211.990005493164,197.160003662109,204.419998168945,3601500,204.419998168945
"2021-01-19",208.660003662109,221.339996337891,208,221.309997558594,4515000,221.309997558594
"2021-01-20",223.429992675781,225.740005493164,213.720001220703,215.690002441406,3436300,215.690002441406
"2021-01-21",218.550003051758,221.440002441406,212.300003051758,212.539993286133,2939900,212.539993286133
"2021-01-22",211.169998168945,215.145004272461,209.139999389648,213.589996337891,2162700,213.589996337891
"2021-01-25",217,221.440002441406,205.399993896484,208.809997558594,2341400,208.809997558594
"2021-01-26",225.940002441406,226.725006103516,203,204.410003662109,8013800,204.410003662109
"2021-01-27",199.25,205.649993896484,192,193.369995117188,3648200,193.369995117188
"2021-01-28",196.434997558594,207.130004882812,193.130004882812,202.410003662109,2986300,202.410003662109
"2021-01-29",201.649993896484,203.669998168945,193.679992675781,199.089996337891,2271100,199.089996337891
"2021-02-01",201.679992675781,204.615005493164,195.679992675781,203.770004272461,1800700,203.770004272461
"2021-02-02",207.399993896484,213.42399597168,206.34700012207,210.289993286133,1976300,210.289993286133
"2021-02-03",211.759994506836,215.160003662109,208.018997192383,210.070007324219,1727000,210.070007324219
"2021-02-04",211.699996948242,221.957992553711,211.699996948242,220.839996337891,3185600,220.839996337891
"2021-02-05",222,239.470001220703,220.320007324219,231.119995117188,3817600,231.119995117188
"2021-02-08",233.139999389648,238.949996948242,226.350006103516,231.690002441406,2989400,231.690002441406
"2021-02-09",229.259994506836,231.649993896484,226.649993896484,229.869995117188,1664300,229.869995117188
"2021-02-10",232.190002441406,232.244003295898,220.520004272461,225.649993896484,1689600,225.649993896484
"2021-02-11",227.102005004883,230.039993286133,223.729995727539,226.050003051758,1521400,226.050003051758
"2021-02-12",227.710006713867,235.100006103516,224.570007324219,233.860000610352,1808200,233.860000610352
"2021-02-16",238.949996948242,239.25,226.095001220703,228.320007324219,2165900,228.320007324219
"2021-02-17",224.919998168945,225,214.070007324219,222.410003662109,2391700,222.410003662109
"2021-02-18",216.050003051758,225.309997558594,215.10400390625,220.820007324219,1525700,220.820007324219
"2021-02-19",224.089996337891,230.429992675781,223.610000610352,227.270004272461,1828100,227.270004272461
"2021-02-22",222.860000610352,225.660003662109,211.75,213.119995117188,2652200,213.119995117188
"2021-02-23",203.070007324219,211.919006347656,191,210.75,3646100,210.75
"2021-02-24",209.990005493164,212.878005981445,202.264999389648,209.100006103516,2179000,209.100006103516
"2021-02-25",205.085006713867,214,194.770004272461,197.580001831055,3698700,197.580001831055
"2021-02-26",224,232.289993286133,206.369995117188,220.270004272461,11049000,220.270004272461
"2021-03-01",224.570007324219,248.449996948242,223.649993896484,244.580001831055,6681200,244.580001831055
"2021-03-02",243.5,251.860000610352,236.779998779297,238.429992675781,3690900,238.429992675781
"2021-03-03",235.199996948242,238.289993286133,206.789993286133,208.610000610352,7227300,208.610000610352
"2021-03-04",207.509994506836,212.970001220703,186.990005493164,198.100006103516,6511400,198.100006103516
"2021-03-05",201.009994506836,203.434997558594,179.229995727539,200.300003051758,5644800,200.300003051758
"2021-03-08",199.535003662109,209.559997558594,189.800003051758,190.259994506836,3910100,190.259994506836
"2021-03-09",202.970001220703,210.130004882812,198.860992431641,206.789993286133,3710000,206.789993286133
"2021-03-10",212.960006713867,215.485000610352,203.25,205.929992675781,2739200,205.929992675781
"2021-03-11",214.970001220703,224,212.725006103516,220.839996337891,3406000,220.839996337891
"2021-03-12",212.279998779297,222.669998168945,205,221.139999389648,2763700,221.139999389648
"2021-03-15",220.529998779297,223.5,216.009994506836,223.229995727539,2574500,223.229995727539
"2021-03-16",226.889999389648,228,210.75,215.979995727539,2451900,215.979995727539
"2021-03-17",208.5,221.190002441406,204.529998779297,218.440002441406,4325400,218.440002441406
"2021-03-18",211.395004272461,219.718002319336,208.869995117188,209.509994506836,3421800,209.509994506836
"2021-03-19",210.311996459961,224.106994628906,209.399993896484,215.410003662109,4843300,215.410003662109
"2021-03-22",219.552993774414,223.188003540039,217,219.770004272461,3136200,219.770004272461
"2021-03-23",222.615997314453,231.339996337891,218.089996337891,219.669998168945,3754800,219.669998168945
"2021-03-24",220.850006103516,221,197.869995117188,199.179992675781,3866000,199.179992675781
"2021-03-25",193.330001831055,201.095001220703,190.5,196.199996948242,3432800,196.199996948242
"2021-03-26",197.494003295898,202.550003051758,193.649993896484,202.320007324219,2667400,202.320007324219
"2021-03-29",203.419998168945,204,195.154998779297,196.309997558594,2026000,196.309997558594
"2021-03-30",192.800003051758,203.660003662109,191,198.869995117188,2648700,198.869995117188
"2021-03-31",202.899993896484,208.490005493164,201.339996337891,201.669998168945,2512600,201.669998168945
"2021-04-01",206.438003540039,212.139999389648,205.399993896484,208.199996948242,1775500,208.199996948242
"2021-04-05",211.990005493164,211.990005493164,196.130004882812,197.199996948242,3628800,197.199996948242
"2021-04-06",199.436004638672,208.570007324219,197.313003540039,206.009994506836,3038800,206.009994506836
"2021-04-07",204.5,205.75,199.274993896484,204.020004272461,2208100,204.020004272461
"2021-04-08",206,216.289993286133,205.794998168945,215.389999389648,3606000,215.389999389648
"2021-04-09",214.240005493164,221.669998168945,212.860000610352,218.570007324219,2723500,218.570007324219
"2021-04-12",216.873001098633,220.509994506836,214.100006103516,218.130004882812,1878900,218.130004882812
"2021-04-13",222.445007324219,225.839996337891,220.292007446289,224.029998779297,2023600,224.029998779297
"2021-04-14",225.039993286133,227,216.190002441406,218.070007324219,1723200,218.070007324219
"2021-04-15",221.369995117188,223.5,216.309997558594,219.289993286133,1818900,219.289993286133
"2021-04-16",220.300003051758,221.136993408203,213.600006103516,219.990005493164,1525000,219.990005493164
"2021-04-19",216.875,219.190002441406,211.869995117188,213.190002441406,2236600,213.190002441406
"2021-04-20",212,212.5,200.880004882812,206.860000610352,2768200,206.860000610352
"2021-04-21",204.339996337891,210.820007324219,202.330001831055,209.759994506836,1687000,209.759994506836
"2021-04-22",209.830001831055,215.460006713867,207.503005981445,210.279998779297,1701400,210.279998779297
"2021-04-23",212.600006103516,216.75,211,214.589996337891,1475700,214.589996337891
"2021-04-26",211,212,203.800003051758,205.179992675781,4198900,205.179992675781
"2021-04-27",206.160003662109,210.800003051758,206,207.490005493164,2288800,207.490005493164
"2021-04-28",206.259994506836,212.970001220703,202.5,211.350006103516,1898700,211.350006103516
"2021-04-29",212.279998779297,212.339996337891,201.800994873047,208.800003051758,2316800,208.800003051758
"2021-04-30",206.339996337891,207.949996948242,198.080001831055,198.789993286133,3159100,198.789993286133
"2021-05-03",200.399993896484,200.910003662109,189.270004272461,190.710006713867,3607100,190.710006713867
"2021-05-04",185.110000610352,191.289993286133,183.199996948242,188.449996948242,3529400,188.449996948242
"2021-05-05",190.990005493164,194.990005493164,181.509994506836,184.570007324219,5624600,184.570007324219
"2021-05-06",167.009994506836,170.647994995117,154,157.679992675781,15673700,157.679992675781
"2021-05-07",163.929992675781,165.617004394531,158.649993896484,165.509994506836,5859700,165.509994506836
"2021-05-10",163.009994506836,170.979995727539,161.779998779297,167.130004882812,5095400,167.130004882812
"2021-05-11",159.550003051758,170.75,158.710006713867,169.839996337891,4017000,169.839996337891
"2021-05-12",165.330001831055,169.070007324219,158.410003662109,159.339996337891,3313600,159.339996337891
"2021-05-13",163.337005615234,164.5,153.800003051758,156.589996337891,3093200,156.589996337891
"2021-05-14",159.009994506836,163.839996337891,157.139999389648,163.110000610352,2330500,163.110000610352
"2021-05-17",162.67399597168,165.399993896484,160.059997558594,165.179992675781,1933200,165.179992675781
"2021-05-18",165.809997558594,170.110000610352,164.600006103516,167.25,3103200,167.25
"2021-05-19",164.298004150391,166.270004272461,161.389999389648,165.419998168945,2511900,165.419998168945
"2021-05-20",166.279998779297,175.139999389648,166.020004272461,172.360000610352,3159800,172.360000610352
"2021-05-21",173,173.5,167.130004882812,167.559997558594,2527600,167.559997558594
"2021-05-24",169.729995727539,169.899993896484,164.220001220703,165.179992675781,2404400,165.179992675781
"2021-05-25",166.869995117188,170.619995117188,166.429992675781,167.050003051758,1558800,167.050003051758
"2021-05-26",168.199996948242,169.399993896484,166.559997558594,168.220001220703,1423800,168.220001220703
"2021-05-27",168.610000610352,168.610000610352,162.5,166.740005493164,2984200,166.740005493164
"2021-05-28",166.100006103516,167.854995727539,164.619995117188,164.729995727539,1974400,164.729995727539
"2021-06-01",165.949996948242,167.320007324219,161.884002685547,163.460006713867,2448900,163.460006713867
"2021-06-02",164.419998168945,176.850006103516,163.649993896484,175.139999389648,4900600,175.139999389648
"2021-06-03",172.080001831055,172.580001831055,165.110000610352,165.740005493164,3336600,165.740005493164
"2021-06-04",167.410003662109,168.300003051758,162.395004272461,164.179992675781,2270800,164.179992675781
"2021-06-07",164.559997558594,169.5,163.880004882812,168.320007324219,2763700,168.320007324219
"2021-06-08",166.360000610352,171.899993896484,166.360000610352,170.210006713867,2623300,170.210006713867
"2021-06-09",172.175003051758,174.690002441406,167.009994506836,167.300003051758,5125600,167.300003051758
"2021-06-10",167.050003051758,170.029998779297,166.070007324219,167.149993896484,2348200,167.149993896484
"2021-06-11",167.770004272461,168.24299621582,164.660003662109,165.820007324219,2432200,165.820007324219
"2021-06-14",166.770004272461,172.184005737305,166.050003051758,170.300003051758,2668900,170.300003051758
"2021-06-15",171.869995117188,172,163.820007324219,166.059997558594,2633600,166.059997558594
"2021-06-16",167.350006103516,169.289993286133,164.520004272461,167.369995117188,2561000,167.369995117188
"2021-06-17",166.020004272461,172.309997558594,165.520004272461,169.639999389648,2503200,169.639999389648
"2021-06-18",168.990005493164,171.369995117188,167.690002441406,169.820007324219,3505300,169.820007324219
"2021-06-21",169.75,171.860000610352,165.149993896484,170.789993286133,2134900,170.789993286133
"2021-06-22",170.630004882812,179,170.589996337891,177.979995727539,4224400,177.979995727539
"2021-06-23",179.110000610352,182.210006713867,178.119995117188,179.449996948242,2934800,179.449996948242
"2021-06-24",181.449996948242,184.960006713867,178.770004272461,181.520004272461,2574600,181.520004272461
"2021-06-25",183.770004272461,187.988006591797,183.10400390625,184.800003051758,3087600,184.800003051758
"2021-06-28",187.770004272461,199.179992675781,187.770004272461,198.410003662109,4933000,198.410003662109
"2021-06-29",198.809997558594,203.554992675781,195.020004272461,202.529998779297,3828100,202.529998779297
"2021-06-30",202.460006713867,206.619995117188,201.360000610352,205.839996337891,3117100,205.839996337891
"2021-07-01",206.410003662109,207.841995239258,198.229995727539,199.509994506836,3265900,199.509994506836
"2021-07-02",200.199996948242,202.393005371094,195.830001831055,197.570007324219,1805500,197.570007324219
"2021-07-06",197.389999389648,199.130004882812,193.080001831055,197.809997558594,2479000,197.809997558594
"2021-07-07",198.539993286133,199.009994506836,190.339996337891,192.899993896484,1795300,192.899993896484
"2021-07-08",186,196.643005371094,185.100006103516,196.020004272461,1761400,196.020004272461
"2021-07-09",196.410003662109,196.949996948242,193.520004272461,195.089996337891,1606200,195.089996337891
"2021-07-12",196.050003051758,200.029998779297,190.233001708984,194.300003051758,2697500,194.300003051758
"2021-07-13",193.990005493164,193.990005493164,188,188.5,2543500,188.5
"2021-07-14",189.789993286133,190.580001831055,182.311004638672,182.860000610352,2855600,182.860000610352
"2021-07-15",182.860000610352,186.690002441406,179.710006713867,182.300003051758,2368700,182.300003051758
"2021-07-16",183.550003051758,187.479995727539,183.199996948242,184.419998168945,1878000,184.419998168945
"2021-07-19",181.110000610352,192.460006713867,180.240005493164,190.330001831055,2600900,190.330001831055
"2021-07-20",192.5,195.770004272461,187.789993286133,194.869995117188,2118500,194.869995117188
"2021-07-21",194.070007324219,195.919998168945,191.039993286133,195.800003051758,1467900,195.800003051758
"2021-07-22",196.929992675781,202.979995727539,196.929992675781,201.850006103516,2625900,201.850006103516
"2021-07-23",202.229995727539,211.820007324219,199.690002441406,208.860000610352,2789200,208.860000610352
"2021-07-26",207.470001220703,209.25,205.5,206.050003051758,1588600,206.050003051758
"2021-07-27",205.679992675781,206.360000610352,191.820007324219,199.479995727539,2793400,199.479995727539
"2021-07-28",200.470001220703,204.770004272461,199.270004272461,202.940002441406,1688400,202.940002441406
"2021-07-29",202.339996337891,204.110000610352,197.889999389648,198.979995727539,1429300,198.979995727539
"2021-07-30",190.619995117188,192.550003051758,182.389999389648,183.509994506836,4757100,183.509994506836
"2021-08-02",186.130004882812,192.520004272461,182.610000610352,188.889999389648,2651500,188.889999389648
"2021-08-03",189.369995117188,193.770004272461,187.270004272461,190.460006713867,2600900,190.460006713867
"2021-08-04",192.539993286133,205.889999389648,191.675003051758,202.100006103516,6194500,202.100006103516
"2021-08-05",175,193.348007202148,174.904998779297,182.410003662109,10977700,182.410003662109
"2021-08-06",183.00700378418,183.320007324219,177.625,178.360000610352,4167100,178.360000610352
"2021-08-09",178,186.75,177.798004150391,183.100006103516,3241900,183.100006103516
"2021-08-10",183.220001220703,190.369995117188,183.220001220703,188.460006713867,2804800,188.460006713867
"2021-08-11",187.649993896484,194.25,186.630004882812,193.960006713867,2828400,193.960006713867
"2021-08-12",193.240005493164,196.455001831055,189.479995727539,193.240005493164,1498800,193.240005493164
"2021-08-13",192.529998779297,193,189.522003173828,192.080001831055,1384000,192.080001831055
"2021-08-16",191.369995117188,192.339996337891,186.759994506836,190.419998168945,2150200,190.419998168945
"2021-08-17",188.270004272461,194.809997558594,187.589996337891,194.300003051758,2369200,194.300003051758
"2021-08-18",193.830001831055,197.419998168945,190.270004272461,190.800003051758,2115200,190.800003051758
"2021-08-19",189.699996948242,196.990005493164,188.020004272461,192.279998779297,2567000,192.279998779297
"2021-08-20",192.220001220703,199.320007324219,192.220001220703,199.270004272461,2437700,199.270004272461
"2021-08-23",199.399993896484,200.25,193.559997558594,196.580001831055,2435700,196.580001831055
"2021-08-24",198.649993896484,201.550003051758,194.720001220703,201.399993896484,2080700,201.399993896484
"2021-08-25",201.300003051758,203.789993286133,197.979995727539,202.279998779297,1166200,202.279998779297
"2021-08-26",203,215.979995727539,202.429992675781,212.589996337891,4068600,212.589996337891
"2021-08-27",210,212.839996337891,208.350006103516,210.399993896484,2028900,210.399993896484
"2021-08-30",210.759994506836,218.955993652344,210.399993896484,217.710006713867,1821700,217.710006713867
"2021-08-31",217.229995727539,217.929992675781,211.570007324219,216.259994506836,1894900,216.259994506836
"2021-09-01",216.589996337891,220.929992675781,215.809997558594,216.779998779297,2161200,216.779998779297
"2021-09-02",217.320007324219,219.5,213.100006103516,213.490005493164,1602400,213.490005493164
"2021-09-03",213.050003051758,221.360000610352,212.399993896484,220.380004882812,1908900,220.380004882812
"2021-09-07",219.964996337891,220,212.080001831055,216.440002441406,2000700,216.440002441406
"2021-09-08",217,217.979995727539,213.389999389648,214.770004272461,1641800,214.770004272461
"2021-09-09",214.330001831055,218.949996948242,214.050003051758,216.630004882812,1346100,216.630004882812
"2021-09-10",219.100006103516,221.860000610352,216.850006103516,217.020004272461,1401300,217.020004272461
"2021-09-13",215.389999389648,215.559997558594,205.389999389648,212.600006103516,1887700,212.600006103516
"2021-09-14",213.089996337891,217.850006103516,212.550003051758,214.309997558594,1518700,214.309997558594
"2021-09-15",214.940002441406,218.695007324219,211.639999389648,217.419998168945,1586900,217.419998168945
"2021-09-16",216.910003662109,224.229995727539,215.899993896484,224.149993896484,1902500,224.149993896484
"2021-09-17",224.339996337891,228.889999389648,223.479995727539,226.979995727539,3405400,226.979995727539
"2021-09-20",219.494995117188,223.240005493164,213.929992675781,217.660003662109,2328400,217.660003662109
"2021-09-21",220.869995117188,222.449996948242,215.429992675781,220.589996337891,1478900,220.589996337891
"2021-09-22",220.470001220703,221.369995117188,217.384994506836,219.369995117188,1669600,219.369995117188
"2021-09-23",219.759994506836,225.470001220703,219.169998168945,223.660003662109,2096700,223.660003662109
"2021-09-24",222.085006713867,223.970001220703,218.380004882812,222.850006103516,1310400,222.850006103516
"2021-09-27",220.759994506836,226,219.5,225.779998779297,1554600,225.779998779297
"2021-09-28",222.490005493164,224.190002441406,207.770004272461,212.350006103516,2694800,212.350006103516
"2021-09-29",213.865005493164,215.449996948242,205.070007324219,205.300003051758,1921300,205.300003051758
"2021-09-30",206.589996337891,211.179992675781,206.375,207.960006713867,1996800,207.960006713867
"2021-10-01",206.770004272461,208.330001831055,198.509994506836,204.369995117188,1995300,204.369995117188
"2021-10-04",200.270004272461,201.149993896484,194.369995117188,198.720001220703,1882100,198.720001220703
"2021-10-05",200.059997558594,204.929992675781,198.800003051758,203.639999389648,1286400,203.639999389648
"2021-10-06",201.589996337891,209.660003662109,201,209.529998779297,1539500,209.529998779297
"2021-10-07",212.149993896484,219.119995117188,211.009994506836,216.520004272461,1802300,216.520004272461
"2021-10-08",216.429992675781,219.486999511719,211.25,212.020004272461,1695300,212.020004272461
"2021-10-11",210.279998779297,210.649993896484,202.169998168945,202.339996337891,2212300,202.339996337891
"2021-10-12",204.759994506836,214.860000610352,203.050003051758,213.139999389648,2236200,213.139999389648
"2021-10-13",214.869995117188,216.75,212.429992675781,213.75,1032500,213.75
"2021-10-14",216.149993896484,221.139999389648,215.720001220703,215.899993896484,1378200,215.899993896484
"2021-10-15",218,222.080001831055,216.625,221.089996337891,1389500,221.089996337891
"2021-10-18",220.940002441406,230.843002319336,219.289993286133,228,2519300,228
"2021-10-19",228.289993286133,230.149993896484,226.184997558594,226.410003662109,1432400,226.410003662109
"2021-10-20",228,233.274993896484,224.839996337891,233.119995117188,1997100,233.119995117188
"2021-10-21",232.610000610352,238.725997924805,231.119995117188,235.979995727539,1735200,235.979995727539
"2021-10-22",232.660003662109,242.449996948242,232.660003662109,241.270004272461,1855000,241.270004272461
"2021-10-25",243.5,253.050003051758,243.5,252.570007324219,3496300,252.570007324219
"2021-10-26",252.580001831055,255.759994506836,244.850006103516,247.520004272461,2161800,247.520004272461
"2021-10-27",247.520004272461,250.020004272461,242.520004272461,243.889999389648,1592400,243.889999389648
"2021-10-28",238.779998779297,246.149993896484,234.419998168945,242.75,3192900,242.75
"2021-10-29",239.470001220703,252.764007568359,238.139999389648,250.690002441406,1817900,250.690002441406
"2021-11-01",250.940002441406,251.990005493164,240.820007324219,243.619995117188,2291700,243.619995117188
"2021-11-02",243.660003662109,244.479995727539,236.309997558594,240.630004882812,2359900,240.630004882812
"2021-11-03",243.080001831055,245.399993896484,235.190002441406,239.619995117188,3812600,239.619995117188
"2021-11-04",236.070007324219,283.399993896484,236.070007324219,271.269989013672,7772900,271.269989013672
"2021-11-05",261.980010986328,270.940002441406,256.584014892578,260.119995117188,2710100,260.119995117188
"2021-11-08",264.380004882812,269.269989013672,260.690002441406,260.859985351562,2259200,260.859985351562
"2021-11-09",263.315002441406,265.470001220703,253.029998779297,258.670013427734,1868900,258.670013427734
"2021-11-10",257,257.5,243.380004882812,248.580001831055,1782900,248.580001831055
"2021-11-11",252,255.746002197266,250.919998168945,253.339996337891,973100,253.339996337891
"2021-11-12",256.059997558594,273,254.25,272.149993896484,2741800,272.149993896484
"2021-11-15",272.390014648438,279.489990234375,270.625,272.720001220703,2182500,272.720001220703
"2021-11-16",272.755004882812,290.779998779297,270.049987792969,286.75,2701800,286.75
"2021-11-17",287.595001220703,294.359985351562,280.200012207031,282.320007324219,1494900,282.320007324219
"2021-11-18",285.239990234375,291.450012207031,281.350006103516,290.269989013672,1865800,290.269989013672
"2021-11-19",295.872985839844,299.799987792969,293.459991455078,294.380004882812,2282700,294.380004882812
"2021-11-22",295.609985351562,301,275.260009765625,279.239990234375,2537100,279.239990234375
"2021-11-23",281.510009765625,290.859985351562,276.010009765625,279.529998779297,2837800,279.529998779297
"2021-11-24",283.010009765625,298.179992675781,276.209991455078,296.910003662109,3254200,296.910003662109
"2021-11-26",305.059997558594,307.75,290.269989013672,291.380004882812,1780300,291.380004882812
"2021-11-29",291.390014648438,292.839996337891,278.690002441406,281.480010986328,2207100,281.480010986328
"2021-11-30",282.420013427734,288.838989257812,273.970001220703,274.579986572266,4008900,274.579986572266
"2021-12-01",277.872985839844,279.230010986328,258.867004394531,259.279998779297,2552100,259.279998779297
"2021-12-02",249.029998779297,255.979995727539,243.029998779297,249.559997558594,3270400,249.559997558594
"2021-12-03",249.179992675781,250.490005493164,224.509994506836,231.330001831055,4266700,231.330001831055
"2021-12-06",228.660003662109,231.039993286133,220.324005126953,224.899993896484,2384200,224.899993896484
"2021-12-07",235,245.770004272461,233.720001220703,237.449996948242,3100700,237.449996948242
"2021-12-08",238.649993896484,247.850006103516,233.600006103516,246,2417100,246
"2021-12-09",246,247.479995727539,232.509994506836,234.399993896484,1565000,234.399993896484
"2021-12-10",235,236.149993896484,222.759994506836,225.279998779297,1868800,225.279998779297
"2021-12-13",223.985000610352,224.779998779297,213.25,219.720001220703,1862900,219.720001220703
"2021-12-14",212.690002441406,218.889999389648,209.764999389648,217.660003662109,2010400,217.660003662109
"2021-12-15",220.309997558594,229.410003662109,213.570007324219,229.130004882812,3382100,229.130004882812
"2021-12-16",228.789993286133,230.779998779297,215,218.289993286133,2422000,218.289993286133
"2021-12-17",216.309997558594,226.134002685547,211.360000610352,221.600006103516,3183700,221.600006103516
"2021-12-20",217,220.695007324219,212.649993896484,218.479995727539,1417900,218.479995727539
"2021-12-21",223.289993286133,225.895004272461,216.059997558594,224.779998779297,1556800,224.779998779297
"2021-12-22",224.360000610352,228.649993896484,219.729995727539,225.100006103516,1228500,225.100006103516
"2021-12-23",225.479995727539,229.300003051758,220.770004272461,228.089996337891,1226000,228.089996337891
"2021-12-27",230.720001220703,232.979995727539,226.725006103516,229.669998168945,1459900,229.669998168945
"2021-12-28",231.830001831055,231.964004516602,219.429992675781,221.729995727539,1087300,221.729995727539
"2021-12-29",222.949996948242,224,215.190002441406,221.910003662109,1126600,221.910003662109
"2021-12-30",221.149993896484,226.410003662109,221.044998168945,222.009994506836,875900,222.009994506836
"2021-12-31",222.009994506836,224.729995727539,217.919998168945,218.940002441406,1298800,218.940002441406
"2022-01-03",222.350006103516,223.220001220703,209.660003662109,209.929992675781,2600700,209.929992675781
"2022-01-04",205.919998168945,207.389999389648,194.009994506836,200.990005493164,3700100,200.990005493164
"2022-01-05",199.645004272461,200,186.240005493164,188.350006103516,3550600,188.350006103516
"2022-01-06",185.940002441406,198.242004394531,182.059997558594,196.949996948242,4720600,196.949996948242
"2022-01-07",195.339996337891,198.240005493164,184.669998168945,185.149993896484,2846800,185.149993896484
"2022-01-10",181.479995727539,183.940002441406,172.610000610352,183.710006713867,3623700,183.710006713867
"2022-01-11",182.440002441406,186.113998413086,179.440002441406,182.809997558594,1935500,182.809997558594
"2022-01-12",185.660003662109,187.880004882812,174.690002441406,178.059997558594,2141200,178.059997558594
"2022-01-13",179.190002441406,179.550003051758,166.440002441406,166.800003051758,2660500,166.800003051758
"2022-01-14",164.919998168945,169.039993286133,159.800003051758,163.699996948242,3160700,163.699996948242
"2022-01-18",161.240005493164,166.699996948242,158.199996948242,163.490005493164,3290600,163.490005493164
"2022-01-19",162.169998168945,167.990005493164,161.919998168945,163.139999389648,2908000,163.139999389648
"2022-01-20",171.139999389648,172.360000610352,158.75,159.289993286133,3123500,159.289993286133
"2022-01-21",157.949996948242,159.360000610352,148.210006713867,148.850006103516,4310200,148.850006103516
"2022-01-24",140.570007324219,155.149993896484,136,154.059997558594,7384700,154.059997558594
"2022-01-25",150.570007324219,153.410003662109,142.419998168945,145.130004882812,3499400,145.130004882812
"2022-01-26",152.160003662109,153.800003051758,139.5,141.300003051758,3621000,141.300003051758
"2022-01-27",144.729995727539,148.220001220703,138.880004882812,139.539993286133,2501800,139.539993286133
"2022-01-28",141.220001220703,145.990005493164,138.5,145.949996948242,3137200,145.949996948242
"2022-01-31",146.619995117188,157.419998168945,146.330001831055,157.080001831055,3465200,157.080001831055
"2022-02-01",158.962005615234,159.388000488281,149.679992675781,152.160003662109,3371600,152.160003662109
"2022-02-02",153.315002441406,155.300003051758,135.279006958008,138.039993286133,6245600,138.039993286133
"2022-02-03",133.744995117188,135.860000610352,125.370002746582,126.959999084473,7790800,126.959999084473
"2022-02-04",131.244995117188,136.339996337891,126.525001525879,133.669998168945,4903700,133.669998168945
"2022-02-07",133.699996948242,140.789993286133,133.399993896484,135.660003662109,3146000,135.660003662109
"2022-02-08",134.639999389648,141.770004272461,133.809997558594,141.229995727539,3001200,141.229995727539
"2022-02-09",144.309997558594,146.929992675781,142.350006103516,146.610000610352,2373000,146.610000610352
"2022-02-10",142.270004272461,148.839996337891,140.770004272461,143.029998779297,2052800,143.029998779297
"2022-02-11",144.190002441406,145.649993896484,140.210006713867,141.770004272461,2131400,141.770004272461
"2022-02-14",141.710006713867,145.820007324219,140.199996948242,142.649993896484,1988400,142.649993896484
"2022-02-15",146,148.259994506836,142.660003662109,148.240005493164,2023100,148.240005493164
"2022-02-16",145.320007324219,145.468994140625,138.156997680664,140.410003662109,3141600,140.410003662109
"2022-02-17",138.274993896484,139.160003662109,131.539993286133,132.169998168945,2542000,132.169998168945
"2022-02-18",131.503005981445,132.690002441406,125.839996337891,127.300003051758,3117000,127.300003051758
"2022-02-22",128.179992675781,129.770004272461,120.709999084473,121.339996337891,4083200,121.339996337891
"2022-02-23",123.300003051758,125.75,115.889999389648,116.51000213623,5354800,116.51000213623
"2022-02-24",111.5,129.800003051758,109.379997253418,128.160003662109,9304300,128.160003662109
"2022-02-25",146.888000488281,152.229995727539,131.25,148.940002441406,19472400,148.940002441406
"2022-02-28",148.710006713867,157.429992675781,147,154.889999389648,6287300,154.889999389648
"2022-03-01",156.119995117188,162.940002441406,155,157.529998779297,5566600,157.529998779297
"2022-03-02",157.990005493164,162.996994018555,152.830001831055,162.029998779297,3674700,162.029998779297
"2022-03-03",160.910003662109,163.839996337891,155.970001220703,159.779998779297,3749000,159.779998779297
"2022-03-04",158.600006103516,161,149.720001220703,151.570007324219,3342900,151.570007324219
"2022-03-07",152.990005493164,154.40299987793,136.970001220703,137.490005493164,4217700,137.490005493164
"2022-03-08",137.470001220703,144.75,132.910003662109,138.429992675781,3539500,138.429992675781
"2022-03-09",141.779998779297,145.369995117188,139.050003051758,144.720001220703,3230500,144.720001220703
"2022-03-10",143.399993896484,144.529998779297,133.279998779297,136.979995727539,2599900,136.979995727539
"2022-03-11",136.619995117188,137.132995605469,121.150001525879,121.230003356934,5990300,121.230003356934
"2022-03-14",120.849998474121,127.180000305176,117.379997253418,118.319999694824,3914200,118.319999694824
"2022-03-15",119,125.629997253418,117.400001525879,124.980003356934,3233300,124.980003356934
"2022-03-16",127.98999786377,134.050003051758,126.680000305176,133.809997558594,3232200,133.809997558594
"2022-03-17",132.240005493164,141.889007568359,131.020004272461,141.679992675781,2586200,141.679992675781
"2022-03-18",140.529998779297,149.725006103516,140.279998779297,148,5183200,148
"2022-03-21",146.419998168945,148.289993286133,139.440002441406,142.270004272461,2894400,142.270004272461
"2022-03-22",142.660003662109,151.496994018555,142.039993286133,148.25,2994400,148.25
"2022-03-23",145,149.210006713867,141.440002441406,142.470001220703,2502900,142.470001220703
"2022-03-24",143.240005493164,143.970001220703,136.595001220703,140.960006713867,2044900,140.960006713867
"2022-03-25",141.429992675781,141.460006713867,129.75,132.320007324219,3402600,132.320007324219
"2022-03-28",134.699996948242,139.020004272461,131.100006103516,138.539993286133,2443900,138.539993286133
"2022-03-29",138.990005493164,144.940002441406,137.860000610352,142.919998168945,3084700,142.919998168945
"2022-03-30",140.050003051758,141.839996337891,134.160003662109,134.559997558594,3160700,134.559997558594
"2022-03-31",134.139999389648,134.904998779297,124.230003356934,124.279998779297,3805900,124.279998779297
"2022-04-01",126.230003356934,128.384994506836,122.529998779297,127.050003051758,2961500,127.050003051758
"2022-04-04",128.580001831055,138.880004882812,126.139999389648,136.169998168945,3780000,136.169998168945
"2022-04-05",135.419998168945,136.869995117188,128.610000610352,130.210006713867,3280000,130.210006713867
"2022-04-06",128.179992675781,128.229995727539,121.389999389648,125.470001220703,3524700,125.470001220703
"2022-04-07",124.675003051758,128.869995117188,118.910003662109,120.949996948242,4815600,120.949996948242
"2022-04-08",120.180000305176,120.779998779297,114.569999694824,116.580001831055,3666800,116.580001831055
"2022-04-11",115.129997253418,119.699996948242,113.029998779297,117.220001220703,2933300,117.220001220703
"2022-04-12",120.180000305176,122.455001831055,111.76000213623,112.949996948242,3013800,112.949996948242
"2022-04-13",112.25,118.709999084473,111.209999084473,117.470001220703,2446400,117.470001220703
"2022-04-14",115.824996948242,117.235000610352,112.73999786377,115.790000915527,3780200,115.790000915527
"2022-04-18",115.330001831055,115.5,105.800003051758,110.470001220703,4528200,110.470001220703
"2022-04-19",110.220001220703,118.73999786377,109.228996276855,115.290000915527,4065100,115.290000915527
"2022-04-20",114.290000915527,114.290000915527,104.705001831055,107.410003662109,4829100,107.410003662109
"2022-04-21",109.98999786377,109.98999786377,100.319999694824,101.790000915527,4071800,101.790000915527
"2022-04-22",102.434997558594,103.519996643066,97.4599990844727,98.4100036621094,3623000,98.4100036621094
"2022-04-25",96.8450012207031,103.199996948242,96.5899963378906,102.059997558594,3976400,102.059997558594
"2022-04-26",101.040000915527,102.650001525879,97.0999984741211,100.110000610352,4297500,100.110000610352
"2022-04-27",98.9899978637695,102.25,95.7730026245117,97.5500030517578,4283800,97.5500030517578
"2022-04-28",100.629997253418,103.370002746582,94.3949966430664,101.879997253418,5491400,101.879997253418
"2022-04-29",97,102.26000213623,92.8600006103516,93.1900024414062,7090300,93.1900024414062
"2022-05-02",92.3199996948242,97.2200012207031,90.625,97.0699996948242,5640000,97.0699996948242
"2022-05-03",96.7399978637695,103.470001220703,95.0899963378906,100.529998779297,5615400,100.529998779297
"2022-05-04",100,110.949996948242,96.1009979248047,109.330001831055,8693700,109.330001831055
"2022-05-05",94.2600021362305,95.3000030517578,88.879997253418,90.9300003051758,15386200,90.9300003051758
"2022-05-06",89.6699981689453,90.879997253418,81.1149978637695,86.379997253418,9282100,86.379997253418
"2022-05-09",85.0800018310547,88.9649963378906,82.4100036621094,86.4000015258789,8281500,86.4000015258789
"2022-05-10",89.3099975585938,92.6699981689453,81.5650024414062,84.0599975585938,6098500,84.0599975585938
"2022-05-11",83.7300033569336,86.4899978637695,77.0400009155273,77.8099975585938,8269400,77.8099975585938
"2022-05-12",77.3600006103516,89.879997253418,75.6100006103516,87.8600006103516,10579200,87.8600006103516
"2022-05-13",90,94.5800018310547,88.5400009155273,92.0800018310547,5783200,92.0800018310547
"2022-05-16",91,92.4000015258789,86.25,86.620002746582,4384500,86.620002746582
"2022-05-17",89.1900024414062,91.120002746582,84.1800003051758,88.0599975585938,4480000,88.0599975585938
"2022-05-18",85.0500030517578,85.0500030517578,77.0979995727539,78.8399963378906,6025900,78.8399963378906
"2022-05-19",78.3899993896484,82.3600006103516,76,79.2399978637695,7341900,79.2399978637695
"2022-05-20",81.1699981689453,81.2699966430664,74.6600036621094,78.3399963378906,4880500,78.3399963378906
"2022-05-23",77.870002746582,78,72.6600036621094,76.0699996948242,4663200,76.0699996948242
"2022-05-24",73.7149963378906,74.2399978637695,68.3990020751953,70.2099990844727,5986800,70.2099990844727
"2022-05-25",70.3649978637695,74.4700012207031,69.6699981689453,71.5899963378906,5597300,71.5899963378906
"2022-05-26",72.2600021362305,78.7099990844727,71.25,78.25,4772800,78.25
"2022-05-27",79.0999984741211,82.2399978637695,79,82.1500015258789,3295200,82.1500015258789
"2022-05-31",82.9499969482422,84.8550033569336,80.0199966430664,81.120002746582,6307300,81.120002746582
"2022-06-01",83.379997253418,84.7910003662109,79.5199966430664,80.9400024414062,4080000,80.9400024414062
"2022-06-02",81.4400024414062,87.9400024414062,80.8099975585938,87.2900009155273,3779600,87.2900009155273
"2022-06-03",84.4899978637695,84.9400024414062,80.3939971923828,80.9800033569336,3927100,80.9800033569336
"2022-06-06",82.1900024414062,84.9899978637695,81.0199966430664,83.8300018310547,2831100,83.8300018310547
"2022-06-07",80.9800033569336,82.5800018310547,78.75,81.4800033569336,3789400,81.4800033569336
"2022-06-08",82.3199996948242,87.0199966430664,81.7900009155273,84.879997253418,4137100,84.879997253418
"2022-06-09",83.9499969482422,85.9400024414062,82.234001159668,83.0699996948242,2586400,83.0699996948242
"2022-06-10",79.9599990844727,81.6699981689453,75.2900009155273,75.8399963378906,4329700,75.8399963378906
"2022-06-13",72.1600036621094,74.4000015258789,69.7399978637695,71.370002746582,4630500,71.370002746582
"2022-06-14",71.5699996948242,73.8399963378906,70.1100006103516,71.6100006103516,3426800,71.6100006103516
"2022-06-15",72.5699996948242,77.3300018310547,72.0709991455078,76.0500030517578,3881000,76.0500030517578
"2022-06-16",71.6149978637695,71.8600006103516,67.0100021362305,69,6017000,69
"2022-06-17",69.5,74.3199996948242,69.4300003051758,72.1100006103516,7379200,72.1100006103516
"2022-06-21",73.3349990844727,75.8789978027344,71.4499969482422,71.8099975585938,3267900,71.8099975585938
"2022-06-22",70.7699966430664,75.2900009155273,70.5650024414062,74.0899963378906,2789200,74.0899963378906
"2022-06-23",74.5,79.6100006103516,74.4749984741211,78.7300033569336,3363400,78.7300033569336
"2022-06-24",80,83.6500015258789,79.6100006103516,83.620002746582,3222700,83.620002746582
"2022-06-27",82.0800018310547,84.129997253418,78.6500015258789,80.6500015258789,4921000,80.6500015258789
"2022-06-28",79.1100006103516,80.5,73.9459991455078,74.0400009155273,3936200,74.0400009155273
"2022-06-29",73.0800018310547,75.4000015258789,71.3000030517578,74.8000030517578,2682500,74.8000030517578
"2022-06-30",74.5800018310547,74.7799987792969,70.4599990844727,73.2099990844727,3714000,73.2099990844727
"2022-07-01",74.7300033569336,80.75,74.6999969482422,79.8099975585938,5654700,79.8099975585938
"2022-07-05",79.0899963378906,88.370002746582,77.5899963378906,88.2399978637695,6082300,88.2399978637695
"2022-07-06",88.0999984741211,91.5800018310547,85.2099990844727,85.9400024414062,4285300,85.9400024414062
"2022-07-07",85.0899963378906,90.2099990844727,84.3000030517578,89.6500015258789,4031700,89.6500015258789
"2022-07-08",87.5699996948242,90.6699981689453,86.379997253418,88.75,3050200,88.75
"2022-07-11",87.0999984741211,87.8000030517578,84.1529998779297,86.0699996948242,2603300,86.0699996948242
"2022-07-12",87.7600021362305,89.6699981689453,84.5630035400391,85.5899963378906,3038600,85.5899963378906
"2022-07-13",83.2200012207031,85.7799987792969,81.5800018310547,83.2099990844727,4756200,83.2099990844727
"2022-07-14",83.2900009155273,83.5899963378906,78.2399978637695,79.7300033569336,4338400,79.7300033569336
"2022-07-15",80.1900024414062,83.2099990844727,78.3300018310547,82.5,4152500,82.5
"2022-07-18",84.25,88.1050033569336,83.7900009155273,84.7200012207031,4293600,84.7200012207031
"2022-07-19",86.1699981689453,88.1350021362305,83.9300003051758,87.4400024414062,2414800,87.4400024414062
"2022-07-20",87.879997253418,93.0599975585938,86.9199981689453,92.6600036621094,4274800,92.6600036621094
"2022-07-21",92.5899963378906,97.0299987792969,91.2300033569336,96.870002746582,4720400,96.870002746582
"2022-07-22",96.2399978637695,102.120002746582,95.9400024414062,97.1100006103516,6950000,97.1100006103516
"2022-07-25",96.2099990844727,97.9199981689453,93.620002746582,96.4700012207031,4609000,96.4700012207031
"2022-07-26",91.0500030517578,94.2699966430664,90.1650009155273,93.3000030517578,4816300,93.3000030517578
"2022-07-27",96.6699981689453,98.120002746582,93.5100021362305,95.5,7676000,95.5
"2022-07-28",100.669998168945,106.660003662109,100.300003051758,104.919998168945,9963000,104.919998168945
"2022-07-29",104.110000610352,107.389999389648,102.035003662109,103.720001220703,4485500,103.720001220703
"2022-08-01",101.849998474121,106.879997253418,101.120002746582,103.610000610352,3297000,103.610000610352
"2022-08-02",101.779998779297,105.150001525879,101.339996337891,104.440002441406,2837000,104.440002441406
"2022-08-03",106.25,109.730003356934,104.559997558594,108.5,3402600,108.5
"2022-08-04",109.160003662109,110.690002441406,107.360000610352,109.330001831055,2606700,109.330001831055
"2022-08-05",105.730003356934,111.980003356934,104.819999694824,109.379997253418,2511700,109.379997253418
"2022-08-08",109.330001831055,117.059997558594,109.330001831055,111.980003356934,3228200,111.980003356934
"2022-08-09",109.5,111.099998474121,107.51000213623,108.870002746582,3221200,108.870002746582
"2022-08-10",114,116.940002441406,112.959999084473,116.900001525879,3927200,116.900001525879
"2022-08-11",119.569999694824,120.690002441406,113.48999786377,114.680000305176,4170900,114.680000305176
"2022-08-12",116.800003051758,120.190002441406,115.809997558594,119.910003662109,2971300,119.910003662109
"2022-08-15",118.004997253418,119.660003662109,116.496002197266,117.610000610352,2555000,117.610000610352
"2022-08-16",117.959999084473,123.029998779297,116.209999084473,120.860000610352,3352400,120.860000610352
"2022-08-17",118.620002746582,119,115.809997558594,116.910003662109,2659900,116.910003662109
"2022-08-18",116.800003051758,116.839996337891,112.970001220703,114.449996948242,2510100,114.449996948242
"2022-08-19",111.800003051758,112.48999786377,105.279998779297,107.01000213623,3813700,107.01000213623
"2022-08-22",104.459999084473,106.370002746582,102.519996643066,103.73999786377,2753300,103.73999786377
"2022-08-23",103.5,105.839996337891,102.559997558594,103.73999786377,1802000,103.73999786377
"2022-08-24",105.26000213623,107.809997558594,104.235000610352,105.900001525879,2038500,105.900001525879
"2022-08-25",107.120002746582,108.650001525879,105.313003540039,108.319999694824,1618600,108.319999694824
"2022-08-26",109.569999694824,111.23999786377,103.519996643066,104.25,2608500,104.25
"2022-08-29",101.580001831055,106.860000610352,101.230003356934,104.519996643066,1854300,104.519996643066
"2022-08-30",106.480003356934,109,102.73999786377,105.779998779297,2353600,105.779998779297
"2022-08-31",106.349998474121,108.589996337891,104.860000610352,105.610000610352,2059800,105.610000610352
"2022-09-01",103.069999694824,107.190002441406,100.855003356934,106.129997253418,2771700,106.129997253418
"2022-09-02",109.190002441406,109.339996337891,104.150001525879,105.720001220703,2638700,105.720001220703
"2022-09-06",105.650001525879,106.089996337891,100.910003662109,103.860000610352,2401300,103.860000610352
"2022-09-07",104.440002441406,107.940002441406,102.75,107.360000610352,2316500,107.360000610352
"2022-09-08",105.059997558594,108.870002746582,104.669998168945,108.300003051758,1829600,108.300003051758
"2022-09-09",108.949996948242,111.730003356934,108.650001525879,110.419998168945,2400900,110.419998168945
"2022-09-12",111.040000915527,114.800003051758,110.839996337891,114.080001831055,2461600,114.080001831055
"2022-09-13",108.014999389648,108.430000305176,105.830001831055,107.059997558594,2566500,107.059997558594
"2022-09-14",107.980003356934,111.36499786377,105.529998779297,111.230003356934,2772900,111.230003356934
"2022-09-15",110.860000610352,114.083999633789,110.230003356934,112.349998474121,2383400,112.349998474121
"2022-09-16",109.25,111.150001525879,106.369003295898,108.029998779297,4212400,108.029998779297
"2022-09-19",106.860000610352,111.919998168945,106.809997558594,111.779998779297,2870900,111.779998779297
"2022-09-20",110.150001525879,110.709999084473,103.830001831055,103.970001220703,2884600,103.970001220703
"2022-09-21",104.650001525879,109.065002441406,102.680000305176,104.069999694824,2065600,104.069999694824
"2022-09-22",102.870002746582,104,96.8509979248047,97.4899978637695,3104300,97.4899978637695
"2022-09-23",95.9250030517578,97.8300018310547,94.4000015258789,96.4700012207031,3332700,96.4700012207031
"2022-09-26",96.0699996948242,98.7699966430664,94.1600036621094,94.3000030517578,2482100,94.3000030517578
"2022-09-27",96.9000015258789,98.5,94.4800033569336,96.7300033569336,2658800,96.7300033569336
"2022-09-28",96.3980026245117,102.959999084473,96.3980026245117,102.150001525879,2165100,102.150001525879
"2022-09-29",99.0709991455078,102.160003662109,99,101.519996643066,2947700,101.519996643066
"2022-09-30",100,104.029998779297,99.0999984741211,100.129997253418,2848300,100.129997253418
"2022-10-03",100.809997558594,106.004997253418,100.660003662109,104.98999786377,3057700,104.98999786377
"2022-10-04",108.569999694824,110.769996643066,107.370002746582,110.199996948242,3184900,110.199996948242
"2022-10-05",108.769996643066,113.569999694824,107.639999389648,112.330001831055,2710900,112.330001831055
"2022-10-06",112.889999389648,116.801002502441,112.745002746582,115.110000610352,2582600,115.110000610352
"2022-10-07",111.480003356934,112.785003662109,109.569999694824,110.440002441406,1980100,110.440002441406
"2022-10-10",111.209999084473,111.790000915527,106.709999084473,108.970001220703,3202100,108.970001220703
"2022-10-11",107.870002746582,109.629997253418,101.51000213623,105.599998474121,3383200,105.599998474121
"2022-10-12",106.769996643066,108.25,102.889999389648,106.160003662109,2414500,106.160003662109
"2022-10-13",99.2799987792969,99.8099975585938,91.6999969482422,96.3199996948242,9547600,96.3199996948242
"2022-10-14",98.5699996948242,101.519996643066,92.1050033569336,92.4499969482422,3622300,92.4499969482422
"2022-10-17",95.2200012207031,98.8099975585938,94.3600006103516,98.120002746582,3108900,98.120002746582
"2022-10-18",102.745002746582,104.279998779297,100.040000915527,100.480003356934,3701100,100.480003356934
"2022-10-19",99.2200012207031,99.2900009155273,93.6119995117188,94.3300018310547,3191000,94.3300018310547
"2022-10-20",93.8899993896484,99.75,93.7850036621094,97.4400024414062,2965700,97.4400024414062
"2022-10-21",96.5800018310547,101.169998168945,94.4000015258789,100.910003662109,2844700,100.910003662109
"2022-10-24",100.330001831055,102.459999084473,96.7799987792969,102.069999694824,2026800,102.069999694824
"2022-10-25",102.089996337891,104.474998474121,100.309997558594,103.23999786377,3227900,103.23999786377
"2022-10-26",101.379997253418,106.199996948242,100.019996643066,101.400001525879,2709600,101.400001525879
"2022-10-27",102.75,103.75,100,100.910003662109,3098900,100.910003662109
"2022-10-28",95.9700012207031,100,94.3499984741211,97.9100036621094,4403100,97.9100036621094
"2022-10-31",97.995002746582,100,93.1699981689453,93.9100036621094,3152400,93.9100036621094
"2022-11-01",96.0999984741211,97.3479995727539,90.9499969482422,91.4300003051758,3039800,91.4300003051758
"2022-11-02",91.9800033569336,92.4700012207031,87.2399978637695,87.5400009155273,5296800,87.5400009155273
"2022-11-03",91.3300018310547,101.819999694824,90.4300003051758,100.029998779297,12890900,100.029998779297
"2022-11-04",101.580001831055,103.059997558594,93.8720016479492,98.3499984741211,6298600,98.3499984741211
"2022-11-07",100.190002441406,100.919998168945,96.0100021362305,99.1900024414062,3364400,99.1900024414062
"2022-11-08",100.269996643066,103.279998779297,97.870002746582,101.779998779297,3126000,101.779998779297
"2022-11-09",100.26000213623,100.980003356934,94.879997253418,94.9599990844727,2384600,94.9599990844727
"2022-11-10",101,110.360000610352,101,110.209999084473,4270200,110.209999084473
"2022-11-11",109.389999389648,116.599998474121,109.035003662109,115.639999389648,3720300,115.639999389648
"2022-11-14",114.309997558594,123.680000305176,113.98999786377,119.73999786377,5624200,119.73999786377
"2022-11-15",124.76000213623,127.279998779297,121.25,125.309997558594,4536900,125.309997558594
"2022-11-16",120.089996337891,122.220001220703,118.269996643066,119.720001220703,4082500,119.720001220703
"2022-11-17",116.910003662109,117.349998474121,112.065002441406,114.370002746582,3097500,114.370002746582
"2022-11-18",116.620002746582,116.849998474121,112.089996337891,113.919998168945,2226700,113.919998168945
"2022-11-21",112.199996948242,119.346000671387,111.370002746582,114.940002441406,3737800,114.940002441406
"2022-11-22",115.639999389648,119.480003356934,114,119.290000915527,3157900,119.290000915527
"2022-11-23",120.059997558594,122.143997192383,117.470001220703,119.98999786377,1877300,119.98999786377
"2022-11-25",118.389999389648,120.610000610352,117.48999786377,120.309997558594,785000,120.309997558594
"2022-11-28",120.199996948242,123.370002746582,118.550003051758,119.480003356934,2586100,119.480003356934
"2022-11-29",120.870002746582,122.419998168945,119.283996582031,121.879997253418,2609000,121.879997253418
"2022-11-30",123,132.600006103516,121.669998168945,132.089996337891,4845900,132.089996337891
"2022-12-01",132.860000610352,139.970001220703,132.149993896484,139.389999389648,4485300,139.389999389648
"2022-12-02",136.160003662109,141.960006713867,135.419998168945,140.490005493164,2831500,140.490005493164
"2022-12-05",139.279998779297,142.529998779297,135.889999389648,137.210006713867,3236800,137.210006713867
"2022-12-06",137.559997558594,139.050003051758,132.955001831055,135.009994506836,2709100,135.009994506836
"2022-12-07",134.100006103516,136,127.806999206543,130.130004882812,2898600,130.130004882812
"2022-12-08",131.779998779297,135.679000854492,129.649993896484,134.5,2180700,134.5
"2022-12-09",130.785003662109,134.5,126.569999694824,126.779998779297,3032400,126.779998779297
"2022-12-12",125.75,129.580001831055,124.169998168945,129.520004272461,2218600,129.520004272461
"2022-12-13",138.440002441406,138.949996948242,130.130004882812,131.600006103516,2786400,131.600006103516
"2022-12-14",132.160003662109,135.479995727539,131.110000610352,132.029998779297,2695600,132.029998779297
"2022-12-15",128.639999389648,128.990005493164,124.279998779297,125.970001220703,2769300,125.970001220703
"2022-12-16",124.730003356934,127.199996948242,124.180000305176,126.319999694824,4300600,126.319999694824
"2022-12-19",126.410003662109,129.119995117188,124.959999084473,125.910003662109,2151500,125.910003662109
"2022-12-20",125.23999786377,127.629997253418,123.190002441406,127.099998474121,1857100,127.099998474121
"2022-12-21",130.195007324219,135.050003051758,129.940002441406,134.330001831055,3374400,134.330001831055
"2022-12-22",132.289993286133,132.5,123.550003051758,127.349998474121,2371400,127.349998474121
"2022-12-23",126.800003051758,127.733001708984,124.01000213623,126.940002441406,1353800,126.940002441406
"2022-12-27",126.029998779297,126.48999786377,121.230003356934,121.339996337891,1843300,121.339996337891
"2022-12-28",120.400001525879,121.779998779297,118.919998168945,120.400001525879,1824900,120.400001525879
"2022-12-29",122.01000213623,124.120002746582,120.120002746582,122.680000305176,1661700,122.680000305176
"2022-12-30",119.230003356934,120.910003662109,117.860000610352,119.779998779297,2153700,119.779998779297
