"Date","JPM.Open","JPM.High","JPM.Low","JPM.Close","JPM.Volume","JPM.Adjusted"
"2019-01-02",95.9499969482422,99.7799987792969,95.9400024414062,99.3099975585938,15670900,80.4739837646484
"2019-01-03",98.6399993896484,98.8899993896484,96.6900024414062,97.1100006103516,16286400,79.3302993774414
"2019-01-04",99.1100006103516,100.930000305176,98.2799987792969,100.690002441406,16935200,82.2548599243164
"2019-01-07",100.430000305176,101.470001220703,99.7099990844727,100.76000213623,15430700,82.3120346069336
"2019-01-08",101.629997253418,101.819999694824,99.5500030517578,100.569999694824,13578800,82.1568222045898
"2019-01-09",100.809997558594,101.48999786377,99.9300003051758,100.400001525879,14230300,82.0179595947266
"2019-01-10",100.019996643066,100.730003356934,99.2699966430664,100.389999389648,14376100,82.0097732543945
"2019-01-11",99.8899993896484,100.169998168945,98.9499969482422,99.9100036621094,15439900,81.6176605224609
"2019-01-14",98.870002746582,101.360000610352,98.6600036621094,100.940002441406,21258500,82.4590835571289
"2019-01-15",98.8899993896484,102.470001220703,98.5999984741211,101.680000305176,26504900,83.063591003418
"2019-01-16",102.25,103.449996948242,101.800003051758,102.5,18533000,83.7334518432617
"2019-01-17",102.110000610352,103.5,101.919998168945,102.919998168945,14247600,84.0765533447266
"2019-01-18",103.769996643066,104.900001525879,102.830001831055,104.589996337891,16428700,85.4408111572266
"2019-01-22",103.080001831055,103.589996337891,102.129997253418,102.940002441406,17083700,84.092903137207
"2019-01-23",103.440002441406,103.699996948242,101.970001220703,102.680000305176,12146700,83.880500793457
"2019-01-24",102.129997253418,103.089996337891,101.940002441406,102.73999786377,11296800,83.9295043945312
"2019-01-25",103.51000213623,104.309997558594,102.73999786377,103.389999389648,14369400,84.4605026245117
"2019-01-28",102.889999389648,104.23999786377,102.589996337891,103.879997253418,12283100,84.8608093261719
"2019-01-29",103.879997253418,105.110000610352,103.730003356934,104.169998168945,9743300,85.0976867675781
"2019-01-30",104.139999389648,105.23999786377,103.779998779297,104.410003662109,12526300,85.2937393188477
"2019-01-31",103.410003662109,103.800003051758,102.730003356934,103.5,17520600,84.5503768920898
"2019-02-01",104,104.849998474121,103.519996643066,103.879997253418,13000800,84.8608093261719
"2019-02-04",103.790000915527,104.25,103.01000213623,104.25,9871500,85.1630401611328
"2019-02-05",104.519996643066,104.550003051758,103.290000915527,103.790000915527,12763000,84.7872619628906
"2019-02-06",103.709999084473,104.620002746582,103.470001220703,103.73999786377,8745000,84.7464141845703
"2019-02-07",103.25,103.5,101.440002441406,102.379997253418,13177500,83.6354446411133
"2019-02-08",102.080001831055,102.339996337891,100.059997558594,101.360000610352,12892600,82.8021926879883
"2019-02-11",101.76000213623,102.01000213623,100.769996643066,100.879997253418,10978500,82.4100646972656
"2019-02-12",101.949996948242,102.919998168945,101.889999389648,102.599998474121,12852300,83.8151473999023
"2019-02-13",102.900001525879,103.849998474121,102.900001525879,103.089996337891,10754100,84.2154541015625
"2019-02-14",102.470001220703,103.099998474121,101.349998474121,102.419998168945,11518500,83.6681060791016
"2019-02-15",103.900001525879,105.699996948242,103.660003662109,105.550003051758,14716900,86.2250289916992
"2019-02-19",104.910003662109,105.370002746582,103.809997558594,105.180000305176,12764900,85.9227828979492
"2019-02-20",105.209999084473,105.800003051758,104.879997253418,105.690002441406,10030300,86.3394012451172
"2019-02-21",105.449996948242,105.98999786377,104.959999084473,105.470001220703,8400100,86.1596984863281
"2019-02-22",105.699996948242,106.089996337891,104.779998779297,105,10647300,85.7757339477539
"2019-02-25",105.75,107.269996643066,105.690002441406,106.099998474121,11230700,86.67431640625
"2019-02-26",104.5,105.470001220703,103.940002441406,105.290000915527,15465400,86.0126266479492
"2019-02-27",105.180000305176,105.379997253418,104.51000213623,105.160003662109,9968800,85.9064331054688
"2019-02-28",105.01000213623,105.209999084473,104.180000305176,104.360000610352,15156900,85.2529373168945
"2019-03-01",105.099998474121,105.910003662109,104.199996948242,104.430000305176,13813300,85.3101043701172
"2019-03-04",104.919998168945,105.919998168945,103.269996643066,104.190002441406,12466300,85.1140441894531
"2019-03-05",104.129997253418,104.550003051758,103.26000213623,104.110000610352,10856600,85.0487060546875
"2019-03-06",103.860000610352,104.569999694824,103.550003051758,103.720001220703,9070800,84.7301025390625
"2019-03-07",103.25,103.470001220703,102.160003662109,102.970001220703,12705700,84.1174087524414
"2019-03-08",101.98999786377,103.230003356934,101.98999786377,103.01000213623,10582400,84.1500778198242
"2019-03-11",103.980003356934,104.550003051758,103.660003662109,104.349998474121,9763200,85.244758605957
"2019-03-12",104.589996337891,104.790000915527,103.75,104.040000915527,10219100,84.9915008544922
"2019-03-13",104.190002441406,104.980003356934,103.949996948242,104.389999389648,13022200,85.2774124145508
"2019-03-14",104.5,105.870002746582,104.459999084473,105.339996337891,10926500,86.0534820556641
"2019-03-15",105.410003662109,106.800003051758,105.230003356934,106.550003051758,24811700,87.0419540405273
"2019-03-18",106.550003051758,107.790000915527,106.5,107.190002441406,12935500,87.5647888183594
"2019-03-19",108.199996948242,108.400001525879,106.550003051758,106.800003051758,12889300,87.2461700439453
"2019-03-20",106.430000305176,106.650001525879,104.410003662109,104.519996643066,14920700,85.3836212158203
"2019-03-21",103.48999786377,103.48999786377,102.279998779297,102.870002746582,19751000,84.0357055664062
"2019-03-22",101.819999694824,102.319999694824,99.5199966430664,99.7600021362305,31115200,81.4951324462891
"2019-03-25",99.5899963378906,100.569999694824,98.0899963378906,98.9300003051758,21032300,80.8170776367188
"2019-03-26",99.8199996948242,100.400001525879,98.8199996948242,99.9199981689453,15987100,81.6258316040039
"2019-03-27",99.879997253418,100.449996948242,99.0800018310547,99.5800018310547,12753200,81.3480834960938
"2019-03-28",100,100.800003051758,99.7399978637695,100.709999084473,12454100,82.2711715698242
"2019-03-29",101.540000915527,101.98999786377,100.589996337891,101.230003356934,14523400,82.6959762573242
"2019-04-01",102.150001525879,104.680000305176,102.120002746582,104.639999389648,17499300,85.4816436767578
"2019-04-02",104.599998474121,105.440002441406,104.330001831055,105.139999389648,10295400,85.8901062011719
"2019-04-03",105.809997558594,106.360000610352,104.790000915527,105.349998474121,11499200,86.061653137207
"2019-04-04",104.550003051758,105.730003356934,104.449996948242,105.559997558594,11952100,86.89306640625
"2019-04-05",105.800003051758,106.110000610352,104.98999786377,105.309997558594,9933700,86.687255859375
"2019-04-08",105.110000610352,105.650001525879,104.910003662109,105.650001525879,8056300,86.9671325683594
"2019-04-09",105.080001831055,105.199996948242,104.25,104.870002746582,9092200,86.3250732421875
"2019-04-10",105.129997253418,105.720001220703,104.470001220703,105.339996337891,10882300,86.7119522094727
"2019-04-11",105.709999084473,106.730003356934,105.559997558594,106.230003356934,11183800,87.4445724487305
"2019-04-12",109.440002441406,111.849998474121,108.879997253418,111.209999084473,25834100,91.5439147949219
"2019-04-15",110.919998168945,111,109.120002746582,109.940002441406,15163800,90.4984893798828
"2019-04-16",109.900001525879,111.389999389648,109.860000610352,111.099998474121,11583200,91.4533615112305
"2019-04-17",111.699996948242,114.660003662109,111.01000213623,114.300003051758,17791900,94.0875015258789
"2019-04-18",114.529998779297,114.949996948242,113.330001831055,113.459999084473,12501900,93.3960342407227
"2019-04-22",112.830001831055,113.930000305176,112.660003662109,113.599998474121,7975900,93.5112991333008
"2019-04-23",113,114.370002746582,112.849998474121,113.73999786377,9193100,93.6265335083008
"2019-04-24",113.26000213623,114.150001525879,112.809997558594,113.550003051758,9245700,93.4701156616211
"2019-04-25",113.01000213623,114.150001525879,112.5,113.610000610352,9311800,93.5195236206055
"2019-04-26",113.949996948242,114.580001831055,113.599998474121,114.470001220703,7889300,94.227424621582
"2019-04-29",114.599998474121,117.160003662109,114.449996948242,116.120002746582,14242200,95.5856475830078
"2019-04-30",116.430000305176,116.720001220703,115.26000213623,116.050003051758,11389100,95.5280303955078
"2019-05-01",115.720001220703,117,115.110000610352,115.160003662109,10412900,94.79541015625
"2019-05-02",115.169998168945,115.779998779297,114.580001831055,115.410003662109,8613300,95.0012054443359
"2019-05-03",116,116.680000305176,115.669998168945,116.120002746582,8185400,95.5856475830078
"2019-05-06",114.180000305176,115.470001220703,113.720001220703,115.089996337891,9387000,94.7378005981445
"2019-05-07",114.029998779297,114.029998779297,112.290000915527,113.209999084473,15017700,93.1902618408203
"2019-05-08",112.660003662109,113.669998168945,112.459999084473,112.610000610352,9575800,92.6963653564453
"2019-05-09",111.139999389648,112.73999786377,110.580001831055,112.519996643066,12205900,92.6222686767578
"2019-05-10",111.75,112.839996337891,110.540000915527,112.51000213623,13189000,92.6140518188477
"2019-05-13",110.080001831055,110.449996948242,108.980003356934,109.449996948242,13783700,90.0951614379883
"2019-05-14",109.550003051758,111.720001220703,109.5,110.319999694824,10503600,90.8113098144531
"2019-05-15",109.209999084473,110.900001525879,108.610000610352,109.900001525879,10142000,90.465576171875
"2019-05-16",110.620002746582,112.169998168945,110.589996337891,111.309997558594,9672700,91.6262283325195
"2019-05-17",110,111.75,109.830001831055,110.769996643066,9570100,91.1817169189453
"2019-05-20",110.580001831055,111.809997558594,110.370002746582,111.349998474121,8518200,91.6591720581055
"2019-05-21",111.440002441406,111.919998168945,111.220001220703,111.730003356934,7967900,91.9719619750977
"2019-05-22",111.400001525879,111.790000915527,110.75,110.819999694824,7918900,91.2228927612305
"2019-05-23",109.639999389648,109.790000915527,107.5,108.639999389648,14558000,89.4283905029297
"2019-05-24",109.519996643066,109.959999084473,109.190002441406,109.709999084473,8537300,90.3091735839844
"2019-05-28",109.199996948242,109.830001831055,108.440002441406,108.519996643066,11665500,89.3296279907227
"2019-05-29",107.449996948242,108.400001525879,107.059997558594,108.220001220703,9966400,89.0826797485352
"2019-05-30",108.650001525879,109.180000305176,106.540000915527,107.059997558594,10367800,88.127815246582
"2019-05-31",105.559997558594,106.589996337891,104.839996337891,105.959999084473,10952800,87.2223205566406
"2019-06-03",105.800003051758,106.860000610352,105.300003051758,106.459999084473,11680700,87.633903503418
"2019-06-04",107.849998474121,109.900001525879,107.129997253418,109.73999786377,12858600,90.3338775634766
"2019-06-05",109.860000610352,110.379997253418,108.639999389648,110.129997253418,8340500,90.6549072265625
"2019-06-06",110.150001525879,110.870002746582,108.930000305176,110.370002746582,8726700,90.8524551391602
"2019-06-07",109.699996948242,110.019996643066,108.959999084473,109.160003662109,10618900,89.8564376831055
"2019-06-10",110.75,111.209999084473,110.220001220703,110.339996337891,11380600,90.8277740478516
"2019-06-11",110.819999694824,111.569999694824,110.370002746582,110.680000305176,9847700,91.1076354980469
"2019-06-12",110.699996948242,110.900001525879,108.889999389648,109.269996643066,9670500,89.9469985961914
"2019-06-13",109.459999084473,110.160003662109,109.050003051758,109.540000915527,8406900,90.1692504882812
"2019-06-14",109.569999694824,110.300003051758,108.629997253418,109.819999694824,9077400,90.3996963500977
"2019-06-17",109.699996948242,110.370002746582,109.059997558594,109.220001220703,8128600,89.9058380126953
"2019-06-18",109.01000213623,111.410003662109,108.980003356934,110.709999084473,11057300,91.1323623657227
"2019-06-19",110.819999694824,111.589996337891,109.699996948242,109.910003662109,13126500,90.4738235473633
"2019-06-20",110.879997253418,111.089996337891,109.029998779297,110.190002441406,13638000,90.7042999267578
"2019-06-21",110.190002441406,111.669998168945,109.089996337891,109.440002441406,27089500,90.0869216918945
"2019-06-24",109.279998779297,109.769996643066,108.540000915527,108.660003662109,13039600,89.4448471069336
"2019-06-25",108.680000305176,108.980003356934,107.669998168945,107.76000213623,18660100,88.7040100097656
"2019-06-26",108.300003051758,109.309997558594,108.160003662109,108.480003356934,10324600,89.2966766357422
"2019-06-27",108.839996337891,109.550003051758,108.440002441406,108.839996337891,10906600,89.593017578125
"2019-06-28",111.040000915527,112.430000305176,110.900001525879,111.800003051758,21634700,92.0295867919922
"2019-07-01",113.230003356934,114.519996643066,113.080001831055,113.680000305176,12724500,93.5771560668945
"2019-07-02",113.51000213623,114.199996948242,113.220001220703,113.800003051758,10174900,93.6759262084961
"2019-07-03",113.339996337891,113.870002746582,112.26000213623,112.819999694824,6849400,93.5266799926758
"2019-07-05",113.51000213623,114.269996643066,112.919998168945,113.48999786377,7929400,94.0821304321289
"2019-07-08",112.959999084473,113.480003356934,112.5,112.870002746582,6917200,93.5681533813477
"2019-07-09",112.279998779297,113.48999786377,112.150001525879,113.349998474121,8947300,93.966064453125
"2019-07-10",113.370002746582,113.830001831055,112.73999786377,113.019996643066,9242300,93.6925048828125
"2019-07-11",113.370002746582,114.360000610352,113.120002746582,114.099998474121,11595200,94.5878067016602
"2019-07-12",114.129997253418,115.349998474121,113.930000305176,115.300003051758,10783400,95.5825805664062
"2019-07-15",115.540000915527,115.569999694824,113.529998779297,113.900001525879,12946600,94.4220123291016
"2019-07-16",113.480003356934,115.5,112.919998168945,115.120002746582,16945000,95.4333801269531
"2019-07-17",114.430000305176,114.940002441406,113.730003356934,113.98999786377,13120900,94.4966049194336
"2019-07-18",113.930000305176,115.069999694824,113.550003051758,114.669998168945,9397200,95.0603408813477
"2019-07-19",114.889999389648,115.120002746582,113.400001525879,113.540000915527,10402800,94.1235809326172
"2019-07-22",112.910003662109,114.449996948242,112.769996643066,114.269996643066,9061100,94.7287292480469
"2019-07-23",114.879997253418,116.449996948242,114.819999694824,116.360000610352,12752200,96.4613342285156
"2019-07-24",115.580001831055,116.879997253418,115.519996643066,116.830001831055,10011000,96.8509674072266
"2019-07-25",116.889999389648,117.23999786377,115.319999694824,115.709999084473,10138400,95.922477722168
"2019-07-26",115.769996643066,116.51000213623,115.529998779297,116.220001220703,12800400,96.3452606201172
"2019-07-29",116.459999084473,117.180000305176,115.790000915527,115.849998474121,8500400,96.0385284423828
"2019-07-30",115.190002441406,116.080001831055,114.76000213623,115.589996337891,7121100,95.822998046875
"2019-07-31",116.099998474121,116.180000305176,114.860000610352,116,13648000,96.1628875732422
"2019-08-01",115.330001831055,116.800003051758,112.599998474121,112.940002441406,15664500,93.6261825561523
"2019-08-02",112.400001525879,113.430000305176,111.400001525879,112.930000305176,11025500,93.6178741455078
"2019-08-05",110.790000915527,110.980003356934,108.269996643066,109.569999694824,15855300,90.8324737548828
"2019-08-06",110.050003051758,110.5,108.339996337891,110.430000305176,10203500,91.54541015625
"2019-08-07",108,108.279998779297,105.940002441406,108.029998779297,17320900,89.5558090209961
"2019-08-08",109.050003051758,110.080001831055,108.720001220703,109.860000610352,10903300,91.0729064941406
"2019-08-09",109.349998474121,110.449996948242,108.290000915527,109.73999786377,9980800,90.9734115600586
"2019-08-12",108.440002441406,108.51000213623,107.209999084473,107.680000305176,9393700,89.2656860351562
"2019-08-13",107.949996948242,110.330001831055,107.029998779297,109.339996337891,12124700,90.6417922973633
"2019-08-14",106.300003051758,106.910003662109,104.449996948242,104.800003051758,19491800,86.8781967163086
"2019-08-15",104.819999694824,106.379997253418,104.339996337891,105.199996948242,13365600,87.2097778320312
"2019-08-16",106.370002746582,107.980003356934,105.870002746582,107.720001220703,11830600,89.2988510131836
"2019-08-19",109.629997253418,109.75,108.419998168945,108.690002441406,8265400,90.1029891967773
"2019-08-20",107.849998474121,108.440002441406,107.23999786377,107.309997558594,8374000,88.9589538574219
"2019-08-21",108.209999084473,108.430000305176,107.449996948242,107.610000610352,8189300,89.207649230957
"2019-08-22",108.370002746582,109.269996643066,107.930000305176,108.720001220703,9343400,90.1278381347656
"2019-08-23",108,108.779998779297,105.110000610352,106.019996643066,14762300,87.8895645141602
"2019-08-26",106.620002746582,106.98999786377,106.01000213623,106.870002746582,8209500,88.5942153930664
"2019-08-27",107.349998474121,107.559997558594,104.839996337891,105.73999786377,14331800,87.6574401855469
"2019-08-28",105.080001831055,107.209999084473,105.040000915527,106.800003051758,10585500,88.5361709594727
"2019-08-29",108.139999389648,109.889999389648,108.019996643066,109.220001220703,10002200,90.5423431396484
"2019-08-30",109.839996337891,110.559997558594,109.470001220703,109.860000610352,10170300,91.0729064941406
"2019-09-03",108.980003356934,108.98999786377,107.319999694824,108.559997558594,9868800,89.9951858520508
"2019-09-04",109.449996948242,110.220001220703,108.559997558594,109.870002746582,6929200,91.081184387207
"2019-09-05",111.25,113.720001220703,111.199996948242,112.370002746582,13224700,93.1536560058594
"2019-09-06",112.660003662109,112.980003356934,111.959999084473,112.610000610352,7836600,93.3526229858398
"2019-09-09",113.709999084473,116.059997558594,113.599998474121,115.400001525879,13985100,95.6654891967773
"2019-09-10",116.300003051758,117.269996643066,115.730003356934,116.870002746582,14333100,96.8841094970703
"2019-09-11",116.889999389648,117.199996948242,115.379997253418,117.190002441406,9919200,97.1493988037109
"2019-09-12",116.550003051758,118.470001220703,115.919998168945,117.910003662109,12283500,97.7462844848633
"2019-09-13",119,120.400001525879,118.75,120.230003356934,16257200,99.6695404052734
"2019-09-16",118.900001525879,119.870002746582,118.379997253418,119.160003662109,11993900,98.7824859619141
"2019-09-17",118.419998168945,118.610000610352,117.23999786377,118.569999694824,10735400,98.2933959960938
"2019-09-18",118.319999694824,120.080001831055,117.75,119.76000213623,10665600,99.2799072265625
"2019-09-19",119.699996948242,120.339996337891,119.089996337891,119.379997253418,9382600,98.9648742675781
"2019-09-20",119.73999786377,120.339996337891,118.870002746582,118.900001525879,21862800,98.5669631958008
"2019-09-23",117.779998779297,119.120002746582,117.680000305176,118.879997253418,9135100,98.5503921508789
"2019-09-24",118.75,119.26000213623,117.040000915527,117.330001831055,11696500,97.2654342651367
"2019-09-25",117.269996643066,118.360000610352,117.120002746582,118,9389400,97.8208770751953
"2019-09-26",117.879997253418,118.050003051758,116.949996948242,117.029998779297,9899200,97.0167541503906
"2019-09-27",117.959999084473,118.639999389648,117.279998779297,117.720001220703,10207800,97.5887680053711
"2019-09-30",118.360000610352,118.769996643066,117.220001220703,117.690002441406,9755000,97.5638656616211
"2019-10-01",118.400001525879,119,115.410003662109,115.550003051758,11250300,95.7898406982422
"2019-10-02",114.809997558594,114.900001525879,112.930000305176,113.25,12548700,93.883171081543
"2019-10-03",112.269996643066,112.910003662109,110.519996643066,112.190002441406,12735200,93.7494583129883
"2019-10-04",112.339996337891,114.940002441406,112.269996643066,114.620002746582,9453100,95.7800521850586
"2019-10-07",114.190002441406,115.5,114.069999694824,114.370002746582,6771600,95.5711517333984
"2019-10-08",113.059997558594,113.059997558594,111.660003662109,111.819999694824,10806300,93.4402694702148
"2019-10-09",112.669998168945,113.160003662109,112.069999694824,112.629997253418,7273700,94.1171264648438
"2019-10-10",113.139999389648,115.400001525879,113,114.209999084473,10994100,95.4374237060547
"2019-10-11",116.029998779297,117.98999786377,115.870002746582,116.139999389648,15076500,97.0502090454102
"2019-10-14",115.849998474121,116.870002746582,115.660003662109,116.449996948242,8779000,97.3092575073242
"2019-10-15",118.849998474121,121.589996337891,117.870002746582,119.959999084473,23379000,100.242324829102
"2019-10-16",119.959999084473,120.620002746582,119.379997253418,119.680000305176,11087700,100.008346557617
"2019-10-17",120.75,121.569999694824,119.879997253418,120.349998474121,10818500,100.568206787109
"2019-10-18",120,121.019996643066,119.860000610352,120.559997558594,10417400,100.743682861328
"2019-10-21",122.050003051758,123.769996643066,121.98999786377,123.550003051758,12714600,103.242225646973
"2019-10-22",123.449996948242,125.099998474121,123.120002746582,124.790000915527,12549100,104.278411865234
"2019-10-23",124.199996948242,125.150001525879,124.169998168945,125.120002746582,8828300,104.554168701172
"2019-10-24",125.290000915527,125.660003662109,124.069999694824,125.029998779297,8020500,104.478958129883
"2019-10-25",125,126.650001525879,124.75,126.029998779297,9055700,105.314613342285
"2019-10-28",126.569999694824,127.209999084473,126.400001525879,126.51000213623,9522200,105.715721130371
"2019-10-29",126.059997558594,127.419998168945,125.940002441406,126.430000305176,9797300,105.648872375488
"2019-10-30",126.050003051758,126.26000213623,124.919998168945,125.730003356934,8513700,105.063919067383
"2019-10-31",125.48999786377,125.730003356934,123.860000610352,124.919998168945,11589100,104.387054443359
"2019-11-01",126.199996948242,127.98999786377,126.019996643066,127.800003051758,11682600,106.793670654297
"2019-11-04",129.080001831055,129.419998168945,128.559997558594,128.820007324219,9159900,107.646011352539
"2019-11-05",129.389999389648,130.300003051758,128.839996337891,129.100006103516,13747600,107.879974365234
"2019-11-06",128.690002441406,129.839996337891,128.580001831055,129.300003051758,11231100,108.047119140625
"2019-11-07",130.429992675781,131.289993286133,129.919998168945,130,13528900,108.632057189941
"2019-11-08",129.880004882812,130.399993896484,129.25,130.380004882812,9293400,108.949577331543
"2019-11-11",129.600006103516,130.100006103516,129.350006103516,129.919998168945,8679000,108.565216064453
"2019-11-12",129.630004882812,130.619995117188,129.009994506836,129.160003662109,9099000,107.930130004883
"2019-11-13",128.130004882812,128.820007324219,127.419998168945,128.479995727539,8023300,107.36190032959
"2019-11-14",127.720001220703,128.839996337891,127.589996337891,128.600006103516,8483400,107.46216583252
"2019-11-15",129.229995727539,129.529998779297,128.399993896484,129.529998779297,10163600,108.239311218262
"2019-11-18",129.559997558594,130.649993896484,128.990005493164,130.619995117188,8749300,109.150146484375
"2019-11-19",130.990005493164,131.25,130.179992675781,130.580001831055,8824500,109.116714477539
"2019-11-20",130.300003051758,130.619995117188,128.940002441406,129.630004882812,11782800,108.322875976562
"2019-11-21",130,130.720001220703,129.389999389648,129.929992675781,7705500,108.573539733887
"2019-11-22",130.149993896484,131.220001220703,130.100006103516,130.789993286133,8167900,109.292205810547
"2019-11-25",131.25,132.070007324219,130.869995117188,131.490005493164,10068500,109.877143859863
"2019-11-26",131.820007324219,131.820007324219,130.360000610352,131.669998168945,10490700,110.027565002441
"2019-11-27",132.289993286133,132.429992675781,131.649993896484,132.059997558594,6607900,110.353416442871
"2019-11-29",131.869995117188,132.410003662109,131.449996948242,131.759994506836,5712000,110.102737426758
"2019-12-02",132.309997558594,132.740005493164,131.350006103516,131.470001220703,8615600,109.860427856445
"2019-12-03",129.770004272461,129.960006713867,128.589996337891,129.779998779297,10361300,108.448196411133
"2019-12-04",130.380004882812,132.470001220703,129.990005493164,132.339996337891,10318200,110.587432861328
"2019-12-05",132.679992675781,133.309997558594,132.179992675781,133.059997558594,9587400,111.189094543457
"2019-12-06",134.690002441406,135.779998779297,134.649993896484,135.039993286133,10170600,112.843620300293
"2019-12-09",134.630004882812,135.460006713867,134.410003662109,134.410003662109,8498200,112.317176818848
"2019-12-10",133.25,134.770004272461,132.880004882812,134.5,7532900,112.392402648926
"2019-12-11",134.289993286133,135.020004272461,134.009994506836,134.179992675781,9011900,112.124992370605
"2019-12-12",134.490005493164,138.470001220703,134.210006713867,138.020004272461,13717400,115.333808898926
"2019-12-13",137.949996948242,138.830001831055,136.220001220703,136.809997558594,10592100,114.322692871094
"2019-12-16",138.380004882812,138.839996337891,137.320007324219,137.339996337891,11372000,114.765571594238
"2019-12-17",137.729995727539,138.669998168945,137.229995727539,138.179992675781,11546800,115.467498779297
"2019-12-18",138.149993896484,139.020004272461,137.720001220703,138.039993286133,10381500,115.350517272949
"2019-12-19",137.759994506836,138.220001220703,137.100006103516,137.350006103516,9350400,114.773956298828
"2019-12-20",138.020004272461,138.880004882812,136.899993896484,137.240005493164,29992600,114.682029724121
"2019-12-23",137.600006103516,137.910003662109,136.880004882812,137.199996948242,9738400,114.648612976074
"2019-12-24",137.330001831055,137.630004882812,137.059997558594,137.580001831055,3324300,114.966125488281
"2019-12-26",137.889999389648,139.100006103516,137.779998779297,139.039993286133,6770900,116.186157226562
"2019-12-27",139.300003051758,139.770004272461,138.669998168945,139.139999389648,7868200,116.269744873047
"2019-12-30",139.899993896484,140.080001831055,138.470001220703,138.630004882812,6963000,115.843551635742
"2019-12-31",138.509994506836,139.479995727539,138.289993286133,139.399993896484,7201600,116.487014770508
"2020-01-02",139.789993286133,141.100006103516,139.259994506836,141.089996337891,10803700,117.899215698242
"2020-01-03",137.5,139.229995727539,137.080001831055,138.339996337891,10386800,116.343368530273
"2020-01-06",136.559997558594,138.270004272461,136.5,138.229995727539,10259000,116.250854492188
"2020-01-07",137.279998779297,137.860000610352,135.820007324219,135.880004882812,10531300,114.274520874023
"2020-01-08",135.699996948242,137.580001831055,135.600006103516,136.940002441406,9695300,115.165962219238
"2020-01-09",138.050003051758,138.229995727539,137.039993286133,137.440002441406,9469000,115.586441040039
"2020-01-10",137.210006713867,137.25,135.809997558594,136.070007324219,10190900,114.434303283691
"2020-01-13",136.190002441406,137.199996948242,135.759994506836,137.199996948242,12355200,115.384628295898
"2020-01-14",137.940002441406,140.759994506836,137.690002441406,138.800003051758,24906000,116.730201721191
"2020-01-15",137.850006103516,138.600006103516,136.149993896484,136.720001220703,16293400,114.980941772461
"2020-01-16",137.449996948242,137.899993896484,136.839996337891,137.25,10783800,115.42667388916
"2020-01-17",137.539993286133,138.289993286133,137.320007324219,138.199996948242,14697700,116.225631713867
"2020-01-21",137.190002441406,138.070007324219,136.690002441406,136.839996337891,8474200,115.081871032715
"2020-01-22",137.240005493164,137.399993896484,136.380004882812,136.679992675781,7549100,114.947288513184
"2020-01-23",135.710006713867,136.740005493164,134.720001220703,136.539993286133,9345700,114.829544067383
"2020-01-24",136.369995117188,136.429992675781,132.320007324219,133.149993896484,15166400,111.978614807129
"2020-01-27",130.270004272461,132.940002441406,129.710006713867,132.029998779297,12860500,111.036674499512
"2020-01-28",132.839996337891,134.970001220703,132.479995727539,134.429992675781,13062800,113.055046081543
"2020-01-29",134.809997558594,135.539993286133,133.690002441406,134.229995727539,9326000,112.886863708496
"2020-01-30",132.690002441406,136.130004882812,132.690002441406,135.889999389648,9048900,114.282928466797
"2020-01-31",134.490005493164,134.830001831055,131.470001220703,132.360000610352,12785200,111.314186096191
"2020-02-03",132.660003662109,134.240005493164,132.660003662109,133.369995117188,10021100,112.163597106934
"2020-02-04",135.550003051758,136.600006103516,135.080001831055,135.289993286133,9157100,113.778312683105
"2020-02-05",136.570007324219,137.729995727539,136.009994506836,137.589996337891,10150700,115.712623596191
"2020-02-06",138.240005493164,138.289993286133,137.110000610352,137.610000610352,8992300,115.729438781738
"2020-02-07",136.729995727539,137.669998168945,136.300003051758,137.169998168945,6379800,115.359375
"2020-02-10",136.949996948242,137.850006103516,136.75,137.740005493164,5960700,115.83878326416
"2020-02-11",138.259994506836,138.820007324219,137.779998779297,138,6578600,116.057426452637
"2020-02-12",138.600006103516,139.289993286133,137.800003051758,138,7958000,116.057426452637
"2020-02-13",137.75,138.339996337891,136.399993896484,137.880004882812,7447500,115.956489562988
"2020-02-14",137.839996337891,138.190002441406,136.940002441406,137.460006713867,6627600,115.603309631348
"2020-02-18",137.339996337891,137.710006713867,135.050003051758,135.639999389648,8996400,114.072647094727
"2020-02-19",136.910003662109,138.389999389648,136.339996337891,137.490005493164,7071200,115.628524780273
"2020-02-20",137.169998168945,138.360000610352,136.529998779297,137.490005493164,7422800,115.628524780273
"2020-02-21",136.550003051758,136.919998168945,134.919998168945,135.809997558594,9772800,114.215637207031
"2020-02-24",131.440002441406,133.199996948242,130.800003051758,132.160003662109,13618400,111.146026611328
"2020-02-25",131,132.229995727539,125.589996337891,126.26000213623,20797200,106.184143066406
"2020-02-26",126.930000305176,128.949996948242,126.339996337891,126.639999389648,24825600,106.503700256348
"2020-02-27",122.910003662109,125.620002746582,121.300003051758,121.370002746582,23005500,102.071670532227
"2020-02-28",117.519996643066,118.48999786377,112.660003662109,116.110000610352,45931400,97.6480331420898
"2020-03-02",116.629997253418,121.580001831055,114.459999084473,121.519996643066,27355400,102.197799682617
"2020-03-03",120.970001220703,122.949996948242,116.23999786377,116.959999084473,32547700,98.3628616333008
"2020-03-04",118.330001831055,120.190002441406,114.699996948242,119.849998474121,25795900,100.793342590332
"2020-03-05",115.669998168945,116.430000305176,112.580001831055,113.970001220703,25025600,95.8482971191406
"2020-03-06",106.26000213623,110.319999694824,105.019996643066,108.080001831055,38159400,90.8948135375977
"2020-03-09",96.5699996948242,99.2300033569336,93,93.4400024414062,40352000,78.582649230957
"2020-03-10",99,101.279998779297,94.5800018310547,100.699996948242,31102700,84.6882858276367
"2020-03-11",97.6999969482422,100.050003051758,94.5500030517578,95.9599990844727,38127000,80.7019653320312
"2020-03-12",89.5899963378906,96.9599990844727,86.3199996948242,88.0500030517578,49725200,74.049690246582
"2020-03-13",95.9899978637695,103.98999786377,92,103.910003662109,38543300,87.3878784179688
"2020-03-16",85.1999969482422,93.9800033569336,84.5500030517578,88.3600006103516,38589700,74.3103790283203
"2020-03-17",90.8899993896484,97.4400024414062,87.5,93.7600021362305,35239800,78.8517684936523
"2020-03-18",87.6699981689453,90.7900009155273,80.3600006103516,83.8899993896484,41525600,70.551139831543
"2020-03-19",81.5599975585938,88.1100006103516,76.9100036621094,85.3000030517578,32175100,71.7369384765625
"2020-03-20",86.3000030517578,89.4599990844727,82.4800033569336,83.5,30150800,70.2231292724609
"2020-03-23",82.6800003051758,83.75,78.0899963378906,79.0299987792969,32536600,66.4639282226562
"2020-03-24",84.9000015258789,90.0999984741211,82.9000015258789,88.4300003051758,34363200,74.3692474365234
"2020-03-25",89.2399978637695,95.1500015258789,84.5400009155273,91.7300033569336,38111700,77.1445541381836
"2020-03-26",94.0800018310547,98.5699996948242,93.5400009155273,98.120002746582,29826300,82.5185012817383
"2020-03-27",93.1900024414062,94.8399963378906,90.5500030517578,91.129997253418,30041500,76.6399459838867
"2020-03-30",90.6500015258789,94.0899963378906,89.3000030517578,93.5,21656900,78.6331176757812
"2020-03-31",92.0500030517578,94.1699981689453,89.3399963378906,90.0299987792969,23379300,75.7148742675781
"2020-04-01",85.0999984741211,86.5599975585938,83.25,84.3600006103516,28029600,70.946403503418
"2020-04-02",83.5100021362305,87.9100036621094,82.9599990844727,87.5100021362305,24018000,73.5955505371094
"2020-04-03",86,87.4800033569336,82.7699966430664,84.0500030517578,21199400,71.4202117919922
"2020-04-06",88.9899978637695,90.9899978637695,87.6999969482422,89.4599990844727,26820800,76.0172958374023
"2020-04-07",94.4499969482422,94.5,90.379997253418,90.6399993896484,22563800,77.0199737548828
"2020-04-08",92.0999984741211,94.8600006103516,90.5500030517578,94.3000030517578,22903300,80.130012512207
"2020-04-09",96.9199981689453,104.389999389648,96.8899993896484,102.76000213623,42055900,87.3187561035156
"2020-04-13",103.110000610352,103.110000610352,97.3000030517578,98.1900024414062,26911900,83.4354629516602
"2020-04-14",101.019996643066,102,93.6399993896484,95.5,46151300,81.1496963500977
"2020-04-15",91.1500015258789,92.0299987792969,90.129997253418,90.7900009155273,30118600,77.1474304199219
"2020-04-16",90.2300033569336,90.5699996948242,87.0500030517578,87.3300018310547,32449600,74.2073516845703
"2020-04-17",92,95.6999969482422,90.9599990844727,95.1800003051758,30191900,80.8777694702148
"2020-04-20",92.4700012207031,94.7099990844727,90.4599990844727,91.7099990844727,23679400,77.92919921875
"2020-04-21",88.620002746582,91.379997253418,88.3300018310547,89.0500030517578,23035000,75.6688995361328
"2020-04-22",90.6900024414062,91.870002746582,89.1800003051758,89.3399963378906,16662400,75.9153442382812
"2020-04-23",89.7399978637695,91.2799987792969,89.2600021362305,89.3899993896484,16638800,75.9577941894531
"2020-04-24",90.6399993896484,91.0999984741211,88.4899978637695,90.7099990844727,15809200,77.0794448852539
"2020-04-27",91.9400024414062,95.629997253418,91.5400009155273,94.620002746582,22870200,80.4019317626953
"2020-04-28",97.8099975585938,98.3600006103516,95.0299987792969,95.2900009155273,20238900,80.9712448120117
"2020-04-29",99.0800018310547,99.4499969482422,97.2699966430664,97.8600006103516,20462600,83.1550750732422
"2020-04-30",95.5999984741211,96.8399963378906,94.5500030517578,95.7600021362305,19127600,81.3706207275391
"2020-05-01",93.5,93.7399978637695,91.8399963378906,93.25,18547700,79.23779296875
"2020-05-04",92.0199966430664,92.6699981689453,90.8000030517578,92.1399993896484,15725900,78.2945861816406
"2020-05-05",93.6500015258789,94.2099990844727,91.9000015258789,92,18064100,78.1756134033203
"2020-05-06",92.1600036621094,92.7600021362305,89.9300003051758,90.2699966430664,20978000,76.7055740356445
"2020-05-07",91.3399963378906,92.9100036621094,90.5800018310547,91.2099990844727,16771900,77.5043258666992
"2020-05-08",92.8000030517578,94.0800018310547,92.1100006103516,92.6999969482422,20487800,78.7704315185547
"2020-05-11",91.1100006103516,91.1100006103516,89.3300018310547,89.9700012207031,31907600,76.4506683349609
"2020-05-12",90.1500015258789,90.7900009155273,86.9000015258789,87.0299987792969,27962900,73.9524383544922
"2020-05-13",86.379997253418,86.8600006103516,83.4000015258789,84.0299987792969,35451600,71.4032135009766
"2020-05-14",82.7200012207031,88.1100006103516,82.4000015258789,87.5199966430664,35152500,74.368782043457
"2020-05-15",86.8499984741211,87.2799987792969,85.3000030517578,85.9000015258789,26099000,72.9922332763672
"2020-05-18",88.6900024414062,91.1500015258789,87.879997253418,90.4499969482422,30504400,76.8585205078125
"2020-05-19",90.0500030517578,91.1999969482422,88.5899963378906,88.6699981689453,19597300,75.3459854125977
"2020-05-20",90.7099990844727,92.3899993896484,90.370002746582,91.3300018310547,20552400,77.6063079833984
"2020-05-21",90.2699966430664,91.7600021362305,89.6699981689453,90.1699981689453,14621400,76.62060546875
"2020-05-22",90.0100021362305,90.3600006103516,88.7200012207031,89.4700012207031,13557900,76.0257873535156
"2020-05-26",92.8899993896484,97.5,92.6100006103516,95.8199996948242,41233900,81.4216003417969
"2020-05-27",102.069999694824,102.580001831055,98.8000030517578,101.370002746582,39402000,86.1376266479492
"2020-05-28",102.940002441406,102.949996948242,99.4000015258789,99.8600006103516,24713900,84.8545379638672
"2020-05-29",98.6600036621094,99.1800003051758,96.7799987792969,97.3099975585938,26526400,82.6876983642578
"2020-06-01",97.75,99.5100021362305,97.379997253418,98.5999984741211,15176800,83.7838668823242
"2020-06-02",100.279998779297,100.419998168945,97.9300003051758,98.9300003051758,21195000,84.0642852783203
"2020-06-03",101.580001831055,104.919998168945,101.059997558594,104.269996643066,25941100,88.6018676757812
"2020-06-04",103.819999694824,106.610000610352,102.790000915527,106.440002441406,26784700,90.44580078125
"2020-06-05",114.930000305176,115.769996643066,109.529998779297,111.230003356934,42231000,94.5160293579102
"2020-06-08",113.410003662109,114.190002441406,111.940002441406,113.449996948242,24881800,96.4024429321289
"2020-06-09",110.650001525879,111.629997253418,109.01000213623,110.540000915527,17031100,93.9297027587891
"2020-06-10",110.459999084473,110.51000213623,105.849998474121,106.059997558594,24913300,90.1228942871094
"2020-06-11",100.029998779297,101.580001831055,96.5400009155273,97.2099990844727,36259200,82.6027221679688
"2020-06-12",100.709999084473,101.129997253418,97.3300018310547,99.870002746582,24856800,84.8630294799805
"2020-06-15",96.4199981689453,101.430000305176,95.870002746582,101.25,22153600,86.0356674194336
"2020-06-16",105.370002746582,105.680000305176,99.3099975585938,102.059997558594,22193600,86.7239532470703
"2020-06-17",102.529998779297,102.540000915527,99.2099990844727,99.4800033569336,15639800,84.531623840332
"2020-06-18",98.6699981689453,100.519996643066,98.129997253418,98.9400024414062,16591900,84.0727691650391
"2020-06-19",100.529998779297,100.599998474121,96.7300033569336,97.8099975585938,40371200,83.1126022338867
"2020-06-22",97.25,97.9499969482422,96.5400009155273,96.75,16216900,82.2118606567383
"2020-06-23",98.9700012207031,99.9700012207031,97.8499984741211,97.9300003051758,15381400,83.2145462036133
"2020-06-24",96.75,96.8399963378906,94.3099975585938,94.6600036621094,22919800,80.435905456543
"2020-06-25",94.3499984741211,98.2099990844727,94.2600021362305,97.9599990844727,25743600,83.2400360107422
"2020-06-26",95.1100006103516,95.370002746582,92,92.5899963378906,41896300,78.6769561767578
"2020-06-29",93.4000015258789,94.4899978637695,92.1800003051758,93,18499700,79.0253524780273
"2020-06-30",92.8300018310547,94.6600036621094,92.5699996948242,94.0599975585938,19137000,79.9260787963867
"2020-07-01",94.8899993896484,95.7099990844727,93.0299987792969,93.2600021362305,18755700,79.2462692260742
"2020-07-02",94.7399978637695,94.9599990844727,91.9300003051758,92.6600036621094,27845600,79.5036849975586
"2020-07-06",94.4300003051758,95.1999969482422,93.4800033569336,95,18625300,81.5114440917969
"2020-07-07",93.8199996948242,94.0999984741211,92,92.3199996948242,25757200,79.2119674682617
"2020-07-08",92.2900009155273,93.3399963378906,91.8000030517578,93.3000030517578,18762200,80.0528182983398
"2020-07-09",93.5199966430664,94.120002746582,90.7799987792969,91.2799987792969,25600800,78.3195953369141
"2020-07-10",92,96.8399963378906,91.870002746582,96.2699966430664,28954200,82.6011352539062
"2020-07-13",98.7300033569336,99.2699966430664,96.2300033569336,97.6500015258789,32079200,83.7851867675781
"2020-07-14",98.370002746582,99.9499969482422,96.6399993896484,98.2099990844727,42731700,84.2656555175781
"2020-07-15",100.889999389648,101.290000915527,98.6500015258789,99.7300033569336,22508400,85.5698471069336
"2020-07-16",98.7799987792969,101.220001220703,98.5500030517578,100.01000213623,16886900,85.8101119995117
"2020-07-17",100,100.080001831055,98.1399993896484,98.1600036621094,16137700,84.222770690918
"2020-07-20",97.4300003051758,98.3899993896484,97.2600021362305,97.3000030517578,14458100,83.4848861694336
"2020-07-21",97.7099990844727,100.050003051758,97.6399993896484,99.4100036621094,17798100,85.295295715332
"2020-07-22",99.6500015258789,100.129997253418,97.5299987792969,98.6900024414062,14271200,84.6775207519531
"2020-07-23",98.5,99.3499984741211,97.9700012207031,98.9800033569336,12870200,84.9263381958008
"2020-07-24",99.5999984741211,99.8000030517578,97.9400024414062,98.2799987792969,12744200,84.3257217407227
"2020-07-27",97.5100021362305,97.629997253418,96.1699981689453,96.9000015258789,11959100,83.1416702270508
"2020-07-28",96.5,97.8899993896484,96.5,97.3199996948242,11754300,83.5020370483398
"2020-07-29",97.0699996948242,99.7099990844727,97,99.6800003051758,12743500,85.5269546508789
"2020-07-30",97.5400009155273,97.7399978637695,96.0500030517578,97.0199966430664,14834800,83.2446365356445
"2020-07-31",96.4800033569336,96.9300003051758,95.25,96.6399993896484,14535000,82.9185943603516
"2020-08-03",97.0199966430664,97.5699996948242,95.8499984741211,96.0999984741211,12962800,82.4552536010742
"2020-08-04",95.9100036621094,95.9499969482422,95.0299987792969,95.5500030517578,13366200,81.9833450317383
"2020-08-05",95.870002746582,98.4700012207031,95.7200012207031,97.2099990844727,15260900,83.4076461791992
"2020-08-06",97.5800018310547,98.0999984741211,96.5400009155273,97.2399978637695,10482100,83.4334106445312
"2020-08-07",96.9300003051758,99.4899978637695,96.5599975585938,99.379997253418,14743700,85.2695617675781
"2020-08-10",100.110000610352,102.040000915527,100.029998779297,100.639999389648,14989900,86.3506393432617
"2020-08-11",103.860000610352,106.160003662109,103.51000213623,103.819999694824,31518600,89.0791320800781
"2020-08-12",106.160003662109,106.430000305176,101.709999084473,102.940002441406,19240800,88.324089050293
"2020-08-13",102,103.360000610352,101.639999389648,102.370002746582,13598600,87.8350143432617
"2020-08-14",101.5,103.309997558594,101.419998168945,102.410003662109,12134400,87.8693389892578
"2020-08-17",101.5,102,99.5299987792969,99.7099990844727,14988000,85.5526809692383
"2020-08-18",99.9100036621094,99.9100036621094,98.120002746582,98.3199996948242,13246500,84.3600540161133
"2020-08-19",98.9199981689453,100.589996337891,98.3399963378906,98.5500030517578,13533000,84.5573959350586
"2020-08-20",97.2600021362305,98.0299987792969,96.8000030517578,97.370002746582,13672600,83.5449295043945
"2020-08-21",97.2699966430664,98.5699996948242,96.9400024414062,97.3199996948242,12228300,83.5020370483398
"2020-08-24",98.4499969482422,100.209999084473,97.4199981689453,100.059997558594,17898300,85.8529815673828
"2020-08-25",101.269996643066,101.980003356934,99.8000030517578,100.5,13648900,86.2305221557617
"2020-08-26",99.9400024414062,100.269996643066,99.0500030517578,99.0899963378906,12052400,85.0207214355469
"2020-08-27",99,102.650001525879,99,102.349998474121,22163900,87.8178329467773
"2020-08-28",103.139999389648,103.25,101.809997558594,102.769996643066,13756700,88.1782302856445
"2020-08-31",102.120002746582,102.180000305176,100.019996643066,100.190002441406,14219400,85.9645385742188
"2020-09-01",99.5500030517578,100.870002746582,99.0400009155273,100.139999389648,11595600,85.9216384887695
"2020-09-02",99.9499969482422,101.940002441406,99.5599975585938,101.650001525879,14475700,87.2172470092773
"2020-09-03",103.319999694824,104.98999786377,100.639999389648,101.330001831055,23281200,86.9426803588867
"2020-09-04",104.050003051758,105.209999084473,101.370002746582,103.519996643066,26325500,88.8217315673828
"2020-09-08",102.980003356934,103.569999694824,99.4800033569336,99.9199981689453,22108600,85.7328948974609
"2020-09-09",100.800003051758,101.690002441406,99.5599975585938,100.870002746582,13434000,86.5480041503906
"2020-09-10",101.400001525879,102.419998168945,99.6399993896484,99.8300018310547,15922800,85.6556625366211
"2020-09-11",99.9700012207031,101.360000610352,99.5899963378906,101.069999694824,13784300,86.7195892333984
"2020-09-14",101.51000213623,103.459999084473,101.370002746582,102.470001220703,19017400,87.9208221435547
"2020-09-15",102.730003356934,102.849998474121,99.1399993896484,99.2799987792969,23683000,85.183723449707
"2020-09-16",99.4300003051758,101.129997253418,98.7600021362305,99.6999969482422,19270600,85.5441207885742
"2020-09-17",98.6999969482422,99.3399963378906,97.7099990844727,98.5599975585938,18290100,84.5659866333008
"2020-09-18",97.8899993896484,99.4899978637695,97.4400024414062,98.3499984741211,20121600,84.3857955932617
"2020-09-21",95.1999969482422,96.0500030517578,93.8199996948242,95.3099975585938,28378800,81.7774200439453
"2020-09-22",94.9599990844727,95.6600036621094,93.6699981689453,94.2699966430664,19257000,80.8850784301758
"2020-09-23",94.7799987792969,95.3499984741211,92.6600036621094,92.7399978637695,19952700,79.5723342895508
"2020-09-24",92.3199996948242,94.3000030517578,91.379997253418,92.6600036621094,18366500,79.5036849975586
"2020-09-25",92.0500030517578,93.7200012207031,91.870002746582,93.4700012207031,13293100,80.1986846923828
"2020-09-28",95.0599975585938,96.9300003051758,94.3499984741211,96.1600036621094,20894100,82.5067443847656
"2020-09-29",96.0299987792969,96.0299987792969,94.3300018310547,95.3499984741211,12848200,81.8117370605469
"2020-09-30",95.3499984741211,97.1999969482422,95.2600021362305,96.2699966430664,16400600,82.6011352539062
"2020-10-01",97.120002746582,97.7699966430664,96.0299987792969,96.9700012207031,15778700,83.2017288208008
"2020-10-02",95.25,98.5899963378906,95.0899963378906,97.8899993896484,15149600,83.991096496582
"2020-10-05",98.3199996948242,99.25,97.5299987792969,99.0400009155273,13871900,85.7663650512695
"2020-10-06",100.069999694824,100.860000610352,97.5100021362305,98.0199966430664,19220400,84.8830795288086
"2020-10-07",98.9599990844727,100.349998474121,98.6699981689453,99.7300033569336,16358500,86.363883972168
"2020-10-08",100.51000213623,101.919998168945,99.9000015258789,101.779998779297,15659000,88.1391525268555
"2020-10-09",102,102.110000610352,100.110000610352,101.199996948242,13689100,87.6368865966797
"2020-10-12",101.099998474121,103,100.849998474121,102.440002441406,16058000,88.7107009887695
"2020-10-13",103,103.220001220703,100.26000213623,100.779998779297,21697300,87.2731628417969
"2020-10-14",101.029998779297,101.930000305176,100.099998474121,100.220001220703,15204100,86.788215637207
"2020-10-15",99.0999984741211,101.779998779297,99.0400009155273,101.720001220703,17171200,88.0871887207031
"2020-10-16",101.410003662109,102.330001831055,100.720001220703,101.51000213623,13275000,87.9053192138672
"2020-10-19",101.599998474121,101.870002746582,99.5599975585938,99.8000030517578,11725700,86.4245071411133
"2020-10-20",100.309997558594,101.769996643066,100.120002746582,100.370002746582,11257100,86.9181137084961
"2020-10-21",100.360000610352,100.98999786377,99.3300018310547,99.370002746582,10730500,86.0521392822266
"2020-10-22",99.3199996948242,103.23999786377,99.3099975585938,102.879997253418,14837200,89.0916900634766
"2020-10-23",103.5,104.449996948242,102.930000305176,103.809997558594,15087600,89.8970794677734
"2020-10-26",102.650001525879,102.699996948242,100.25,101.23999786377,12410700,87.6715240478516
"2020-10-27",100.51000213623,100.919998168945,99.1600036621094,99.3300018310547,10391700,86.0175018310547
"2020-10-28",97.5,98.3000030517578,96.0699996948242,96.5400009155273,16389500,83.6014175415039
"2020-10-29",96.120002746582,97.9800033569336,95.2399978637695,97.1699981689453,14208800,84.1469802856445
"2020-10-30",97.9100036621094,98.4199981689453,96.2300033569336,98.0400009155273,15194500,84.900390625
"2020-11-02",99.3899993896484,100.879997253418,97.8600006103516,100.25,15011600,86.8141860961914
"2020-11-03",103.019996643066,104.73999786377,102.690002441406,103.410003662109,17482600,89.5506820678711
"2020-11-04",101,102.069999694824,98.9300003051758,100.25,18886500,86.8141860961914
"2020-11-05",101.059997558594,105.099998474121,101,104.349998474121,17837400,90.3646850585938
"2020-11-06",105.029998779297,105.099998474121,102.389999389648,102.959999084473,12552800,89.1609878540039
"2020-11-09",113.160003662109,118.900001525879,110.349998474121,116.900001525879,47792400,101.232727050781
"2020-11-10",117.349998474121,117.449996948242,114.690002441406,116.519996643066,20539300,100.903610229492
"2020-11-11",116.889999389648,116.959999084473,113.959999084473,114.779998779297,14443400,99.396842956543
"2020-11-12",112.529998779297,113.959999084473,112.059997558594,113.370002746582,22063000,98.1758193969727
"2020-11-13",114.699996948242,114.860000610352,113.569999694824,114.080001831055,11847900,98.7906723022461
"2020-11-16",117.790000915527,118.610000610352,115.730003356934,117.300003051758,19858600,101.579116821289
"2020-11-17",115.389999389648,116.440002441406,114.580001831055,116.110000610352,14553200,100.54859161377
"2020-11-18",117.339996337891,118.610000610352,115.199996948242,115.25,12571200,99.8038558959961
"2020-11-19",114.180000305176,115.819999694824,113.559997558594,115.559997558594,10202500,100.072296142578
"2020-11-20",114.430000305176,115.650001525879,114.089996337891,114.569999694824,12718900,99.2150039672852
"2020-11-23",116.050003051758,118.169998168945,115.569999694824,117.870002746582,13209200,102.072708129883
"2020-11-24",120.069999694824,123.5,119.709999084473,123.319999694824,20121600,106.792274475098
"2020-11-25",121.370002746582,122.379997253418,120.470001220703,122.029998779297,11715600,105.675178527832
"2020-11-27",122,122.349998474121,121.080001831055,121.220001220703,5983600,104.973739624023
"2020-11-30",120,120.720001220703,117.769996643066,117.879997253418,14411800,102.081367492676
"2020-12-01",120.339996337891,121.580001831055,119.629997253418,119.73999786377,12668900,103.692100524902
"2020-12-02",119.699996948242,122.309997558594,119.269996643066,122.040000915527,10811300,105.68383026123
"2020-12-03",121.849998474121,121.889999389648,120.360000610352,121.23999786377,12904400,104.991050720215
"2020-12-04",122.480003356934,123.290000915527,121.690002441406,122.339996337891,13583700,105.943618774414
"2020-12-07",121.150001525879,122.169998168945,120.209999084473,121.879997253418,9724300,105.545280456543
"2020-12-08",121.040000915527,122.330001831055,120.76000213623,122,9592100,105.649185180664
"2020-12-09",123.169998168945,123.300003051758,120.440002441406,121.050003051758,13073900,104.826515197754
"2020-12-10",119.98999786377,120.779998779297,119.559997558594,120.269996643066,13668400,104.151062011719
"2020-12-11",118.940002441406,120.019996643066,118.370002746582,119.559997558594,9981600,103.53621673584
"2020-12-14",121.339996337891,121.419998168945,118.110000610352,118.300003051758,12112400,102.445091247559
"2020-12-15",119.290000915527,120.900001525879,118.620002746582,120.319999694824,12590200,104.1943359375
"2020-12-16",120.300003051758,121.080001831055,119.860000610352,120.669998168945,11169400,104.497428894043
"2020-12-17",121.26000213623,121.449996948242,119.580001831055,119.669998168945,11618000,103.631462097168
"2020-12-18",119.139999389648,119.879997253418,118.269996643066,119.080001831055,28954800,103.120536804199
"2020-12-21",123.169998168945,125,121.089996337891,123.550003051758,28323600,106.99146270752
"2020-12-22",123.389999389648,123.519996643066,121.610000610352,121.669998168945,11788200,105.363418579102
"2020-12-23",122.779998779297,126.519996643066,122.349998474121,125.069999694824,14973200,108.307746887207
"2020-12-24",125.089996337891,125.550003051758,123.569999694824,124.519996643066,4164900,107.83145904541
"2020-12-28",125.819999694824,126.650001525879,124.790000915527,125.339996337891,8072600,108.541542053223
"2020-12-29",126.199996948242,126.279998779297,124.889999389648,125.01000213623,8389200,108.255783081055
"2020-12-30",125.48999786377,125.849998474121,124.900001525879,125.360000610352,7398000,108.558876037598
"2020-12-31",125.089996337891,127.330001831055,124.819999694824,127.069999694824,8580200,110.039695739746
"2021-01-04",127.5,127.860000610352,124.779998779297,125.870002746582,16819900,109.000541687012
"2021-01-05",124.98999786377,126.300003051758,123.769996643066,125.650001525879,13731200,109.593620300293
"2021-01-06",129.880004882812,132.770004272461,127.879997253418,131.550003051758,24909100,114.739685058594
"2021-01-07",135.690002441406,138.190002441406,134.919998168945,135.869995117188,21940400,118.507659912109
"2021-01-08",135.970001220703,136.350006103516,134.119995117188,136.020004272461,12035100,118.638496398926
"2021-01-11",134.580001831055,138.199996948242,134.110000610352,138.050003051758,15937900,120.409065246582
"2021-01-12",139.440002441406,141.660003662109,138.830001831055,140.220001220703,18033500,122.301773071289
"2021-01-13",138.589996337891,140.789993286133,138.100006103516,140.350006103516,14816800,122.415176391602
"2021-01-14",140.490005493164,142.75,140,141.169998168945,18565600,123.130393981934
"2021-01-15",137.429992675781,141.649993896484,137.009994506836,138.639999389648,27881000,120.92366027832
"2021-01-19",139.860000610352,140.699996948242,137.820007324219,138.039993286133,19843800,120.400344848633
"2021-01-20",137.820007324219,138.169998168945,135.440002441406,135.970001220703,16028800,118.594879150391
"2021-01-21",135.690002441406,136.160003662109,134.320007324219,134.830001831055,13411700,117.600563049316
"2021-01-22",132.690002441406,134.399993896484,132.199996948242,133.789993286133,12933200,116.693450927734
"2021-01-25",132.139999389648,133.169998168945,130.059997558594,132.119995117188,14212800,115.236846923828
"2021-01-26",132.75,133.169998168945,131.339996337891,131.580001831055,11307800,114.765838623047
"2021-01-27",129.589996337891,129.850006103516,127.349998474121,127.860000610352,17603900,111.521224975586
"2021-01-28",129.899993896484,132.169998168945,128.990005493164,130.110000610352,13761800,113.483703613281
"2021-01-29",131.190002441406,131.720001220703,128.190002441406,128.669998168945,14808100,112.22770690918
"2021-02-01",129.399993896484,130.070007324219,128.479995727539,129.619995117188,11080700,113.05632019043
"2021-02-02",131.940002441406,134.389999389648,131.220001220703,133.610000610352,12253600,116.53645324707
"2021-02-03",133.649993896484,135.759994506836,133.509994506836,135.139999389648,10600800,117.870918273926
"2021-02-04",135.470001220703,138.660003662109,135.470001220703,138.25,12419500,120.58349609375
"2021-02-05",139.389999389648,139.490005493164,137.380004882812,137.979995727539,10051300,120.348014831543
"2021-02-08",138.199996948242,140.300003051758,138.179992675781,140.139999389648,10136400,122.232002258301
"2021-02-09",139.429992675781,139.979995727539,138.539993286133,139.580001831055,8614800,121.743545532227
"2021-02-10",140,140.869995117188,139.039993286133,139.660003662109,10323200,121.813331604004
"2021-02-11",139.660003662109,140.550003051758,138.220001220703,139.270004272461,9201000,121.473197937012
"2021-02-12",139.050003051758,141.610000610352,139,141.25,8324600,123.200180053711
"2021-02-16",143.550003051758,145.320007324219,142.399993896484,144.649993896484,12130600,126.165672302246
"2021-02-17",143.949996948242,145.380004882812,143.119995117188,145.100006103516,10810100,126.558197021484
"2021-02-18",144,145.789993286133,143.399993896484,145.589996337891,10587800,126.985549926758
"2021-02-19",145.860000610352,148.839996337891,145.860000610352,148.020004272461,11969800,129.105056762695
"2021-02-22",146.869995117188,150.190002441406,146.789993286133,149.410003662109,11488400,130.317459106445
"2021-02-23",151.509994506836,152.309997558594,149.589996337891,150.610000610352,16234400,131.364059448242
"2021-02-24",150.110000610352,153.759994506836,150.110000610352,153.259994506836,15061400,133.67546081543
"2021-02-25",154.270004272461,154.899993896484,150.589996337891,151.179992675781,18127700,131.861251831055
"2021-02-26",150.300003051758,150.869995117188,146.509994506836,147.169998168945,19829200,128.363647460938
"2021-03-01",149.520004272461,151.380004882812,148.479995727539,150.5,14845500,131.268127441406
"2021-03-02",150.080001831055,151.779998779297,149.839996337891,150.009994506836,14221700,130.840744018555
"2021-03-03",151.229995727539,154.979995727539,150.820007324219,152.910003662109,14324100,133.370193481445
"2021-03-04",152.610000610352,154.380004882812,148.619995117188,150.559997558594,20093900,131.320419311523
"2021-03-05",153.220001220703,153.490005493164,147.970001220703,150.910003662109,18465100,131.625732421875
"2021-03-08",152.470001220703,155.460006713867,150.75,152.910003662109,17133300,133.370193481445
"2021-03-09",151.5,154.25,149.820007324219,151.830001831055,16238800,132.428176879883
"2021-03-10",151.910003662109,156.160003662109,151.509994506836,155.130004882812,14342200,135.306503295898
"2021-03-11",154.110000610352,156.149993896484,153.360000610352,154.320007324219,11771500,134.599990844727
"2021-03-12",156.860000610352,157.630004882812,155.070007324219,156.149993896484,12849500,136.196136474609
"2021-03-15",156.350006103516,156.919998168945,153.960006713867,155.369995117188,12101100,135.515838623047
"2021-03-16",154.089996337891,154.600006103516,152.190002441406,153.509994506836,12805600,133.893508911133
"2021-03-17",155.339996337891,156.880004882812,153.050003051758,155.089996337891,13952400,135.271575927734
"2021-03-18",157.600006103516,161.690002441406,157.110000610352,157.649993896484,21898500,137.504455566406
"2021-03-19",155.509994506836,155.940002441406,151.190002441406,155.139999389648,54418800,135.315170288086
"2021-03-22",152.800003051758,153.970001220703,150.610000610352,150.970001220703,19944800,131.678070068359
"2021-03-23",150.330001831055,152.119995117188,148.960006713867,149.460006713867,17076300,130.361022949219
"2021-03-24",150,153.179992675781,149.860000610352,150.619995117188,13079800,131.372787475586
"2021-03-25",150,152.970001220703,149.330001831055,152.550003051758,15608300,133.05615234375
"2021-03-26",154.300003051758,155.449996948242,152.550003051758,155.089996337891,16754400,135.271575927734
"2021-03-29",152.119995117188,153.729995727539,151.039993286133,152.679992675781,17570300,133.169570922852
"2021-03-30",154.460006713867,155.869995117188,153.880004882812,154.479995727539,13184300,134.739547729492
"2021-03-31",153.279998779297,154.490005493164,152.119995117188,152.229995727539,16736700,132.777053833008
"2021-04-01",151.899993896484,153.789993286133,151.550003051758,153.710006713867,16561500,134.067962646484
"2021-04-05",154.399993896484,154.940002441406,152.600006103516,153.619995117188,13508000,134.778579711914
"2021-04-06",152.789993286133,154.279998779297,151.860000610352,152.539993286133,13071600,133.831039428711
"2021-04-07",153.100006103516,155.229995727539,152.649993896484,154.929992675781,16903500,135.927947998047
"2021-04-08",154,155.509994506836,152.309997558594,155.119995117188,12335500,136.094589233398
"2021-04-09",155.809997558594,157.039993286133,154.970001220703,156.279998779297,12122400,137.112365722656
"2021-04-12",155.580001831055,157.25,155.570007324219,155.949996948242,12273400,136.822799682617
"2021-04-13",154.75,155.199996948242,152.429992675781,154.089996337891,16113600,135.190979003906
"2021-04-14",151.470001220703,153.830001831055,150.929992675781,151.210006713867,19939600,132.664184570312
"2021-04-15",151.25,152.199996948242,149.320007324219,152.169998168945,17694100,133.506439208984
"2021-04-16",153.869995117188,154.509994506836,152.690002441406,153.300003051758,13773400,134.497833251953
"2021-04-19",153.419998168945,153.880004882812,152.220001220703,152.649993896484,11900200,133.927551269531
"2021-04-20",151.740005493164,151.75,148.649993896484,149.270004272461,13716700,130.96208190918
"2021-04-21",147.789993286133,150.610000610352,146.789993286133,150.539993286133,12236700,132.076385498047
"2021-04-22",150.229995727539,150.300003051758,147.259994506836,147.369995117188,15256100,129.295181274414
"2021-04-23",147.179992675781,151.130004882812,146.690002441406,150.190002441406,14041900,131.769271850586
"2021-04-26",150.779998779297,152.460006713867,150.380004882812,150.559997558594,10799100,132.093841552734
"2021-04-27",150.5,151.570007324219,150.110000610352,151.25,12821200,132.699279785156
"2021-04-28",152.429992675781,152.889999389648,151.399993896484,152.229995727539,8943700,133.55908203125
"2021-04-29",153.539993286133,155.279998779297,153.199996948242,155.190002441406,12976900,136.156051635742
"2021-04-30",154.100006103516,154.490005493164,153.009994506836,153.809997558594,11705100,134.945297241211
"2021-05-03",154.850006103516,155.479995727539,153.130004882812,153.360000610352,11801100,134.550491333008
"2021-05-04",152.869995117188,155.639999389648,152.139999389648,155.479995727539,12977700,136.410461425781
"2021-05-05",156,158.279998779297,154.630004882812,157.520004272461,10506700,138.200271606445
"2021-05-06",158.070007324219,160.820007324219,157.160003662109,160.690002441406,13542400,140.981491088867
"2021-05-07",157.220001220703,161.5,157.020004272461,161.240005493164,14257800,141.464004516602
"2021-05-10",161.5,163.729995727539,161.119995117188,161.220001220703,14014300,141.446487426758
"2021-05-11",161.080001831055,162.389999389648,158.039993286133,158.539993286133,15451700,139.095169067383
"2021-05-12",159.610000610352,160.779998779297,157.029998779297,157.449996948242,14381700,138.13883972168
"2021-05-13",158.179992675781,162.449996948242,157.679992675781,161.5,15395000,141.692153930664
"2021-05-14",162.389999389648,164.449996948242,161.990005493164,164.009994506836,10584000,143.894241333008
"2021-05-17",163.369995117188,164.850006103516,163.029998779297,164.669998168945,9886800,144.473327636719
"2021-05-18",164.679992675781,165.5,162.240005493164,162.350006103516,11098100,142.437881469727
"2021-05-19",161,161.179992675781,158.639999389648,161.110000610352,13278900,141.349914550781
"2021-05-20",160.830001831055,161.860000610352,159.520004272461,160.830001831055,10426000,141.104293823242
"2021-05-21",161.339996337891,163.220001220703,160.940002441406,162.660003662109,10249000,142.709808349609
"2021-05-24",163.360000610352,164.229995727539,162.119995117188,163.539993286133,9440300,143.481964111328
"2021-05-25",163.850006103516,165.699996948242,161.559997558594,161.850006103516,12609100,141.999221801758
"2021-05-26",163.570007324219,163.740005493164,161.309997558594,161.830001831055,13058300,141.981628417969
"2021-05-27",163.949996948242,164.75,162.570007324219,164.350006103516,15707500,144.192565917969
"2021-05-28",164.679992675781,164.940002441406,163.259994506836,164.240005493164,10291300,144.096099853516
"2021-06-01",165.869995117188,166.910003662109,165.479995727539,166.050003051758,9445400,145.684097290039
"2021-06-02",167.259994506836,167.440002441406,165.529998779297,166.059997558594,10498600,145.692825317383
"2021-06-03",165.410003662109,167.25,164.660003662109,166.169998168945,13354400,145.789321899414
"2021-06-04",166.210006713867,166.669998168945,165.029998779297,166.440002441406,8510800,146.026214599609
"2021-06-07",167,167.100006103516,165.139999389648,165.660003662109,7267200,145.341918945312
"2021-06-08",164.490005493164,165.759994506836,163.160003662109,165,10370700,144.762847900391
"2021-06-09",164.139999389648,164.220001220703,162.279998779297,162.940002441406,12377400,142.955505371094
"2021-06-10",164.360000610352,165.240005493164,160.309997558594,160.399993896484,12119400,140.72705078125
"2021-06-11",160.429992675781,161.199996948242,159.059997558594,160.289993286133,13683800,140.630523681641
"2021-06-14",160.149993896484,160.330001831055,156.660003662109,157.570007324219,19917900,138.244140625
"2021-06-15",156.699996948242,156.919998168945,154.130004882812,155.179992675781,24485500,136.147262573242
"2021-06-16",154.729995727539,157.619995117188,153.110000610352,156.270004272461,25321200,137.103622436523
"2021-06-17",157.100006103516,157.460006713867,151.25,151.759994506836,29722400,133.146728515625
"2021-06-18",149.300003051758,149.699996948242,147.559997558594,147.919998168945,43595700,129.777679443359
"2021-06-21",149.080001831055,151.199996948242,149.020004272461,150.429992675781,18664800,131.979858398438
"2021-06-22",150.600006103516,150.970001220703,148.660003662109,150.210006713867,14251200,131.786804199219
"2021-06-23",150.199996948242,152.039993286133,150.089996337891,151.119995117188,12733300,132.585235595703
"2021-06-24",151.919998168945,153.119995117188,151.220001220703,152.509994506836,13733200,133.804748535156
"2021-06-25",152.589996337891,154.5,151.669998168945,154.050003051758,15484900,135.155868530273
"2021-06-28",153.699996948242,154.479995727539,152.119995117188,154.330001831055,14125800,135.40153503418
"2021-06-29",155,156.309997558594,153.610000610352,154.139999389648,14528700,135.234771728516
"2021-06-30",153.75,156.080001831055,153.710006713867,155.539993286133,12531000,136.463104248047
"2021-07-01",156.259994506836,157.139999389648,155.419998168945,157.080001831055,10479400,137.814208984375
"2021-07-02",155.949996948242,156.320007324219,155.119995117188,156.029998779297,11424000,137.681884765625
"2021-07-06",155.779998779297,155.779998779297,152.350006103516,153.410003662109,15083400,135.369995117188
"2021-07-07",152.009994506836,154.279998779297,151.550003051758,153.589996337891,12271800,135.528793334961
"2021-07-08",151.610000610352,152.529998779297,150.039993286133,150.940002441406,17834600,133.1904296875
"2021-07-09",153.050003051758,156.149993896484,152.580001831055,155.770004272461,13694500,137.452453613281
"2021-07-12",154.350006103516,159.160003662109,153.940002441406,158,19940400,139.420181274414
"2021-07-13",156.050003051758,157.389999389648,153.5,155.649993896484,22671700,137.346557617188
"2021-07-14",155.949996948242,157.279998779297,152.949996948242,155.119995117188,14622800,136.878860473633
"2021-07-15",153.899993896484,156.529998779297,153.699996948242,155.460006713867,11539300,137.178909301758
"2021-07-16",155.960006713867,156.279998779297,151.020004272461,151.910003662109,14002700,134.046356201172
"2021-07-19",148.550003051758,149.820007324219,145.710006713867,146.970001220703,22172900,129.687286376953
"2021-07-20",146.520004272461,151.119995117188,146.330001831055,149.710006713867,15385200,132.105087280273
"2021-07-21",152.050003051758,153.649993896484,151.360000610352,152.860000610352,12356700,134.884643554688
"2021-07-22",152.880004882812,153.440002441406,149.970001220703,150.929992675781,9913300,133.181594848633
"2021-07-23",151.479995727539,152.839996337891,150.25,150.639999389648,9666100,132.925704956055
"2021-07-26",150.190002441406,151.960006713867,150.169998168945,151.649993896484,8208000,133.816909790039
"2021-07-27",150.399993896484,152.490005493164,149.800003051758,151.449996948242,11218700,133.64045715332
"2021-07-28",152.289993286133,152.770004272461,150.880004882812,151.699996948242,9217300,133.861053466797
"2021-07-29",153.139999389648,153.869995117188,151.910003662109,153,9063500,135.008193969727
"2021-07-30",152.580001831055,153.669998168945,151.199996948242,151.779998779297,9805200,133.931625366211
"2021-08-02",152.029998779297,154.449996948242,151.070007324219,151.169998168945,10203200,133.393371582031
"2021-08-03",151.949996948242,153.320007324219,149.520004272461,152.889999389648,10394800,134.911148071289
"2021-08-04",151.25,153.369995117188,150.910003662109,151.240005493164,10155000,133.455139160156
"2021-08-05",152.279998779297,153.690002441406,152.009994506836,153.149993896484,9151500,135.140533447266
"2021-08-06",155.190002441406,157.820007324219,155.110000610352,157.5,13328800,138.978988647461
"2021-08-09",157.520004272461,158.550003051758,155.899993896484,157.330001831055,9516900,138.828994750977
"2021-08-10",156.740005493164,159.979995727539,156.309997558594,159.259994506836,8667000,140.53205871582
"2021-08-11",160,161.5,159.080001831055,161.160003662109,9156500,142.208618164062
"2021-08-12",161.880004882812,162.369995117188,160.550003051758,161.789993286133,8844200,142.764556884766
"2021-08-13",161.789993286133,162.160003662109,159.570007324219,159.979995727539,8980900,141.167373657227
"2021-08-16",158.940002441406,159.029998779297,156.779998779297,158.929992675781,8755800,140.240844726562
"2021-08-17",157.570007324219,158.860000610352,155.270004272461,157.009994506836,9347200,138.546615600586
"2021-08-18",156.309997558594,158.009994506836,155.339996337891,155.580001831055,8065500,137.284790039062
"2021-08-19",153.160003662109,155.559997558594,153.009994506836,154.279998779297,9517700,136.137664794922
"2021-08-20",154.350006103516,154.899993896484,153.160003662109,154.720001220703,6974100,136.525924682617
"2021-08-23",155.330001831055,157.089996337891,155.240005493164,156.699996948242,7934600,138.273071289062
"2021-08-24",157,158.550003051758,156.869995117188,157.669998168945,7670900,139.128982543945
"2021-08-25",158.509994506836,161.779998779297,157.800003051758,160.919998168945,11335000,141.996841430664
"2021-08-26",162.259994506836,163.830001831055,161.149993896484,161.75,11027500,142.729248046875
"2021-08-27",161.75,163.160003662109,161.259994506836,163.050003051758,8780200,143.876358032227
"2021-08-30",163.210006713867,163.490005493164,159.880004882812,160.440002441406,7937600,141.573257446289
"2021-08-31",160.440002441406,161.369995117188,159.350006103516,159.949996948242,12340800,141.140930175781
"2021-09-01",160.220001220703,160.759994506836,158.970001220703,159.720001220703,8729900,140.937973022461
"2021-09-02",160.020004272461,161.610000610352,159.429992675781,160.460006713867,8813300,141.590942382812
"2021-09-03",160.389999389648,160.889999389648,159.149993896484,159.490005493164,7959700,140.734985351562
"2021-09-07",159.990005493164,161.380004882812,158.960006713867,159.210006713867,9285600,140.487945556641
"2021-09-08",158.889999389648,159.580001831055,158.039993286133,158.5,7852700,139.861419677734
"2021-09-09",158.270004272461,160.830001831055,158.080001831055,159.190002441406,7904300,140.470245361328
"2021-09-10",160.559997558594,160.720001220703,157.220001220703,157.360000610352,8311600,138.85546875
"2021-09-13",158.529998779297,160.050003051758,158.070007324219,159.860000610352,10052800,141.061477661133
"2021-09-14",160.449996948242,161.339996337891,156.259994506836,157.070007324219,11685600,138.599578857422
"2021-09-15",156.720001220703,158.690002441406,156.470001220703,158.160003662109,11691500,139.561386108398
"2021-09-16",159.410003662109,160.850006103516,157.220001220703,158.089996337891,10880900,139.499633789062
"2021-09-17",157.380004882812,159.009994506836,157,157.679992675781,25581600,139.137847900391
"2021-09-20",153.889999389648,154.559997558594,150.490005493164,152.960006713867,15819900,134.972869873047
"2021-09-21",153.529998779297,154.550003051758,152.580001831055,152.979995727539,8999900,134.990509033203
"2021-09-22",155.199996948242,157.25,155.100006103516,155.910003662109,11236200,137.575973510742
"2021-09-23",158,161.710006713867,157.669998168945,161.179992675781,12336100,142.226272583008
"2021-09-24",161.440002441406,163.589996337891,160.820007324219,163.039993286133,10102400,143.867523193359
"2021-09-27",165,167.399993896484,164.610000610352,166.979995727539,13220900,147.34423828125
"2021-09-28",167.699996948242,169.300003051758,165.660003662109,166.080001831055,13387900,146.550033569336
"2021-09-29",166.210006713867,166.899993896484,165.039993286133,165.949996948242,7777100,146.435348510742
"2021-09-30",166.919998168945,166.990005493164,162.789993286133,163.690002441406,13161200,144.44108581543
"2021-10-01",164,168.300003051758,163.600006103516,167.130004882812,11285000,147.476608276367
"2021-10-04",166.970001220703,170.440002441406,165.729995727539,166.949996948242,14120000,147.31770324707
"2021-10-05",167.210006713867,170.139999389648,166.669998168945,168.660003662109,12292900,149.72346496582
"2021-10-06",167.990005493164,169.100006103516,166,169.020004272461,8692600,150.043029785156
"2021-10-07",171.199996948242,171.509994506836,169.539993286133,170.089996337891,10195400,150.992919921875
"2021-10-08",170.020004272461,171.339996337891,169.300003051758,170.220001220703,8190100,151.108337402344
"2021-10-11",170.800003051758,171.289993286133,166.460006713867,166.639999389648,12154700,147.930252075195
"2021-10-12",165.75,166.690002441406,164.770004272461,165.360000610352,13032600,146.793975830078
"2021-10-13",164.070007324219,165.410003662109,160.600006103516,161,22753500,142.923538208008
"2021-10-14",161.75,164.009994506836,160.059997558594,163.470001220703,15176800,145.116180419922
"2021-10-15",165.350006103516,167.169998168945,164.139999389648,166.610000610352,14267400,147.90364074707
"2021-10-18",166.479995727539,168.610000610352,165.910003662109,166.550003051758,12672900,147.850387573242
"2021-10-19",167.399993896484,168.649993896484,166.580001831055,168.570007324219,8053900,149.643569946289
"2021-10-20",168.300003051758,170.869995117188,167.460006713867,170.839996337891,8185600,151.658676147461
"2021-10-21",170.759994506836,171.330001831055,168.679992675781,169.5,8415200,150.469192504883
"2021-10-22",170.029998779297,172.089996337891,169.699996948242,171.779998779297,8817900,152.493194580078
"2021-10-25",172.710006713867,172.960006713867,170.479995727539,170.940002441406,10159200,151.747512817383
"2021-10-26",171,172.490005493164,170.539993286133,171.399993896484,8015100,152.155822753906
"2021-10-27",170.320007324219,170.699996948242,167.339996337891,167.830001831055,9847000,148.986663818359
"2021-10-28",168.300003051758,170.509994506836,167.960006713867,170.360000610352,7212900,151.23258972168
"2021-10-29",171.179992675781,172.240005493164,169.389999389648,169.889999389648,8140100,150.815353393555
"2021-11-01",172.039993286133,172.330001831055,169.009994506836,169.800003051758,7435500,150.735504150391
"2021-11-02",169.800003051758,171.690002441406,168.919998168945,170.470001220703,7173800,151.33024597168
"2021-11-03",170.130004882812,171.130004882812,169.149993896484,170.529998779297,8402700,151.383514404297
"2021-11-04",170,170.199996948242,166.490005493164,168.289993286133,9574200,149.395050048828
"2021-11-05",168.899993896484,170.089996337891,167.410003662109,168.050003051758,7975600,149.181991577148
"2021-11-08",169.050003051758,170.919998168945,168.740005493164,169.059997558594,6413700,150.078552246094
"2021-11-09",167.350006103516,168.470001220703,166.600006103516,167.779998779297,7990300,148.942260742188
"2021-11-10",167.449996948242,168.949996948242,167.089996337891,167.619995117188,6999200,148.800231933594
"2021-11-11",167.520004272461,168.679992675781,166.899993896484,167.610000610352,5815300,148.791381835938
"2021-11-12",167.649993896484,167.740005493164,165.720001220703,166.860000610352,8113400,148.125564575195
"2021-11-15",167.210006713867,167.789993286133,166,166.559997558594,6492500,147.859237670898
"2021-11-16",167.059997558594,167.070007324219,165.119995117188,165.360000610352,9706100,146.793975830078
"2021-11-17",165.210006713867,165.559997558594,163.389999389648,164.470001220703,9909600,146.003936767578
"2021-11-18",164.389999389648,164.850006103516,162.559997558594,163.050003051758,8122500,144.743347167969
"2021-11-19",161.300003051758,162.110000610352,159.449996948242,160.919998168945,12193600,142.852493286133
"2021-11-22",164.160003662109,165.979995727539,162.990005493164,164.350006103516,14549900,145.897399902344
"2021-11-23",165.5,168.559997558594,165.369995117188,168.279998779297,12354400,149.386123657227
"2021-11-24",168.460006713867,169.440002441406,166.440002441406,166.960006713867,9629800,148.214324951172
"2021-11-26",162.139999389648,162.649993896484,158.820007324219,161.929992675781,13619300,143.749069213867
"2021-11-29",163.309997558594,164.779998779297,159.820007324219,161.229995727539,12104400,143.127655029297
"2021-11-30",159.160003662109,160.630004882812,158.289993286133,158.830001831055,18922600,140.997146606445
"2021-12-01",161,163.270004272461,157.800003051758,157.889999389648,12253400,140.162704467773
"2021-12-02",159.830001831055,163.25,158.800003051758,161.210006713867,12969900,143.109939575195
"2021-12-03",161.5,161.830001831055,157.190002441406,158.289993286133,12681800,140.517761230469
"2021-12-06",161.009994506836,162.610000610352,159.460006713867,160.160003662109,11186500,142.177810668945
"2021-12-07",161.880004882812,163.389999389648,161.160003662109,162.570007324219,9851600,144.317230224609
"2021-12-08",162.660003662109,163.270004272461,160.169998168945,160.710006713867,11705700,142.666076660156
"2021-12-09",159.649993896484,160.929992675781,158.649993896484,160.460006713867,11189600,142.44416809082
"2021-12-10",161.320007324219,161.699996948242,159.130004882812,159.820007324219,10405400,141.876022338867
"2021-12-13",159.5,159.789993286133,157.279998779297,157.919998168945,12069000,140.189315795898
"2021-12-14",157.449996948242,160.889999389648,157.300003051758,159.130004882812,12563600,141.263473510742
"2021-12-15",159.850006103516,159.850006103516,157.350006103516,157.940002441406,14014200,140.207092285156
"2021-12-16",160.389999389648,161.820007324219,158.699996948242,160.410003662109,19542800,142.399765014648
"2021-12-17",159.320007324219,159.380004882812,155.179992675781,156.759994506836,28082000,139.159561157227
"2021-12-20",154.509994506836,154.699996948242,151.839996337891,153.940002441406,15148000,136.656173706055
"2021-12-21",155.410003662109,157.179992675781,155.089996337891,156.089996337891,11291300,138.56477355957
"2021-12-22",155.75,157.059997558594,155.240005493164,156.699996948242,7273000,139.106292724609
"2021-12-23",157.610000610352,159.119995117188,157.210006713867,157.259994506836,8055200,139.603408813477
"2021-12-27",157.600006103516,158.199996948242,156.339996337891,158.160003662109,6188100,140.402374267578
"2021-12-28",158.199996948242,160.149993896484,158.080001831055,158.639999389648,6342300,140.828475952148
"2021-12-29",158.850006103516,159.630004882812,158.149993896484,158.559997558594,6398900,140.757446289062
"2021-12-30",159.110000610352,160.240005493164,158.369995117188,158.479995727539,6948200,140.686431884766
"2021-12-31",158.449996948242,159.289993286133,157.960006713867,158.350006103516,5805900,140.571044921875
"2022-01-03",159.860000610352,162.639999389648,159.509994506836,161.699996948242,13120900,143.544906616211
"2022-01-04",164.309997558594,168.580001831055,164.229995727539,167.830001831055,20195800,148.986663818359
"2022-01-05",167.820007324219,168.360000610352,163.729995727539,163.779998779297,17539400,146.262893676758
"2022-01-06",166.910003662109,167.369995117188,163.869995117188,165.520004272461,14047500,147.816818237305
"2022-01-07",165.669998168945,167.529998779297,165.059997558594,167.160003662109,13913300,149.281387329102
"2022-01-10",169.070007324219,169.309997558594,165.529998779297,167.320007324219,12922500,149.424270629883
"2022-01-11",168.259994506836,168.520004272461,166.309997558594,167.490005493164,11854100,149.576095581055
"2022-01-12",168.460006713867,169.589996337891,167.179992675781,168.440002441406,12568000,150.424499511719
"2022-01-13",168.339996337891,169.809997558594,167.889999389648,168.229995727539,13623400,150.236923217773
"2022-01-14",160.759994506836,161.029998779297,156.899993896484,157.889999389648,40158400,141.002838134766
"2022-01-18",155.779998779297,155.779998779297,150.539993286133,151.270004272461,32324800,135.090911865234
"2022-01-19",151.570007324219,152.229995727539,148.550003051758,148.929992675781,22380000,133.001159667969
"2022-01-20",148.990005493164,150.610000610352,147.360000610352,147.660003662109,14860800,131.866989135742
"2022-01-21",147.5,147.509994506836,144.270004272461,145.080001831055,20705400,129.562957763672
"2022-01-24",142.279998779297,145.479995727539,139.570007324219,144.949996948242,28471400,129.446823120117
"2022-01-25",143.649993896484,146.850006103516,140.789993286133,146.529998779297,18915900,130.857849121094
"2022-01-26",148.720001220703,150.570007324219,145.960006713867,147.919998168945,20709100,132.099166870117
"2022-01-27",149.419998168945,150.380004882812,144.130004882812,145.309997558594,17536800,129.768371582031
"2022-01-28",144.190002441406,146.759994506836,142.169998168945,146.610000610352,14117000,130.929260253906
"2022-01-31",145.639999389648,148.789993286133,144.669998168945,148.600006103516,13985700,132.706466674805
"2022-02-01",148.690002441406,151.470001220703,148.300003051758,151.149993896484,14584900,134.98371887207
"2022-02-02",150.5,150.940002441406,148.070007324219,149.940002441406,12441100,133.903182983398
"2022-02-03",150,151.649993896484,148.289993286133,148.699996948242,12474900,132.795776367188
"2022-02-04",149.100006103516,153.5,148.770004272461,152.559997558594,16654400,136.242950439453
"2022-02-07",153.270004272461,153.619995117188,150.850006103516,153.070007324219,12572300,136.698364257812
"2022-02-08",155,158.479995727539,154.800003051758,155.949996948242,20411400,139.270309448242
"2022-02-09",156.589996337891,157.429992675781,155.820007324219,156.600006103516,9131100,139.850845336914
"2022-02-10",156.660003662109,159.029998779297,155.220001220703,155.949996948242,16455600,139.270309448242
"2022-02-11",155.610000610352,158.190002441406,152.970001220703,153.919998168945,16830000,137.457473754883
"2022-02-14",152.729995727539,153.679992675781,150.320007324219,152.490005493164,17026500,136.180389404297
"2022-02-15",154.509994506836,155.940002441406,153.850006103516,154.720001220703,9500000,138.171905517578
"2022-02-16",153.740005493164,156.100006103516,153.740005493164,155,9076500,138.421936035156
"2022-02-17",153,153.729995727539,150.669998168945,151.429992675781,11367500,135.233779907227
"2022-02-18",152.130004882812,154.139999389648,151.130004882812,152.139999389648,11733300,135.86784362793
"2022-02-22",150.600006103516,153.240005493164,150.410003662109,151.869995117188,11333500,135.626724243164
"2022-02-23",153.119995117188,153.300003051758,147.970001220703,148.690002441406,11799000,132.786849975586
"2022-02-24",142.940002441406,144.990005493164,139.779998779297,144.550003051758,25655100,129.089614868164
"2022-02-25",145.25,150.130004882812,144.910003662109,147.970001220703,18367700,132.143829345703
"2022-02-28",143.550003051758,145.059997558594,140.880004882812,141.800003051758,31315300,126.633735656738
"2022-03-01",140.039993286133,140.479995727539,133.580001831055,136.449996948242,36840400,121.855941772461
"2022-03-02",137.289993286133,140.039993286133,136.610000610352,139.279998779297,19405600,124.38330078125
"2022-03-03",139.839996337891,140.979995727539,137.059997558594,138.289993286133,16640800,123.499145507812
"2022-03-04",134.940002441406,135.419998168945,132.399993896484,134.399993896484,21016000,120.025207519531
"2022-03-07",132.169998168945,132.690002441406,128.949996948242,129.210006713867,27560100,115.390327453613
"2022-03-08",129.639999389648,131.789993286133,127.269996643066,128.300003051758,19207800,114.577651977539
"2022-03-09",132.899993896484,135.240005493164,132.440002441406,133.440002441406,17536200,119.167900085449
"2022-03-10",131.860000610352,133.449996948242,130.320007324219,131.860000610352,15604200,117.756881713867
"2022-03-11",132.490005493164,134.080001831055,128.419998168945,128.889999389648,20061800,115.104553222656
"2022-03-14",129.460006713867,132.919998168945,129.229995727539,130.169998168945,15786900,116.247634887695
"2022-03-15",131.800003051758,133.550003051758,131.130004882812,132.479995727539,15096600,118.310569763184
"2022-03-16",134.869995117188,138.490005493164,134.429992675781,138.399993896484,20354900,123.597396850586
"2022-03-17",136.860000610352,140.190002441406,135.919998168945,140.149993896484,17050500,125.160217285156
"2022-03-18",140.190002441406,140.850006103516,138.460006713867,140.100006103516,23656500,125.115577697754
"2022-03-21",140.350006103516,140.759994506836,138.729995727539,139.649993896484,12676100,124.713691711426
"2022-03-22",142.270004272461,143.929992675781,141.720001220703,142.619995117188,13548600,127.36604309082
"2022-03-23",140.979995727539,141.589996337891,139.199996948242,139.779998779297,12093200,124.829803466797
"2022-03-24",140.300003051758,140.710006713867,139.110000610352,140.690002441406,10017600,125.642509460449
"2022-03-25",141.089996337891,143.179992675781,140.800003051758,141.919998168945,8383500,126.740936279297
"2022-03-28",140,140.970001220703,137.899993896484,140.869995117188,10818100,125.803215026855
"2022-03-29",143.350006103516,143.600006103516,140.240005493164,141.179992675781,11316500,126.080055236816
"2022-03-30",141.899993896484,142.119995117188,139.910003662109,140.539993286133,8771000,125.508491516113
"2022-03-31",139.830001831055,140.350006103516,136.259994506836,136.320007324219,17353900,121.739868164062
"2022-04-01",137.399993896484,137.410003662109,133.800003051758,135.309997558594,15721300,120.837890625
"2022-04-04",134.119995117188,136.940002441406,132.889999389648,135.910003662109,17416400,121.373733520508
"2022-04-05",134.070007324219,135.399993896484,133.009994506836,133.339996337891,12110300,119.961227416992
"2022-04-06",131.580001831055,132.559997558594,130.960006713867,131.490005493164,12914700,118.296882629395
"2022-04-07",130.949996948242,131.919998168945,128.729995727539,131.089996337891,12994200,117.937004089355
"2022-04-08",131.669998168945,133.899993896484,131.490005493164,133.490005493164,13126900,120.096221923828
"2022-04-11",133,134.899993896484,132.570007324219,133,10466400,119.655380249023
"2022-04-12",132.139999389648,134.580001831055,130.699996948242,131.539993286133,12989900,118.341850280762
"2022-04-13",126.940002441406,129.25,126.01000213623,127.300003051758,30838000,114.527282714844
"2022-04-14",126.5,128.300003051758,125.019996643066,126.120002746582,18835200,113.465682983398
"2022-04-18",125.669998168945,129.240005493164,125.540000915527,128.460006713867,11834400,115.570899963379
"2022-04-19",128.449996948242,131.320007324219,128.229995727539,131.119995117188,15015400,117.964019775391
"2022-04-20",132.520004272461,133.509994506836,131.339996337891,131.580001831055,13430200,118.377830505371
"2022-04-21",132.220001220703,132.809997558594,129.960006713867,130.559997558594,12174200,117.460189819336
"2022-04-22",130.279998779297,130.520004272461,126.690002441406,126.809997558594,14318800,114.086441040039
"2022-04-25",126.01000213623,127.120002746582,123.110000610352,126.769996643066,17149000,114.050445556641
"2022-04-26",124.639999389648,126.410003662109,122.870002746582,123.019996643066,17209500,110.676704406738
"2022-04-27",122.330001831055,123.559997558594,121.220001220703,121.419998168945,17215200,109.237251281738
"2022-04-28",122.809997558594,123.650001525879,121.139999389648,123.339996337891,13015600,110.96460723877
"2022-04-29",123.050003051758,123.610000610352,118.900001525879,119.360000610352,14874800,107.383941650391
"2022-05-02",119.879997253418,120.709999084473,118.220001220703,120.449996948242,18545000,108.364585876465
"2022-05-03",121.529998779297,124.169998168945,120.779998779297,123.029998779297,15720900,110.685722351074
"2022-05-04",122.800003051758,127.400001525879,122.73999786377,127.099998474121,17128500,114.347351074219
"2022-05-05",125.25,126.099998474121,122.160003662109,123.919998168945,15055400,111.486396789551
"2022-05-06",123.800003051758,124.290000915527,121.180000305176,123.720001220703,14417900,111.306480407715
"2022-05-09",122.110000610352,123.330001831055,120.5,121.860000610352,14312300,109.633102416992
"2022-05-10",123.110000610352,123.779998779297,117.559997558594,118.889999389648,16382400,106.961097717285
"2022-05-11",119.300003051758,122.889999389648,117.940002441406,118.139999389648,14630300,106.286354064941
"2022-05-12",117,118.319999694824,115.370002746582,118.040000915527,16318800,106.196380615234
"2022-05-13",119.410003662109,120.25,117.959999084473,119.089996337891,10443200,107.141014099121
"2022-05-16",118.540000915527,119.459999084473,117.230003356934,118.26000213623,10269000,106.394309997559
"2022-05-17",121.040000915527,122.970001220703,120.809997558594,122.180000305176,11160200,109.920974731445
"2022-05-18",121.300003051758,121.970001220703,119.529998779297,120.089996337891,12664900,108.040702819824
"2022-05-19",118.190002441406,119.650001525879,117.629997253418,118.309997558594,12765800,106.439292907715
"2022-05-20",119.459999084473,119.669998168945,115.019996643066,117.339996337891,13150100,105.566619873047
"2022-05-23",120.459999084473,126.569999694824,120.449996948242,124.599998474121,24376700,112.098190307617
"2022-05-24",124.360000610352,127.48999786377,123.110000610352,126.360000610352,19324900,113.681594848633
"2022-05-25",126.279998779297,127.860000610352,125.169998168945,127.23999786377,12780400,114.473289489746
"2022-05-26",128.369995117188,130.190002441406,128.210006713867,129.440002441406,15990900,116.452560424805
"2022-05-27",130.160003662109,131.270004272461,129.139999389648,131.270004272461,11177800,118.098960876465
"2022-05-31",130.179992675781,133.149993896484,129.710006713867,132.229995727539,17015000,118.962623596191
"2022-06-01",132.869995117188,132.869995117188,128.669998168945,129.910003662109,10768000,116.87540435791
"2022-06-02",129.899993896484,132.009994506836,128.669998168945,132,8374800,118.755706787109
"2022-06-03",131.210006713867,131.770004272461,129.990005493164,130.160003662109,8596000,117.100318908691
"2022-06-06",131.089996337891,132.389999389648,129.460006713867,129.729995727539,11323500,116.713470458984
"2022-06-07",128.830001831055,130.320007324219,128.619995117188,130.070007324219,6722200,117.01936340332
"2022-06-08",129,129.449996948242,126.900001525879,128,8422100,115.157043457031
"2022-06-09",127.370002746582,128.100006103516,125.269996643066,125.309997558594,13560100,112.736953735352
"2022-06-10",122.589996337891,123.400001525879,119.319999694824,119.550003051758,12945200,107.554893493652
"2022-06-13",116.860000610352,117.949996948242,115.059997558594,115.98999786377,16805600,104.352073669434
"2022-06-14",115.550003051758,117.319999694824,113.220001220703,114.059997558594,13357900,102.61572265625
"2022-06-15",115.620002746582,116.949996948242,113.169998168945,115.410003662109,14083500,103.830276489258
"2022-06-16",113.860000610352,114.26000213623,111.870002746582,113.430000305176,16724900,102.048934936523
"2022-06-17",113.540000915527,114.629997253418,112.160003662109,113.029998779297,30919900,101.689056396484
"2022-06-21",115.870002746582,117.029998779297,115.040000915527,115.830001831055,11680500,104.208114624023
"2022-06-22",114.879997253418,116.199996948242,114.389999389648,115.180000305176,9842700,103.623352050781
"2022-06-23",115.01000213623,115.180000305176,111.480003356934,113.919998168945,11851500,102.489776611328
"2022-06-24",113.230003356934,117.819999694824,112.830001831055,117.319999694824,14841100,105.548622131348
"2022-06-27",118.059997558594,118.5,115.639999389648,116.379997253418,11280500,104.702934265137
"2022-06-28",117.669998168945,119.290000915527,115.599998474121,115.819999694824,11590900,104.199127197266
"2022-06-29",116,116.819999694824,114.730003356934,115.300003051758,9338400,103.731315612793
"2022-06-30",113.169998168945,114.080001831055,110.930000305176,112.610000610352,15172600,101.311195373535
"2022-07-01",112.650001525879,114.419998168945,111.160003662109,114.050003051758,10573600,102.606735229492
"2022-07-05",110.769996643066,112.709999084473,109.300003051758,112.620002746582,12514200,102.216461181641
"2022-07-06",111.730003356934,112.98999786377,110.790000915527,111.889999389648,10656200,101.55387878418
"2022-07-07",113.5,114.900001525879,113.400001525879,114.720001220703,10347400,104.122459411621
"2022-07-08",115.160003662109,115.650001525879,113.610000610352,114.360000610352,8807800,103.795715332031
"2022-07-11",113.550003051758,114.230003356934,112.220001220703,112.860000610352,7939500,102.434288024902
"2022-07-12",112.580001831055,115.180000305176,112.26000213623,112.970001220703,11250900,102.534126281738
"2022-07-13",111.75,112.480003356934,110.379997253418,111.910003662109,12979900,101.572044372559
"2022-07-14",107.98999786377,108.230003356934,106.059997558594,108,26204800,98.0232391357422
"2022-07-15",109.160003662109,113.879997253418,107.669998168945,112.949996948242,18863900,102.51594543457
"2022-07-18",114.769996643066,115.839996337891,111.290000915527,111.790000915527,13977900,101.463119506836
"2022-07-19",113.129997253418,114.940002441406,112.669998168945,114.559997558594,11862300,103.977233886719
"2022-07-20",114.099998474121,114.73999786377,113.480003356934,114.540000915527,11667500,103.959091186523
"2022-07-21",114.440002441406,115.529998779297,113.370002746582,115.319999694824,11595900,104.667022705078
"2022-07-22",115.23999786377,116.25,113.669998168945,114.76000213623,7645500,104.158760070801
"2022-07-25",115.839996337891,116.459999084473,114.769996643066,115.220001220703,9394000,104.576278686523
"2022-07-26",114.580001831055,115.580001831055,113.029998779297,113.419998168945,10675100,102.94255065918
"2022-07-27",114.01000213623,115.73999786377,113.300003051758,115.23999786377,9337400,104.594429016113
"2022-07-28",115.25,115.980003356934,113.529998779297,114.809997558594,10384800,104.204139709473
"2022-07-29",115.589996337891,116.5,114.790000915527,115.360000610352,12944500,104.703330993652
"2022-08-01",114.5,115.110000610352,113.069999694824,114.209999084473,14740400,103.659561157227
"2022-08-02",113.919998168945,114.400001525879,112.269996643066,112.430000305176,14942900,102.043998718262
"2022-08-03",113.449996948242,114.099998474121,111.709999084473,113.610000610352,14394500,103.11498260498
"2022-08-04",112.849998474121,113.319999694824,111.019996643066,112.360000610352,18033900,101.980476379395
"2022-08-05",112.529998779297,116.190002441406,112.050003051758,115.76000213623,14174600,105.066390991211
"2022-08-08",116.25,116.699996948242,114.180000305176,114.349998474121,10332500,103.786636352539
"2022-08-09",114.75,115.98999786377,114.370002746582,115.379997253418,10233800,104.721488952637
"2022-08-10",117.959999084473,119.370002746582,117.5,118.389999389648,12847300,107.453430175781
"2022-08-11",119.900001525879,121.199996948242,119.309997558594,120.139999389648,11684900,109.041778564453
"2022-08-12",120.669998168945,122.25,119.440002441406,122.129997253418,9906700,110.847938537598
"2022-08-15",121.139999389648,122.720001220703,120.599998474121,122.459999084473,8456200,111.147445678711
"2022-08-16",122.290000915527,124.23999786377,121.870002746582,123.629997253418,9555000,112.209365844727
"2022-08-17",122.300003051758,123.160003662109,121.690002441406,122.589996337891,8149300,111.265449523926
"2022-08-18",122.23999786377,122.470001220703,120.550003051758,121.639999389648,9531800,110.403213500977
"2022-08-19",120.620002746582,120.98999786377,118.110000610352,118.629997253418,13464500,107.671264648438
"2022-08-22",116.75,117.160003662109,115.5,116.669998168945,8967600,105.892311096191
"2022-08-23",116.690002441406,117.290000915527,115.379997253418,115.519996643066,7607000,104.848541259766
"2022-08-24",115.290000915527,116.410003662109,114.449996948242,115.800003051758,9771300,105.102691650391
"2022-08-25",116.160003662109,118.73999786377,115.680000305176,118.550003051758,10758900,107.598655700684
"2022-08-26",119.459999084473,119.98999786377,114.599998474121,114.669998168945,11276200,104.077072143555
"2022-08-29",114,114.860000610352,113.459999084473,114.389999389648,8117300,103.822944641113
"2022-08-30",115,115.580001831055,113.360000610352,114.410003662109,10745400,103.841079711914
"2022-08-31",114.480003356934,115.029998779297,113.339996337891,113.730003356934,10738300,103.223907470703
"2022-09-01",113.290000915527,114.629997253418,111.910003662109,114.51000213623,9979800,103.931861877441
"2022-09-02",115.870002746582,117.449996948242,113.190002441406,113.709999084473,10666600,103.205757141113
"2022-09-06",114.330001831055,114.75,112.069999694824,113.73999786377,9751900,103.232986450195
"2022-09-07",113.129997253418,116.110000610352,112.76000213623,115.900001525879,10647900,105.193466186523
"2022-09-08",115.279998779297,118.790000915527,114.629997253418,118.599998474121,11435000,107.644027709961
"2022-09-09",119.139999389648,120.050003051758,118.669998168945,119.169998168945,9299700,108.161376953125
"2022-09-12",120.620002746582,121.550003051758,119.790000915527,120.580001831055,8614600,109.441108703613
"2022-09-13",118.069999694824,118.919998168945,115.779998779297,116.389999389648,12904600,105.63818359375
"2022-09-14",116.699996948242,117.839996337891,114.879997253418,116.120002746582,9345700,105.393127441406
"2022-09-15",116.120002746582,119.379997253418,115.76000213623,117.870002746582,10821400,106.981468200684
"2022-09-16",117.389999389648,117.400001525879,115.370002746582,117.080001831055,14844100,106.264442443848
"2022-09-19",116,118.730003356934,115.51000213623,118.160003662109,8201300,107.244674682617
"2022-09-20",117.410003662109,117.690002441406,114.639999389648,115.830001831055,9619000,105.129920959473
"2022-09-21",116.540000915527,116.599998474121,112.419998168945,112.48999786377,12606300,102.09846496582
"2022-09-22",113.379997253418,113.599998474121,111.069999694824,111.209999084473,11684500,100.936698913574
"2022-09-23",110.050003051758,110.339996337891,107.160003662109,109.139999389648,18138600,99.0579299926758
"2022-09-26",108,109.610000610352,106.059997558594,106.790000915527,15753600,96.9250106811523
"2022-09-27",107.75,108.169998168945,104.650001525879,105.849998474121,12793600,96.0718307495117
"2022-09-28",105.949996948242,108.730003356934,105.639999389648,107.98999786377,12762600,98.0141448974609
"2022-09-29",106.949996948242,107.279998779297,104.400001525879,106.160003662109,12713900,96.3532104492188
"2022-09-30",106.059997558594,107.620002746582,104.400001525879,104.5,15973400,94.8465576171875
"2022-10-03",105.620002746582,108.360000610352,104.459999084473,107.730003356934,12248100,97.7781677246094
"2022-10-04",110.610000610352,112.98999786377,109.860000610352,112.769996643066,16013600,102.352584838867
"2022-10-05",109.75,110.949996948242,108.830001831055,110.389999389648,10943500,101.0888671875
"2022-10-06",109.459999084473,110.190002441406,107.940002441406,108.139999389648,11521400,99.0284423828125
"2022-10-07",107.519996643066,107.709999084473,105.269996643066,105.980003356934,11681100,97.0504531860352
"2022-10-10",106.730003356934,107.309997558594,104.519996643066,104.98999786377,8931700,96.1438446044922
"2022-10-11",104.370002746582,104.540000915527,101.849998474121,101.959999084473,12739700,93.369140625
"2022-10-12",101.800003051758,104.730003356934,101.279998779297,103.610000610352,13181000,94.880126953125
"2022-10-13",101.980003356934,109.900001525879,101.76000213623,109.370002746582,22398700,100.154815673828
"2022-10-14",111.959999084473,115.23999786377,110.720001220703,111.190002441406,33387100,101.821479797363
"2022-10-17",115.410003662109,117.01000213623,114.319999694824,115.860000610352,22276300,106.097991943359
"2022-10-18",119.660003662109,120.139999389648,116.959999084473,118.839996337891,21539700,108.826889038086
"2022-10-19",117.98999786377,118.830001831055,115.669998168945,116.51000213623,17072000,106.693214416504
"2022-10-20",117.160003662109,118.709999084473,115.650001525879,116.129997253418,12207400,106.345230102539
"2022-10-21",116.459999084473,122.389999389648,116.330001831055,122.230003356934,20593300,111.931259155273
"2022-10-24",122.069999694824,123.099998474121,121.330001831055,122.379997253418,12624200,112.06861114502
"2022-10-25",121.849998474121,123.269996643066,120.889999389648,122.699996948242,11289100,112.361671447754
"2022-10-26",123,125.199996948242,122.879997253418,124.110000610352,11667000,113.652862548828
"2022-10-27",125.199996948242,126.199996948242,124.209999084473,124.599998474121,10727600,114.1015625
"2022-10-28",125.290000915527,126.279998779297,124.050003051758,126.080001831055,11859500,115.456878662109
"2022-10-31",125.699996948242,127.430000305176,125.589996337891,125.879997253418,13295200,115.273727416992
"2022-11-01",126.870002746582,128.279998779297,126.330001831055,128.149993896484,13386900,117.35245513916
"2022-11-02",127.650001525879,130.360000610352,126.639999389648,126.970001220703,16546100,116.271881103516
"2022-11-03",126.309997558594,128.179992675781,125.910003662109,127.199996948242,12474400,116.48250579834
"2022-11-04",129.490005493164,130.830001831055,128.460006713867,130.679992675781,14953200,119.669281005859
"2022-11-07",131,132.289993286133,130.479995727539,131.369995117188,12011200,120.301155090332
"2022-11-08",131.240005493164,132.059997558594,130.139999389648,131.449996948242,9884100,120.374404907227
"2022-11-09",131.320007324219,131.429992675781,129.220001220703,129.740005493164,9494000,118.808494567871
"2022-11-10",132.630004882812,135.25,132.529998779297,135.080001831055,16351600,123.69856262207
"2022-11-11",135.190002441406,136.169998168945,133.779998779297,135.300003051758,10704700,123.900032043457
"2022-11-14",134.800003051758,135.729995727539,133.910003662109,133.910003662109,11085600,122.627151489258
"2022-11-15",134.679992675781,135.710006713867,131.600006103516,132.940002441406,14038300,121.738868713379
"2022-11-16",133,133.559997558594,132.029998779297,133.119995117188,7893400,121.903694152832
"2022-11-17",132,132.889999389648,131.279998779297,132.539993286133,8820200,121.372566223145
"2022-11-18",134.570007324219,134.669998168945,132.279998779297,133.839996337891,9468500,122.563018798828
"2022-11-21",133.740005493164,134.559997558594,132.75,133.050003051758,7800500,121.839599609375
"2022-11-22",134,135.270004272461,133.690002441406,135.039993286133,9185700,123.661918640137
"2022-11-23",134.940002441406,136.5,134.860000610352,136.479995727539,7316200,124.980583190918
"2022-11-25",136.479995727539,137.139999389648,136.059997558594,136.740005493164,3220500,125.218719482422
"2022-11-28",136.070007324219,136.710006713867,134.190002441406,134.350006103516,9906900,123.030052185059
"2022-11-29",134.660003662109,136.639999389648,134.410003662109,136.559997558594,7925300,125.053855895996
"2022-11-30",136.089996337891,138.179992675781,133.190002441406,138.179992675781,14761200,126.53734588623
"2022-12-01",138.179992675781,138.660003662109,135.429992675781,136.240005493164,8858500,124.76082611084
"2022-12-02",134.490005493164,135.350006103516,133.339996337891,135.160003662109,8931900,123.771835327148
"2022-12-05",134.240005493164,134.570007324219,130.600006103516,131.369995117188,10154500,120.301155090332
"2022-12-06",133.389999389648,135.110000610352,129.869995117188,131.589996337891,13966700,120.502624511719
"2022-12-07",131.309997558594,133.080001831055,130.330001831055,131.5,11739400,120.420211791992
"2022-12-08",132.330001831055,132.979995727539,131.429992675781,132.880004882812,8907300,121.683921813965
"2022-12-09",132.199996948242,133.759994506836,132,132.160003662109,7957800,121.024589538574
"2022-12-12",132.399993896484,134.649993896484,131.600006103516,134.210006713867,8841600,122.901878356934
"2022-12-13",136.889999389648,137.089996337891,133.080001831055,134.080001831055,10025400,122.78279876709
"2022-12-14",133.779998779297,135.710006713867,132.759994506836,133.410003662109,9966100,122.169281005859
"2022-12-15",131.149993896484,132.080001831055,129.050003051758,130.100006103516,12087800,119.138145446777
"2022-12-16",129.149993896484,129.899993896484,128.429992675781,129.289993286133,21133700,118.396408081055
"2022-12-19",129.649993896484,131.330001831055,129.089996337891,130.059997558594,9017200,119.101531982422
"2022-12-20",130.970001220703,132.050003051758,130.199996948242,130.690002441406,8549900,119.67845916748
"2022-12-21",132.179992675781,132.979995727539,131.770004272461,132.160003662109,8051700,121.024589538574
"2022-12-22",131.100006103516,131.300003051758,128.410003662109,130.660003662109,8648200,119.650970458984
"2022-12-23",130.580001831055,131.440002441406,129.639999389648,131.279998779297,5091900,120.218757629395
"2022-12-27",131.570007324219,132.220001220703,130.550003051758,131.740005493164,5411000,120.63996887207
"2022-12-28",131.850006103516,133.410003662109,131.009994506836,132.460006713867,8827700,121.29931640625
"2022-12-29",132.929992675781,133.270004272461,132.309997558594,133.220001220703,6585200,121.995269775391
"2022-12-30",132.809997558594,134.330001831055,132.440002441406,134.100006103516,9292500,122.801147460938
