"Date","MSFT.Open","MSFT.High","MSFT.Low","MSFT.Close","MSFT.Volume","MSFT.Adjusted"
"2019-01-02",99.5500030517578,101.75,98.9400024414062,101.120002746582,35329300,94.1931228637695
"2019-01-03",100.099998474121,100.190002441406,97.1999969482422,97.4000015258789,42579100,90.7279586791992
"2019-01-04",99.7200012207031,102.51000213623,98.9300003051758,101.930000305176,44060600,94.947639465332
"2019-01-07",101.639999389648,103.269996643066,100.980003356934,102.059997558594,35656100,95.0687255859375
"2019-01-08",103.040000915527,103.970001220703,101.709999084473,102.800003051758,31514400,95.7580413818359
"2019-01-09",103.860000610352,104.879997253418,103.23999786377,104.269996643066,32280800,97.1273498535156
"2019-01-10",103.220001220703,103.75,102.379997253418,103.599998474121,30067600,96.5032424926758
"2019-01-11",103.190002441406,103.440002441406,101.639999389648,102.800003051758,28314200,95.7580413818359
"2019-01-14",101.900001525879,102.870002746582,101.26000213623,102.050003051758,28437100,95.0594329833984
"2019-01-15",102.51000213623,105.050003051758,101.879997253418,105.01000213623,31587600,97.8166580200195
"2019-01-16",105.26000213623,106.26000213623,104.959999084473,105.379997253418,29853900,98.1613311767578
"2019-01-17",105,106.629997253418,104.76000213623,106.120002746582,28393000,98.8506240844727
"2019-01-18",107.459999084473,107.900001525879,105.910003662109,107.709999084473,37427600,100.331695556641
"2019-01-22",106.75,107.099998474121,104.860000610352,105.680000305176,32371300,98.440788269043
"2019-01-23",106.120002746582,107.040000915527,105.339996337891,106.709999084473,25874300,99.4001998901367
"2019-01-24",106.860000610352,107,105.339996337891,106.199996948242,23164800,98.925163269043
"2019-01-25",107.23999786377,107.879997253418,106.199996948242,107.169998168945,31225600,99.8287048339844
"2019-01-28",106.26000213623,106.480003356934,104.660003662109,105.080001831055,29476700,97.8818511962891
"2019-01-29",104.879997253418,104.970001220703,102.169998168945,102.940002441406,31490500,95.8884429931641
"2019-01-30",104.620002746582,106.379997253418,104.330001831055,106.379997253418,49471900,99.0928039550781
"2019-01-31",103.800003051758,105.220001220703,103.180000305176,104.430000305176,55636400,97.2764053344727
"2019-02-01",103.779998779297,104.099998474121,102.349998474121,102.779998779297,35535700,95.7394256591797
"2019-02-04",102.870002746582,105.800003051758,102.769996643066,105.73999786377,31315100,98.4966354370117
"2019-02-05",106.059997558594,107.269996643066,105.959999084473,107.220001220703,27325400,99.8752975463867
"2019-02-06",107,107,105.529998779297,106.029998779297,20609800,98.7667846679688
"2019-02-07",105.190002441406,105.589996337891,104.290000915527,105.269996643066,29760700,98.0588531494141
"2019-02-08",104.389999389648,105.779998779297,104.26000213623,105.669998168945,21461100,98.4314575195312
"2019-02-11",106.199996948242,106.580001831055,104.970001220703,105.25,18914100,98.0402145385742
"2019-02-12",106.139999389648,107.139999389648,105.480003356934,106.889999389648,25056600,99.5678787231445
"2019-02-13",107.5,107.779998779297,106.709999084473,106.809997558594,18394900,99.4933624267578
"2019-02-14",106.309997558594,107.290000915527,105.660003662109,106.900001525879,21784700,99.5772171020508
"2019-02-15",107.910003662109,108.300003051758,107.360000610352,108.220001220703,26606900,100.806800842285
"2019-02-19",107.790000915527,108.660003662109,107.779998779297,108.169998168945,18038500,100.760185241699
"2019-02-20",107.860000610352,107.940002441406,106.290000915527,107.150001525879,21607700,100.236335754395
"2019-02-21",106.900001525879,109.480003356934,106.870002746582,109.410003662109,29063200,102.350517272949
"2019-02-22",110.050003051758,111.199996948242,109.819999694824,110.970001220703,27763200,103.809867858887
"2019-02-25",111.76000213623,112.180000305176,111.26000213623,111.589996337891,23750600,104.389831542969
"2019-02-26",111.26000213623,113.23999786377,111.169998168945,112.360000610352,21536700,105.110168457031
"2019-02-27",111.690002441406,112.360000610352,110.879997253418,112.169998168945,21487100,104.932418823242
"2019-02-28",112.040000915527,112.879997253418,111.730003356934,112.029998779297,29083900,104.801460266113
"2019-03-01",112.889999389648,113.019996643066,111.669998168945,112.529998779297,23501200,105.269195556641
"2019-03-04",113.019996643066,113.25,110.800003051758,112.26000213623,26608000,105.016624450684
"2019-03-05",112.25,112.389999389648,111.230003356934,111.699996948242,19538300,104.49275970459
"2019-03-06",111.870002746582,112.660003662109,111.430000305176,111.75,17687000,104.539535522461
"2019-03-07",111.400001525879,111.550003051758,109.870002746582,110.389999389648,25339000,103.267265319824
"2019-03-08",109.160003662109,110.709999084473,108.800003051758,110.51000213623,22818400,103.379547119141
"2019-03-11",110.98999786377,112.949996948242,110.980003356934,112.830001831055,26491600,105.549850463867
"2019-03-12",112.819999694824,113.98999786377,112.650001525879,113.620002746582,26132700,106.288856506348
"2019-03-13",114.129997253418,115,113.779998779297,114.5,35513800,107.112091064453
"2019-03-14",114.540000915527,115.199996948242,114.330001831055,114.589996337891,30763400,107.196273803711
"2019-03-15",115.339996337891,117.25,114.589996337891,115.910003662109,54681100,108.431106567383
"2019-03-18",116.169998168945,117.610000610352,116.050003051758,117.569999694824,31207600,109.984016418457
"2019-03-19",118.089996337891,118.440002441406,116.98999786377,117.650001525879,37588700,110.058822631836
"2019-03-20",117.389999389648,118.75,116.709999084473,117.519996643066,28113300,109.937217712402
"2019-03-21",117.139999389648,120.819999694824,117.089996337891,120.220001220703,29854400,112.463035583496
"2019-03-22",119.5,119.589996337891,117.040000915527,117.050003051758,33624500,109.497535705566
"2019-03-25",116.559997558594,118.01000213623,116.319999694824,117.660003662109,27067100,110.068199157715
"2019-03-26",118.620002746582,118.709999084473,116.849998474121,117.910003662109,26097700,110.302040100098
"2019-03-27",117.879997253418,118.209999084473,115.519996643066,116.769996643066,22733400,109.235633850098
"2019-03-28",117.440002441406,117.580001831055,116.129997253418,116.930000305176,18334800,109.385314941406
"2019-03-29",118.069999694824,118.319999694824,116.959999084473,117.940002441406,25399800,110.330116271973
"2019-04-01",118.949996948242,119.110000610352,118.099998474121,119.019996643066,22789100,111.340454101562
"2019-04-02",119.059997558594,119.480003356934,118.519996643066,119.190002441406,18142300,111.499473571777
"2019-04-03",119.860000610352,120.430000305176,119.150001525879,119.970001220703,22860700,112.229125976562
"2019-04-04",120.099998474121,120.230003356934,118.379997253418,119.360000610352,20112800,111.658508300781
"2019-04-05",119.389999389648,120.230003356934,119.370002746582,119.889999389648,15826200,112.154312133789
"2019-04-08",119.809997558594,120.019996643066,118.639999389648,119.930000305176,15116200,112.191711425781
"2019-04-09",118.629997253418,119.540000915527,118.580001831055,119.279998779297,17612000,111.583679199219
"2019-04-10",119.76000213623,120.349998474121,119.540000915527,120.190002441406,16477200,112.434951782227
"2019-04-11",120.540000915527,120.849998474121,119.919998168945,120.330001831055,14209100,112.565940856934
"2019-04-12",120.639999389648,120.980003356934,120.370002746582,120.949996948242,19745100,113.14591217041
"2019-04-15",120.940002441406,121.580001831055,120.569999694824,121.050003051758,15792600,113.239479064941
"2019-04-16",121.639999389648,121.650001525879,120.099998474121,120.769996643066,14071800,112.977493286133
"2019-04-17",121.23999786377,121.849998474121,120.540000915527,121.769996643066,19300900,113.913017272949
"2019-04-18",122.190002441406,123.519996643066,121.300003051758,123.370002746582,27991000,115.409767150879
"2019-04-22",122.620002746582,124,122.569999694824,123.76000213623,15648700,115.774597167969
"2019-04-23",124.099998474121,125.580001831055,123.830001831055,125.440002441406,24025500,117.346214294434
"2019-04-24",125.790000915527,125.849998474121,124.519996643066,125.01000213623,31257000,116.943939208984
"2019-04-25",130.059997558594,131.369995117188,128.830001831055,129.149993896484,38033900,120.816795349121
"2019-04-26",129.699996948242,130.520004272461,129.020004272461,129.889999389648,23654900,121.509094238281
"2019-04-29",129.899993896484,130.179992675781,129.350006103516,129.770004272461,16324200,121.396812438965
"2019-04-30",129.809997558594,130.699996948242,129.389999389648,130.600006103516,24166500,122.173278808594
"2019-05-01",130.529998779297,130.649993896484,127.699996948242,127.879997253418,26821700,119.628746032715
"2019-05-02",127.980003356934,128,125.519996643066,126.209999084473,27350200,118.066535949707
"2019-05-03",127.360000610352,129.429992675781,127.25,128.899993896484,24911100,120.582946777344
"2019-05-06",126.389999389648,128.559997558594,126.110000610352,128.149993896484,24239800,119.88134765625
"2019-05-07",126.459999084473,127.180000305176,124.220001220703,125.519996643066,36017700,117.421020507812
"2019-05-08",125.440002441406,126.370002746582,124.75,125.51000213623,28419000,117.41170501709
"2019-05-09",124.290000915527,125.790000915527,123.569999694824,125.5,27235800,117.402328491211
"2019-05-10",124.910003662109,127.930000305176,123.819999694824,127.129997253418,30915100,118.927154541016
"2019-05-13",124.110000610352,125.550003051758,123.040000915527,123.349998474121,33944900,115.391052246094
"2019-05-14",123.870002746582,125.879997253418,123.699996948242,124.730003356934,25266300,116.682029724121
"2019-05-15",124.26000213623,126.709999084473,123.699996948242,126.019996643066,24722700,118.325164794922
"2019-05-16",126.75,129.380004882812,126.459999084473,128.929992675781,30112200,121.05744934082
"2019-05-17",128.309997558594,130.460006713867,127.919998168945,128.070007324219,25770500,120.249984741211
"2019-05-20",126.519996643066,127.589996337891,125.76000213623,126.220001220703,23706900,118.51294708252
"2019-05-21",127.430000305176,127.529998779297,126.580001831055,126.900001525879,15293300,119.151435852051
"2019-05-22",126.620002746582,128.240005493164,126.519996643066,127.669998168945,15396500,119.874404907227
"2019-05-23",126.199996948242,126.290000915527,124.73999786377,126.180000305176,23603800,118.475402832031
"2019-05-24",126.910003662109,127.419998168945,125.970001220703,126.23999786377,14123400,118.53173828125
"2019-05-28",126.980003356934,128,126.050003051758,126.160003662109,23128400,118.456619262695
"2019-05-29",125.379997253418,125.389999389648,124.040000915527,124.940002441406,22763100,117.311096191406
"2019-05-30",125.26000213623,125.76000213623,124.779998779297,125.730003356934,16829600,118.052879333496
"2019-05-31",124.230003356934,124.620002746582,123.319999694824,123.680000305176,26646800,116.128036499023
"2019-06-03",123.849998474121,124.370002746582,119.01000213623,119.839996337891,37983600,112.522514343262
"2019-06-04",121.279998779297,123.279998779297,120.650001525879,123.160003662109,29382600,115.639785766602
"2019-06-05",124.949996948242,125.870002746582,124.209999084473,125.830001831055,24926100,118.146759033203
"2019-06-06",126.440002441406,127.970001220703,125.599998474121,127.819999694824,21459000,120.015243530273
"2019-06-07",129.190002441406,132.25,128.259994506836,131.399993896484,33885600,123.376663208008
"2019-06-10",132.399993896484,134.080001831055,132,132.600006103516,26477100,124.503364562988
"2019-06-11",133.880004882812,134.240005493164,131.279998779297,132.100006103516,23913700,124.03392791748
"2019-06-12",131.399993896484,131.970001220703,130.710006713867,131.490005493164,17092500,123.461135864258
"2019-06-13",131.979995727539,133,131.559997558594,132.320007324219,17200800,124.240463256836
"2019-06-14",132.259994506836,133.789993286133,131.639999389648,132.449996948242,17821700,124.362564086914
"2019-06-17",132.630004882812,133.729995727539,132.529998779297,132.850006103516,14517800,124.738151550293
"2019-06-18",134.190002441406,135.240005493164,133.570007324219,135.160003662109,25934500,126.90705871582
"2019-06-19",135,135.929992675781,133.809997558594,135.690002441406,23744400,127.404731750488
"2019-06-20",137.449996948242,137.660003662109,135.720001220703,136.949996948242,33042600,128.587738037109
"2019-06-21",136.580001831055,137.729995727539,136.460006713867,136.970001220703,36727900,128.606536865234
"2019-06-24",137,138.399993896484,137,137.779998779297,20628800,129.367126464844
"2019-06-25",137.25,137.589996337891,132.729995727539,133.429992675781,33327400,125.282676696777
"2019-06-26",134.350006103516,135.740005493164,133.600006103516,133.929992675781,23657700,125.752159118652
"2019-06-27",134.139999389648,134.710006713867,133.509994506836,134.149993896484,16557500,125.95874786377
"2019-06-28",134.570007324219,134.600006103516,133.160003662109,133.960006713867,30043000,125.780342102051
"2019-07-01",136.630004882812,136.699996948242,134.970001220703,135.679992675781,22613500,127.395286560059
"2019-07-02",136.119995117188,136.589996337891,135.339996337891,136.580001831055,15237800,128.24040222168
"2019-07-03",136.800003051758,137.740005493164,136.289993286133,137.460006713867,13629300,129.066635131836
"2019-07-05",135.940002441406,137.330001831055,135.720001220703,137.059997558594,18141100,128.691055297852
"2019-07-08",136.399993896484,137.100006103516,135.369995117188,136.960006713867,16779700,128.597183227539
"2019-07-09",136,136.970001220703,135.800003051758,136.460006713867,19953100,128.127670288086
"2019-07-10",137.130004882812,138.580001831055,137.020004272461,137.850006103516,24204400,129.432800292969
"2019-07-11",138.199996948242,139.220001220703,137.869995117188,138.399993896484,22327900,129.949203491211
"2019-07-12",138.850006103516,139.130004882812,138.009994506836,138.899993896484,18936800,130.418701171875
"2019-07-15",139.440002441406,139.539993286133,138.460006713867,138.899993896484,16651500,130.418701171875
"2019-07-16",138.960006713867,139.050003051758,136.520004272461,137.080001831055,22726100,128.709869384766
"2019-07-17",137.699996948242,137.929992675781,136.220001220703,136.270004272461,20211000,127.949279785156
"2019-07-18",135.550003051758,136.619995117188,134.669998168945,136.419998168945,30381800,128.090133666992
"2019-07-19",140.220001220703,140.669998168945,136.449996948242,136.619995117188,48992400,128.277923583984
"2019-07-22",137.410003662109,139.190002441406,137.330001831055,138.429992675781,25074900,129.977432250977
"2019-07-23",139.759994506836,139.990005493164,138.029998779297,139.289993286133,18034600,130.784866333008
"2019-07-24",138.899993896484,140.740005493164,138.850006103516,140.720001220703,20738300,132.127593994141
"2019-07-25",140.429992675781,140.610000610352,139.320007324219,140.190002441406,18356900,131.629959106445
"2019-07-26",140.369995117188,141.679992675781,140.300003051758,141.339996337891,19037600,132.709686279297
"2019-07-29",141.5,141.509994506836,139.369995117188,141.029998779297,16605900,132.418685913086
"2019-07-30",140.139999389648,141.220001220703,139.800003051758,140.350006103516,16846500,131.780166625977
"2019-07-31",140.330001831055,140.490005493164,135.080001831055,136.270004272461,38598800,127.949279785156
"2019-08-01",137,140.940002441406,136.929992675781,138.059997558594,40557500,129.629943847656
"2019-08-02",138.089996337891,138.320007324219,135.259994506836,136.899993896484,30791600,128.540786743164
"2019-08-05",133.300003051758,133.929992675781,130.779998779297,132.210006713867,42749600,124.137191772461
"2019-08-06",133.800003051758,135.679992675781,133.210006713867,134.690002441406,32696700,126.46573638916
"2019-08-07",133.789993286133,135.649993896484,131.830001831055,135.279998779297,33414500,127.01978302002
"2019-08-08",136.600006103516,138.990005493164,135.929992675781,138.889999389648,27496500,130.409301757812
"2019-08-09",138.610000610352,139.380004882812,136.460006713867,137.710006713867,23466700,129.301330566406
"2019-08-12",137.070007324219,137.860000610352,135.240005493164,135.789993286133,20484300,127.498603820801
"2019-08-13",136.050003051758,138.800003051758,135,138.600006103516,25154600,130.136978149414
"2019-08-14",136.360000610352,136.919998168945,133.669998168945,133.979995727539,32527300,126.218040466309
"2019-08-15",134.389999389648,134.580001831055,132.25,133.679992675781,28074400,125.935447692871
"2019-08-16",134.880004882812,136.460006713867,134.720001220703,136.130004882812,24449100,128.243469238281
"2019-08-19",137.850006103516,138.550003051758,136.889999389648,138.410003662109,24355700,130.391403198242
"2019-08-20",138.210006713867,138.710006713867,137.240005493164,137.259994506836,21170800,129.307998657227
"2019-08-21",138.550003051758,139.490005493164,138,138.789993286133,14970300,130.749404907227
"2019-08-22",138.660003662109,139.199996948242,136.289993286133,137.779998779297,18697000,129.797897338867
"2019-08-23",137.190002441406,138.350006103516,132.800003051758,133.389999389648,38508600,125.662231445312
"2019-08-26",134.990005493164,135.559997558594,133.899993896484,135.449996948242,20312600,127.60285949707
"2019-08-27",136.389999389648,136.720001220703,134.660003662109,135.740005493164,23102100,127.876045227051
"2019-08-28",134.880004882812,135.759994506836,133.550003051758,135.559997558594,17393300,127.706474304199
"2019-08-29",137.25,138.440002441406,136.910003662109,138.119995117188,20168700,130.118194580078
"2019-08-30",139.149993896484,139.179992675781,136.270004272461,137.860000610352,23940100,129.873260498047
"2019-09-03",136.610000610352,137.199996948242,135.699996948242,136.039993286133,18869300,128.158660888672
"2019-09-04",137.300003051758,137.690002441406,136.479995727539,137.630004882812,17995900,129.65657043457
"2019-09-05",139.110000610352,140.380004882812,138.759994506836,140.050003051758,26101800,131.936386108398
"2019-09-06",140.029998779297,140.179992675781,138.199996948242,139.100006103516,20824500,131.041366577148
"2019-09-09",139.589996337891,139.75,136.460006713867,137.520004272461,25773900,129.552963256836
"2019-09-10",136.800003051758,136.889999389648,134.509994506836,136.080001831055,28903400,128.196380615234
"2019-09-11",135.910003662109,136.270004272461,135.089996337891,136.119995117188,24726100,128.234024047852
"2019-09-12",137.850006103516,138.419998168945,136.869995117188,137.520004272461,27010000,129.552963256836
"2019-09-13",137.779998779297,138.059997558594,136.570007324219,137.320007324219,23363100,129.364532470703
"2019-09-16",135.830001831055,136.699996948242,135.660003662109,136.330001831055,16731400,128.431869506836
"2019-09-17",136.960006713867,137.520004272461,136.429992675781,137.389999389648,17814200,129.430450439453
"2019-09-18",137.360000610352,138.669998168945,136.529998779297,138.520004272461,23982100,130.495025634766
"2019-09-19",140.300003051758,142.369995117188,140.070007324219,141.070007324219,35772100,132.89729309082
"2019-09-20",141.009994506836,141.649993896484,138.25,139.440002441406,39167300,131.361724853516
"2019-09-23",139.229995727539,139.630004882812,138.440002441406,139.139999389648,17139300,131.079116821289
"2019-09-24",140.360000610352,140.690002441406,136.880004882812,137.380004882812,29773200,129.42106628418
"2019-09-25",137.5,139.960006713867,136.029998779297,139.360000610352,21382000,131.286315917969
"2019-09-26",139.440002441406,140.179992675781,138.440002441406,139.539993286133,17456600,131.455978393555
"2019-09-27",140.149993896484,140.360000610352,136.649993896484,137.729995727539,22477700,129.750778198242
"2019-09-30",138.050003051758,139.220001220703,137.779998779297,139.029998779297,17280900,130.975433349609
"2019-10-01",139.660003662109,140.25,137,137.070007324219,21466600,129.129028320312
"2019-10-02",136.25,136.369995117188,133.580001831055,134.649993896484,30521700,126.849197387695
"2019-10-03",134.949996948242,136.75,133.220001220703,136.279998779297,24132900,128.384780883789
"2019-10-04",136.75,138.25,136.419998168945,138.119995117188,22897700,130.118194580078
"2019-10-07",137.139999389648,138.179992675781,137.020004272461,137.119995117188,15303700,129.176071166992
"2019-10-08",137.080001831055,137.759994506836,135.619995117188,135.669998168945,25550500,127.810111999512
"2019-10-09",137.460006713867,138.699996948242,136.970001220703,138.240005493164,19749900,130.231185913086
"2019-10-10",138.490005493164,139.669998168945,138.25,139.100006103516,17654600,131.041366577148
"2019-10-11",140.119995117188,141.029998779297,139.5,139.679992675781,25446000,131.587814331055
"2019-10-14",139.690002441406,140.289993286133,139.520004272461,139.550003051758,13304300,131.465316772461
"2019-10-15",140.059997558594,141.789993286133,139.809997558594,141.570007324219,19695700,133.368286132812
"2019-10-16",140.789993286133,140.990005493164,139.529998779297,140.410003662109,20751600,132.275497436523
"2019-10-17",140.949996948242,141.419998168945,139.020004272461,139.690002441406,21460600,131.597259521484
"2019-10-18",139.759994506836,140,136.559997558594,137.410003662109,32273500,129.449310302734
"2019-10-21",138.449996948242,138.5,137.009994506836,138.429992675781,20078200,130.410232543945
"2019-10-22",138.970001220703,140.009994506836,136.259994506836,136.369995117188,27431000,128.46955871582
"2019-10-23",136.880004882812,137.449996948242,135.610000610352,137.240005493164,29844600,129.289169311523
"2019-10-24",139.389999389648,140.419998168945,138.669998168945,139.940002441406,37029300,131.832748413086
"2019-10-25",139.339996337891,141.139999389648,139.199996948242,140.729995727539,25959700,132.576950073242
"2019-10-28",144.399993896484,145.669998168945,143.509994506836,144.190002441406,35280100,135.836547851562
"2019-10-29",144.080001831055,144.5,142.649993896484,142.830001831055,20589500,134.555267333984
"2019-10-30",143.520004272461,145,142.789993286133,144.610000610352,18496600,136.232162475586
"2019-10-31",144.899993896484,144.929992675781,142.990005493164,143.369995117188,24605100,135.063980102539
"2019-11-01",144.259994506836,144.419998168945,142.970001220703,143.720001220703,33128400,135.39372253418
"2019-11-04",144.830001831055,145,144.160003662109,144.550003051758,16912000,136.175674438477
"2019-11-05",144.970001220703,145.020004272461,143.910003662109,144.460006713867,18250200,136.090866088867
"2019-11-06",144.369995117188,144.520004272461,143.199996948242,144.059997558594,16575800,135.714065551758
"2019-11-07",143.839996337891,144.880004882812,143.770004272461,144.259994506836,17786700,135.902450561523
"2019-11-08",143.979995727539,145.990005493164,143.759994506836,145.960006713867,16732700,137.503982543945
"2019-11-11",145.339996337891,146.419998168945,144.729995727539,146.110000610352,14362600,137.645248413086
"2019-11-12",146.279998779297,147.570007324219,146.059997558594,147.070007324219,18641600,138.549667358398
"2019-11-13",146.740005493164,147.460006713867,146.279998779297,147.309997558594,16919200,138.775756835938
"2019-11-14",147.020004272461,148.410003662109,147,148.059997558594,19729800,139.482315063477
"2019-11-15",148.929992675781,149.990005493164,148.270004272461,149.970001220703,23485700,141.281692504883
"2019-11-18",150.070007324219,150.550003051758,148.979995727539,150.339996337891,21534000,141.630249023438
"2019-11-19",150.880004882812,151.330001831055,150.199996948242,150.389999389648,23935700,141.677337646484
"2019-11-20",150.309997558594,150.839996337891,148.460006713867,149.619995117188,25696800,141.431564331055
"2019-11-21",149.399993896484,149.800003051758,148.5,149.479995727539,18576100,141.299224853516
"2019-11-22",150.070007324219,150.300003051758,148.820007324219,149.589996337891,15901800,141.403182983398
"2019-11-25",150,151.350006103516,149.919998168945,151.229995727539,22420900,142.95344543457
"2019-11-26",151.360000610352,152.419998168945,151.320007324219,152.029998779297,24620100,143.709686279297
"2019-11-27",152.330001831055,152.5,151.520004272461,152.320007324219,15184400,143.983840942383
"2019-11-29",152.100006103516,152.300003051758,151.279998779297,151.380004882812,11977300,143.095260620117
"2019-12-02",151.809997558594,151.830001831055,148.320007324219,149.550003051758,27418400,141.36540222168
"2019-12-03",147.490005493164,149.429992675781,146.649993896484,149.309997558594,24066000,141.138519287109
"2019-12-04",150.139999389648,150.179992675781,149.199996948242,149.850006103516,17574700,141.648986816406
"2019-12-05",150.050003051758,150.320007324219,149.479995727539,149.929992675781,17869100,141.724563598633
"2019-12-06",150.990005493164,151.869995117188,150.270004272461,151.75,16403500,143.44499206543
"2019-12-09",151.070007324219,152.210006713867,150.910003662109,151.360000610352,16687400,143.076309204102
"2019-12-10",151.289993286133,151.889999389648,150.759994506836,151.130004882812,16476100,142.858932495117
"2019-12-11",151.539993286133,151.869995117188,150.330001831055,151.699996948242,18856600,143.397720336914
"2019-12-12",151.649993896484,153.440002441406,151.020004272461,153.240005493164,24612100,144.853424072266
"2019-12-13",153,154.889999389648,152.830001831055,154.529998779297,23845400,146.072875976562
"2019-12-16",155.110000610352,155.899993896484,154.820007324219,155.529998779297,24144200,147.018096923828
"2019-12-17",155.449996948242,155.710006713867,154.449996948242,154.690002441406,25425600,146.224075317383
"2019-12-18",154.300003051758,155.479995727539,154.179992675781,154.369995117188,24129200,145.921585083008
"2019-12-19",154,155.770004272461,153.75,155.710006713867,24958900,147.188262939453
"2019-12-20",157.350006103516,158.490005493164,156.289993286133,157.410003662109,53477500,148.795257568359
"2019-12-23",158.119995117188,158.119995117188,157.270004272461,157.410003662109,17718200,148.795257568359
"2019-12-24",157.479995727539,157.710006713867,157.119995117188,157.380004882812,8989200,148.766830444336
"2019-12-26",157.559997558594,158.729995727539,157.399993896484,158.669998168945,14520600,149.986282348633
"2019-12-27",159.449996948242,159.550003051758,158.220001220703,158.960006713867,18412800,150.26042175293
"2019-12-30",158.990005493164,159.020004272461,156.729995727539,157.589996337891,16348400,148.965347290039
"2019-12-31",156.770004272461,157.770004272461,156.449996948242,157.699996948242,18369400,149.0693359375
"2020-01-02",158.779998779297,160.729995727539,158.330001831055,160.619995117188,22622100,151.829574584961
"2020-01-03",158.320007324219,159.949996948242,158.059997558594,158.619995117188,21116200,149.938995361328
"2020-01-06",157.080001831055,159.100006103516,156.509994506836,159.029998779297,20813700,150.326568603516
"2020-01-07",159.320007324219,159.669998168945,157.320007324219,157.580001831055,21634100,148.955917358398
"2020-01-08",158.929992675781,160.800003051758,157.949996948242,160.089996337891,27746500,151.328552246094
"2020-01-09",161.839996337891,162.220001220703,161.029998779297,162.089996337891,21385000,153.21907043457
"2020-01-10",162.820007324219,163.220001220703,161.179992675781,161.339996337891,20725900,152.510162353516
"2020-01-13",161.759994506836,163.309997558594,161.259994506836,163.279998779297,21626500,154.344009399414
"2020-01-14",163.389999389648,163.600006103516,161.720001220703,162.130004882812,23477400,153.256927490234
"2020-01-15",162.619995117188,163.940002441406,162.570007324219,163.179992675781,21417900,154.249465942383
"2020-01-16",164.350006103516,166.240005493164,164.029998779297,166.169998168945,23865400,157.075790405273
"2020-01-17",167.419998168945,167.470001220703,165.429992675781,167.100006103516,34371700,157.95491027832
"2020-01-21",166.679992675781,168.190002441406,166.429992675781,166.5,29517200,157.387741088867
"2020-01-22",167.399993896484,167.490005493164,165.679992675781,165.699996948242,24138800,156.63151550293
"2020-01-23",166.190002441406,166.800003051758,165.270004272461,166.720001220703,19680800,157.595748901367
"2020-01-24",167.509994506836,167.529998779297,164.449996948242,165.039993286133,24918100,156.00764465332
"2020-01-27",161.149993896484,163.380004882812,160.199996948242,162.279998779297,32078100,153.398742675781
"2020-01-28",163.779998779297,165.759994506836,163.070007324219,165.460006713867,24899900,156.404678344727
"2020-01-29",167.839996337891,168.75,165.690002441406,168.039993286133,34754500,158.843444824219
"2020-01-30",174.050003051758,174.050003051758,170.789993286133,172.779998779297,51597500,163.324035644531
"2020-01-31",172.210006713867,172.399993896484,169.580001831055,170.229995727539,36142700,160.913589477539
"2020-02-03",170.429992675781,174.5,170.399993896484,174.380004882812,30107000,164.836532592773
"2020-02-04",177.139999389648,180.639999389648,176.309997558594,180.119995117188,36433300,170.26237487793
"2020-02-05",184.029998779297,184.199996948242,178.410003662109,179.899993896484,39186300,170.05436706543
"2020-02-06",180.970001220703,183.820007324219,180.059997558594,183.630004882812,27751400,173.58024597168
"2020-02-07",182.850006103516,185.630004882812,182.479995727539,183.889999389648,33529100,173.826049804688
"2020-02-10",183.580001831055,188.839996337891,183.25,188.699996948242,35844300,178.372833251953
"2020-02-11",190.649993896484,190.699996948242,183.5,184.440002441406,53159900,174.345901489258
"2020-02-12",185.580001831055,185.850006103516,181.850006103516,184.710006713867,47062900,174.601119995117
"2020-02-13",183.080001831055,186.229995727539,182.869995117188,183.710006713867,35295800,173.655868530273
"2020-02-14",183.25,185.410003662109,182.649993896484,185.350006103516,23149500,175.206146240234
"2020-02-18",185.610000610352,187.699996948242,185.5,187.229995727539,27792200,176.983215332031
"2020-02-19",188.059997558594,188.179992675781,186.470001220703,187.279998779297,29997500,177.514038085938
"2020-02-20",186.949996948242,187.25,181.100006103516,184.419998168945,36862400,174.803192138672
"2020-02-21",183.169998168945,183.5,177.25,178.589996337891,48572600,169.277160644531
"2020-02-24",167.770004272461,174.550003051758,163.229995727539,170.889999389648,68311100,161.978729248047
"2020-02-25",174.199996948242,174.839996337891,167.649993896484,168.070007324219,68073300,159.305770874023
"2020-02-26",169.710006713867,173.259994506836,168.210006713867,170.169998168945,56206100,161.296234130859
"2020-02-27",163.320007324219,167.029998779297,157.979995727539,158.179992675781,93174900,149.931533813477
"2020-02-28",152.410003662109,163.710006713867,152,162.009994506836,97012700,153.561782836914
"2020-03-02",165.309997558594,172.919998168945,162.309997558594,172.789993286133,71030800,163.779602050781
"2020-03-03",173.800003051758,175,162.259994506836,164.509994506836,71677000,155.931396484375
"2020-03-04",168.490005493164,170.699996948242,165.619995117188,170.550003051758,49814400,161.65641784668
"2020-03-05",166.050003051758,170.869995117188,165.690002441406,166.270004272461,47817300,157.599639892578
"2020-03-06",162.610000610352,163.110000610352,156,161.570007324219,72821100,153.14469909668
"2020-03-09",151,157.75,150,150.619995117188,70419300,142.765747070312
"2020-03-10",158.160003662109,161.029998779297,152.580001831055,160.919998168945,65354400,152.528610229492
"2020-03-11",157.130004882812,157.699996948242,151.149993896484,153.630004882812,56371600,145.618774414062
"2020-03-12",145.300003051758,153.470001220703,138.580001831055,139.059997558594,93226400,131.808517456055
"2020-03-13",147.5,161.910003662109,140.729995727539,158.830001831055,92727400,150.547607421875
"2020-03-16",140,149.350006103516,135,135.419998168945,87905900,128.358352661133
"2020-03-17",140,147.5,135,146.570007324219,81059800,138.926910400391
"2020-03-18",138,146,135.020004272461,140.399993896484,81593200,133.078674316406
"2020-03-19",142.770004272461,150.149993896484,139,142.710006713867,85922700,135.268218994141
"2020-03-20",146,147.100006103516,135.860000610352,137.350006103516,84866200,130.18766784668
"2020-03-23",137.009994506836,140.570007324219,132.520004272461,135.979995727539,78975200,128.889129638672
"2020-03-24",143.75,149.600006103516,141.270004272461,148.339996337891,82516700,140.604583740234
"2020-03-25",148.910003662109,154.330001831055,144.440002441406,146.919998168945,75638200,139.258651733398
"2020-03-26",148.399993896484,156.660003662109,148.369995117188,156.110000610352,64568100,147.96940612793
"2020-03-27",151.75,154.889999389648,149.199996948242,149.699996948242,57042300,141.893661499023
"2020-03-30",152.440002441406,160.600006103516,150.009994506836,160.229995727539,63420300,151.874588012695
"2020-03-31",159.399993896484,164.779998779297,156.559997558594,157.710006713867,77927200,149.486022949219
"2020-04-01",153,157.75,150.820007324219,152.110000610352,57969900,144.178009033203
"2020-04-02",151.860000610352,155.479995727539,150.360000610352,155.259994506836,49630700,147.16374206543
"2020-04-03",155.100006103516,157.380004882812,152.190002441406,153.830001831055,41243300,145.808364868164
"2020-04-06",160.320007324219,166.5,157.580001831055,165.270004272461,67111700,156.651779174805
"2020-04-07",169.589996337891,170,163.259994506836,163.490005493164,62769000,154.964599609375
"2020-04-08",165.669998168945,166.669998168945,163.5,165.130004882812,48318200,156.519058227539
"2020-04-09",166.360000610352,167.369995117188,163.330001831055,165.139999389648,51385100,156.528579711914
"2020-04-13",164.350006103516,165.570007324219,162.300003051758,165.509994506836,41905300,156.879272460938
"2020-04-14",169,173.75,168,173.699996948242,52874300,164.642166137695
"2020-04-15",171.199996948242,173.570007324219,169.240005493164,171.880004882812,40940800,162.917098999023
"2020-04-16",174.300003051758,177.279998779297,172.899993896484,177.039993286133,50479600,167.807983398438
"2020-04-17",179.5,180,175.869995117188,178.600006103516,52765600,169.286651611328
"2020-04-20",176.630004882812,178.75,174.990005493164,175.059997558594,36669600,165.931289672852
"2020-04-21",173.5,173.669998168945,166.110000610352,167.820007324219,56203700,159.068817138672
"2020-04-22",171.389999389648,174,170.820007324219,173.520004272461,34620200,164.471572875977
"2020-04-23",174.110000610352,175.059997558594,170.910003662109,171.419998168945,32790800,162.481063842773
"2020-04-24",172.059997558594,174.559997558594,170.710006713867,174.550003051758,34277600,165.447906494141
"2020-04-27",176.589996337891,176.899993896484,173.300003051758,174.050003051758,33194400,164.973983764648
"2020-04-28",175.589996337891,175.669998168945,169.389999389648,169.809997558594,34392700,160.955017089844
"2020-04-29",173.220001220703,177.679992675781,171.880004882812,177.429992675781,51286600,168.177703857422
"2020-04-30",180,180.399993896484,176.229995727539,179.210006713867,53875900,169.864868164062
"2020-05-01",175.800003051758,178.639999389648,174.009994506836,174.570007324219,39370500,165.466857910156
"2020-05-04",174.490005493164,179,173.800003051758,178.839996337891,30372900,169.51416015625
"2020-05-05",180.619995117188,183.649993896484,179.899993896484,180.759994506836,36839200,171.334045410156
"2020-05-06",182.080001831055,184.199996948242,181.630004882812,182.539993286133,32139300,173.021209716797
"2020-05-07",184.169998168945,184.550003051758,182.580001831055,183.600006103516,28316000,174.025955200195
"2020-05-08",184.979995727539,185,183.360000610352,184.679992675781,30877800,175.049621582031
"2020-05-11",183.149993896484,187.509994506836,182.850006103516,186.740005493164,30892700,177.002197265625
"2020-05-12",186.800003051758,187.039993286133,182.300003051758,182.509994506836,32038200,172.992752075195
"2020-05-13",182.550003051758,184.050003051758,176.539993286133,179.75,44711500,170.376693725586
"2020-05-14",177.539993286133,180.690002441406,175.679992675781,180.529998779297,41873900,171.116012573242
"2020-05-15",179.059997558594,187.059997558594,177,183.160003662109,46610400,173.60888671875
"2020-05-18",185.75,186.199996948242,183.960006713867,184.910003662109,35264500,175.267639160156
"2020-05-19",185.029998779297,186.600006103516,183.490005493164,183.630004882812,26799100,174.05436706543
"2020-05-20",184.809997558594,185.850006103516,183.940002441406,185.660003662109,31261300,176.468643188477
"2020-05-21",185.399993896484,186.669998168945,183.289993286133,183.429992675781,29119500,174.349029541016
"2020-05-22",183.190002441406,184.460006713867,182.539993286133,183.509994506836,20826900,174.425064086914
"2020-05-26",186.339996337891,186.5,181.100006103516,181.570007324219,36073600,172.581115722656
"2020-05-27",180.199996948242,181.990005493164,176.600006103516,181.809997558594,39517100,172.809204101562
"2020-05-28",180.740005493164,184.149993896484,180.380004882812,181.399993896484,33810200,172.419509887695
"2020-05-29",182.729995727539,184.270004272461,180.410003662109,183.25,42130400,174.177947998047
"2020-06-01",182.539993286133,183,181.460006713867,182.830001831055,22622400,173.778747558594
"2020-06-02",184.25,185,181.350006103516,184.910003662109,30794600,175.755737304688
"2020-06-03",184.820007324219,185.940002441406,183.580001831055,185.360000610352,27311000,176.183471679688
"2020-06-04",184.300003051758,185.839996337891,182.300003051758,182.919998168945,28761800,173.864242553711
"2020-06-05",182.619995117188,187.729995727539,182.009994506836,187.199996948242,39893600,177.932327270508
"2020-06-08",185.940002441406,188.550003051758,184.440002441406,188.360000610352,33211600,179.034942626953
"2020-06-09",188,190.699996948242,187.259994506836,189.800003051758,29783900,180.403656005859
"2020-06-10",191.130004882812,198.520004272461,191.009994506836,196.839996337891,43872300,187.095169067383
"2020-06-11",193.130004882812,195.759994506836,186.070007324219,186.270004272461,52854700,177.048461914062
"2020-06-12",190.539993286133,191.720001220703,185.179992675781,187.740005493164,43373600,178.445678710938
"2020-06-15",184.580001831055,190.820007324219,184.009994506836,188.940002441406,32770200,179.586242675781
"2020-06-16",192.889999389648,195.580001831055,191.460006713867,193.570007324219,42556700,183.987045288086
"2020-06-17",195.029998779297,196.320007324219,193.690002441406,194.240005493164,25687800,184.623840332031
"2020-06-18",194,196.490005493164,194,196.320007324219,23061600,186.600921630859
"2020-06-19",198.589996337891,199.289993286133,194.369995117188,195.149993896484,44441100,185.488815307617
"2020-06-22",195.789993286133,200.759994506836,195.229995727539,200.570007324219,32818900,190.640441894531
"2020-06-23",202.089996337891,203.949996948242,201.429992675781,201.910003662109,30917400,191.914138793945
"2020-06-24",201.600006103516,203.25,196.559997558594,197.839996337891,36740600,188.045623779297
"2020-06-25",197.800003051758,200.610000610352,195.470001220703,200.339996337891,27803900,190.421829223633
"2020-06-26",199.729995727539,199.889999389648,194.880004882812,196.330001831055,54675800,186.6103515625
"2020-06-29",195.779998779297,198.529998779297,193.550003051758,198.440002441406,26701600,188.615966796875
"2020-06-30",197.880004882812,204.399993896484,197.740005493164,203.509994506836,34310300,193.434951782227
"2020-07-01",203.139999389648,206.350006103516,201.770004272461,204.699996948242,32061200,194.566070556641
"2020-07-02",205.679992675781,208.020004272461,205,206.259994506836,29315800,196.048812866211
"2020-07-06",208.830001831055,211.130004882812,208.089996337891,210.699996948242,31897600,200.268936157227
"2020-07-07",210.449996948242,214.669998168945,207.990005493164,208.25,33600700,197.940277099609
"2020-07-08",210.070007324219,213.259994506836,208.690002441406,212.830001831055,33600000,202.293502807617
"2020-07-09",216.330001831055,216.380004882812,211.470001220703,214.320007324219,33121700,203.709777832031
"2020-07-10",213.619995117188,214.080001831055,211.080001831055,213.669998168945,26177600,203.091934204102
"2020-07-13",214.479995727539,215.800003051758,206.5,207.070007324219,38135600,196.818695068359
"2020-07-14",206.130004882812,208.850006103516,202.029998779297,208.350006103516,37591800,198.035354614258
"2020-07-15",209.559997558594,211.330001831055,205.029998779297,208.039993286133,32179400,197.740631103516
"2020-07-16",205.399993896484,205.699996948242,202.309997558594,203.919998168945,29940700,193.824615478516
"2020-07-17",204.470001220703,205.039993286133,201.389999389648,202.880004882812,31635300,192.836151123047
"2020-07-20",205,212.300003051758,203.009994506836,211.600006103516,36884800,201.124435424805
"2020-07-21",213.660003662109,213.940002441406,208.029998779297,208.75,37990400,198.415512084961
"2020-07-22",209.199996948242,212.300003051758,208.389999389648,211.75,49605700,201.267013549805
"2020-07-23",207.190002441406,210.919998168945,202.149993896484,202.539993286133,67457000,192.512954711914
"2020-07-24",200.419998168945,202.860000610352,197.509994506836,201.300003051758,39827000,191.334350585938
"2020-07-27",201.470001220703,203.970001220703,200.860000610352,203.850006103516,30160900,193.758117675781
"2020-07-28",203.610000610352,204.699996948242,201.740005493164,202.020004272461,23251400,192.018661499023
"2020-07-29",202.5,204.649993896484,202.009994506836,204.059997558594,19632600,193.957672119141
"2020-07-30",201,204.460006713867,199.570007324219,203.899993896484,25079600,193.805633544922
"2020-07-31",204.399993896484,205.100006103516,199.009994506836,205.009994506836,51044000,194.86067199707
"2020-08-03",211.520004272461,217.639999389648,210.440002441406,216.539993286133,78983000,205.819854736328
"2020-08-04",214.169998168945,214.770004272461,210.309997558594,213.289993286133,49280100,202.730773925781
"2020-08-05",214.899993896484,215,211.570007324219,212.940002441406,28806400,202.39811706543
"2020-08-06",212.339996337891,216.369995117188,211.550003051758,216.350006103516,32656800,205.639251708984
"2020-08-07",214.850006103516,215.699996948242,210.929992675781,212.479995727539,27820400,201.960861206055
"2020-08-10",211.669998168945,211.880004882812,206.350006103516,208.25,36716500,197.940277099609
"2020-08-11",207.160003662109,207.649993896484,203.139999389648,203.380004882812,36446500,193.311386108398
"2020-08-12",205.289993286133,210.279998779297,204.75,209.190002441406,28013100,198.833740234375
"2020-08-13",209.440002441406,211.350006103516,208.149993896484,208.699996948242,22588900,198.368011474609
"2020-08-14",208.759994506836,209.589996337891,207.509994506836,208.899993896484,17958900,198.558090209961
"2020-08-17",209.600006103516,211.190002441406,208.919998168945,210.279998779297,20184800,199.869750976562
"2020-08-18",210.529998779297,212.360000610352,209.210006713867,211.490005493164,21336200,201.019897460938
"2020-08-19",211.490005493164,212.100006103516,209.25,209.699996948242,27627600,199.800308227539
"2020-08-20",209.539993286133,215,208.910003662109,214.580001831055,26981500,204.449951171875
"2020-08-21",213.860000610352,216.25,212.850006103516,213.020004272461,36249300,202.963592529297
"2020-08-24",214.789993286133,215.520004272461,212.429992675781,213.690002441406,25460100,203.601959228516
"2020-08-25",213.100006103516,216.610000610352,213.100006103516,216.470001220703,23043700,206.250732421875
"2020-08-26",217.880004882812,222.089996337891,217.360000610352,221.149993896484,39600800,210.709762573242
"2020-08-27",222.889999389648,231.149993896484,219.399993896484,226.580001831055,57602200,215.883392333984
"2020-08-28",228.179992675781,230.639999389648,226.580001831055,228.910003662109,26292900,218.103424072266
"2020-08-31",227,228.699996948242,224.309997558594,225.529998779297,28774200,214.882965087891
"2020-09-01",225.509994506836,227.449996948242,224.429992675781,227.270004272461,25725500,216.540832519531
"2020-09-02",227.970001220703,232.860000610352,227.350006103516,231.649993896484,34080800,220.71403503418
"2020-09-03",229.270004272461,229.309997558594,214.960006713867,217.300003051758,58400300,207.04150390625
"2020-09-04",215.100006103516,218.360000610352,205.190002441406,214.25,59664100,204.135528564453
"2020-09-08",206.5,210.029998779297,202.199996948242,202.660003662109,52924300,193.092666625977
"2020-09-09",207.600006103516,214.839996337891,206.699996948242,211.289993286133,45679000,201.315277099609
"2020-09-10",213.399993896484,214.740005493164,204.110000610352,205.369995117188,35461500,195.674728393555
"2020-09-11",207.199996948242,208.630004882812,201.240005493164,204.029998779297,33620100,194.397994995117
"2020-09-14",204.240005493164,209.199996948242,204.029998779297,205.410003662109,30375800,195.712799072266
"2020-09-15",208.419998168945,209.779998779297,206.929992675781,208.779998779297,21823900,198.923736572266
"2020-09-16",210.619995117188,210.649993896484,204.639999389648,205.050003051758,26328100,195.369842529297
"2020-09-17",200.050003051758,204.330001831055,199.960006713867,202.910003662109,34011300,193.330856323242
"2020-09-18",202.800003051758,203.649993896484,196.25,200.389999389648,55225300,190.929794311523
"2020-09-21",197.190002441406,202.710006713867,196.380004882812,202.539993286133,39839700,192.978302001953
"2020-09-22",205.059997558594,208.100006103516,202.080001831055,207.419998168945,33517100,197.627944946289
"2020-09-23",207.899993896484,208.100006103516,200.029998779297,200.589996337891,30803800,191.120376586914
"2020-09-24",199.850006103516,205.570007324219,199.199996948242,203.190002441406,31202500,193.597625732422
"2020-09-25",203.550003051758,209.039993286133,202.539993286133,207.820007324219,29437300,198.009094238281
"2020-09-28",210.880004882812,212.570007324219,208.059997558594,209.440002441406,32004900,199.55256652832
"2020-09-29",209.350006103516,210.070007324219,206.809997558594,207.259994506836,24221900,197.475479125977
"2020-09-30",207.729995727539,211.979995727539,206.539993286133,210.330001831055,33829100,200.400573730469
"2020-10-01",213.490005493164,213.990005493164,211.320007324219,212.460006713867,27158400,202.43000793457
"2020-10-02",208,210.990005493164,205.539993286133,206.190002441406,33154800,196.456024169922
"2020-10-05",207.220001220703,210.410003662109,206.979995727539,210.380004882812,21331600,200.4482421875
"2020-10-06",208.820007324219,210.179992675781,204.820007324219,205.910003662109,28554300,196.189224243164
"2020-10-07",207.059997558594,210.110000610352,206.720001220703,209.830001831055,25681100,199.924163818359
"2020-10-08",210.509994506836,211.190002441406,208.320007324219,210.580001831055,19925800,200.638732910156
"2020-10-09",211.229995727539,215.860000610352,211.229995727539,215.809997558594,26458000,205.621856689453
"2020-10-12",218.789993286133,223.860000610352,216.809997558594,221.399993896484,40461400,210.947982788086
"2020-10-13",222.720001220703,225.210006713867,220.429992675781,222.860000610352,28950800,212.339065551758
"2020-10-14",223,224.220001220703,219.130004882812,220.860000610352,23421700,210.433441162109
"2020-10-15",217.100006103516,220.360000610352,216.009994506836,219.660003662109,22733100,209.290100097656
"2020-10-16",220.149993896484,222.289993286133,219.320007324219,219.660003662109,26057900,209.290100097656
"2020-10-19",220.419998168945,222.300003051758,213.720001220703,214.220001220703,27625800,204.106918334961
"2020-10-20",215.800003051758,217.369995117188,213.089996337891,214.649993896484,22753500,204.5166015625
"2020-10-21",213.119995117188,216.919998168945,213.119995117188,214.800003051758,22724900,204.659576416016
"2020-10-22",213.929992675781,216.059997558594,211.699996948242,214.889999389648,22351500,204.745239257812
"2020-10-23",215.029998779297,216.279998779297,213.160003662109,216.229995727539,18879600,206.022018432617
"2020-10-26",213.850006103516,216.339996337891,208.100006103516,210.080001831055,37111600,200.162338256836
"2020-10-27",211.589996337891,214.669998168945,210.330001831055,213.25,36700300,203.182723999023
"2020-10-28",207.669998168945,208.839996337891,202.100006103516,202.679992675781,51195600,193.111694335938
"2020-10-29",204.070007324219,207.360000610352,203.369995117188,204.720001220703,31432600,195.055404663086
"2020-10-30",203.5,204.289993286133,199.619995117188,202.470001220703,36953700,192.911636352539
"2020-11-02",204.289993286133,205.279998779297,200.119995117188,202.330001831055,30842200,192.778274536133
"2020-11-03",203.889999389648,208.119995117188,203.119995117188,206.429992675781,27512000,196.684631347656
"2020-11-04",214.020004272461,218.320007324219,212.419998168945,216.389999389648,42311800,206.174468994141
"2020-11-05",222.039993286133,224.119995117188,221.149993896484,223.289993286133,36080100,212.74870300293
"2020-11-06",222.259994506836,224.360000610352,218.029998779297,223.720001220703,25231900,213.158386230469
"2020-11-09",224.440002441406,228.119995117188,217.880004882812,218.389999389648,44395000,208.080062866211
"2020-11-10",214.5,216.5,209.720001220703,211.009994506836,44045100,201.048477172852
"2020-11-11",212.389999389648,218.039993286133,212.199996948242,216.550003051758,29440800,206.326904296875
"2020-11-12",217.210006713867,219.110000610352,214.460006713867,215.440002441406,21593900,205.269348144531
"2020-11-13",216.360000610352,217.419998168945,214.160003662109,216.509994506836,18621100,206.288787841797
"2020-11-16",214.869995117188,217.740005493164,214.520004272461,217.229995727539,24953300,206.974807739258
"2020-11-17",216.100006103516,217.679992675781,214.080001831055,214.460006713867,24154100,204.335586547852
"2020-11-18",213.649993896484,215.169998168945,210.929992675781,211.080001831055,28372800,201.641693115234
"2020-11-19",211.380004882812,213.029998779297,209.929992675781,212.419998168945,24792700,202.921783447266
"2020-11-20",212.199996948242,213.289993286133,210,210.389999389648,22843100,200.982528686523
"2020-11-23",210.949996948242,212.289993286133,208.160003662109,210.110000610352,25683500,200.715057373047
"2020-11-24",209.589996337891,214.25,208.860000610352,213.860000610352,33979700,204.297409057617
"2020-11-25",215.110000610352,215.289993286133,212.460006713867,213.869995117188,21012900,204.306915283203
"2020-11-27",214.850006103516,216.270004272461,214.039993286133,215.229995727539,14512200,205.606094360352
"2020-11-30",214.100006103516,214.759994506836,210.839996337891,214.070007324219,33064800,204.498016357422
"2020-12-01",214.509994506836,217.320007324219,213.350006103516,216.210006713867,30904500,206.542297363281
"2020-12-02",214.880004882812,215.470001220703,212.800003051758,215.369995117188,23724500,205.739852905273
"2020-12-03",214.610000610352,216.380004882812,213.649993896484,214.240005493164,25120900,204.660369873047
"2020-12-04",214.220001220703,215.380004882812,213.179992675781,214.360000610352,24666000,204.775009155273
"2020-12-07",214.369995117188,215.539993286133,212.990005493164,214.289993286133,24620000,204.708160400391
"2020-12-08",213.970001220703,216.949996948242,212.889999389648,216.009994506836,23284100,206.351287841797
"2020-12-09",215.160003662109,215.229995727539,211.210006713867,211.800003051758,32440600,202.329513549805
"2020-12-10",211.770004272461,213.080001831055,210.360000610352,210.520004272461,26733300,201.106735229492
"2020-12-11",210.050003051758,213.320007324219,209.110000610352,213.259994506836,30979400,203.724197387695
"2020-12-14",213.100006103516,216.210006713867,212.880004882812,214.199996948242,28798400,204.622161865234
"2020-12-15",215.169998168945,215.419998168945,212.240005493164,214.130004882812,27000600,204.555328369141
"2020-12-16",214.75,220.110000610352,214.720001220703,219.279998779297,35023300,209.475036621094
"2020-12-17",219.869995117188,220.889999389648,217.919998168945,219.419998168945,32515800,209.608749389648
"2020-12-18",218.589996337891,219.690002441406,216.020004272461,218.589996337891,63354900,208.815872192383
"2020-12-21",217.550003051758,224,217.279998779297,222.589996337891,37181900,212.63703918457
"2020-12-22",222.690002441406,225.630004882812,221.850006103516,223.940002441406,22612200,213.926666259766
"2020-12-23",223.110000610352,223.559997558594,220.800003051758,221.020004272461,18699600,211.137222290039
"2020-12-24",221.419998168945,223.610000610352,221.199996948242,222.75,10550600,212.789916992188
"2020-12-28",224.449996948242,226.029998779297,223.020004272461,224.960006713867,17933500,214.90104675293
"2020-12-29",226.309997558594,227.179992675781,223.580001831055,224.149993896484,17403200,214.127227783203
"2020-12-30",225.229995727539,225.630004882812,221.470001220703,221.679992675781,20272300,211.767700195312
"2020-12-31",221.699996948242,223,219.679992675781,222.419998168945,20942100,212.474624633789
"2021-01-04",222.529998779297,223,214.809997558594,217.690002441406,37130100,207.956100463867
"2021-01-05",217.259994506836,218.520004272461,215.699996948242,217.899993896484,23823000,208.156723022461
"2021-01-06",212.169998168945,216.490005493164,211.940002441406,212.25,35930700,202.759338378906
"2021-01-07",214.039993286133,219.339996337891,213.710006713867,218.289993286133,27694500,208.529281616211
"2021-01-08",218.679992675781,220.580001831055,217.029998779297,219.619995117188,22956200,209.799865722656
"2021-01-11",218.470001220703,218.910003662109,216.729995727539,217.490005493164,23031300,207.765045166016
"2021-01-12",216.5,217.100006103516,213.320007324219,214.929992675781,23249300,205.319534301758
"2021-01-13",214.020004272461,216.759994506836,213.929992675781,216.339996337891,20087100,206.666473388672
"2021-01-14",215.910003662109,217.460006713867,212.740005493164,213.020004272461,29480800,203.494964599609
"2021-01-15",213.520004272461,214.509994506836,212.029998779297,212.649993896484,31746500,203.141464233398
"2021-01-19",213.75,216.979995727539,212.630004882812,216.440002441406,30480900,206.761993408203
"2021-01-20",217.699996948242,225.789993286133,217.289993286133,224.339996337891,37777300,214.30876159668
"2021-01-21",224.699996948242,226.300003051758,222.419998168945,224.970001220703,30709400,214.910598754883
"2021-01-22",227.080001831055,230.070007324219,225.800003051758,225.949996948242,30172700,215.846771240234
"2021-01-25",229.119995117188,229.779998779297,224.220001220703,229.529998779297,33152100,219.266723632812
"2021-01-26",231.860000610352,234.179992675781,230.080001831055,232.330001831055,49169600,221.941497802734
"2021-01-27",238,240.440002441406,230.139999389648,232.899993896484,69870600,222.48600769043
"2021-01-28",235.610000610352,242.639999389648,235.089996337891,238.929992675781,49111200,228.246383666992
"2021-01-29",235.990005493164,238.020004272461,231.350006103516,231.960006713867,42503100,221.588043212891
"2021-02-01",235.059997558594,242.5,232.429992675781,239.649993896484,33314200,228.934173583984
"2021-02-02",241.300003051758,242.309997558594,238.690002441406,239.509994506836,25916300,228.800445556641
"2021-02-03",239.570007324219,245.089996337891,239.259994506836,243,27158100,232.134429931641
"2021-02-04",242.660003662109,243.240005493164,240.369995117188,242.009994506836,25296100,231.188674926758
"2021-02-05",242.229995727539,243.279998779297,240.419998168945,242.199996948242,18054800,231.370208740234
"2021-02-08",243.149993896484,243.679992675781,240.809997558594,242.470001220703,22211900,231.62809753418
"2021-02-09",241.869995117188,244.759994506836,241.380004882812,243.770004272461,23565000,232.86994934082
"2021-02-10",245,245.919998168945,240.889999389648,242.820007324219,22186700,231.962432861328
"2021-02-11",244.779998779297,245.149993896484,242.149993896484,244.490005493164,15751100,233.55778503418
"2021-02-12",243.929992675781,245.300003051758,242.729995727539,244.990005493164,16561100,234.035415649414
"2021-02-16",245.029998779297,246.130004882812,242.919998168945,243.699996948242,26728500,232.803100585938
"2021-02-17",241.320007324219,244.309997558594,240.940002441406,244.199996948242,21653500,233.81803894043
"2021-02-18",241.800003051758,243.929992675781,240.860000610352,243.789993286133,16925600,233.425491333008
"2021-02-19",243.75,243.860000610352,240.179992675781,240.970001220703,25262600,230.725341796875
"2021-02-22",237.419998168945,237.929992675781,232.399993896484,234.509994506836,36446900,224.539978027344
"2021-02-23",230.330001831055,234.830001831055,228.729995727539,233.270004272461,30228700,223.352752685547
"2021-02-24",230.009994506836,235.199996948242,229,234.550003051758,26339700,224.578277587891
"2021-02-25",232.080001831055,234.589996337891,227.880004882812,228.990005493164,39542200,219.254684448242
"2021-02-26",231.529998779297,235.369995117188,229.539993286133,232.380004882812,37819200,222.500564575195
"2021-03-01",235.899993896484,237.470001220703,233.149993896484,236.940002441406,25324000,226.866714477539
"2021-03-02",237.009994506836,237.300003051758,233.449996948242,233.869995117188,22812500,223.927230834961
"2021-03-03",232.160003662109,233.580001831055,227.259994506836,227.559997558594,34029500,217.885467529297
"2021-03-04",226.740005493164,232.490005493164,224.259994506836,226.729995727539,44727800,217.090744018555
"2021-03-05",229.520004272461,233.270004272461,226.460006713867,231.600006103516,41872800,221.753723144531
"2021-03-08",231.369995117188,233.369995117188,227.130004882812,227.389999389648,35267400,217.722717285156
"2021-03-09",232.880004882812,235.380004882812,231.669998168945,233.779998779297,33080500,223.841018676758
"2021-03-10",237,237,232.039993286133,232.419998168945,29746800,222.538864135742
"2021-03-11",234.960006713867,239.169998168945,234.309997558594,237.130004882812,29907600,227.048614501953
"2021-03-12",234.009994506836,235.820007324219,233.229995727539,235.75,22653700,225.727264404297
"2021-03-15",234.960006713867,235.190002441406,231.809997558594,234.809997558594,26034900,224.827239990234
"2021-03-16",236.279998779297,240.059997558594,235.940002441406,237.710006713867,28092200,227.603958129883
"2021-03-17",236.149993896484,238.550003051758,233.229995727539,237.039993286133,29562100,226.962432861328
"2021-03-18",232.559997558594,234.190002441406,230.330001831055,230.720001220703,34833000,220.911117553711
"2021-03-19",231.020004272461,232.470001220703,229.350006103516,230.350006103516,46430700,220.556838989258
"2021-03-22",230.270004272461,236.899993896484,230.139999389648,235.990005493164,30127000,225.957122802734
"2021-03-23",237.490005493164,241.050003051758,237.070007324219,237.580001831055,31638400,227.479476928711
"2021-03-24",237.850006103516,238,235.320007324219,235.460006713867,25620100,225.449661254883
"2021-03-25",235.300003051758,236.940002441406,231.570007324219,232.339996337891,34061900,222.462219238281
"2021-03-26",231.550003051758,236.710006713867,231.550003051758,236.479995727539,25479900,226.426254272461
"2021-03-29",236.589996337891,236.800003051758,231.880004882812,235.240005493164,25227500,225.238967895508
"2021-03-30",233.529998779297,233.850006103516,231.100006103516,231.850006103516,24792000,221.993103027344
"2021-03-31",232.910003662109,239.100006103516,232.389999389648,235.770004272461,43623500,225.746444702148
"2021-04-01",238.470001220703,242.839996337891,238.050003051758,242.350006103516,30338000,232.046676635742
"2021-04-05",242.759994506836,249.960006713867,242.699996948242,249.070007324219,36910600,238.481002807617
"2021-04-06",247.610000610352,249.399993896484,246.880004882812,247.860000610352,22931900,237.322479248047
"2021-04-07",247.809997558594,250.929992675781,247.190002441406,249.899993896484,22719800,239.275680541992
"2021-04-08",252.770004272461,254.139999389648,252,253.25,23625200,242.483291625977
"2021-04-09",252.869995117188,255.990005493164,252.440002441406,255.850006103516,24326800,244.972732543945
"2021-04-12",254.710006713867,257.670013427734,254.619995117188,255.910003662109,27148700,245.030212402344
"2021-04-13",257.260009765625,259.190002441406,256.829986572266,258.489990234375,23837500,247.500534057617
"2021-04-14",257.480010986328,258.829986572266,255.160003662109,255.589996337891,23070900,244.723785400391
"2021-04-15",257.929992675781,259.929992675781,257.730010986328,259.5,25627500,248.467559814453
"2021-04-16",259.470001220703,261,257.600006103516,260.739990234375,24878600,249.654815673828
"2021-04-19",260.190002441406,261.480010986328,257.820007324219,258.739990234375,23209300,247.739852905273
"2021-04-20",257.820007324219,260.200012207031,256.839996337891,258.260009765625,19722900,247.280303955078
"2021-04-21",258.940002441406,260.679992675781,257.25,260.579986572266,24030400,249.50163269043
"2021-04-22",260.209991455078,261.779998779297,255.639999389648,257.170013427734,25606200,246.236618041992
"2021-04-23",257.880004882812,261.510009765625,257.269989013672,261.149993896484,21462600,250.047454833984
"2021-04-26",261.660003662109,262.440002441406,260.170013427734,261.549987792969,19763300,250.430389404297
"2021-04-27",261.579986572266,263.190002441406,260.119995117188,261.970001220703,31014200,250.832580566406
"2021-04-28",256.079986572266,256.540008544922,252.949996948242,254.559997558594,46903100,243.737564086914
"2021-04-29",255.460006713867,256.100006103516,249,252.509994506836,40589000,241.77473449707
"2021-04-30",249.740005493164,253.080001831055,249.600006103516,252.179992675781,30945100,241.458770751953
"2021-05-03",253.399993896484,254.350006103516,251.119995117188,251.860000610352,19626600,241.152374267578
"2021-05-04",250.970001220703,251.210006713867,245.759994506836,247.789993286133,32756100,237.25537109375
"2021-05-05",249.059997558594,249.5,245.820007324219,246.470001220703,21901300,235.991485595703
"2021-05-06",246.449996948242,249.860000610352,244.690002441406,249.729995727539,26491100,239.112899780273
"2021-05-07",252.149993896484,254.300003051758,251.169998168945,252.460006713867,27032900,241.726867675781
"2021-05-10",250.869995117188,251.729995727539,247.119995117188,247.179992675781,29299900,236.671325683594
"2021-05-11",244.550003051758,246.600006103516,242.570007324219,246.229995727539,33641600,235.761703491211
"2021-05-12",242.169998168945,244.380004882812,238.070007324219,239,36684400,228.839080810547
"2021-05-13",241.800003051758,245.600006103516,241.419998168945,243.029998779297,29624300,232.697784423828
"2021-05-14",245.580001831055,249.179992675781,245.490005493164,248.149993896484,23901100,237.600082397461
"2021-05-17",246.550003051758,246.589996337891,243.520004272461,245.179992675781,24970200,234.756362915039
"2021-05-18",246.270004272461,246.410003662109,242.899993896484,243.080001831055,20168000,232.745620727539
"2021-05-19",239.309997558594,243.229995727539,238.600006103516,243.119995117188,25739800,233.321441650391
"2021-05-20",243.960006713867,247.949996948242,243.860000610352,246.479995727539,21800700,236.546051025391
"2021-05-21",247.570007324219,248.330001831055,244.740005493164,245.169998168945,21863100,235.288833618164
"2021-05-24",247.789993286133,251.160003662109,247.509994506836,250.779998779297,21411500,240.672744750977
"2021-05-25",251.770004272461,252.75,250.820007324219,251.720001220703,17704300,241.57487487793
"2021-05-26",251.429992675781,252.940002441406,250.75,251.490005493164,17771600,241.354156494141
"2021-05-27",251.169998168945,251.479995727539,249.25,249.309997558594,24426200,239.261993408203
"2021-05-28",251,252.080001831055,249.559997558594,249.679992675781,18270200,239.617050170898
"2021-06-01",251.229995727539,251.289993286133,246.960006713867,247.399993896484,23213300,237.428924560547
"2021-06-02",248.130004882812,249.270004272461,245.839996337891,247.300003051758,19406700,237.332992553711
"2021-06-03",245.220001220703,246.339996337891,243,245.710006713867,25307700,235.807113647461
"2021-06-04",247.759994506836,251.649993896484,247.509994506836,250.789993286133,25281100,240.682342529297
"2021-06-07",249.979995727539,254.089996337891,249.809997558594,253.809997558594,23079200,243.580627441406
"2021-06-08",255.160003662109,256.010009765625,252.509994506836,252.570007324219,22455000,242.390609741211
"2021-06-09",253.809997558594,255.529998779297,253.210006713867,253.589996337891,17937600,243.369522094727
"2021-06-10",254.289993286133,257.459991455078,253.669998168945,257.239990234375,24563600,246.87239074707
"2021-06-11",257.989990234375,258.489990234375,256.609985351562,257.890014648438,18999700,247.496154785156
"2021-06-14",257.899993896484,259.950012207031,256.799987792969,259.890014648438,19150500,249.415618896484
"2021-06-15",259.769989013672,259.989990234375,257.679992675781,258.359985351562,18038900,247.947219848633
"2021-06-16",259.399993896484,260.579986572266,254.419998168945,257.380004882812,27220000,247.006790161133
"2021-06-17",256.070007324219,261.75,256.010009765625,260.899993896484,27565500,250.384872436523
"2021-06-18",259.630004882812,262.299987792969,258.75,259.429992675781,37202200,248.974136352539
"2021-06-21",259.820007324219,263.519989013672,257.920013427734,262.630004882812,26696100,252.045120239258
"2021-06-22",262.720001220703,265.790008544922,262.399993896484,265.510009765625,24694100,254.809143066406
"2021-06-23",265.989990234375,266.829986572266,264.429992675781,265.269989013672,19518700,254.578735351562
"2021-06-24",266.160003662109,267.850006103516,265.470001220703,266.690002441406,21446900,255.941528320312
"2021-06-25",266.230010986328,267.25,264.760009765625,265.019989013672,25611100,254.338851928711
"2021-06-28",266.190002441406,268.899993896484,265.910003662109,268.720001220703,19590000,257.889709472656
"2021-06-29",268.869995117188,271.649993896484,267.980010986328,271.399993896484,19937800,260.461700439453
"2021-06-30",270.690002441406,271.359985351562,269.600006103516,270.899993896484,21656500,259.981781005859
"2021-07-01",269.609985351562,271.839996337891,269.600006103516,271.600006103516,16725300,260.653717041016
"2021-07-02",272.820007324219,278,272.5,277.649993896484,26458000,266.459808349609
"2021-07-06",278.029998779297,279.369995117188,274.299987792969,277.660003662109,31565600,266.469482421875
"2021-07-07",279.399993896484,280.690002441406,277.149993896484,279.929992675781,23260000,268.647827148438
"2021-07-08",276.899993896484,278.730010986328,274.869995117188,277.420013427734,24618600,266.239074707031
"2021-07-09",275.720001220703,278.049987792969,275.320007324219,277.940002441406,23916700,266.738128662109
"2021-07-12",279.160003662109,279.769989013672,276.579986572266,277.320007324219,18931700,266.143096923828
"2021-07-13",277.519989013672,282.850006103516,277.390014648438,280.980010986328,26120100,269.655639648438
"2021-07-14",282.350006103516,283.660003662109,280.549987792969,282.510009765625,23113700,271.123931884766
"2021-07-15",282,282.510009765625,279.829986572266,281.029998779297,22604200,269.703491210938
"2021-07-16",282.070007324219,284.100006103516,279.459991455078,280.75,26186800,269.434844970703
"2021-07-19",278.929992675781,280.369995117188,274.450012207031,277.010009765625,32935600,265.845581054688
"2021-07-20",278.029998779297,280.970001220703,276.260009765625,279.320007324219,26259700,268.062438964844
"2021-07-21",278.899993896484,281.519989013672,277.290008544922,281.399993896484,24364300,270.058654785156
"2021-07-22",283.839996337891,286.420013427734,283.420013427734,286.140014648438,23384100,274.607604980469
"2021-07-23",287.369995117188,289.989990234375,286.5,289.670013427734,22768100,277.995300292969
"2021-07-26",289,289.690002441406,286.640014648438,289.049987792969,23176100,277.400329589844
"2021-07-27",289.429992675781,289.579986572266,282.950012207031,286.540008544922,33604100,274.991455078125
"2021-07-28",288.989990234375,290.149993896484,283.829986572266,286.220001220703,33566900,274.684387207031
"2021-07-29",286.239990234375,288.619995117188,286.079986572266,286.5,18168300,274.953002929688
"2021-07-30",285.170013427734,286.660003662109,283.910003662109,284.910003662109,20944800,273.427185058594
"2021-08-02",286.359985351562,286.769989013672,283.739990234375,284.820007324219,16267400,273.3408203125
"2021-08-03",285.420013427734,287.230010986328,284,287.119995117188,17879000,275.548126220703
"2021-08-04",286.220001220703,287.589996337891,284.649993896484,286.510009765625,16191300,274.962738037109
"2021-08-05",286.880004882812,289.630004882812,286.100006103516,289.519989013672,13900200,277.851379394531
"2021-08-06",288.510009765625,289.5,287.619995117188,289.459991455078,16589300,277.793823242188
"2021-08-09",289.75,291.549987792969,287.809997558594,288.329986572266,16117600,276.709350585938
"2021-08-10",288.799987792969,289.25,285.200012207031,286.440002441406,18616600,274.895568847656
"2021-08-11",287.209991455078,288.660003662109,285.859985351562,286.950012207031,13955900,275.385009765625
"2021-08-12",286.630004882812,289.970001220703,286.339996337891,289.809997558594,14561300,278.129791259766
"2021-08-13",289.480010986328,292.899993896484,289.299987792969,292.850006103516,18249000,281.047180175781
"2021-08-16",293.190002441406,294.820007324219,290.019989013672,294.600006103516,22507600,282.726715087891
"2021-08-17",292.390014648438,293.429992675781,291.079986572266,293.079986572266,20075300,281.267852783203
"2021-08-18",292.040008544922,294.820007324219,290.269989013672,290.730010986328,21813000,279.546783447266
"2021-08-19",288.690002441406,297.470001220703,288.640014648438,296.769989013672,29850500,285.354431152344
"2021-08-20",299.720001220703,305.839996337891,298.059997558594,304.359985351562,40817600,292.652496337891
"2021-08-23",303.25,305.399993896484,301.850006103516,304.649993896484,22830200,292.931274414062
"2021-08-24",305.019989013672,305.649993896484,302,302.619995117188,18175800,290.979431152344
"2021-08-25",304.299987792969,304.589996337891,300.420013427734,302.010009765625,20006100,290.392944335938
"2021-08-26",300.989990234375,302.429992675781,298.950012207031,299.089996337891,17666100,287.585205078125
"2021-08-27",298.989990234375,300.869995117188,296.829986572266,299.720001220703,22605700,288.191009521484
"2021-08-30",301.119995117188,304.220001220703,301.059997558594,303.589996337891,16348100,291.912109375
"2021-08-31",304.420013427734,304.5,301.5,301.880004882812,26285300,290.267852783203
"2021-09-01",302.869995117188,305.190002441406,301.489990234375,301.829986572266,18983800,290.219787597656
"2021-09-02",302.200012207031,303.359985351562,300.179992675781,301.149993896484,16285600,289.565979003906
"2021-09-03",300.989990234375,302.600006103516,300.260009765625,301.140014648438,14747900,289.556304931641
"2021-09-07",301.010009765625,301.089996337891,298.200012207031,300.179992675781,17180400,288.633209228516
"2021-09-08",299.779998779297,300.609985351562,297.470001220703,300.209991455078,15046800,288.662048339844
"2021-09-09",300.820007324219,302.140014648438,297,297.25,19927000,285.815979003906
"2021-09-10",298.420013427734,299.920013427734,295.380004882812,295.709991455078,19633400,284.335205078125
"2021-09-13",297.549987792969,298.540008544922,294.079986572266,296.989990234375,23652900,285.565979003906
"2021-09-14",299.559997558594,301.390014648438,298.100006103516,299.790008544922,21853400,288.258209228516
"2021-09-15",303.260009765625,305.320007324219,301.820007324219,304.820007324219,28356300,293.094757080078
"2021-09-16",303.760009765625,305.309997558594,300.760009765625,305.220001220703,19550800,293.479461669922
"2021-09-17",304.170013427734,304.5,299.529998779297,299.869995117188,41372500,288.335235595703
"2021-09-20",296.329986572266,298.720001220703,289.519989013672,294.299987792969,38278700,282.979431152344
"2021-09-21",295.690002441406,297.540008544922,294.070007324219,294.799987792969,22364100,283.460205078125
"2021-09-22",296.730010986328,300.220001220703,294.510009765625,298.579986572266,26626300,287.094787597656
"2021-09-23",298.850006103516,300.899993896484,297.529998779297,299.559997558594,18604600,288.037078857422
"2021-09-24",298.230010986328,299.799987792969,296.929992675781,299.350006103516,14999000,287.835113525391
"2021-09-27",296.140014648438,296.470001220703,292.940002441406,294.170013427734,23571700,282.854431152344
"2021-09-28",289.799987792969,290.779998779297,282.75,283.519989013672,43186200,272.614074707031
"2021-09-29",285.100006103516,286.769989013672,283.010009765625,284,26353700,273.07568359375
"2021-09-30",285.709991455078,287.829986572266,281.619995117188,281.920013427734,32343600,271.075653076172
"2021-10-01",282.119995117188,289.980010986328,281.290008544922,289.100006103516,30086300,277.979461669922
"2021-10-04",287.399993896484,287.75,280.25,283.109985351562,31350700,272.219879150391
"2021-10-05",284.049987792969,290.399993896484,284.049987792969,288.760009765625,24993000,277.652557373047
"2021-10-06",285.779998779297,293.630004882812,285.510009765625,293.109985351562,28002600,281.835205078125
"2021-10-07",295.179992675781,296.640014648438,293.920013427734,294.850006103516,20430500,283.508331298828
"2021-10-08",296.220001220703,296.640014648438,293.760009765625,294.850006103516,17685700,283.508331298828
"2021-10-11",292.920013427734,297.970001220703,292.75,294.230010986328,19298600,282.912200927734
"2021-10-12",295.339996337891,295.440002441406,292.350006103516,292.880004882812,17974100,281.614105224609
"2021-10-13",294.910003662109,297.279998779297,293.489990234375,296.309997558594,23416300,284.912109375
"2021-10-14",299.209991455078,303.269989013672,297.829986572266,302.75,27262900,291.104400634766
"2021-10-15",302.339996337891,304.450012207031,300.519989013672,304.209991455078,25384800,292.508178710938
"2021-10-18",303.570007324219,308.209991455078,302.690002441406,307.290008544922,22729300,295.469757080078
"2021-10-19",308.350006103516,309.299987792969,307.220001220703,308.230010986328,17682100,296.373565673828
"2021-10-20",309.209991455078,309.700012207031,306.109985351562,307.410003662109,16537100,295.585144042969
"2021-10-21",307.170013427734,311.019989013672,306.359985351562,310.760009765625,16918100,298.806304931641
"2021-10-22",310.399993896484,311.089996337891,307.799987792969,309.160003662109,17449300,297.267883300781
"2021-10-25",309.359985351562,309.399993896484,306.459991455078,308.130004882812,17554500,296.277404785156
"2021-10-26",311,312.399993896484,308.600006103516,310.109985351562,28107300,298.181213378906
"2021-10-27",316,326.100006103516,316,323.170013427734,52588700,310.738922119141
"2021-10-28",324.329986572266,324.869995117188,321.359985351562,324.350006103516,26297900,311.87353515625
"2021-10-29",324.130004882812,332,323.899993896484,331.619995117188,34766000,318.863891601562
"2021-11-01",331.359985351562,331.489990234375,326.369995117188,329.369995117188,27073200,316.700408935547
"2021-11-02",330.309997558594,333.450012207031,330,333.130004882812,26487100,320.315795898438
"2021-11-03",333.899993896484,334.899993896484,330.649993896484,334,21500100,321.152404785156
"2021-11-04",332.890014648438,336.540008544922,329.510009765625,336.440002441406,23992200,323.498443603516
"2021-11-05",338.510009765625,338.790008544922,334.420013427734,336.059997558594,22570100,323.133148193359
"2021-11-08",337.299987792969,337.649993896484,334.440002441406,336.989990234375,20897000,324.027313232422
"2021-11-09",337.109985351562,338.720001220703,334.529998779297,335.950012207031,21307400,323.027404785156
"2021-11-10",334.570007324219,334.630004882812,329.920013427734,330.799987792969,25500900,318.075500488281
"2021-11-11",331.25,333.769989013672,330.510009765625,332.429992675781,16849800,319.642761230469
"2021-11-12",333.920013427734,337.230010986328,333.790008544922,336.720001220703,23831000,323.767700195312
"2021-11-15",337.540008544922,337.880004882812,334.029998779297,336.070007324219,16723000,323.142730712891
"2021-11-16",335.679992675781,340.670013427734,335.510009765625,339.510009765625,20886800,326.450408935547
"2021-11-17",338.940002441406,342.190002441406,338,339.119995117188,19053400,326.671966552734
"2021-11-18",338.179992675781,342.450012207031,337.119995117188,341.269989013672,22463500,328.743133544922
"2021-11-19",342.640014648438,345.100006103516,342.200012207031,343.109985351562,21963400,330.515441894531
"2021-11-22",344.619995117188,349.670013427734,339.549987792969,339.829986572266,31031100,327.355926513672
"2021-11-23",337.049987792969,339.450012207031,333.559997558594,337.679992675781,30427600,325.284790039062
"2021-11-24",336.279998779297,338.160003662109,333.910003662109,337.910003662109,21661300,325.50634765625
"2021-11-26",334.350006103516,337.929992675781,328.119995117188,329.679992675781,24217200,317.578521728516
"2021-11-29",334.940002441406,339.029998779297,334.739990234375,336.630004882812,28563500,324.273376464844
"2021-11-30",335.320007324219,337.779998779297,328.989990234375,330.589996337891,42885600,318.455078125
"2021-12-01",335.130004882812,339.279998779297,329.390014648438,330.079986572266,33337600,317.963745117188
"2021-12-02",330.299987792969,333.489990234375,327.799987792969,329.489990234375,30766000,317.395416259766
"2021-12-03",331.989990234375,332.700012207031,318.029998779297,323.010009765625,41779300,311.153381347656
"2021-12-06",323.950012207031,327.450012207031,319.230010986328,326.190002441406,30032600,314.216583251953
"2021-12-07",331.640014648438,335.799987792969,330.100006103516,334.920013427734,31021900,322.626129150391
"2021-12-08",335.309997558594,335.5,330.799987792969,334.970001220703,24761000,322.674255371094
"2021-12-09",334.410003662109,336.489990234375,332.119995117188,333.100006103516,22214200,320.872955322266
"2021-12-10",334.980010986328,343,334.790008544922,342.540008544922,38095700,329.966369628906
"2021-12-13",340.679992675781,343.790008544922,339.079986572266,339.399993896484,28899400,326.941711425781
"2021-12-14",333.220001220703,334.640014648438,324.109985351562,328.339996337891,44438700,316.28759765625
"2021-12-15",328.609985351562,335.190002441406,324.5,334.649993896484,35381100,322.366027832031
"2021-12-16",335.709991455078,336.760009765625,323.019989013672,324.899993896484,35034800,312.973846435547
"2021-12-17",320.880004882812,324.920013427734,317.25,323.799987792969,47750300,311.914337158203
"2021-12-20",320.049987792969,322.799987792969,317.570007324219,319.910003662109,28326500,308.167083740234
"2021-12-21",323.290008544922,327.730010986328,319.799987792969,327.290008544922,24740600,315.276214599609
"2021-12-22",328.299987792969,333.609985351562,325.75,333.200012207031,24831500,320.969329833984
"2021-12-23",332.75,336.390014648438,332.730010986328,334.690002441406,19617800,322.404632568359
"2021-12-27",335.459991455078,342.480010986328,335.429992675781,342.450012207031,19947000,329.879699707031
"2021-12-28",343.149993896484,343.809997558594,340.320007324219,341.25,15661500,328.723785400391
"2021-12-29",341.299987792969,344.299987792969,339.679992675781,341.950012207031,15042000,329.398040771484
"2021-12-30",341.910003662109,343.130004882812,338.820007324219,339.320007324219,15994500,326.864654541016
"2021-12-31",338.510009765625,339.359985351562,335.850006103516,336.320007324219,18000800,323.974700927734
"2022-01-03",335.350006103516,338,329.779998779297,334.75,28865100,322.462371826172
"2022-01-04",334.829986572266,335.200012207031,326.119995117188,329.010009765625,32674300,316.933074951172
"2022-01-05",325.859985351562,326.070007324219,315.980010986328,316.380004882812,40054300,304.766693115234
"2022-01-06",313.149993896484,318.700012207031,311.489990234375,313.880004882812,39646100,302.358367919922
"2022-01-07",314.149993896484,316.5,310.089996337891,314.040008544922,32720000,302.512603759766
"2022-01-10",309.489990234375,314.720001220703,304.690002441406,314.269989013672,44289500,302.734161376953
"2022-01-11",313.380004882812,316.609985351562,309.890014648438,314.980010986328,29386800,303.418090820312
"2022-01-12",319.670013427734,323.410003662109,317.079986572266,318.269989013672,34372200,306.587310791016
"2022-01-13",320.470001220703,320.880004882812,304,304.799987792969,45366000,293.611724853516
"2022-01-14",304.25,310.820007324219,303.75,310.200012207031,39846400,298.813507080078
"2022-01-18",304.070007324219,309.799987792969,301.739990234375,302.649993896484,42333200,291.540588378906
"2022-01-19",306.290008544922,313.910003662109,302.700012207031,303.329986572266,45933900,292.195648193359
"2022-01-20",309.070007324219,311.649993896484,301.140014648438,301.600006103516,35380700,290.529205322266
"2022-01-21",302.690002441406,304.109985351562,295.609985351562,296.029998779297,57984400,285.163665771484
"2022-01-24",292.200012207031,297.109985351562,276.049987792969,296.369995117188,85731500,285.491271972656
"2022-01-25",291.519989013672,294.989990234375,285.170013427734,288.489990234375,72848600,277.900421142578
"2022-01-26",307.989990234375,308.5,293.029998779297,296.709991455078,90428900,285.818695068359
"2022-01-27",302.660003662109,307.299987792969,297.929992675781,299.839996337891,53481300,288.833831787109
"2022-01-28",300.230010986328,308.480010986328,294.450012207031,308.260009765625,49743700,296.944732666016
"2022-01-31",308.950012207031,312.380004882812,306.369995117188,310.980010986328,46444500,299.56494140625
"2022-02-01",310.410003662109,310.630004882812,305.130004882812,308.760009765625,40950400,297.426422119141
"2022-02-02",309.630004882812,315.119995117188,308.880004882812,313.459991455078,36636000,301.953887939453
"2022-02-03",309.489990234375,311.230010986328,299.959991455078,301.25,43730000,290.192016601562
"2022-02-04",300.209991455078,308.799987792969,299.970001220703,305.940002441406,35096500,294.709899902344
"2022-02-07",306.170013427734,307.839996337891,299.899993896484,300.950012207031,28533300,289.903076171875
"2022-02-08",301.25,305.559997558594,299.950012207031,304.559997558594,32421200,293.380523681641
"2022-02-09",309.869995117188,311.929992675781,307.390014648438,311.209991455078,31284700,299.786468505859
"2022-02-10",304.040008544922,309.119995117188,300.700012207031,302.380004882812,45386200,291.280517578125
"2022-02-11",303.190002441406,304.290008544922,294.220001220703,295.040008544922,39175600,284.210021972656
"2022-02-14",293.769989013672,296.760009765625,291.350006103516,295,36359500,284.171447753906
"2022-02-15",300.010009765625,300.799987792969,297.019989013672,300.470001220703,27058300,289.440673828125
"2022-02-16",298.369995117188,300.869995117188,293.679992675781,299.5,29982100,289.102783203125
"2022-02-17",296.359985351562,296.799987792969,290,290.730010986328,32461600,280.637359619141
"2022-02-18",293.049987792969,293.859985351562,286.309997558594,287.929992675781,34264000,277.934509277344
"2022-02-22",285,291.540008544922,284.5,287.720001220703,41736100,277.731781005859
"2022-02-23",290.179992675781,291.700012207031,280.100006103516,280.269989013672,37811200,270.540405273438
"2022-02-24",272.510009765625,295.160003662109,271.519989013672,294.589996337891,56989700,284.363250732422
"2022-02-25",295.140014648438,297.630004882812,291.649993896484,297.309997558594,32546700,286.988891601562
"2022-02-28",294.309997558594,299.140014648438,293,298.790008544922,34627500,288.417449951172
"2022-03-01",296.399993896484,299.970001220703,292.149993896484,294.950012207031,31217800,284.710876464844
"2022-03-02",295.359985351562,301.470001220703,293.700012207031,300.190002441406,31873000,289.768890380859
"2022-03-03",302.890014648438,303.130004882812,294.049987792969,295.920013427734,27314500,285.647125244141
"2022-03-04",294.290008544922,295.660003662109,287.170013427734,289.859985351562,32356500,279.797515869141
"2022-03-07",288.529998779297,289.690002441406,278.529998779297,278.910003662109,43157200,269.227661132812
"2022-03-08",277.799987792969,283.959991455078,270,275.850006103516,48159500,266.273834228516
"2022-03-09",283.440002441406,289.600006103516,280.779998779297,288.5,35204500,278.484710693359
"2022-03-10",283.019989013672,286.600006103516,280.579986572266,285.589996337891,30628000,275.675720214844
"2022-03-11",287.959991455078,289.510009765625,279.429992675781,280.070007324219,27209300,270.347381591797
"2022-03-14",280.339996337891,285.399993896484,275.820007324219,276.440002441406,30660700,266.843383789062
"2022-03-15",280.350006103516,287.820007324219,278.730010986328,287.149993896484,34245100,277.181610107422
"2022-03-16",289.109985351562,294.570007324219,283.200012207031,294.390014648438,37826300,284.170257568359
"2022-03-17",293.290008544922,295.609985351562,289.369995117188,295.220001220703,30816600,284.971374511719
"2022-03-18",295.369995117188,301,292.730010986328,300.429992675781,43390600,290.000579833984
"2022-03-21",298.890014648438,300.140014648438,294.899993896484,299.160003662109,28351200,288.774658203125
"2022-03-22",299.799987792969,305,298.769989013672,304.059997558594,27599700,293.504608154297
"2022-03-23",300.510009765625,303.230010986328,297.720001220703,299.489990234375,25715400,289.093170166016
"2022-03-24",299.140014648438,304.200012207031,298.320007324219,304.100006103516,24484500,293.543182373047
"2022-03-25",305.230010986328,305.5,299.290008544922,303.679992675781,22566500,293.1376953125
"2022-03-28",304.329986572266,310.799987792969,304.329986572266,310.700012207031,29578200,299.9140625
"2022-03-29",313.910003662109,315.820007324219,309.049987792969,315.410003662109,30393400,304.460571289062
"2022-03-30",313.760009765625,315.950012207031,311.579986572266,313.859985351562,28163600,302.964324951172
"2022-03-31",313.899993896484,315.140014648438,307.890014648438,308.309997558594,33422100,297.607025146484
"2022-04-01",309.369995117188,310.130004882812,305.540008544922,309.420013427734,27110500,298.678527832031
"2022-04-04",310.089996337891,315.109985351562,309.709991455078,314.970001220703,24289600,304.035797119141
"2022-04-05",313.269989013672,314.869995117188,309.869995117188,310.880004882812,23156700,300.087799072266
"2022-04-06",305.190002441406,307,296.709991455078,299.5,40110400,289.102783203125
"2022-04-07",296.660003662109,303.649993896484,296.350006103516,301.369995117188,31411200,290.907928466797
"2022-04-08",300.440002441406,301.119995117188,296.279998779297,296.970001220703,24361900,286.660675048828
"2022-04-11",291.790008544922,292.609985351562,285,285.260009765625,34569300,275.357147216797
"2022-04-12",289.239990234375,290.739990234375,280.489990234375,282.059997558594,30966700,272.268280029297
"2022-04-13",282.730010986328,288.579986572266,281.299987792969,287.619995117188,21907200,277.635223388672
"2022-04-14",288.089996337891,288.309997558594,279.320007324219,279.829986572266,28221600,270.115631103516
"2022-04-18",278.910003662109,282.459991455078,278.339996337891,280.519989013672,20778000,270.781768798828
"2022-04-19",279.380004882812,286.170013427734,278.410003662109,285.299987792969,22297700,275.395782470703
"2022-04-20",289.399993896484,289.700012207031,285.369995117188,286.359985351562,22906700,276.418975830078
"2022-04-21",288.579986572266,293.299987792969,280.059997558594,280.809997558594,29454600,271.061676025391
"2022-04-22",281.679992675781,283.200012207031,273.380004882812,274.029998779297,29405800,264.516967773438
"2022-04-25",273.290008544922,281.109985351562,270.769989013672,280.720001220703,35678900,270.974822998047
"2022-04-26",277.5,278.359985351562,270,270.220001220703,46518400,260.839385986328
"2022-04-27",282.100006103516,290.970001220703,279.160003662109,283.220001220703,63477700,273.387939453125
"2022-04-28",285.190002441406,290.980010986328,281.459991455078,289.630004882812,33646600,279.575408935547
"2022-04-29",288.609985351562,289.880004882812,276.5,277.519989013672,37073900,267.885803222656
"2022-05-02",277.709991455078,284.940002441406,276.220001220703,284.470001220703,35151100,274.594635009766
"2022-05-03",283.959991455078,284.130004882812,280.149993896484,281.779998779297,25978600,271.997955322266
"2022-05-04",282.589996337891,290.880004882812,276.730010986328,289.980010986328,33599300,279.913360595703
"2022-05-05",285.540008544922,286.350006103516,274.339996337891,277.350006103516,43260400,267.721801757812
"2022-05-06",274.809997558594,279.25,271.269989013672,274.730010986328,37780300,265.192718505859
"2022-05-09",270.059997558594,272.359985351562,263.320007324219,264.579986572266,47726000,255.395034790039
"2022-05-10",271.690002441406,273.75,265.070007324219,269.5,39336400,260.144287109375
"2022-05-11",265.679992675781,271.359985351562,259.299987792969,260.549987792969,48975900,251.504974365234
"2022-05-12",257.690002441406,259.880004882812,250.020004272461,255.350006103516,51033800,246.485504150391
"2022-05-13",257.350006103516,263.040008544922,255.350006103516,261.119995117188,34925100,252.055160522461
"2022-05-16",259.959991455078,265.820007324219,255.779998779297,261.5,32550900,252.421966552734
"2022-05-17",266.109985351562,268.329986572266,262.459991455078,266.820007324219,28828800,257.557373046875
"2022-05-18",263,263.600006103516,252.770004272461,254.080001831055,31356000,245.830825805664
"2022-05-19",253.899993896484,257.670013427734,251.880004882812,253.139999389648,32692300,244.921356201172
"2022-05-20",257.239990234375,258.540008544922,246.440002441406,252.559997558594,39199300,244.360153198242
"2022-05-23",255.490005493164,261.5,253.429992675781,260.649993896484,33175400,252.187484741211
"2022-05-24",257.890014648438,261.329986572266,253.5,259.619995117188,29043900,251.190933227539
"2022-05-25",258.140014648438,264.579986572266,257.130004882812,262.519989013672,28547900,253.996810913086
"2022-05-26",262.269989013672,267.109985351562,261.429992675781,265.899993896484,25002100,257.267059326172
"2022-05-27",268.480010986328,273.339996337891,267.559997558594,273.239990234375,26910800,264.368743896484
"2022-05-31",272.529998779297,274.769989013672,268.929992675781,271.869995117188,37827700,263.043243408203
"2022-06-01",275.200012207031,277.690002441406,270.040008544922,272.420013427734,25292200,263.575378417969
"2022-06-02",264.450012207031,274.649993896484,261.600006103516,274.579986572266,44008200,265.665283203125
"2022-06-03",270.309997558594,273.450012207031,268.410003662109,270.019989013672,28059000,261.253295898438
"2022-06-06",272.059997558594,274.179992675781,267.220001220703,268.75,22400300,260.024597167969
"2022-06-07",266.640014648438,273.130004882812,265.940002441406,272.5,22860700,263.652801513672
"2022-06-08",271.709991455078,273,269.609985351562,270.410003662109,17372300,261.630584716797
"2022-06-09",267.779998779297,272.709991455078,264.630004882812,264.790008544922,26439700,256.193084716797
"2022-06-10",260.579986572266,260.579986572266,252.529998779297,252.990005493164,31422800,244.776245117188
"2022-06-13",245.110000610352,249.020004272461,241.529998779297,242.259994506836,46135800,234.394592285156
"2022-06-14",243.860000610352,245.740005493164,241.509994506836,244.490005493164,28651500,236.552169799805
"2022-06-15",248.309997558594,255.300003051758,246.419998168945,251.759994506836,33111700,243.586151123047
"2022-06-16",245.979995727539,247.419998168945,243.020004272461,244.970001220703,33169200,237.016571044922
"2022-06-17",244.699996948242,250.5,244.029998779297,247.649993896484,43084800,239.609573364258
"2022-06-21",250.259994506836,254.75,249.509994506836,253.740005493164,29928300,245.501876831055
"2022-06-22",251.889999389648,257.170013427734,250.369995117188,253.130004882812,25939900,244.911651611328
"2022-06-23",255.570007324219,259.369995117188,253.630004882812,258.859985351562,25861400,250.455596923828
"2022-06-24",261.809997558594,267.980010986328,261.720001220703,267.700012207031,33923200,259.008666992188
"2022-06-27",268.209991455078,268.299987792969,263.279998779297,264.890014648438,24615100,256.289855957031
"2022-06-28",263.980010986328,266.910003662109,256.320007324219,256.480010986328,27295500,248.152923583984
"2022-06-29",257.589996337891,261.970001220703,255.759994506836,260.260009765625,20069800,251.810211181641
"2022-06-30",257.049987792969,259.529998779297,252.899993896484,256.829986572266,31730900,248.49153137207
"2022-07-01",256.390014648438,259.769989013672,254.610000610352,259.579986572266,22837700,251.152267456055
"2022-07-05",256.160003662109,262.980010986328,254.740005493164,262.850006103516,22941000,254.31608581543
"2022-07-06",263.75,267.989990234375,262.399993896484,266.209991455078,23824400,257.566986083984
"2022-07-07",265.119995117188,269.059997558594,265.019989013672,268.399993896484,20859900,259.685943603516
"2022-07-08",264.790008544922,268.100006103516,263.290008544922,267.660003662109,19658800,258.969940185547
"2022-07-11",265.649993896484,266.529998779297,262.179992675781,264.510009765625,19455200,255.922256469727
"2022-07-12",265.880004882812,265.940002441406,252.039993286133,253.669998168945,35868500,245.434112548828
"2022-07-13",250.190002441406,253.550003051758,248.110000610352,252.720001220703,29497400,244.51496887207
"2022-07-14",250.570007324219,255.139999389648,245.940002441406,254.080001831055,25102800,245.830825805664
"2022-07-15",255.720001220703,260.369995117188,254.770004272461,256.720001220703,29774100,248.385116577148
"2022-07-18",259.75,260.839996337891,253.300003051758,254.25,20975000,245.995300292969
"2022-07-19",257.579986572266,259.720001220703,253.679992675781,259.529998779297,25012600,251.103866577148
"2022-07-20",259.899993896484,264.869995117188,258.910003662109,262.269989013672,22788300,253.754898071289
"2022-07-21",259.790008544922,264.890014648438,257.029998779297,264.839996337891,22404700,256.241516113281
"2022-07-22",265.239990234375,265.329986572266,259.070007324219,260.359985351562,21881300,251.90690612793
"2022-07-25",261,261.5,256.809997558594,258.829986572266,21056000,250.426620483398
"2022-07-26",259.859985351562,259.880004882812,249.570007324219,251.899993896484,39348000,243.721572875977
"2022-07-27",261.160003662109,270.049987792969,258.850006103516,268.739990234375,45994000,260.014831542969
"2022-07-28",269.75,277.839996337891,267.869995117188,276.410003662109,33459300,267.435791015625
"2022-07-29",277.700012207031,282,276.630004882812,280.739990234375,32152800,271.625244140625
"2022-08-01",277.820007324219,281.279998779297,275.839996337891,278.010009765625,21539600,268.98388671875
"2022-08-02",276,277.890014648438,272.380004882812,274.820007324219,22754200,265.8974609375
"2022-08-03",276.760009765625,283.5,276.609985351562,282.470001220703,23518900,273.299072265625
"2022-08-04",281.799987792969,283.799987792969,280.170013427734,283.649993896484,18098700,274.440704345703
"2022-08-05",279.149993896484,283.649993896484,278.679992675781,282.910003662109,16774600,273.724853515625
"2022-08-08",284.049987792969,285.920013427734,279.320007324219,280.320007324219,18739200,271.218872070312
"2022-08-09",279.640014648438,283.079986572266,277.609985351562,282.299987792969,23405200,273.134552001953
"2022-08-10",288.170013427734,289.809997558594,286.940002441406,289.160003662109,24687800,279.771881103516
"2022-08-11",290.850006103516,291.209991455078,286.510009765625,287.019989013672,20065900,277.701416015625
"2022-08-12",288.480010986328,291.910003662109,286.940002441406,291.910003662109,22619700,282.4326171875
"2022-08-15",291,294.179992675781,290.109985351562,293.470001220703,18085700,283.941925048828
"2022-08-16",291.989990234375,294.040008544922,290.420013427734,292.709991455078,18102900,283.206634521484
"2022-08-17",289.739990234375,293.350006103516,289.470001220703,291.320007324219,18253400,282.459991455078
"2022-08-18",290.190002441406,291.910003662109,289.079986572266,290.170013427734,17186200,281.345031738281
"2022-08-19",288.899993896484,289.25,285.559997558594,286.149993896484,20570000,277.447235107422
"2022-08-22",282.079986572266,282.459991455078,277.220001220703,277.75,25061100,269.302734375
"2022-08-23",276.440002441406,278.859985351562,275.399993896484,276.440002441406,17527400,268.032562255859
"2022-08-24",275.410003662109,277.230010986328,275.109985351562,275.790008544922,18137000,267.402404785156
"2022-08-25",277.329986572266,279.019989013672,274.519989013672,278.850006103516,16583400,270.369323730469
"2022-08-26",279.079986572266,280.339996337891,267.980010986328,268.089996337891,27549300,259.936584472656
"2022-08-29",265.850006103516,267.399993896484,263.850006103516,265.230010986328,20338500,257.16357421875
"2022-08-30",266.670013427734,267.049987792969,260.660003662109,262.970001220703,22767100,254.972213745117
"2022-08-31",265.390014648438,267.109985351562,261.329986572266,261.470001220703,24791800,253.517852783203
"2022-09-01",258.869995117188,260.890014648438,255.410003662109,260.399993896484,23263400,252.480422973633
"2022-09-02",261.700012207031,264.739990234375,254.470001220703,256.059997558594,22855400,248.272415161133
"2022-09-06",256.200012207031,257.829986572266,251.940002441406,253.25,21328200,245.547897338867
"2022-09-07",254.699996948242,258.829986572266,253.220001220703,258.089996337891,24126700,250.240646362305
"2022-09-08",257.510009765625,260.429992675781,254.789993286133,258.519989013672,20319900,250.657623291016
"2022-09-09",260.5,265.230010986328,260.290008544922,264.459991455078,22084700,256.416931152344
"2022-09-12",265.779998779297,267.450012207031,265.160003662109,266.649993896484,18747700,258.540344238281
"2022-09-13",258.839996337891,260.399993896484,251.589996337891,251.990005493164,33353300,244.326171875
"2022-09-14",253.529998779297,254.229995727539,249.860000610352,252.220001220703,23913000,244.549209594727
"2022-09-15",249.770004272461,251.399993896484,244.020004272461,245.380004882812,31530900,237.917190551758
"2022-09-16",244.259994506836,245.300003051758,242.059997558594,244.740005493164,39791800,237.296691894531
"2022-09-19",242.470001220703,245.139999389648,240.850006103516,244.520004272461,26826900,237.083374023438
"2022-09-20",242.070007324219,243.509994506836,239.639999389648,242.449996948242,26660300,235.076370239258
"2022-09-21",244.270004272461,247.660003662109,238.899993896484,238.949996948242,28625600,231.68278503418
"2022-09-22",237.869995117188,243.860000610352,237.570007324219,240.979995727539,31061200,233.65104675293
"2022-09-23",239.539993286133,241.130004882812,235.199996948242,237.919998168945,34176000,230.684127807617
"2022-09-26",237.050003051758,241.449996948242,236.899993896484,237.449996948242,27694200,230.228408813477
"2022-09-27",239.979995727539,241.800003051758,234.5,236.410003662109,27018700,229.220031738281
"2022-09-28",236.809997558594,242.330001831055,234.729995727539,241.070007324219,29029700,233.738327026367
"2022-09-29",238.889999389648,239.949996948242,234.410003662109,237.5,27484200,230.276870727539
"2022-09-30",238.289993286133,240.539993286133,232.729995727539,232.899993896484,35694800,225.816757202148
"2022-10-03",235.410003662109,241.610000610352,234.660003662109,240.740005493164,28880400,233.418350219727
"2022-10-04",245.089996337891,250.360000610352,244.979995727539,248.880004882812,34888400,241.310775756836
"2022-10-05",245.990005493164,250.580001831055,244.100006103516,249.199996948242,20347100,241.621032714844
"2022-10-06",247.929992675781,250.339996337891,246.080001831055,246.789993286133,20239900,239.28434753418
"2022-10-07",240.899993896484,241.320007324219,233.169998168945,234.240005493164,37769600,227.116012573242
"2022-10-10",233.050003051758,234.559997558594,226.729995727539,229.25,29743600,222.277770996094
"2022-10-11",227.619995117188,229.059997558594,224.110000610352,225.410003662109,30474000,218.554580688477
"2022-10-12",225.399993896484,227.860000610352,223.960006713867,225.75,21903900,218.884262084961
"2022-10-13",219.850006103516,236.100006103516,219.130004882812,234.240005493164,42551800,227.116012573242
"2022-10-14",235.539993286133,237.240005493164,228.339996337891,228.559997558594,30198600,221.608749389648
"2022-10-17",235.820007324219,238.960006713867,235.139999389648,237.529998779297,28142300,230.305938720703
"2022-10-18",243.240005493164,243.929992675781,235.369995117188,238.5,26329600,231.246459960938
"2022-10-19",237.039993286133,239.610000610352,234.289993286133,236.479995727539,19985700,229.287902832031
"2022-10-20",235.770004272461,241.309997558594,234.869995117188,236.149993896484,21811000,228.967910766602
"2022-10-21",234.740005493164,243,234.5,242.119995117188,26299700,234.75634765625
"2022-10-24",243.759994506836,247.839996337891,241.300003051758,247.25,24911200,239.730331420898
"2022-10-25",247.259994506836,251.039993286133,245.830001831055,250.660003662109,34775500,243.036666870117
"2022-10-26",231.169998168945,238.300003051758,230.059997558594,231.320007324219,82543200,224.284866333008
"2022-10-27",231.039993286133,233.690002441406,225.779998779297,226.75,40424600,219.85383605957
"2022-10-28",226.240005493164,236.600006103516,226.050003051758,235.869995117188,40647700,228.69645690918
"2022-10-31",233.759994506836,234.919998168945,231.149993896484,232.130004882812,28357300,225.070205688477
"2022-11-01",234.600006103516,235.740005493164,227.330001831055,228.169998168945,30592300,221.23063659668
"2022-11-02",229.460006713867,231.300003051758,220.039993286133,220.100006103516,38407000,213.406051635742
"2022-11-03",220.089996337891,220.410003662109,213.979995727539,214.25,36633900,207.733963012695
"2022-11-04",217.550003051758,221.589996337891,213.429992675781,221.389999389648,36789100,214.656814575195
"2022-11-07",221.990005493164,228.410003662109,221.279998779297,227.869995117188,33498000,220.93977355957
"2022-11-08",228.699996948242,231.649993896484,225.839996337891,228.869995117188,28192500,221.90934753418
"2022-11-09",227.369995117188,228.630004882812,224.330001831055,224.509994506836,27852900,217.681945800781
"2022-11-10",235.429992675781,243.330001831055,235,242.979995727539,46268000,235.590209960938
"2022-11-11",242.990005493164,247.990005493164,241.929992675781,247.110000610352,34620200,239.594619750977
"2022-11-14",241.990005493164,243.910003662109,239.210006713867,241.550003051758,31123300,234.203704833984
"2022-11-15",245.660003662109,247,240.029998779297,241.970001220703,31390100,234.610931396484
"2022-11-16",242.789993286133,243.800003051758,240.419998168945,241.729995727539,24093300,235.038772583008
"2022-11-17",237.779998779297,243.25,237.630004882812,241.679992675781,23123500,234.990127563477
"2022-11-18",243.509994506836,243.740005493164,239.029998779297,241.220001220703,27613500,234.542861938477
"2022-11-21",241.429992675781,244.669998168945,241.190002441406,242.050003051758,26394700,235.349914550781
"2022-11-22",243.589996337891,245.309997558594,240.710006713867,245.029998779297,19665700,238.247406005859
"2022-11-23",245.110000610352,248.279998779297,244.270004272461,247.580001831055,19508500,240.726837158203
"2022-11-25",247.309997558594,248.699996948242,246.729995727539,247.490005493164,9200800,240.639312744141
"2022-11-28",246.080001831055,246.649993896484,240.800003051758,241.759994506836,24778200,235.067886352539
"2022-11-29",241.399993896484,242.789993286133,238.210006713867,240.330001831055,17956300,233.677490234375
"2022-11-30",240.570007324219,255.330001831055,239.860000610352,255.139999389648,47594200,248.077545166016
"2022-12-01",253.869995117188,256.119995117188,250.919998168945,254.690002441406,26041500,247.639999389648
"2022-12-02",249.820007324219,256.059997558594,249.690002441406,255.020004272461,21528500,247.960891723633
"2022-12-05",252.009994506836,253.820007324219,248.059997558594,250.199996948242,23435300,243.274307250977
"2022-12-06",250.820007324219,251.860000610352,243.779998779297,245.119995117188,22463700,238.334915161133
"2022-12-07",244.830001831055,246.160003662109,242.210006713867,244.369995117188,20481500,237.605667114258
"2022-12-08",244.839996337891,248.740005493164,243.059997558594,247.399993896484,22611800,240.551803588867
"2022-12-09",244.699996948242,248.309997558594,244.160003662109,245.419998168945,20609700,238.626617431641
"2022-12-12",247.449996948242,252.539993286133,247.169998168945,252.509994506836,30665100,245.520324707031
"2022-12-13",261.690002441406,263.920013427734,253.070007324219,256.920013427734,42196900,249.808288574219
"2022-12-14",257.130004882812,262.589996337891,254.309997558594,257.220001220703,35410900,250.099945068359
"2022-12-15",253.720001220703,254.199996948242,247.339996337891,249.009994506836,35560400,242.117248535156
"2022-12-16",248.550003051758,249.839996337891,243.509994506836,244.690002441406,86102000,237.916809082031
"2022-12-19",244.860000610352,245.210006713867,238.710006713867,240.449996948242,29696400,233.794174194336
"2022-12-20",239.399993896484,242.910003662109,238.419998168945,241.800003051758,25150800,235.106811523438
"2022-12-21",241.690002441406,245.619995117188,240.110000610352,244.429992675781,23690600,237.6640625
"2022-12-22",241.259994506836,241.990005493164,233.869995117188,238.190002441406,28651700,231.596740722656
"2022-12-23",236.110000610352,238.869995117188,233.940002441406,238.729995727539,21207000,232.121795654297
"2022-12-27",238.699996948242,238.929992675781,235.830001831055,236.960006713867,16688600,230.400772094727
"2022-12-28",236.889999389648,239.720001220703,234.169998168945,234.529998779297,17457100,228.038055419922
"2022-12-29",235.649993896484,241.919998168945,235.649993896484,241.009994506836,19770700,234.338668823242
"2022-12-30",238.210006713867,239.960006713867,236.660003662109,239.820007324219,21938500,233.181610107422
