"Date","NFLX.Open","NFLX.High","NFLX.Low","NFLX.Close","NFLX.Volume","NFLX.Adjusted"
"2019-01-02",25.92799949646,26.9750003814697,25.6580009460449,26.7660007476807,116795000,26.7660007476807
"2019-01-03",27.0200004577637,27.5790004730225,26.443000793457,27.1200008392334,149696000,27.1200008392334
"2019-01-04",28.1879997253418,29.7800006866455,27.8540000915527,29.7569999694824,193301000,29.7569999694824
"2019-01-07",30.2099990844727,31.6800003051758,30.1650009155273,31.5340003967285,186201000,31.5340003967285
"2019-01-08",31.9979991912842,32.0589981079102,30.8010005950928,32.0270004272461,153592000,32.0270004272461
"2019-01-09",31.7709999084473,32.3349990844727,31.3500003814697,31.996000289917,133432000,31.996000289917
"2019-01-10",31.4570007324219,32.5369987487793,31.25,32.4659996032715,134725000,32.4659996032715
"2019-01-11",33.0960006713867,34.109001159668,32.8520011901855,33.7589988708496,195004000,33.7589988708496
"2019-01-14",33.423999786377,33.5480003356934,32.9129981994629,33.2939987182617,104996000,33.2939987182617
"2019-01-15",34.9599990844727,35.7220001220703,34.7000007629395,35.4640007019043,211812000,35.4640007019043
"2019-01-16",35.4000015258789,35.8849983215332,34.8110008239746,35.1389999389648,153855000,35.1389999389648
"2019-01-17",34.9500007629395,35.5789985656738,34.640998840332,35.3190002441406,188712000,35.3190002441406
"2019-01-18",35.1969985961914,35.2999992370605,33.6730003356934,33.9099998474121,266210000,33.9099998474121
"2019-01-22",33.4889984130859,33.6879997253418,32.1030006408691,32.515998840332,179414000,32.515998840332
"2019-01-23",32.8250007629395,33.1749992370605,31.8600006103516,32.1990013122559,134801000,32.1990013122559
"2019-01-24",32.060001373291,33.1800003051758,31.8999996185303,32.6669998168945,111316000,32.6669998168945
"2019-01-25",32.8720016479492,34,32.851001739502,33.8050003051758,111529000,33.8050003051758
"2019-01-28",33.4700012207031,33.6300010681152,32.8880004882812,33.5660018920898,86521000,33.5660018920898
"2019-01-29",33.5870018005371,33.8219985961914,32.814998626709,32.8899993896484,76552000,32.8899993896484
"2019-01-30",33.2750015258789,34.1780014038086,33.0800018310547,34.0660018920898,92345000,34.0660018920898
"2019-01-31",33.9679985046387,34.5989990234375,33.8089981079102,33.9500007629395,85355000,33.9500007629395
"2019-02-01",33.7179985046387,34.6839981079102,33.6500015258789,33.9850006103516,98278000,33.9850006103516
"2019-02-04",34.2599983215332,35.2000007629395,34.1300010681152,35.1339988708496,90514000,35.1339988708496
"2019-02-05",35.3199996948242,36,35.2900009155273,35.5810012817383,90466000,35.5810012817383
"2019-02-06",35.7000007629395,35.7039985656738,34.7190017700195,35.2190017700195,67177000,35.2190017700195
"2019-02-07",34.7900009155273,34.875,33.9020004272461,34.4710006713867,78645000,34.4710006713867
"2019-02-08",33.7999992370605,34.7999992370605,33.7999992370605,34.7569999694824,75614000,34.7569999694824
"2019-02-11",35,35.2869987487793,34.4809989929199,34.5730018615723,54549000,34.5730018615723
"2019-02-12",34.8089981079102,36,34.6520004272461,35.9970016479492,104294000,35.9970016479492
"2019-02-13",35.7299995422363,35.9599990844727,35.0279998779297,35.1769981384277,105591000,35.1769981384277
"2019-02-14",35.1749992370605,36.0449981689453,34.8330001831055,35.9070014953613,92953000,35.9070014953613
"2019-02-15",35.8470001220703,36.439998626709,35.5499992370605,35.6870002746582,92300000,35.6870002746582
"2019-02-19",35.5800018310547,36.5,35.5320014953613,36.1920013427734,73966000,36.1920013427734
"2019-02-20",36.4850006103516,36.6710014343262,35.6699981689453,35.9910011291504,81107000,35.9910011291504
"2019-02-21",36.0029983520508,36.2849998474121,35.3880004882812,35.6969985961914,62279000,35.6969985961914
"2019-02-22",36.0340003967285,36.6129989624023,36.0050010681152,36.3019981384277,70882000,36.3019981384277
"2019-02-25",36.701000213623,37.148998260498,36.3790016174316,36.390998840332,75693000,36.390998840332
"2019-02-26",36.2980003356934,36.5699996948242,35.9329986572266,36.4970016479492,49446000,36.4970016479492
"2019-02-27",36.3499984741211,36.8030014038086,35.9799995422363,36.2869987487793,56299000,36.2869987487793
"2019-02-28",36.2470016479492,36.6389999389648,35.7709999084473,35.810001373291,61868000,35.810001373291
"2019-03-01",36.226001739502,36.2869987487793,35.4690017700195,35.7319984436035,55265000,35.7319984436035
"2019-03-04",35.9720001220703,36.2249984741211,34.8040008544922,35.1040000915527,74870000,35.1040000915527
"2019-03-05",35.1459999084473,35.617000579834,34.8250007629395,35.4300003051758,59378000,35.4300003051758
"2019-03-06",35.3600006103516,35.9879989624023,35.1699981689453,35.9609985351562,62119000,35.9609985351562
"2019-03-07",36.015998840332,36.2859992980957,35.0499992370605,35.2599983215332,61513000,35.2599983215332
"2019-03-08",34.5750007629395,34.992000579834,34.2470016479492,34.9599990844727,68988000,34.9599990844727
"2019-03-11",35.2000007629395,35.8979988098145,35.0029983520508,35.8860015869141,53873000,35.8860015869141
"2019-03-12",35.9370002746582,36.0130004882812,35.3800010681152,35.6269989013672,51646000,35.6269989013672
"2019-03-13",35.5810012817383,36.2480010986328,35.2770004272461,36.1209983825684,64441000,36.1209983825684
"2019-03-14",36.0499992370605,36.3839988708496,35.810001373291,35.8819999694824,52714000,35.8819999694824
"2019-03-15",36.1020011901855,36.4000015258789,35.8889999389648,36.1459999084473,84445000,36.1459999084473
"2019-03-18",36.2470016479492,37.0970001220703,36.1860008239746,36.3440017700195,71947000,36.3440017700195
"2019-03-19",36.6399993896484,36.6959991455078,35.6800003051758,35.8779983520508,75414000,35.8779983520508
"2019-03-20",35.890998840332,37.5900001525879,35.701000213623,37.5219993591309,109172000,37.5219993591309
"2019-03-21",37.4000015258789,37.9000015258789,37.0610008239746,37.7869987487793,85440000,37.7869987487793
"2019-03-22",37.5950012207031,37.6430015563965,36.0040016174316,36.101001739502,86613000,36.101001739502
"2019-03-25",35.9000015258789,36.7039985656738,35.7439994812012,36.6230010986328,84738000,36.6230010986328
"2019-03-26",36.7869987487793,36.8380012512207,35.8019981384277,35.9970016479492,76665000,35.9970016479492
"2019-03-27",36.0999984741211,36.2470016479492,35.0369987487793,35.3370018005371,78524000,35.3370018005371
"2019-03-28",35.4490013122559,35.5940017700195,34.9199981689453,35.4609985351562,43610000,35.4609985351562
"2019-03-29",35.7159996032715,35.8250007629395,35.3709983825684,35.6559982299805,47056000,35.6559982299805
"2019-04-01",35.9000015258789,36.8330001831055,35.851001739502,36.6959991455078,70361000,36.6959991455078
"2019-04-02",36.625,36.8419990539551,36.2220001220703,36.7719993591309,51587000,36.7719993591309
"2019-04-03",36.9259986877441,37.3409996032715,36.6189994812012,36.9749984741211,53689000,36.9749984741211
"2019-04-04",37.0069999694824,37.2050018310547,36.2400016784668,36.7879981994629,46273000,36.7879981994629
"2019-04-05",36.9000015258789,36.9799995422363,36.4659996032715,36.548999786377,39055000,36.548999786377
"2019-04-08",36.5110015869141,36.5940017700195,35.9930000305176,36.140998840332,46538000,36.140998840332
"2019-04-09",36.0540008544922,36.673999786377,35.9000015258789,36.4710006713867,54392000,36.4710006713867
"2019-04-10",36.5789985656738,36.8849983215332,36.2249984741211,36.3919982910156,45456000,36.3919982910156
"2019-04-11",36.5,37.0120010375977,36.0810012817383,36.7649993896484,65269000,36.7649993896484
"2019-04-12",36.0690002441406,36.1749992370605,34.9360008239746,35.1139984130859,156462000,35.1139984130859
"2019-04-15",35.0709991455078,35.2210006713867,34.2270011901855,34.8870010375977,88423000,34.8870010375977
"2019-04-16",35.5,36.4480018615723,35.2719993591309,35.9459991455078,187402000,35.9459991455078
"2019-04-17",36.5050010681152,36.8759994506836,35.060001373291,35.4739990234375,180541000,35.4739990234375
"2019-04-18",35.5,36.0410003662109,35.1640014648438,36.0349998474121,83532000,36.0349998474121
"2019-04-22",35.9700012207031,37.7690010070801,35.9000015258789,37.734001159668,119805000,37.734001159668
"2019-04-23",37.5449981689453,38.4799995422363,37.4710006713867,38.1889991760254,100898000,38.1889991760254
"2019-04-24",38.1069984436035,38.189998626709,37.3269996643066,37.4230003356934,65419000,37.4230003356934
"2019-04-25",37.4490013122559,37.476001739502,36.5699996948242,36.8330001831055,62555000,36.8330001831055
"2019-04-26",36.8349990844727,37.5139999389648,36.6240005493164,37.4850006103516,56219000,37.4850006103516
"2019-04-29",37.3680000305176,37.4580001831055,36.9119987487793,37.1829986572266,38217000,37.1829986572266
"2019-04-30",36.9560012817383,37.4500007629395,36.8349990844727,37.0540008544922,38701000,37.0540008544922
"2019-05-01",37.4000015258789,38.5989990234375,37.3170013427734,37.8810005187988,92573000,37.8810005187988
"2019-05-02",37.7999992370605,38.3499984741211,37.451000213623,37.9059982299805,53982000,37.9059982299805
"2019-05-03",38.1529998779297,38.5029983520508,37.8269996643066,38.5029983520508,51303000,38.5029983520508
"2019-05-06",37.7690010070801,38.1349983215332,37.5999984741211,37.867000579834,57931000,37.867000579834
"2019-05-07",37.7000007629395,37.9910011291504,36.5810012817383,37.0460014343262,69749000,37.0460014343262
"2019-05-08",36.7919998168945,36.9000015258789,36.1360015869141,36.4370002746582,65720000,36.4370002746582
"2019-05-09",36.0900001525879,36.4199981689453,35.2750015258789,36.2750015258789,58826000,36.2750015258789
"2019-05-10",36.1619987487793,36.5260009765625,35.3059997558594,36.1040000915527,56571000,36.1040000915527
"2019-05-13",35.2290000915527,35.4259986877441,34.310001373291,34.5260009765625,80267000,34.5260009765625
"2019-05-14",34.8709983825684,34.9949989318848,34.25,34.5610008239746,53530000,34.5610008239746
"2019-05-15",34.3339996337891,35.6500015258789,34.1389999389648,35.4990005493164,63401000,35.4990005493164
"2019-05-16",35.6370010375977,36.4000015258789,35.3940010070801,35.9309997558594,64415000,35.9309997558594
"2019-05-17",35.6389999389648,35.9620018005371,35.3790016174316,35.4449996948242,47254000,35.4449996948242
"2019-05-20",35.1230010986328,35.242000579834,34.5400009155273,34.8110008239746,46215000,34.8110008239746
"2019-05-21",35.0950012207031,35.6430015563965,34.9930000305176,35.4269981384277,40264000,35.4269981384277
"2019-05-22",35.8009986877441,37.0460014343262,35.7299995422363,35.9729995727539,62294000,35.9729995727539
"2019-05-23",35.5499992370605,35.742000579834,34.7700004577637,35.2210006713867,56304000,35.2210006713867
"2019-05-24",35.5410003662109,35.9440002441406,35.3790016174316,35.4389991760254,38310000,35.4389991760254
"2019-05-28",35.4389991760254,36.1199989318848,35.3650016784668,35.5060005187988,47171000,35.5060005187988
"2019-05-29",35.3600006103516,35.3849983215332,34.5900001525879,34.9189987182617,56589000,34.9189987182617
"2019-05-30",35.0550003051758,35.4210014343262,34.8300018310547,35.185001373291,40080000,35.185001373291
"2019-05-31",34.7220001220703,34.9339981079102,34.2919998168945,34.3279991149902,50234000,34.3279991149902
"2019-06-03",34.3559989929199,34.765998840332,33.2649993896484,33.6629981994629,78496000,33.6629981994629
"2019-06-04",34.5,35.3610000610352,34.3250007629395,35.3400001525879,78916000,35.3400001525879
"2019-06-05",35.4379997253418,35.7879981994629,34.8709983825684,35.5730018615723,50201000,35.5730018615723
"2019-06-06",35.484001159668,35.8209991455078,35.2089996337891,35.7130012512207,37100000,35.7130012512207
"2019-06-07",35.7389984130859,36.5149993896484,35.5690002441406,36.0870018005371,47773000,36.0870018005371
"2019-06-10",36.3650016784668,36.7099990844727,34.9290008544922,35.201000213623,78103000,35.201000213623
"2019-06-11",35.5,35.757999420166,34.8499984741211,35.1269989013672,53967000,35.1269989013672
"2019-06-12",35.181999206543,35.3610000610352,34.3230018615723,34.5559997558594,45847000,34.5559997558594
"2019-06-13",34.7229995727539,34.8499984741211,33.9249992370605,34.3429985046387,62093000,34.3429985046387
"2019-06-14",34.1629981994629,34.3400001525879,33.6160011291504,33.9729995727539,50190000,33.9729995727539
"2019-06-17",34.2690010070801,35.1769981384277,34.2060012817383,35.0620002746582,53582000,35.0620002746582
"2019-06-18",35.556999206543,36.1500015258789,35.375,35.7120018005371,54285000,35.7120018005371
"2019-06-19",36.1720008850098,36.4739990234375,35.6119995117188,36.3520011901855,56672000,36.3520011901855
"2019-06-20",36.5909996032715,37.0120010375977,36.1220016479492,36.5209999084473,58995000,36.5209999084473
"2019-06-21",36.5,37.1450004577637,36.5,36.9210014343262,74484000,36.9210014343262
"2019-06-24",37.0270004272461,37.5,37.0200004577637,37.1040000915527,48302000,37.1040000915527
"2019-06-25",37.0750007629395,37.0999984741211,35.8289985656738,36.0299987792969,57504000,36.0299987792969
"2019-06-26",36.1599998474121,36.6790008544922,36.1599998474121,36.2200012207031,36697000,36.2200012207031
"2019-06-27",36.3199996948242,37.0849990844727,36.3199996948242,37.0019989013672,41386000,37.0019989013672
"2019-06-28",37.0260009765625,37.1539993286133,36.4869995117188,36.7319984436035,45927000,36.7319984436035
"2019-07-01",37.3499984741211,37.6660003662109,37.2000007629395,37.4599990844727,49926000,37.4599990844727
"2019-07-02",37.4889984130859,37.5999984741211,37.0309982299805,37.5429992675781,36250000,37.5429992675781
"2019-07-03",37.6689987182617,38.1990013122559,37.5839996337891,38.1720008850098,37990000,38.1720008850098
"2019-07-05",37.8289985656738,38.1399993896484,37.5559997558594,38.0550003051758,37322000,38.0550003051758
"2019-07-08",37.8190002441406,37.8250007629395,37.5359992980957,37.6160011291504,31134000,37.6160011291504
"2019-07-09",37.9059982299805,38.476001739502,37.75,37.9930000305176,69328000,37.9930000305176
"2019-07-10",38.2770004272461,38.4339981079102,36.2680015563965,38.0999984741211,58788000,38.0999984741211
"2019-07-11",38.1100006103516,38.4539985656738,37.8800010681152,37.9500007629395,43363000,37.9500007629395
"2019-07-12",37.8680000305176,37.9739990234375,37.2789993286133,37.3250007629395,66369000,37.3250007629395
"2019-07-15",37.2939987182617,37.3680000305176,36.2299995422363,36.6599998474121,79447000,36.6599998474121
"2019-07-16",37.0089988708496,37.1339988708496,36.492000579834,36.5989990234375,58632000,36.5989990234375
"2019-07-17",36.625,36.6500015258789,36.1749992370605,36.2439994812012,136395000,36.2439994812012
"2019-07-18",32.3759994506836,32.9850006103516,32.0299987792969,32.5209999084473,312871000,32.5209999084473
"2019-07-19",32.3400001525879,32.5849990844727,31.4230003356934,31.5100002288818,163025000,31.5100002288818
"2019-07-22",31.2000007629395,31.4540004730225,30.5809993743896,31.0620002746582,177180000,31.0620002746582
"2019-07-23",31.1439990997314,31.3500003814697,30.6000003814697,30.7299995422363,91711000,30.7299995422363
"2019-07-24",31.0510005950928,31.9990005493164,30.7250003814697,31.7940006256104,119618000,31.7940006256104
"2019-07-25",31.8859996795654,32.7690010070801,31.6299991607666,32.6459999084473,107985000,32.6459999084473
"2019-07-26",32.8790016174316,33.5999984741211,32.75,33.5779991149902,108475000,33.5779991149902
"2019-07-29",33.5979995727539,33.6399993896484,32.8769989013672,33.2700004577637,57828000,33.2700004577637
"2019-07-30",32.9199981689453,32.9650001525879,32.3230018615723,32.5929985046387,60293000,32.5929985046387
"2019-07-31",32.515998840332,33.1769981384277,31.8530006408691,32.298999786377,62595000,32.298999786377
"2019-08-01",32.4249992370605,32.8580017089844,31.8740005493164,31.9500007629395,65632000,31.9500007629395
"2019-08-02",31.7490005493164,31.9409999847412,31.1800003051758,31.882999420166,62803000,31.882999420166
"2019-08-05",31.0960006713867,31.3419990539551,30.4680004119873,30.7630004882812,86925000,30.7630004882812
"2019-08-06",31.0580005645752,31.1879997253418,30.5300006866455,31.0100002288818,61791000,31.0100002288818
"2019-08-07",30.2560005187988,30.5,29.6809997558594,30.4290008544922,93224000,30.4290008544922
"2019-08-08",31.1030006408691,31.6359996795654,30.6630001068115,31.5900001525879,59059000,31.5900001525879
"2019-08-09",31.3740005493164,31.6639995574951,30.568000793457,30.8929996490479,53491000,30.8929996490479
"2019-08-12",30.5459995269775,31.2889995574951,30.3239994049072,31.0830001831055,65317000,31.0830001831055
"2019-08-13",30.9769992828369,31.6429996490479,30.8159999847412,31.2280006408691,52894000,31.2280006408691
"2019-08-14",30.8010005950928,30.8409996032715,29.8010005950928,29.9109992980957,73558000,29.9109992980957
"2019-08-15",29.9500007629395,30.0629997253418,28.7999992370605,29.576000213623,96292000,29.576000213623
"2019-08-16",29.8859996795654,30.3549995422363,29.6270008087158,30.2800006866455,69058000,30.2800006866455
"2019-08-19",30.625,31.1749992370605,30.4750003814697,30.9379997253418,49422000,30.9379997253418
"2019-08-20",30.4570007324219,30.5,29.7679996490479,29.8990001678467,73499000,29.8990001678467
"2019-08-21",30.1609992980957,30.2880001068115,29.6200008392334,29.7810001373291,56854000,29.7810001373291
"2019-08-22",29.8649997711182,30.0330009460449,29.3150005340576,29.693000793457,49742000,29.693000793457
"2019-08-23",29.5,29.9009990692139,29.0319995880127,29.1439990997314,63249000,29.1439990997314
"2019-08-26",29.5240001678467,29.6949996948242,29.25,29.4979991912842,46957000,29.4979991912842
"2019-08-27",29.4540004730225,29.6770000457764,28.7199993133545,29.1030006408691,63094000,29.1030006408691
"2019-08-28",28.94700050354,29.2819995880127,28.7749996185303,29.1770000457764,39557000,29.1770000457764
"2019-08-29",29.5,29.9930000305176,29.4990005493164,29.67799949646,43885000,29.67799949646
"2019-08-30",29.8780002593994,29.8939990997314,29.0849990844727,29.375,44464000,29.375
"2019-09-03",29.0820007324219,29.3899993896484,28.8059997558594,28.9290008544922,36828000,28.9290008544922
"2019-09-04",29.125,29.238000869751,28.6509990692139,29.1520004272461,46525000,29.1520004272461
"2019-09-05",28.5319995880127,29.3969993591309,28.2789993286133,29.3250007629395,89668000,29.3250007629395
"2019-09-06",29.3349990844727,29.3349990844727,28.7029991149902,29.0170001983643,51666000,29.0170001983643
"2019-09-09",29.4810009002686,30.1550006866455,29.0599994659424,29.4340000152588,82327000,29.4340000152588
"2019-09-10",29.1159992218018,29.7169990539551,28.2660007476807,28.798999786377,123202000,28.798999786377
"2019-09-11",28.5699996948242,29.2649993896484,28.4610004425049,28.8269996643066,74059000,28.8269996643066
"2019-09-12",28.8099994659424,29.2730007171631,28.6599998474121,28.8859996795654,50109000,28.8859996795654
"2019-09-13",29.0610008239746,29.6620006561279,29.003999710083,29.4150009155273,65831000,29.4150009155273
"2019-09-16",29.4230003356934,29.7430000305176,28.9780006408691,29.4290008544922,53074000,29.4290008544922
"2019-09-17",29.4500007629395,29.9150009155273,29.1790008544922,29.8600006103516,47771000,29.8600006103516
"2019-09-18",29.4990005493164,29.6049995422363,28.7450008392334,29.1560001373291,78111000,29.1560001373291
"2019-09-19",29.1560001373291,29.3810005187988,28.3400001525879,28.6599998474121,84613000,28.6599998474121
"2019-09-20",28.0259990692139,28.25,26.6000003814697,27.0750007629395,238328000,27.0750007629395
"2019-09-23",26.8349990844727,27.3390007019043,26.1889991760254,26.5919990539551,134786000,26.5919990539551
"2019-09-24",26.25,26.5,25.2280006408691,25.4589996337891,163382000,25.4589996337891
"2019-09-25",25.5709991455078,26.6599998474121,25.3700008392334,26.4750003814697,116438000,26.4750003814697
"2019-09-26",26.6420001983643,26.8050003051758,26.0200004577637,26.3309993743896,76840000,26.3309993743896
"2019-09-27",26.6180000305176,26.7439994812012,26.0389995574951,26.3080005645752,73283000,26.3080005645752
"2019-09-30",26.3999996185303,26.8880004882812,26.2779998779297,26.761999130249,67272000,26.761999130249
"2019-10-01",26.7350006103516,27.2199993133545,26.4029998779297,26.9580001831055,86503000,26.9580001831055
"2019-10-02",26.3610000610352,26.9349994659424,26.2189998626709,26.80299949646,76591000,26.80299949646
"2019-10-03",26.7779998779297,26.8840007781982,25.701000213623,26.8150005340576,89510000,26.8150005340576
"2019-10-04",26.8199996948242,27.5480003356934,26.6469993591309,27.2789993286133,98904000,27.2789993286133
"2019-10-07",27.1989994049072,27.6679992675781,27.1280002593994,27.4459991455078,65256000,27.4459991455078
"2019-10-08",27.30299949646,27.55299949646,27.0639991760254,27.07200050354,62764000,27.07200050354
"2019-10-09",27.0020008087158,27.1000003814697,26.4570007324219,26.7530002593994,67944000,26.7530002593994
"2019-10-10",26.5970001220703,28.05299949646,26.5030002593994,28.0480003356934,108091000,28.0480003356934
"2019-10-11",28.4799995422363,28.7870006561279,28.2339992523193,28.2929992675781,87861000,28.2929992675781
"2019-10-14",28.3929996490479,28.693000793457,28.2000007629395,28.55299949646,55132000,28.55299949646
"2019-10-15",28.3819999694824,28.5869998931885,27.9400005340576,28.4249992370605,76856000,28.4249992370605
"2019-10-16",28.3120002746582,28.8169994354248,28.0739994049072,28.6280002593994,161759000,28.6280002593994
"2019-10-17",30.4489994049072,30.875,28.8299999237061,29.3349990844727,382589000,29.3349990844727
"2019-10-18",28.9360008239746,29.0900001525879,27.3360004425049,27.5300006866455,234299000,27.5300006866455
"2019-10-21",27.2889995574951,27.9939994812012,26.8999996185303,27.8050003051758,125992000,27.8050003051758
"2019-10-22",27.1159992218018,27.5410003662109,26.5799999237061,26.6690006256104,118024000,26.6690006256104
"2019-10-23",26.8059997558594,27.3920001983643,26.6630001068115,27.1270008087158,71335000,27.1270008087158
"2019-10-24",27.1809997558594,27.4020004272461,26.8799991607666,27.1499996185303,48274000,27.1499996185303
"2019-10-25",27.068000793457,27.7770004272461,27.0179996490479,27.681999206543,47478000,27.681999206543
"2019-10-28",27.8050003051758,28.5750007629395,27.7350006103516,28.1860008239746,62484000,28.1860008239746
"2019-10-29",28.1870002746582,28.4409999847412,27.7549991607666,28.121000289917,43562000,28.121000289917
"2019-10-30",28.4340000152588,29.3490009307861,28.2999992370605,29.1450004577637,93456000,29.1450004577637
"2019-10-31",29.1000003814697,29.1450004577637,28.4780006408691,28.7409992218018,50900000,28.7409992218018
"2019-11-01",28.8700008392334,28.9120006561279,28.3020000457764,28.6809997558594,55943000,28.6809997558594
"2019-11-04",28.7999992370605,29.5389995574951,28.7159996032715,29.2859992980957,55662000,29.2859992980957
"2019-11-05",28.9990005493164,29.1189994812012,28.6310005187988,28.80299949646,40624000,28.80299949646
"2019-11-06",28.8190002441406,29.0559997558594,28.5839996337891,28.8589992523193,34383000,28.8589992523193
"2019-11-07",29.0699996948242,29.8190002441406,28.8269996643066,28.9570007324219,59285000,28.9570007324219
"2019-11-08",28.8729991912842,29.3990001678467,28.7509994506836,29.1569995880127,45090000,29.1569995880127
"2019-11-11",28.9160003662109,29.6359996795654,28.8500003814697,29.4179992675781,39443000,29.4179992675781
"2019-11-12",29.5319995880127,29.5349998474121,28.8700008392334,29.201000213623,57728000,29.201000213623
"2019-11-13",29.1030006408691,29.3409996032715,28.1140003204346,28.3110008239746,91589000,28.3110008239746
"2019-11-14",28.3250007629395,29.0629997253418,28.32200050354,28.9619998931885,65290000,28.9619998931885
"2019-11-15",29.0590000152588,29.5820007324219,28.7569999694824,29.5030002593994,63338000,29.5030002593994
"2019-11-18",29.6000003814697,30.4990005493164,29.3279991149902,30.2569999694824,86166000,30.2569999694824
"2019-11-19",30.4009990692139,30.5669994354248,29.8519992828369,30.2600002288818,59180000,30.2600002288818
"2019-11-20",30.1009998321533,30.8250007629395,30.1000003814697,30.5160007476807,51118000,30.5160007476807
"2019-11-21",30.6000003814697,31.2689990997314,30.4260005950928,31.1690006256104,74884000,31.1690006256104
"2019-11-22",30.9099998474121,31.1399993896484,30.4409999847412,31.0480003356934,59701000,31.0480003356934
"2019-11-25",30.882999420166,31.5729999542236,30.5249996185303,31.5550003051758,78739000,31.5550003051758
"2019-11-26",31.5,31.6499996185303,31.1690006256104,31.2490005493164,53210000,31.2490005493164
"2019-11-27",31.3929996490479,31.681999206543,31.2749996185303,31.5930004119873,40969000,31.5930004119873
"2019-11-29",31.5779991149902,31.6620006561279,31.3339996337891,31.4659996032715,24117000,31.4659996032715
"2019-12-02",31.4389991760254,31.4389991760254,30.375,30.9990005493164,62188000,30.9990005493164
"2019-12-03",30.2220001220703,30.7360000610352,30.1879997253418,30.6159992218018,49928000,30.6159992218018
"2019-12-04",30.8430004119873,30.8430004119873,30.3269996643066,30.431999206543,35121000,30.431999206543
"2019-12-05",30.5270004272461,30.6480007171631,29.8810005187988,30.2859992980957,46155000,30.2859992980957
"2019-12-06",30.4699993133545,30.7849998474121,30.2600002288818,30.7350006103516,44578000,30.7350006103516
"2019-12-09",30.7350006103516,31.1490001678467,30.2439994812012,30.25,57484000,30.25
"2019-12-10",29.6119995117188,29.8939990997314,29.2019996643066,29.3120002746582,104761000,29.3120002746582
"2019-12-11",29.4489994049072,29.943000793457,29.4200000762939,29.8929996490479,55898000,29.8929996490479
"2019-12-12",29.5669994354248,29.9169998168945,29.5060005187988,29.8439998626709,47666000,29.8439998626709
"2019-12-13",29.8500003814697,30.1800003051758,29.7250003814697,29.8500003814697,38797000,29.8500003814697
"2019-12-16",30.0849990844727,30.5709991455078,29.863000869751,30.4209995269775,46589000,30.4209995269775
"2019-12-17",30.7360000610352,31.6800003051758,30.6599998474121,31.5480003356934,104271000,31.5480003356934
"2019-12-18",31.6259994506836,32.5359992980957,31.5599994659424,32.0800018310547,112074000,32.0800018310547
"2019-12-19",32.4500007629395,33.2830009460449,32.4179992675781,33.2220001220703,98223000,33.2220001220703
"2019-12-20",33.5,33.7999992370605,33.060001373291,33.689998626709,99149000,33.689998626709
"2019-12-23",33.7760009765625,33.7949981689453,33.1020011901855,33.310001373291,57653000,33.310001373291
"2019-12-24",33.4010009765625,33.5699996948242,33.1599998474121,33.3199996948242,20193000,33.3199996948242
"2019-12-26",33.4599990844727,33.6459999084473,33.201000213623,33.2630004882812,35899000,33.2630004882812
"2019-12-27",33.2960014343262,33.3819999694824,32.601001739502,32.9090003967285,50361000,32.9090003967285
"2019-12-30",32.9080009460449,32.9189987182617,32.2859992980957,32.3310012817383,43115000,32.3310012817383
"2019-12-31",32.2000007629395,32.492000579834,32.109001159668,32.3569984436035,37133000,32.3569984436035
"2020-01-02",32.6100006103516,32.9980010986328,32.4780006408691,32.9809989929199,44858000,32.9809989929199
"2020-01-03",32.6780014038086,32.9860000610352,32.5530014038086,32.5900001525879,38069000,32.5900001525879
"2020-01-06",32.3120002746582,33.6360015869141,32.1199989318848,33.5830001831055,56631000,33.5830001831055
"2020-01-07",33.6469993591309,33.6699981689453,33.0299987792969,33.0750007629395,47032000,33.0750007629395
"2020-01-08",33.148998260498,34.2700004577637,33.1049995422363,33.9259986877441,71045000,33.9259986877441
"2020-01-09",34.2000007629395,34.3419990539551,33.4609985351562,33.5660018920898,47093000,33.5660018920898
"2020-01-10",33.7130012512207,33.8499984741211,32.7270011901855,32.9049987792969,47183000,32.9049987792969
"2020-01-13",33.1800003051758,34.0849990844727,33.1510009765625,33.8919982910156,62900000,33.8919982910156
"2020-01-14",34.439998626709,34.5379981994629,33.5519981384277,33.8689994812012,71994000,33.8689994812012
"2020-01-15",33.8680000305176,34.3170013427734,33.6599998474121,33.9070014953613,51580000,33.9070014953613
"2020-01-16",34.3499984741211,34.3559989929199,33.5849990844727,33.8619995117188,50160000,33.8619995117188
"2020-01-17",34.0999984741211,34.1570014953613,33.7379989624023,33.9669990539551,60665000,33.9669990539551
"2020-01-21",34,34.0999984741211,33.2589988708496,33.8110008239746,143503000,33.8110008239746
"2020-01-22",33.2550010681152,33.6300010681152,32.3600006103516,32.5999984741211,217300000,32.5999984741211
"2020-01-23",32.6040000915527,34.9879989624023,32.5009994506836,34.9599990844727,182003000,34.9599990844727
"2020-01-24",34.8460006713867,35.9850006103516,34.5880012512207,35.3160018920898,179397000,35.3160018920898
"2020-01-27",34.5950012207031,35.189998626709,34.1020011901855,34.2879981994629,77095000,34.2879981994629
"2020-01-28",34.5880012512207,35.2400016784668,34.2779998779297,34.8520011901855,68216000,34.8520011901855
"2020-01-29",34.9000015258789,34.939998626709,33.8549995422363,34.3160018920898,76435000,34.3160018920898
"2020-01-30",34.1100006103516,34.8199996948242,33.9249992370605,34.773998260498,53281000,34.773998260498
"2020-01-31",34.7389984130859,34.7389984130859,34.0979995727539,34.5089988708496,52300000,34.5089988708496
"2020-02-03",34.7239990234375,35.9630012512207,34.6279983520508,35.7999992370605,66706000,35.7999992370605
"2020-02-04",36.0999984741211,36.9570007324219,35.6100006103516,36.9010009765625,71615000,36.9010009765625
"2020-02-05",37.5130004882812,37.5250015258789,36.2299995422363,36.9669990539551,64370000,36.9669990539551
"2020-02-06",36.9599990844727,37.1549987792969,36.2509994506836,36.6949996948242,39204000,36.6949996948242
"2020-02-07",36.5040016174316,37.1800003051758,36.3569984436035,36.6769981384277,43852000,36.6769981384277
"2020-02-10",36.5,37.4799995422363,36.2519989013672,37.1069984436035,52941000,37.1069984436035
"2020-02-11",37.375,37.8110008239746,36.9720001220703,37.3689994812012,47729000,37.3689994812012
"2020-02-12",37.7179985046387,38.0620002746582,37.5880012512207,38.0009994506836,46248000,38.0009994506836
"2020-02-13",37.6959991455078,38.5369987487793,37.6510009765625,38.1399993896484,44854000,38.1399993896484
"2020-02-14",38.1469993591309,38.5149993896484,37.943000793457,38.0400009155273,37363000,38.0400009155273
"2020-02-18",37.9300003051758,38.9539985656738,37.9189987182617,38.7779998779297,51739000,38.7779998779297
"2020-02-19",38.8120002746582,39.2949981689453,38.4900016784668,38.6189994812012,48964000,38.6189994812012
"2020-02-20",38.6559982299805,38.9700012207031,37.6679992675781,38.5999984741211,40794000,38.5999984741211
"2020-02-21",38.5330009460449,38.7319984436035,37.7900009155273,38.0069999694824,39301000,38.0069999694824
"2020-02-24",36.476001739502,37.2820014953613,36.0999984741211,36.8699989318848,69364000,36.8699989318848
"2020-02-25",37.2000007629395,37.564998626709,35.7719993591309,36.0089988708496,64812000,36.0089988708496
"2020-02-26",36.6310005187988,38.2000007629395,36.5,37.923999786377,89341000,37.923999786377
"2020-02-27",37.1459999084473,39.1559982299805,37.060001373291,37.1710014343262,109677000,37.1710014343262
"2020-02-28",36.4210014343262,37.6769981384277,35.6800003051758,36.9029998779297,111686000,36.9029998779297
"2020-03-02",37.3110008239746,38.1360015869141,36.4500007629395,38.1049995422363,69979000,38.1049995422363
"2020-03-03",38.1030006408691,39.3520011901855,36.7400016784668,36.8769989013672,83646000,36.8769989013672
"2020-03-04",37.7770004272461,38.4010009765625,37.0509986877441,38.3790016174316,54873000,38.3790016174316
"2020-03-05",38.0999984741211,39.1399993896484,36.8639984130859,37.2779998779297,87470000,37.2779998779297
"2020-03-06",36.7700004577637,37.1310005187988,35.685001373291,36.8969993591309,81472000,36.8969993591309
"2020-03-09",34.3860015869141,35.7470016479492,34.1720008850098,34.648998260498,74055000,34.648998260498
"2020-03-10",35.6430015563965,36.4539985656738,34.7849998474121,36.4129981994629,76044000,36.4129981994629
"2020-03-11",35.8919982910156,36.2980003356934,34.4790000915527,34.992000579834,60360000,34.992000579834
"2020-03-12",32.6500015258789,33.5719985961914,30.7320003509521,31.5249996185303,120716000,31.5249996185303
"2020-03-13",33.0509986877441,33.6419982910156,30.7390003204346,33.6300010681152,94582000,33.6300010681152
"2020-03-16",30.6630001068115,33.435001373291,29.4750003814697,29.8840007781982,105599000,29.8840007781982
"2020-03-17",30.6189994812012,32.2900009155273,29.0249996185303,31.9750003814697,100139000,31.9750003814697
"2020-03-18",30.2399997711182,33.1580009460449,30,31.5470008850098,125936000,31.5470008850098
"2020-03-19",32.4329986572266,34.851001739502,31.681999206543,33.2029991149902,106160000,33.2029991149902
"2020-03-20",34.2309989929199,35.048999786377,33.2000007629395,33.2830009460449,108538000,33.2830009460449
"2020-03-23",34.7890014648438,36.6110000610352,34.0880012512207,36.0270004272461,134494000,36.0270004272461
"2020-03-24",36.9990005493164,37.2929992675781,35.3030014038086,35.7319984436035,116387000,35.7319984436035
"2020-03-25",36.1020011901855,36.2000007629395,33.9169998168945,34.2389984130859,87672000,34.2389984130859
"2020-03-26",34.4000015258789,36.3839988708496,34.1730003356934,36.298999786377,72296000,36.298999786377
"2020-03-27",35.9090003967285,36.8559989929199,35.2999992370605,35.7120018005371,79488000,35.7120018005371
"2020-03-30",36.2999992370605,37.7799987792969,36.117000579834,37.0960006713867,86220000,37.0960006713867
"2020-03-31",36.7929992675781,38.3009986877441,36.6440010070801,37.5499992370605,93665000,37.5499992370605
"2020-04-01",37.6049995422363,38.0229988098145,36.1020011901855,36.4080009460449,66725000,36.4080009460449
"2020-04-02",36.4080009460449,37.0989990234375,36.0060005187988,37.007999420166,45925000,37.007999420166
"2020-04-03",36.7470016479492,37.0900001525879,35.7509994506836,36.1759986877441,48608000,36.1759986877441
"2020-04-06",36.5219993591309,38.0289993286133,36.1710014343262,37.9959983825684,81839000,37.9959983825684
"2020-04-07",38,38.132999420166,36.9339981079102,37.2280006408691,70464000,37.2280006408691
"2020-04-08",37.4010009765625,37.8390007019043,36.8310012817383,37.1119995117188,69089000,37.1119995117188
"2020-04-09",37.1059989929199,37.2099990844727,36.3030014038086,37.0719985961914,77113000,37.0719985961914
"2020-04-13",37.1310005187988,40.0509986877441,36.7700004577637,39.6720008850098,116929000,39.6720008850098
"2020-04-14",39.75,41.7820014953613,39.4850006103516,41.3549995422363,115810000,41.3549995422363
"2020-04-15",41.2999992370605,43.4980010986328,41.2249984741211,42.6749992370605,135612000,42.6749992370605
"2020-04-16",43.7000007629395,44.9519996643066,43.1609992980957,43.9169998168945,161287000,43.9169998168945
"2020-04-17",43.0999984741211,43.2000007629395,41.4700012207031,42.2960014343262,126163000,42.2960014343262
"2020-04-20",43.5169982910156,44.4490013122559,43.0559997558594,43.7490005493164,126558000,43.7490005493164
"2020-04-21",44.4770011901855,44.7000007629395,42.560001373291,43.382999420166,231776000,43.382999420166
"2020-04-22",42.9729995727539,43.2999992370605,41.2999992370605,42.1419982910156,210848000,42.1419982910156
"2020-04-23",41.9259986877441,43.8409996032715,41.9259986877441,42.6699981689453,139523000,42.6699981689453
"2020-04-24",42.5,42.7169990539551,41.5880012512207,42.4990005493164,86589000,42.4990005493164
"2020-04-27",42.5,42.9000015258789,42.0839996337891,42.1380004882812,62775000,42.1380004882812
"2020-04-28",41.9990005493164,42.0999984741211,40.2910003662109,40.382999420166,101012000,40.382999420166
"2020-04-29",39.9529991149902,41.5859985351562,39.3600006103516,41.1889991760254,96931000,41.1889991760254
"2020-04-30",41.0309982299805,42.4440002441406,40.7999992370605,41.9850006103516,79540000,41.9850006103516
"2020-05-01",41.5099983215332,42.7970008850098,41.1730003356934,41.5270004272461,82999000,41.5270004272461
"2020-05-04",41.7779998779297,42.8540000915527,41.4869995117188,42.814998626709,77991000,42.814998626709
"2020-05-05",42.7560005187988,43.0999984741211,42.1559982299805,42.4679985046387,62863000,42.4679985046387
"2020-05-06",42.9300003051758,43.9770011901855,42.6389999389648,43.4259986877441,66607000,43.4259986877441
"2020-05-07",43.6889991760254,43.8880004882812,43.0660018920898,43.6529998779297,56419000,43.6529998779297
"2020-05-08",43.4140014648438,44.2000007629395,43.3639984130859,43.5550003051758,50493000,43.5550003051758
"2020-05-11",43.632999420166,44.4889984130859,43.5559997558594,44.0519981384277,54860000,44.0519981384277
"2020-05-12",44.2000007629395,44.4169998168945,43.1360015869141,43.181999206543,45982000,43.181999206543
"2020-05-13",43.5690002441406,44.7000007629395,42.7270011901855,43.8269996643066,70146000,43.8269996643066
"2020-05-14",44.4900016784668,45.2379989624023,43.2820014953613,44.1949996948242,90075000,44.1949996948242
"2020-05-15",44.0699996948242,45.5,43.7509994506836,45.4189987182617,72440000,45.4189987182617
"2020-05-18",45.1160011291504,45.6360015869141,44.3349990844727,45.257999420166,77735000,45.257999420166
"2020-05-19",45.3400001525879,45.8969993591309,45.0470008850098,45.1040000915527,48105000,45.1040000915527
"2020-05-20",45.4249992370605,45.5810012817383,44.4000015258789,44.7669982910156,56073000,44.7669982910156
"2020-05-21",44.8559989929199,44.8959999084473,43.0250015258789,43.625,91173000,43.625
"2020-05-22",43.7000007629395,43.9090003967285,42.7179985046387,42.931999206543,54223000,42.931999206543
"2020-05-26",42.7770004272461,42.8499984741211,41.3139991760254,41.4770011901855,78811000,41.4770011901855
"2020-05-27",41.0379981994629,42.0019989013672,39.7859992980957,41.9889984130859,104463000,41.9889984130859
"2020-05-28",41.7239990234375,42.2369995117188,41.1500015258789,41.3440017700195,56551000,41.3440017700195
"2020-05-29",41.7459983825684,42.0299987792969,41.185001373291,41.9729995727539,52549000,41.9729995727539
"2020-06-01",41.882999420166,42.6720008850098,41.5979995727539,42.5919990539551,37437000,42.5919990539551
"2020-06-02",42.5870018005371,42.7589988708496,41.9459991455078,42.7309989929199,34948000,42.7309989929199
"2020-06-03",42.6949996948242,42.7099990844727,41.8050003051758,42.1969985961914,43160000,42.1969985961914
"2020-06-04",42.2389984130859,42.8709983825684,41.0029983520508,41.4329986572266,54105000,41.4329986572266
"2020-06-05",40.7290000915527,42.023998260498,40.4249992370605,41.9599990844727,50996000,41.9599990844727
"2020-06-08",41.5999984741211,42.0800018310547,40.6500015258789,41.9490013122559,58515000,41.9490013122559
"2020-06-09",42.1650009155273,43.4729995727539,42.0309982299805,43.4049987792969,67970000,43.4049987792969
"2020-06-10",43.5999984741211,43.9690017700195,43.0550003051758,43.4480018615723,48969000,43.4480018615723
"2020-06-11",42.8199996948242,44.556999206543,42.4160003662109,42.5559997558594,74629000,42.5559997558594
"2020-06-12",42.9000015258789,43.4059982299805,41.2449989318848,41.806999206543,64611000,41.806999206543
"2020-06-15",42.1399993896484,42.648998260498,41.5419998168945,42.5499992370605,44679000,42.5499992370605
"2020-06-16",42.576000213623,43.7960014343262,42.5180015563965,43.6129989624023,55079000,43.6129989624023
"2020-06-17",44.181999206543,45.0460014343262,43.9220008850098,44.7770004272461,65296000,44.7770004272461
"2020-06-18",44.8730010986328,45.2760009765625,44.2799987792969,44.9869995117188,42776000,44.9869995117188
"2020-06-19",44.9119987487793,45.3969993591309,44.560001373291,45.3720016479492,59345000,45.3720016479492
"2020-06-22",45.5009994506836,46.859001159668,45.4210014343262,46.8040008544922,62721000,46.8040008544922
"2020-06-23",46.6500015258789,47.4010009765625,46.4500007629395,46.6259994506836,59484000,46.6259994506836
"2020-06-24",46.8540000915527,47.2360000610352,45.4000015258789,45.7849998474121,48262000,45.7849998474121
"2020-06-25",45.8860015869141,46.701000213623,45.4000015258789,46.5909996032715,41345000,46.5909996032715
"2020-06-26",46.6389999389648,46.8030014038086,44.2239990234375,44.3400001525879,68047000,44.3400001525879
"2020-06-29",44.5229988098145,44.7669982910156,43.2140007019043,44.7239990234375,48440000,44.7239990234375
"2020-06-30",45.0019989013672,45.7589988708496,44.7000007629395,45.5040016174316,41985000,45.5040016174316
"2020-07-01",45.4000015258789,48.8230018615723,45.4000015258789,48.5639991760254,97059000,48.5639991760254
"2020-07-02",48.5639991760254,49.2280006408691,47.5530014038086,47.6889991760254,63515000,47.6889991760254
"2020-07-06",48.0769996643066,49.9500007629395,47.9799995422363,49.3810005187988,78390000,49.3810005187988
"2020-07-07",49.7309989929199,50.4819984436035,49.0830001831055,49.3160018920898,56699000,49.3160018920898
"2020-07-08",49.8580017089844,50.5099983215332,49.3810005187988,50.2779998779297,56917000,50.2779998779297
"2020-07-09",50.8400001525879,51,49.5779991149902,50.7760009765625,58405000,50.7760009765625
"2020-07-10",51.9729995727539,55.5880012512207,51.1279983520508,54.8730010986328,216056000,54.8730010986328
"2020-07-13",56.7980003356934,57.5369987487793,52.0960006713867,52.5499992370605,183990000,52.5499992370605
"2020-07-14",51.7080001831055,52.5499992370605,49.048999786377,52.4879989624023,150833000,52.4879989624023
"2020-07-15",51.6300010681152,52.9000015258789,51.0180015563965,52.326000213623,100667000,52.326000213623
"2020-07-16",52.6479988098145,53.5540008544922,50.4360008239746,52.7389984130859,244990000,52.7389984130859
"2020-07-17",49.4869995117188,50.359001159668,48.4140014648438,49.298999786377,249914000,49.298999786377
"2020-07-20",48.9140014648438,50.4500007629395,48.4199981689453,50.2410011291504,119403000,50.2410011291504
"2020-07-21",50.5999984741211,50.6220016479492,48.8610000610352,49.0099983215332,91137000,49.0099983215332
"2020-07-22",49.2190017700195,49.7200012207031,48.7200012207031,48.9819984436035,69541000,48.9819984436035
"2020-07-23",49.1129989624023,49.189998626709,47.2019996643066,47.757999420166,77220000,47.757999420166
"2020-07-24",46.8769989013672,48.7169990539551,46.7540016174316,48.0449981689453,77462000,48.0449981689453
"2020-07-27",48.451000213623,49.6920013427734,48.2309989929199,49.564998626709,78631000,49.564998626709
"2020-07-28",49.6020011901855,49.7789993286133,48.7760009765625,48.851001739502,59867000,48.851001739502
"2020-07-29",49.2249984741211,49.492000579834,48.4129981994629,48.4480018615723,66118000,48.4480018615723
"2020-07-30",48.0709991455078,48.8349990844727,47.7509994506836,48.5800018310547,66086000,48.5800018310547
"2020-07-31",48.8289985656738,49.4799995422363,48.4500007629395,48.8880004882812,59163000,48.8880004882812
"2020-08-03",49.0859985351562,50.3089981079102,49.0229988098145,49.8619995117188,58731000,49.8619995117188
"2020-08-04",49.8650016784668,51.0439987182617,49.8650016784668,50.9640007019043,56080000,50.9640007019043
"2020-08-05",50.8680000305176,51.0099983215332,50.1199989318848,50.2109985351562,43082000,50.2109985351562
"2020-08-06",50.4109992980957,51.0820007324219,49.8699989318848,50.9080009460449,37259000,50.9080009460449
"2020-08-07",50.5449981689453,50.8289985656738,48.6679992675781,49.4729995727539,59103000,49.4729995727539
"2020-08-10",49.3349990844727,49.7459983825684,47.8629989624023,48.3380012512207,46912000,48.3380012512207
"2020-08-11",47.9749984741211,48.0919990539551,46.6549987792969,46.693000793457,73292000,46.693000793457
"2020-08-12",47.1339988708496,48.2490005493164,47.0180015563965,47.5470008850098,54392000,47.5470008850098
"2020-08-13",47.8400001525879,48.4449996948242,47.6450004577637,48.132999420166,30089000,48.132999420166
"2020-08-14",48.2820014953613,48.8330001831055,48.0209999084473,48.2680015563965,29435000,48.2680015563965
"2020-08-17",48.4189987182617,48.6240005493164,47.9099998474121,48.2350006103516,24235000,48.2350006103516
"2020-08-18",48.435001373291,49.5299987792969,48.2799987792969,49.1870002746582,35055000,49.1870002746582
"2020-08-19",49.3930015563965,49.4500007629395,48.3499984741211,48.4529991149902,31562000,48.4529991149902
"2020-08-20",48.4690017700195,49.8940010070801,48.3889999389648,49.7900009155273,51325000,49.7900009155273
"2020-08-21",49.6459999084473,49.8129997253418,49,49.2309989929199,39213000,49.2309989929199
"2020-08-24",49.5439987182617,50.0999984741211,48.3160018920898,48.8810005187988,47622000,48.8810005187988
"2020-08-25",48.8190002441406,49.2470016479492,48.5089988708496,49.0579986572266,57277000,49.0579986572266
"2020-08-26",49.25,54.9039993286133,49.2080001831055,54.7529983520508,203737000,54.7529983520508
"2020-08-27",53.7779998779297,54.0999984741211,52.125,52.6269989013672,90629000,52.6269989013672
"2020-08-28",53.2000007629395,53.9000015258789,52.2000007629395,52.3889999389648,44175000,52.3889999389648
"2020-08-31",52.1160011291504,53.1990013122559,51.757999420166,52.9560012817383,49414000,52.9560012817383
"2020-09-01",53.2599983215332,55.7389984130859,53.2449989318848,55.6549987792969,95727000,55.6549987792969
"2020-09-02",55.3779983520508,55.6500015258789,53.7369995117188,55.2840003967285,58869000,55.2840003967285
"2020-09-03",54.5,55.4000015258789,52.1319999694824,52.5750007629395,90711000,52.5750007629395
"2020-09-04",52.0180015563965,52.7360000610352,48.5979995727539,51.6049995422363,82701000,51.6049995422363
"2020-09-08",49.8400001525879,52.2000007629395,49.5,50.7019996643066,55727000,50.7019996643066
"2020-09-09",51.9210014343262,52,49.2569999694824,50.0190010070801,68481000,50.0190010070801
"2020-09-10",50.3349990844727,50.6290016174316,47.8839988708496,48.0670013427734,62402000,48.0670013427734
"2020-09-11",48.648998260498,49.3730010986328,47.6809997558594,48.2029991149902,50352000,48.2029991149902
"2020-09-14",48.0620002746582,48.898998260498,47.1300010681152,47.6259994506836,73591000,47.6259994506836
"2020-09-15",48.4000015258789,49.7470016479492,48.1629981994629,49.5989990234375,53370000,49.5989990234375
"2020-09-16",49.9990005493164,50.4659996032715,48.3310012817383,48.3860015869141,43949000,48.3860015869141
"2020-09-17",47.515998840332,47.8400001525879,46.3269996643066,47.0200004577637,53793000,47.0200004577637
"2020-09-18",47.2509994506836,47.939998626709,45.8600006103516,46.9959983825684,67177000,46.9959983825684
"2020-09-21",46.7690010070801,48.7779998779297,46.6319999694824,48.7350006103516,54575000,48.7350006103516
"2020-09-22",48.9010009765625,49.181999206543,47.9259986877441,49.117000579834,34823000,49.117000579834
"2020-09-23",49.1040000915527,49.1040000915527,46.9000015258789,47.0610008239746,37264000,47.0610008239746
"2020-09-24",47.0530014038086,47.7000007629395,46.7820014953613,47.3079986572266,37272000,47.3079986572266
"2020-09-25",47.4389991760254,48.4869995117188,46.8030014038086,48.2879981994629,37694000,48.2879981994629
"2020-09-28",48.9109992980957,49.2000007629395,47.7879981994629,49.064998626709,47735000,49.064998626709
"2020-09-29",48.9500007629395,49.6290016174316,48.6529998779297,49.3479995727539,35415000,49.3479995727539
"2020-09-30",49.2569999694824,50.4630012512207,48.9269981384277,50.0029983520508,46341000,50.0029983520508
"2020-10-01",50.6030006408691,52.9550018310547,50.3600006103516,52.7509994506836,81537000,52.7509994506836
"2020-10-02",51.6430015563965,52.6370010375977,50.2700004577637,50.3059997558594,60712000,50.3059997558594
"2020-10-05",50.6800003051758,52.0989990234375,50.1699981689453,52.064998626709,40881000,52.064998626709
"2020-10-06",51.8720016479492,52.181999206543,50.4160003662109,50.5870018005371,41990000,50.5870018005371
"2020-10-07",51.7999992370605,53.648998260498,51.5820007324219,53.4659996032715,79887000,53.4659996032715
"2020-10-08",53.3479995727539,53.5,52.4150009155273,53.1790008544922,53865000,53.1790008544922
"2020-10-09",53.7830009460449,54.4280014038086,53.5,53.9440002441406,47813000,53.9440002441406
"2020-10-12",54.8810005187988,55.1809997558594,53.8240013122559,53.9809989929199,53911000,53.9809989929199
"2020-10-13",54.0559997558594,55.7649993896484,53.7200012207031,55.4090003967285,56025000,55.4090003967285
"2020-10-14",56.2610015869141,57.2490005493164,54.0999984741211,54.1450004577637,94990000,54.1450004577637
"2020-10-15",54.5519981384277,55.1220016479492,53.5099983215332,54.1940002441406,51131000,54.1940002441406
"2020-10-16",54.9500007629395,55.4329986572266,53.0029983520508,53.0789985656738,63474000,53.0789985656738
"2020-10-19",53.7070007324219,54.1800003051758,52.5379981994629,53.0719985961914,75675000,53.0719985961914
"2020-10-20",52.8139991760254,53.3779983520508,52.226001739502,52.5419998168945,100472000,52.5419998168945
"2020-10-21",50.1030006408691,50.685001373291,48.8250007629395,48.9049987792969,174057000,48.9049987792969
"2020-10-22",49.4690017700195,49.5139999389648,48.2000007629395,48.5229988098145,69979000,48.5229988098145
"2020-10-23",48.8110008239746,49.0060005187988,48.1349983215332,48.8279991149902,49279000,48.8279991149902
"2020-10-26",48.7029991149902,49.681999206543,47.8899993896484,48.8240013122559,61861000,48.8240013122559
"2020-10-27",49.0009994506836,49.048999786377,48.2929992675781,48.8930015563965,36272000,48.8930015563965
"2020-10-28",48.6360015869141,49.4000015258789,48.3279991149902,48.6240005493164,59927000,48.6240005493164
"2020-10-29",48.8499984741211,51.3899993896484,47.9339981079102,50.4210014343262,111207000,50.4210014343262
"2020-10-30",50.201000213623,50.5880012512207,47.2210006713867,47.5740013122559,78079000,47.5740013122559
"2020-11-02",47.8870010375977,48.6300010681152,47.5,48.4119987487793,44082000,48.4119987487793
"2020-11-03",48.4930000305176,49.5309982299805,47.8759994506836,48.7220001220703,36902000,48.7220001220703
"2020-11-04",49.5359992980957,50.7729988098145,49.3979988098145,49.6949996948242,51373000,49.6949996948242
"2020-11-05",50.6559982299805,51.8730010986328,50.3450012207031,51.3759994506836,53728000,51.3759994506836
"2020-11-06",51.5,51.5209999084473,50.2509994506836,51.4729995727539,42363000,51.4729995727539
"2020-11-09",48.5540008544922,49.5849990844727,46.726001739502,47.0499992370605,104197000,47.0499992370605
"2020-11-10",47.0950012207031,48.4599990844727,46.3409996032715,48.023998260498,83061000,48.023998260498
"2020-11-11",48.2999992370605,49.1679992675781,47.826000213623,49.076000213623,54605000,49.076000213623
"2020-11-12",49.0999984741211,49.6520004272461,48.0429992675781,48.6769981384277,50637000,48.6769981384277
"2020-11-13",48.6769981384277,48.8940010070801,47.7799987792969,48.2840003967285,30027000,48.2840003967285
"2020-11-16",48,48.5579986572266,47.7299995422363,47.9099998474121,39536000,47.9099998474121
"2020-11-17",48.0120010375977,48.7509994506836,47.8849983215332,48.0629997253418,36981000,48.0629997253418
"2020-11-18",48.1949996948242,48.8610000610352,47.7719993591309,48.1790008544922,36292000,48.1790008544922
"2020-11-19",48.2000007629395,48.7799987792969,48.0470008850098,48.4669990539551,22547000,48.4669990539551
"2020-11-20",48.5219993591309,49.476001739502,48.1570014953613,48.8240013122559,42534000,48.8240013122559
"2020-11-23",49.0460014343262,49.1150016784668,47.5839996337891,47.6619987487793,54166000,47.6619987487793
"2020-11-24",47.8839988708496,48.4049987792969,47.5890007019043,48.2879981994629,35505000,48.2879981994629
"2020-11-25",48.5130004882812,48.689998626709,47.8919982910156,48.5,35986000,48.5
"2020-11-27",48.6580009460449,49.3250007629395,48.185001373291,49.1360015869141,28058000,49.1360015869141
"2020-11-30",49.007999420166,49.2550010681152,48.1269989013672,49.0699996948242,35309000,49.0699996948242
"2020-12-01",49.234001159668,50.9469985961914,49.1980018615723,50.4580001831055,50527000,50.4580001831055
"2020-12-02",50.1619987487793,50.6800003051758,49.3499984741211,50.3380012512207,30284000,50.3380012512207
"2020-12-03",50.298999786377,50.8769989013672,49.6040000915527,49.7519989013672,28261000,49.7519989013672
"2020-12-04",49.75,50.4500007629395,49.3639984130859,49.8310012817383,36662000,49.8310012817383
"2020-12-07",50.0009994506836,51.7760009765625,49.7770004272461,51.5779991149902,42893000,51.5779991149902
"2020-12-08",51.7900009155273,52.148998260498,50.5550003051758,51.265998840332,42290000,51.265998840332
"2020-12-09",51.0530014038086,51.4500007629395,49.1290016174316,49.3600006103516,41788000,49.3600006103516
"2020-12-10",49.4560012817383,50.3769989013672,49.2910003662109,50.109001159668,30182000,50.109001159668
"2020-12-11",49.5,50.3339996337891,49.4850006103516,50.3219985961914,32109000,50.3219985961914
"2020-12-14",50.5439987182617,52.4160003662109,50.1180000305176,52.242000579834,57704000,52.242000579834
"2020-12-15",51.8499984741211,52.4700012207031,51.3559989929199,51.9780006408691,33949000,51.9780006408691
"2020-12-16",52.0110015869141,52.7379989624023,51.7690010070801,52.4830017089844,36824000,52.4830017089844
"2020-12-17",52.9000015258789,53.548999786377,52.6440010070801,53.2900009155273,31934000,53.2900009155273
"2020-12-18",53.3199996948242,53.6370010375977,52.6020011901855,53.4449996948242,45027000,53.4449996948242
"2020-12-21",53.0050010681152,53.2620010375977,52.1150016784668,52.890998840332,38940000,52.890998840332
"2020-12-22",52.7690010070801,53.0400009155273,52.0499992370605,52.7330017089844,19066000,52.7330017089844
"2020-12-23",52.476001739502,52.6319999694824,51.4199981689453,51.4480018615723,23932000,51.4480018615723
"2020-12-24",51.5120010375977,51.935001373291,51.2210006713867,51.3969993591309,11440000,51.3969993591309
"2020-12-28",51.6430015563965,52.3660011291504,50.7130012512207,51.9119987487793,28919000,51.9119987487793
"2020-12-29",51.9900016784668,53.6549987792969,51.5480003356934,53.0870018005371,40224000,53.0870018005371
"2020-12-30",53.0130004882812,53.326000213623,52.3689994812012,52.4589996337891,18763000,52.4589996337891
"2020-12-31",52.5530014038086,54.5499992370605,52.314998626709,54.0730018615723,53923000,54.0730018615723
"2021-01-04",53.9000015258789,54.0800018310547,51.5089988708496,52.2859992980957,44444000,52.2859992980957
"2021-01-05",52.1549987792969,52.6780014038086,51.5890007019043,52.0800018310547,31339000,52.0800018310547
"2021-01-06",51.1969985961914,51.310001373291,49.9500007629395,50.048999786377,53462000,50.048999786377
"2021-01-07",50.8279991149902,51.6440010070801,50.6419982910156,50.8889999389648,36864000,50.8889999389648
"2021-01-08",51.1310005187988,51.3240013122559,50.451000213623,51.0400009155273,29739000,51.0400009155273
"2021-01-11",50.7840003967285,51.0730018615723,49.7949981689453,49.9099998474121,38062000,49.9099998474121
"2021-01-12",50,50.109001159668,48.5670013427734,49.4249992370605,59904000,49.4249992370605
"2021-01-13",49.5499992370605,51.2350006103516,49.3009986877441,50.7789993286133,50321000,50.7789993286133
"2021-01-14",50.7350006103516,51.4500007629395,49.9580001831055,50.0859985351562,41774000,50.0859985351562
"2021-01-15",50,50.6319999694824,49.5099983215332,49.7980003356934,58958000,49.7980003356934
"2021-01-19",50.0999984741211,50.9249992370605,49.3540000915527,50.1769981384277,123158000,50.1769981384277
"2021-01-20",56.5419998168945,59.3289985656738,55.6860008239746,58.6339988708496,326375000,58.6339988708496
"2021-01-21",58.2449989318848,58.875,57.0400009155273,57.984001159668,118021000,57.984001159668
"2021-01-22",58.2099990844727,58.398998260498,56.435001373291,56.5169982910156,75508000,56.5169982910156
"2021-01-25",56.7000007629395,56.9749984741211,54.8650016784668,55.6780014038086,72073000,55.6780014038086
"2021-01-26",55.4729995727539,56.798999786377,55.4059982299805,56.193000793457,50238000,56.193000793457
"2021-01-27",55.0709991455078,55.6419982910156,51.5730018615723,52.3279991149902,86703000,52.3279991149902
"2021-01-28",53.5880012512207,55.314998626709,53.0740013122559,53.8600006103516,59690000,53.8600006103516
"2021-01-29",53.7999992370605,54.0999984741211,53.0180015563965,53.2389984130859,43253000,53.2389984130859
"2021-02-01",53.6790008544922,54.5060005187988,53.1730003356934,53.9039993286133,35475000,53.9039993286133
"2021-02-02",54.201000213623,55.5480003356934,53.8930015563965,54.8160018920898,37676000,54.8160018920898
"2021-02-03",55.0169982910156,55.0480003356934,53.8240013122559,53.9449996948242,31723000,53.9449996948242
"2021-02-04",53.9809989929199,55.9480018615723,53.7509994506836,55.2159996032715,51645000,55.2159996032715
"2021-02-05",55.226001739502,55.4440002441406,54.5480003356934,55.0789985656738,23762000,55.0789985656738
"2021-02-08",55.5,55.5,54.3699989318848,54.7919998168945,27917000,54.7919998168945
"2021-02-09",54.5999984741211,56.5999984741211,54.2999992370605,55.9070014953613,37035000,55.9070014953613
"2021-02-10",56.25,56.6650009155273,55.3460006713867,56.359001159668,39913000,56.359001159668
"2021-02-11",56.4440002441406,56.5929985046387,55.4220008850098,55.7589988708496,27306000,55.7589988708496
"2021-02-12",55.6940002441406,56.125,55.0849990844727,55.6520004272461,21971000,55.6520004272461
"2021-02-16",55.7290000915527,56.3629989624023,55.2729988098145,55.7280006408691,26241000,55.7280006408691
"2021-02-17",55.0989990234375,55.5250015258789,54.3030014038086,55.1339988708496,20696000,55.1339988708496
"2021-02-18",54.9000015258789,55,53.8230018615723,54.8219985961914,24562000,54.8219985961914
"2021-02-19",54.7999992370605,54.898998260498,53.8810005187988,54.0219993591309,28415000,54.0219993591309
"2021-02-22",53.4990005493164,54.1790008544922,53.0789985656738,53.3779983520508,30786000,53.3779983520508
"2021-02-23",52.5,54.8540000915527,51.8279991149902,54.6150016784668,41365000,54.6150016784668
"2021-02-24",53.9799995422363,55.685001373291,53.9070014953613,55.3409996032715,32450000,55.3409996032715
"2021-02-25",55.0270004272461,55.6479988098145,53.5750007629395,54.6699981689453,42529000,54.6699981689453
"2021-02-26",54.6510009765625,55.3089981079102,53.7999992370605,53.8849983215332,37556000,53.8849983215332
"2021-03-01",54.556999206543,55.2140007019043,54.2000007629395,55.0639991760254,30414000,55.0639991760254
"2021-03-02",55.3339996337891,55.6990013122559,54.6020011901855,54.7820014953613,30422000,54.7820014953613
"2021-03-03",54.5929985046387,54.8009986877441,51.7809982299805,52.0699996948242,53624000,52.0699996948242
"2021-03-04",52.1500015258789,53.1500015258789,50.7680015563965,51.1290016174316,50348000,51.1290016174316
"2021-03-05",51.1980018615723,51.7760009765625,49.8790016174316,51.6389999389648,50700000,51.6389999389648
"2021-03-08",51.4459991455078,51.8839988708496,49.2849998474121,49.3330001831055,39818000,49.3330001831055
"2021-03-09",50.7309989929199,51.3110008239746,50.3819999694824,50.6440010070801,34700000,50.6440010070801
"2021-03-10",51.3499984741211,51.8969993591309,50.4249992370605,50.4539985656738,37715000,50.4539985656738
"2021-03-11",51.2200012207031,53.023998260498,51.0709991455078,52.3059997558594,47145000,52.3059997558594
"2021-03-12",51.25,52.6510009765625,50.6590003967285,51.8019981384277,39817000,51.8019981384277
"2021-03-15",51.6319999694824,52.0730018615723,50.8030014038086,52.0250015258789,34843000,52.0250015258789
"2021-03-16",52.4469985961914,53.3419990539551,52.3209991455078,52.4029998779297,32389000,52.4029998779297
"2021-03-17",52.2000007629395,52.8370018005371,51.4300003051758,52.4440002441406,28174000,52.4440002441406
"2021-03-18",51.6399993896484,51.7900009155273,50.3849983215332,50.4790000915527,40945000,50.4790000915527
"2021-03-19",50.4959983825684,51.3190002441406,50.1629981994629,51.2179985046387,43864000,51.2179985046387
"2021-03-22",50.9129981994629,52.9309997558594,50.9129981994629,52.3110008239746,33606000,52.3110008239746
"2021-03-23",52.9869995117188,54.3120002746582,52.939998626709,53.5089988708496,55835000,53.5089988708496
"2021-03-24",53.3779983520508,53.4420013427734,52,52.0810012817383,41022000,52.0810012817383
"2021-03-25",51.6990013122559,51.8530006408691,49.7000007629395,50.2859992980957,49268000,50.2859992980957
"2021-03-26",50.2820014953613,50.8720016479492,49.6679992675781,50.8050003051758,34678000,50.8050003051758
"2021-03-29",50.5660018920898,51.7999992370605,50.439998626709,51.3950004577637,33300000,51.3950004577637
"2021-03-30",51.0509986877441,51.4410018920898,50.6910018920898,51.3390007019043,24181000,51.3390007019043
"2021-03-31",51.5670013427734,52.8129997253418,51.5439987182617,52.1660003662109,35031000,52.1660003662109
"2021-04-01",52.9930000305176,54.0499992370605,52.7029991149902,53.9420013427734,39386000,53.9420013427734
"2021-04-05",54.0009994506836,54.2849998474121,52.9230003356934,54.0670013427734,33559000,54.0670013427734
"2021-04-06",54.4809989929199,55.4169998168945,54.3300018310547,54.4529991149902,34742000,54.4529991149902
"2021-04-07",54.3499984741211,54.9640007019043,54.1450004577637,54.6990013122559,21513000,54.6990013122559
"2021-04-08",55.1129989624023,55.689998626709,54.7569999694824,55.4580001831055,43098000,55.4580001831055
"2021-04-09",55.2690010070801,55.689998626709,54.7109985351562,55.5309982299805,28940000,55.5309982299805
"2021-04-12",55.1049995422363,55.7980003356934,54.9580001831055,55.2779998779297,29441000,55.2779998779297
"2021-04-13",55.7000007629395,55.9749984741211,55.0299987792969,55.3730010986328,27203000,55.3730010986328
"2021-04-14",55.4869995117188,55.4869995117188,53.8530006408691,54.0019989013672,37403000,54.0019989013672
"2021-04-15",54.4169998168945,55.3489990234375,54.265998840332,54.9220008850098,31391000,54.9220008850098
"2021-04-16",55.0540008544922,55.1980018615723,53.951000213623,54.6539993286133,32091000,54.6539993286133
"2021-04-19",54.689998626709,55.6440010070801,54.5530014038086,55.4440002441406,42887000,55.4440002441406
"2021-04-20",55.4420013427734,56.3559989929199,54.6300010681152,54.9570007324219,112576000,54.9570007324219
"2021-04-21",50.7999992370605,51.5460014343262,50.3600006103516,50.8899993896484,228974000,50.8899993896484
"2021-04-22",51.3819999694824,51.3959999084473,50.0550003051758,50.8779983520508,90611000,50.8779983520508
"2021-04-23",50.9010009765625,50.9700012207031,50.0699996948242,50.5550003051758,73077000,50.5550003051758
"2021-04-26",50.6759986877441,51.0480003356934,50.2999992370605,51.0299987792969,43888000,51.0299987792969
"2021-04-27",51.2620010375977,51.298999786377,50.4580001831055,50.5550003051758,37613000,50.5550003051758
"2021-04-28",50.5200004577637,50.8400001525879,50.3339996337891,50.6520004272461,31930000,50.6520004272461
"2021-04-29",50.7599983215332,50.9290008544922,49.9000015258789,50.9000015258789,51278000,50.9000015258789
"2021-04-30",50.5,51.4550018310547,50.5,51.3470001220703,44132000,51.3470001220703
"2021-05-03",51.2649993896484,51.8950004577637,50.5200004577637,50.9109992980957,40919000,50.9109992980957
"2021-05-04",51.0779991149902,51.1629981994629,49.6790008544922,50.318000793457,43495000,50.318000793457
"2021-05-05",50.4990005493164,50.7779998779297,49.4630012512207,49.6080017089844,31294000,49.6080017089844
"2021-05-06",49.5989990234375,49.9550018310547,49.1370010375977,49.9550018310547,37837000,49.9550018310547
"2021-05-07",50.4620018005371,50.8549995422363,50.1119995117188,50.3839988708496,31328000,50.3839988708496
"2021-05-10",50.2000007629395,50.314998626709,48.6110000610352,48.6689987182617,51316000,48.6689987182617
"2021-05-11",47.9749984741211,49.798999786377,47.8629989624023,49.507999420166,44010000,49.507999420166
"2021-05-12",48.6829986572266,49.3540000915527,48.2700004577637,48.4980010986328,41215000,48.4980010986328
"2021-05-13",48.9129981994629,49.0779991149902,48.2709999084473,48.6660003662109,27125000,48.6660003662109
"2021-05-14",48.7859992980957,49.4850006103516,48.6590003967285,49.3370018005371,28825000,49.3370018005371
"2021-05-17",48.5589981079102,49.2709999084473,48.2809982299805,48.8940010070801,27052000,48.8940010070801
"2021-05-18",48.8400001525879,49.3479995727539,48.6189994812012,48.6279983520508,23505000,48.6279983520508
"2021-05-19",48.1629981994629,48.8569984436035,47.8540000915527,48.7700004577637,33499000,48.7700004577637
"2021-05-20",48.9550018310547,50.2700004577637,48.8979988098145,50.1669998168945,37212000,50.1669998168945
"2021-05-21",50.3120002746582,50.5400009155273,49.726001739502,49.7890014648438,33229000,49.7890014648438
"2021-05-24",50.1049995422363,50.4249992370605,49.951000213623,50.2900009155273,24126000,50.2900009155273
"2021-05-25",50.5999984741211,50.6370010375977,49.9220008850098,50.1339988708496,26995000,50.1339988708496
"2021-05-26",50.234001159668,50.4140014648438,50.0499992370605,50.2360000610352,24653000,50.2360000610352
"2021-05-27",50.1800003051758,50.5099983215332,49.8540000915527,50.3860015869141,32538000,50.3860015869141
"2021-05-28",50.439998626709,51.1759986877441,50.2529983520508,50.2809982299805,29103000,50.2809982299805
"2021-06-01",50.4010009765625,50.5410003662109,49.773998260498,49.9080009460449,24826000,49.9080009460449
"2021-06-02",49.9819984436035,50.3219985961914,49.5820007324219,49.923999786377,22690000,49.923999786377
"2021-06-03",49.5190010070801,49.6660003662109,48.7249984741211,48.943000793457,38874000,48.943000793457
"2021-06-04",49.2000007629395,50.1860008239746,49.0950012207031,49.4739990234375,31605000,49.4739990234375
"2021-06-07",49.2919998168945,49.6699981689453,49.0550003051758,49.4659996032715,27919000,49.4659996032715
"2021-06-08",49.7000007629395,49.8819999694824,48.9370002746582,49.2389984130859,23740000,49.2389984130859
"2021-06-09",49.4500007629395,49.609001159668,48.4650001525879,48.5810012817383,30550000,48.5810012817383
"2021-06-10",48.7169990539551,49.0209999084473,48.2140007019043,48.7270011901855,43829000,48.7270011901855
"2021-06-11",49,49.140998840332,48.7779998779297,48.8769989013672,31240000,48.8769989013672
"2021-06-14",48.9679985046387,50.3499984741211,48.6910018920898,49.9889984130859,44002000,49.9889984130859
"2021-06-15",50.1230010986328,50.1230010986328,49.0400009155273,49.189998626709,31041000,49.189998626709
"2021-06-16",49.5,49.6459999084473,48.6279983520508,49.2410011291504,35332000,49.2410011291504
"2021-06-17",49.0250015258789,50.1800003051758,49.0149993896484,49.8339996337891,31983000,49.8339996337891
"2021-06-18",49.6399993896484,50.4490013122559,49.523998260498,50.0769996643066,51976000,50.0769996643066
"2021-06-21",50.1640014648438,50.2050018310547,49.2280006408691,49.7000007629395,52773000,49.7000007629395
"2021-06-22",49.8540000915527,51.3549995422363,49.5800018310547,50.8819999694824,58093000,50.8819999694824
"2021-06-23",50.8479995727539,51.6629981994629,50.8199996948242,51.273998260498,39448000,51.273998260498
"2021-06-24",51.7960014343262,52.0960006713867,51.439998626709,51.8059997558594,33612000,51.8059997558594
"2021-06-25",52.8839988708496,53.3059997558594,52.5,52.7070007324219,52991000,52.7070007324219
"2021-06-28",52.8120002746582,53.3940010070801,52.4560012817383,53.3030014038086,28202000,53.3030014038086
"2021-06-29",53.3549995422363,53.6129989624023,52.8569984436035,53.3499984741211,23146000,53.3499984741211
"2021-06-30",53.4059982299805,53.4379997253418,52.681999206543,52.8209991455078,27734000,52.8209991455078
"2021-07-01",52.5719985961914,53.7039985656738,52.5719985961914,53.3540000915527,28054000,53.3540000915527
"2021-07-02",53.5499992370605,53.8540000915527,52.9389991760254,53.3979988098145,19755000,53.3979988098145
"2021-07-06",53.2999992370605,54.2859992980957,53.2999992370605,54.1640014648438,27751000,54.1640014648438
"2021-07-07",54.423999786377,54.4640007019043,53.1660003662109,53.5960006713867,27225000,53.5960006713867
"2021-07-08",53.0929985046387,53.5499992370605,52.9090003967285,53.076000213623,32690000,53.076000213623
"2021-07-09",53.0999984741211,53.826000213623,52.8580017089844,53.5979995727539,27772000,53.5979995727539
"2021-07-12",54.0299987792969,54.064998626709,53.2919998168945,53.7309989929199,17807000,53.7309989929199
"2021-07-13",53.576000213623,54.5330009460449,53.576000213623,54.068000793457,27516000,54.068000793457
"2021-07-14",54.101001739502,55.4099998474121,54.101001739502,54.7949981689453,46595000,54.7949981689453
"2021-07-15",55.3969993591309,55.7540016174316,53.8199996948242,54.2949981689453,57139000,54.2949981689453
"2021-07-16",54.1809997558594,54.4059982299805,52.7050018310547,53.0309982299805,34421000,53.0309982299805
"2021-07-19",52.6049995422363,53.4910011291504,52.2239990234375,53.2280006408691,38858000,53.2280006408691
"2021-07-20",52.6069984436035,53.6640014648438,52.0299987792969,53.1049995422363,69304000,53.1049995422363
"2021-07-21",52.6129989624023,53.0989990234375,50.5610008239746,51.3629989624023,119068000,51.3629989624023
"2021-07-22",51.0209999084473,51.3680000305176,50.7000007629395,51.1769981384277,43281000,51.1769981384277
"2021-07-23",51.2159996032715,51.7410011291504,50.4659996032715,51.5410003662109,38205000,51.5410003662109
"2021-07-26",51.4379997253418,52.1129989624023,50.9010009765625,51.648998260498,22545000,51.648998260498
"2021-07-27",51.8079986572266,52.1949996948242,51.2050018310547,51.890998840332,27590000,51.890998840332
"2021-07-28",52.181999206543,52.4469985961914,51.6980018615723,51.9300003051758,23905000,51.9300003051758
"2021-07-29",51.9959983825684,52.0779991149902,51.3790016174316,51.4249992370605,17360000,51.4249992370605
"2021-07-30",51.2690010070801,51.9790000915527,51.0960006713867,51.7569999694824,25371000,51.7569999694824
"2021-08-02",51.9000015258789,51.9850006103516,51.0509986877441,51.5149993896484,20966000,51.5149993896484
"2021-08-03",51.4389991760254,51.5629997253418,50.5369987487793,51.0820007324219,25794000,51.0820007324219
"2021-08-04",51.2999992370605,51.7980003356934,51.0369987487793,51.7350006103516,20394000,51.7350006103516
"2021-08-05",51.7130012512207,52.5410003662109,51.4020004272461,52.4889984130859,25567000,52.4889984130859
"2021-08-06",52.4000015258789,52.6839981079102,51.9389991760254,52.0550003051758,19198000,52.0550003051758
"2021-08-09",52.1150016784668,52.2669982910156,51.798999786377,51.9970016479492,13678000,51.9970016479492
"2021-08-10",52,52.0789985656738,51.2970008850098,51.5839996337891,19605000,51.5839996337891
"2021-08-11",51.7000007629395,51.9570007324219,50.9770011901855,51.2400016784668,16739000,51.2400016784668
"2021-08-12",51.1860008239746,51.2999992370605,50.7200012207031,51.0719985961914,16857000,51.0719985961914
"2021-08-13",51.2639999389648,52.1440010070801,51.1510009765625,51.5919990539551,21777000,51.5919990539551
"2021-08-16",51.523998260498,52.3380012512207,51.2299995422363,51.7919998168945,20328000,51.7919998168945
"2021-08-17",51.5470008850098,52.0789985656738,51.4199981689453,51.890998840332,23098000,51.890998840332
"2021-08-18",52,52.6380004882812,51.8650016784668,52.1870002746582,25820000,52.1870002746582
"2021-08-19",52.273998260498,54.8390007019043,52.1870002746582,54.3709983825684,74973000,54.3709983825684
"2021-08-20",54.5089988708496,55.1389999389648,53.9099998474121,54.6879997253418,37764000,54.6879997253418
"2021-08-23",54.5979995727539,55.5550003051758,54.3740005493164,55.3330001831055,26020000,55.3330001831055
"2021-08-24",55.1479988098145,55.5309982299805,54.9269981384277,55.3409996032715,21095000,55.3409996032715
"2021-08-25",55.015998840332,55.2840003967285,54.5449981689453,54.757999420166,20656000,54.757999420166
"2021-08-26",54.6160011291504,55.2599983215332,54.5900001525879,55.0120010375977,15955000,55.0120010375977
"2021-08-27",55.1599998474121,56.4169998168945,54.9249992370605,55.8919982910156,32526000,55.8919982910156
"2021-08-30",55.7249984741211,56.7159996032715,55.6450004577637,56.6180000305176,24348000,56.6180000305176
"2021-08-31",56.6119995117188,56.9480018615723,56.1609992980957,56.9189987182617,24319000,56.9189987182617
"2021-09-01",56.9000015258789,59.0999984741211,56.9000015258789,58.2070007324219,56262000,58.2070007324219
"2021-09-02",58.3680000305176,59.8759994506836,58.3680000305176,58.8549995422363,61799000,58.8549995422363
"2021-09-03",58.5800018310547,59.1879997253418,58.3139991760254,59.0530014038086,26812000,59.0530014038086
"2021-09-07",59.4690017700195,61.3849983215332,59.398998260498,60.6710014343262,58214000,60.6710014343262
"2021-09-08",60.3839988708496,61.560001373291,59.5709991455078,60.6049995422363,54245000,60.6049995422363
"2021-09-09",60.6469993591309,60.9440002441406,59.6549987792969,59.7540016174316,29542000,59.7540016174316
"2021-09-10",59.8160018920898,60.9449996948242,59.367000579834,59.8720016479492,39508000,59.8720016479492
"2021-09-13",59.8569984436035,59.8569984436035,58.2779998779297,58.9290008544922,30629000,58.9290008544922
"2021-09-14",58.4889984130859,58.7280006408691,57.5559997558594,57.7760009765625,34570000,57.7760009765625
"2021-09-15",57.8170013427734,58.4620018005371,57.5369987487793,58.2869987487793,27556000,58.2869987487793
"2021-09-16",58.4300003051758,58.7480010986328,57.7719993591309,58.6500015258789,18320000,58.6500015258789
"2021-09-17",58.7849998474121,59.0279998779297,58.0849990844727,58.935001373291,41451000,58.935001373291
"2021-09-20",58.6790008544922,59.1529998779297,56.8079986572266,57.5429992675781,37322000,57.5429992675781
"2021-09-21",57.8310012817383,58.1879997253418,56.9370002746582,57.3139991760254,22509000,57.3139991760254
"2021-09-22",57.9690017700195,59.564998626709,57.9690017700195,59.064998626709,40218000,59.064998626709
"2021-09-23",59.0789985656738,59.931999206543,58.9129981994629,59.326000213623,25262000,59.326000213623
"2021-09-24",59.25,59.2980003356934,58.3639984130859,59.2389984130859,21262000,59.2389984130859
"2021-09-27",58.7949981689453,59.3580017089844,57.693000793457,59.2639999389648,25047000,59.2639999389648
"2021-09-28",58.9000015258789,59.9539985656738,58.015998840332,58.3849983215332,44311000,58.3849983215332
"2021-09-29",58.9010009765625,60.9879989624023,58.8009986877441,59.9059982299805,62210000,59.9059982299805
"2021-09-30",60.8050003051758,61.9000015258789,60.8050003051758,61.0340003967285,66126000,61.0340003967285
"2021-10-01",60.423999786377,61.4990005493164,59.7509994506836,61.314998626709,40908000,61.314998626709
"2021-10-04",61.3390007019043,62.6129989624023,59.4679985046387,60.3349990844727,49959000,60.3349990844727
"2021-10-05",60.6940002441406,64.0390014648438,60.6889991760254,63.4809989929199,95343000,63.4809989929199
"2021-10-06",62.818000793457,63.9869995117188,62.6360015869141,63.9099998474121,45804000,63.9099998474121
"2021-10-07",64.2229995727539,64.6839981079102,63.0449981689453,63.185001373291,35569000,63.185001373291
"2021-10-08",63.4169998168945,64.379997253418,63.0859985351562,63.265998840332,32721000,63.265998840332
"2021-10-11",63.3199996948242,63.9420013427734,62.6780014038086,62.7039985656738,28625000,62.7039985656738
"2021-10-12",63.3019981384277,63.765998840332,62.1990013122559,62.4939994812012,32273000,62.4939994812012
"2021-10-13",63.2179985046387,63.2179985046387,62.2099990844727,62.976001739502,24203000,62.976001739502
"2021-10-14",63.2229995727539,63.6879997253418,62.6790008544922,63.3800010681152,26717000,63.3800010681152
"2021-10-15",63.7999992370605,63.9420013427734,62.515998840332,62.8289985656738,41169000,62.8289985656738
"2021-10-18",63.2099990844727,63.8409996032715,62.0589981079102,63.7970008850098,46691000,63.7970008850098
"2021-10-19",63.6969985961914,64.0999984741211,63.2299995422363,63.9000015258789,76331000,63.9000015258789
"2021-10-20",62.556999206543,63.7400016784668,61.7150001525879,62.5139999389648,106220000,62.5139999389648
"2021-10-21",62.8889999389648,65.4010009765625,62.8650016784668,65.3160018920898,84371000,65.3160018920898
"2021-10-22",65.1809997558594,66.5459976196289,65.1809997558594,66.4779968261719,61860000,66.4779968261719
"2021-10-25",66.3740005493164,67.5879974365234,65.7070007324219,67.1660003662109,38335000,67.1660003662109
"2021-10-26",67.3759994506836,67.6490020751953,66.2770004272461,66.8519973754883,29048000,66.8519973754883
"2021-10-27",66.9000015258789,67.140998840332,66.1849975585938,66.2919998168945,22769000,66.2919998168945
"2021-10-28",67.0950012207031,67.6800003051758,66.8030014038086,67.4049987792969,28594000,67.4049987792969
"2021-10-29",67.3059997558594,69.0970001220703,67.1240005493164,69.0309982299805,38253000,69.0309982299805
"2021-11-01",68.9059982299805,68.9970016479492,67.6539993286133,68.1169967651367,31109000,68.1169967651367
"2021-11-02",68.3109970092773,68.7679977416992,67.3820037841797,67.7720031738281,38886000,67.7720031738281
"2021-11-03",67.7269973754883,68.9390029907227,67.7269973754883,68.8290023803711,23349000,68.8290023803711
"2021-11-04",68.588996887207,68.5940017700195,66.5500030517578,66.8399963378906,48650000,66.8399963378906
"2021-11-05",66.3970031738281,66.5640029907227,64.5009994506836,64.5719985961914,52835000,64.5719985961914
"2021-11-08",65.0289993286133,65.5999984741211,64.3789978027344,65.1449966430664,28875000,65.1449966430664
"2021-11-09",65.370002746582,66.0500030517578,65.052001953125,65.5989990234375,24156000,65.5989990234375
"2021-11-10",65.3010025024414,66.0329971313477,64.2109985351562,64.6910018920898,24058000,64.6910018920898
"2021-11-11",65.0240020751953,66.5820007324219,64.9710006713867,65.7580032348633,28683000,65.7580032348633
"2021-11-12",66.0009994506836,68.3339996337891,65.3820037841797,68.2610015869141,41984000,68.2610015869141
"2021-11-15",68.1240005493164,68.5260009765625,67.1490020751953,67.9329986572266,28722000,67.9329986572266
"2021-11-16",67.8270034790039,68.8359985351562,67.6900024414062,68.7399978637695,20774000,68.7399978637695
"2021-11-17",69,70.0989990234375,68.609001159668,69.1689987182617,27328000,69.1689987182617
"2021-11-18",69.161003112793,69.1740036010742,67.9739990234375,68.2020034790039,20129000,68.2020034790039
"2021-11-19",69.2350006103516,69.4160003662109,67.5,67.879997253418,26137000,67.879997253418
"2021-11-22",67.6019973754883,67.947998046875,65.6470031738281,65.9199981689453,27644000,65.9199981689453
"2021-11-23",65.818000793457,66.6429977416992,64.6050033569336,65.4059982299805,23202000,65.4059982299805
"2021-11-24",65.8010025024414,66.1439971923828,65.1100006103516,65.8290023803711,18673000,65.8290023803711
"2021-11-26",67.5,67.640998840332,66.0670013427734,66.5640029907227,28725000,66.5640029907227
"2021-11-29",66.3199996948242,66.7990036010742,65.8290023803711,66.3840026855469,25294000,66.3840026855469
"2021-11-30",66.8199996948242,67.5380020141602,64.0009994506836,64.1900024414062,56089000,64.1900024414062
"2021-12-01",64.947998046875,65.4520034790039,61.7070007324219,61.7770004272461,38828000,61.7770004272461
"2021-12-02",61.7099990844727,62.5359992980957,61.2879981994629,61.6469993591309,33311000,61.6469993591309
"2021-12-03",62.2750015258789,62.5499992370605,59.4000015258789,60.2130012512207,48293000,60.2130012512207
"2021-12-06",60.601001739502,61.7290000915527,60.0999984741211,61.2690010070801,30757000,61.2690010070801
"2021-12-07",61.9830017089844,62.8889999389648,61.1399993896484,62.5579986572266,31252000,62.5579986572266
"2021-12-08",63,63.2459983825684,62.3199996948242,62.8079986572266,22203000,62.8079986572266
"2021-12-09",62.757999420166,63.023998260498,61.0439987182617,61.0999984741211,23763000,61.0999984741211
"2021-12-10",61.6780014038086,61.773998260498,60.5880012512207,61.1660003662109,27488000,61.1660003662109
"2021-12-13",61.2000007629395,61.2639999389648,59.9519996643066,60.4560012817383,25179000,60.4560012817383
"2021-12-14",59.8709983825684,60.2290000915527,58.8129997253418,59.798999786377,29845000,59.798999786377
"2021-12-15",59.818000793457,60.5690002441406,58.451000213623,60.5040016174316,28662000,60.5040016174316
"2021-12-16",59.7089996337891,60.2830009460449,58.7999992370605,59.1059989929199,31432000,59.1059989929199
"2021-12-17",59.1609992980957,59.3250007629395,58.173999786377,58.6730003356934,43869000,58.6730003356934
"2021-12-20",58.6430015563965,60.2879981994629,58.4259986877441,59.3740005493164,33584000,59.3740005493164
"2021-12-21",59.7540016174316,60.7820014953613,59.3860015869141,60.492000579834,23194000,60.492000579834
"2021-12-22",60.3359985351562,61.4819984436035,60.2630004882812,61.423999786377,23357000,61.423999786377
"2021-12-23",61.6399993896484,61.6879997253418,60.7569999694824,61.4090003967285,16211000,61.4090003967285
"2021-12-27",61.5,61.5,60.9249992370605,61.3120002746582,20615000,61.3120002746582
"2021-12-28",61.4949989318848,61.8409996032715,60.9690017700195,61.0709991455078,18828000,61.0709991455078
"2021-12-29",61.0709991455078,61.3979988098145,60.4679985046387,61.0540008544922,12872000,61.0540008544922
"2021-12-30",61.298999786377,62.0610008239746,61.1240005493164,61.2089996337891,16251000,61.2089996337891
"2021-12-31",61.0009994506836,61.4080009460449,60.2050018310547,60.2439994812012,19959000,60.2439994812012
"2022-01-03",60.5610008239746,60.9990005493164,59.0559997558594,59.7369995117188,30675000,59.7369995117188
"2022-01-04",59.9910011291504,60.0410003662109,58.1599998474121,59.1150016784668,43931000,59.1150016784668
"2022-01-05",59.2000007629395,59.2840003967285,56.6879997253418,56.7519989013672,41487000,56.7519989013672
"2022-01-06",55.4339981079102,56.3359985351562,54.201000213623,55.3289985656738,57118000,55.3289985656738
"2022-01-07",54.9459991455078,55.3429985046387,53.8219985961914,54.1059989929199,33829000,54.1059989929199
"2022-01-10",53.8489990234375,54.3689994812012,52.6319999694824,53.9850006103516,44861000,53.9850006103516
"2022-01-11",53.6990013122559,54.390998840332,53.0069999694824,54.0839996337891,30778000,54.0839996337891
"2022-01-12",54.4269981384277,54.4269981384277,53.2019996643066,53.7220001220703,37874000,53.7220001220703
"2022-01-13",53.7060012817383,54.0789985656738,51.826000213623,51.9199981689453,44751000,51.9199981689453
"2022-01-14",51.7599983215332,53.8370018005371,51.1879997253418,52.5690002441406,78611000,52.5690002441406
"2022-01-18",52.007999420166,52.1749992370605,50.8680000305176,51.0800018310547,48391000,51.0800018310547
"2022-01-19",51.5,52.3209991455078,51.0509986877441,51.5859985351562,43535000,51.5859985351562
"2022-01-20",51.7750015258789,52.6640014648438,50.693000793457,50.8250007629395,126590000,50.8250007629395
"2022-01-21",40.0429992675781,40.9150009155273,37.9990005493164,39.75,589043000,39.75
"2022-01-24",38.390998840332,38.726001739502,35.1459999084473,38.7150001525879,323460000,38.7150001525879
"2022-01-25",37.9140014648438,38.7709999084473,36.5130004882812,36.6419982910156,151458000,36.6419982910156
"2022-01-26",37.8269996643066,38.265998840332,35.6619987487793,35.9700012207031,126840000,35.9700012207031
"2022-01-27",38.2060012817383,39.4799995422363,37.810001373291,38.6699981689453,243247000,38.6699981689453
"2022-01-28",38.6759986877441,38.7000007629395,37.2080001831055,38.4360008239746,119666000,38.4360008239746
"2022-01-31",40.1969985961914,42.7700004577637,39.8199996948242,42.7140007019043,200475000,42.7140007019043
"2022-02-01",43.2960014343262,45.8479995727539,42.5540008544922,45.7130012512207,225681000,45.7130012512207
"2022-02-02",44.8250007629395,45.1980018615723,42.6479988098145,42.9480018615723,143460000,42.9480018615723
"2022-02-03",42.1440010070801,42.9259986877441,40.4280014038086,40.560001373291,99052000,40.560001373291
"2022-02-04",40.7309989929199,41.2770004272461,39.6640014648438,41.0169982910156,77898000,41.0169982910156
"2022-02-07",41.0169982910156,41.2350006103516,39.3549995422363,40.2099990844727,82329000,40.2099990844727
"2022-02-08",39.818000793457,40.6609992980957,39.5830001831055,40.3530006408691,68185000,40.3530006408691
"2022-02-09",40.8650016784668,41.2980003356934,39.8790016174316,41.2890014648438,77382000,41.2890014648438
"2022-02-10",40.2099990844727,40.7999992370605,39.6360015869141,40.6269989013672,84529000,40.6269989013672
"2022-02-11",40.5330009460449,41.1609992980957,38.7649993896484,39.1310005187988,75589000,39.1310005187988
"2022-02-14",38.7589988708496,40.9360008239746,38.6889991760254,39.6570014953613,72022000,39.6570014953613
"2022-02-15",40.3790016174316,40.9160003662109,40.101001739502,40.7459983825684,53923000,40.7459983825684
"2022-02-16",40.1529998779297,40.1559982299805,39.0379981994629,39.8079986572266,52777000,39.8079986572266
"2022-02-17",39.423999786377,39.9109992980957,38.5699996948242,38.6669998168945,46692000,38.6669998168945
"2022-02-18",39.2529983520508,40.2869987487793,38.9049987792969,39.1290016174316,68017000,39.1290016174316
"2022-02-22",38.8950004577637,39.242000579834,37.3019981384277,37.7379989624023,66975000,37.7379989624023
"2022-02-23",38.2719993591309,38.5999984741211,36.6660003662109,36.7459983825684,46143000,36.7459983825684
"2022-02-24",35.5089988708496,39.0730018615723,35.4720001220703,39.0029983520508,70687000,39.0029983520508
"2022-02-25",38.6609992980957,39.1290016174316,37.5579986572266,39.0800018310547,48416000,39.0800018310547
"2022-02-28",38.7330017089844,39.7750015258789,38.2130012512207,39.4519996643066,50350000,39.4519996643066
"2022-03-01",39.1599998474121,39.5,38.3709983825684,38.6240005493164,32904000,38.6240005493164
"2022-03-02",38.8930015563965,38.9220008850098,37.5209999084473,38.0029983520508,53568000,38.0029983520508
"2022-03-03",38.5999984741211,38.6119995117188,36.4650001525879,36.806999206543,60768000,36.806999206543
"2022-03-04",36.7999992370605,37.4819984436035,35.7169990539551,36.1730003356934,53255000,36.1730003356934
"2022-03-07",36.0410003662109,36.2000007629395,35.0200004577637,35.0260009765625,57084000,35.0260009765625
"2022-03-08",34.9799995422363,35.8860015869141,34.0670013427734,34.1759986877441,64287000,34.1759986877441
"2022-03-09",35.7690010070801,36.4140014648438,35.0509986877441,35.8790016174316,65202000,35.8790016174316
"2022-03-10",35.6199989318848,36.7019996643066,35.3300018310547,35.6769981384277,48078000,35.6769981384277
"2022-03-11",36.1189994812012,36.3359985351562,34,34.0320014953613,48199000,34.0320014953613
"2022-03-14",33.8720016479492,34.1319999694824,32.9819984436035,33.101001739502,59078000,33.101001739502
"2022-03-15",33.5099983215332,34.5359992980957,33.2360000610352,34.375,54606000,34.375
"2022-03-16",34.8199996948242,35.9990005493164,34.3059997558594,35.7529983520508,69825000,35.7529983520508
"2022-03-17",35.9700012207031,37.3310012817383,35.4879989624023,37.1399993896484,58183000,37.1399993896484
"2022-03-18",37.2000007629395,38.1800003051758,36.8470001220703,38.060001373291,83248000,38.060001373291
"2022-03-21",37.8019981384277,38.181999206543,36.8940010070801,37.4589996337891,48665000,37.4589996337891
"2022-03-22",37.1139984130859,38.6660003662109,36.6759986877441,38.2919998168945,42428000,38.2919998168945
"2022-03-23",37.9770011901855,38.2459983825684,37.4490013122559,37.4490013122559,37290000,37.4490013122559
"2022-03-24",37.976001739502,37.976001739502,36.8899993896484,37.5709991455078,38885000,37.5709991455078
"2022-03-25",37.7070007324219,37.7639999389648,36.6430015563965,37.3849983215332,35745000,37.3849983215332
"2022-03-28",37.5229988098145,38.0279998779297,36.6730003356934,37.851001739502,43234000,37.851001739502
"2022-03-29",38.4389991760254,39.6500015258789,38.0330009460449,39.181999206543,58807000,39.181999206543
"2022-03-30",38.9550018310547,39.2700004577637,37.8629989624023,38.1469993591309,40233000,38.1469993591309
"2022-03-31",38.359001159668,38.4000015258789,37.3610000610352,37.4589996337891,41347000,37.4589996337891
"2022-04-01",37.6800003051758,38.0870018005371,36.8499984741211,37.3470001220703,46442000,37.3470001220703
"2022-04-04",37.3549995422363,39.6020011901855,37.3129997253418,39.1500015258789,70018000,39.1500015258789
"2022-04-05",38.9300003051758,39,37.7309989929199,38.0149993896484,42345000,38.0149993896484
"2022-04-06",37.4150009155273,37.6469993591309,36.2729988098145,36.8349990844727,43549000,36.8349990844727
"2022-04-07",36.5,36.8540000915527,35.3689994812012,36.2150001525879,49489000,36.2150001525879
"2022-04-08",36.1959991455078,36.25,35.4869995117188,35.5880012512207,40252000,35.5880012512207
"2022-04-11",35,35.4780006408691,34.5200004577637,34.7999992370605,37771000,34.7999992370605
"2022-04-12",35.5909996032715,35.9410018920898,34.2249984741211,34.4099998474121,38243000,34.4099998474121
"2022-04-13",34.3919982910156,35.2000007629395,34.1160011291504,35.0429992675781,32310000,35.0429992675781
"2022-04-14",35.0950012207031,35.2000007629395,33.9860000610352,34.1129989624023,43438000,34.1129989624023
"2022-04-18",34,34.2360000610352,33.1619987487793,33.7859992980957,51050000,33.7859992980957
"2022-04-19",33.3219985961914,35.1679992675781,33.3219985961914,34.8610000610352,209069000,34.8610000610352
"2022-04-20",24.5200004577637,24.8700008392334,21.2509994506836,22.6189994812012,1333875000,22.6189994812012
"2022-04-21",22,22.7679996490479,21.1520004272461,21.82200050354,535016000,21.82200050354
"2022-04-22",22.0179996490479,22.6270008087158,21.0049991607666,21.5520000457764,375151000,21.5520000457764
"2022-04-25",21.3810005187988,21.6660003662109,20.451000213623,20.9909992218018,281520000,20.9909992218018
"2022-04-26",20.8799991607666,20.9150009155273,19.8279991149902,19.8400001525879,203181000,19.8400001525879
"2022-04-27",19.4009990692139,20.0189990997314,18.7770004272461,18.8540000915527,222984000,18.8540000915527
"2022-04-28",19.1560001373291,20.1480007171631,18.5599994659424,19.9519996643066,213632000,19.9519996643066
"2022-04-29",19.8680000305176,20.4710006713867,19,19.0359992980957,163919000,19.0359992980957
"2022-05-02",19.1709995269775,20.0209999084473,19.0009994506836,19.9459991455078,145916000,19.9459991455078
"2022-05-03",19.8290004730225,20.3199996948242,19.4769992828369,19.9869995117188,118394000,19.9869995117188
"2022-05-04",19.7649993896484,20.4379997253418,19.1009998321533,20.4009990692139,122188000,20.4009990692139
"2022-05-05",20.0450000762939,20.0709991455078,18.6000003814697,18.8320007324219,139713000,18.8320007324219
"2022-05-06",18.6749992370605,18.7210006713867,17.5809993743896,18.0970001220703,171855000,18.0970001220703
"2022-05-09",17.7660007476807,18.3199996948242,17.2299995422363,17.3099994659424,140313000,17.3099994659424
"2022-05-10",17.6009998321533,18.1870002746582,17.056999206543,17.7660007476807,138839000,17.7660007476807
"2022-05-11",17.6089992523193,18.0919990539551,16.5550003051758,16.636999130249,126655000,16.636999130249
"2022-05-12",16.3959999084473,17.757999420166,16.2709999084473,17.4309997558594,176621000,17.4309997558594
"2022-05-13",17.7159996032715,18.7770004272461,17.6009998321533,18.7639999389648,131363000,18.7639999389648
"2022-05-16",19.3299999237061,19.5890007019043,18.5699996948242,18.6509990692139,161450000,18.6509990692139
"2022-05-17",18.9169998168945,19.1399993896484,18.5170001983643,19.0559997558594,98767000,19.0559997558594
"2022-05-18",18.6720008850098,18.7700004577637,17.6270008087158,17.7189998626709,96656000,17.7189998626709
"2022-05-19",17.8050003051758,18.6299991607666,17.5709991455078,18.3479995727539,104485000,18.3479995727539
"2022-05-20",18.5869998931885,19.0189990997314,17.9769992828369,18.6350002288818,104294000,18.6350002288818
"2022-05-23",18.6149997711182,18.7660007476807,17.7889995574951,18.7439994812012,96020000,18.7439994812012
"2022-05-24",18.2000007629395,18.3999996185303,17.7169990539551,18.0340003967285,77064000,18.0340003967285
"2022-05-25",18.0279998779297,18.886999130249,18.0170001983643,18.7830009460449,85221000,18.7830009460449
"2022-05-26",18.6490001678467,19.2339992523193,18.3090000152588,19.1399993896484,80499000,19.1399993896484
"2022-05-27",19.3190002441406,19.5249996185303,19.0370006561279,19.5189990997314,85860000,19.5189990997314
"2022-05-31",19.6180000305176,19.9950008392334,19.0799999237061,19.7439994812012,113985000,19.7439994812012
"2022-06-01",19.8700008392334,20.2740001678467,19.1660003662109,19.2910003662109,84162000,19.2910003662109
"2022-06-02",19.2019996643066,20.5470008850098,19.1720008850098,20.5090007781982,96231000,20.5090007781982
"2022-06-03",20.0139999389648,20.2950000762939,19.8050003051758,19.8980007171631,71918000,19.8980007171631
"2022-06-06",20.2089996337891,20.386999130249,19.5380001068115,19.7140007019043,53720000,19.7140007019043
"2022-06-07",19.4869995117188,19.9599990844727,19.2999992370605,19.8610000610352,48395000,19.8610000610352
"2022-06-08",19.7950000762939,20.738000869751,19.7639999389648,20.2830009460449,72441000,20.2830009460449
"2022-06-09",20.0650005340576,20.1690006256104,19.253999710083,19.2770004272461,69490000,19.2770004272461
"2022-06-10",18.2639999389648,18.5860004425049,18.0849990844727,18.2940006256104,130656000,18.2940006256104
"2022-06-13",17.7070007324219,17.9090003967285,16.8959999084473,16.9689998626709,102224000,16.9689998626709
"2022-06-14",16.9750003814697,17.2059993743896,16.42799949646,16.753999710083,115553000,16.753999710083
"2022-06-15",16.9260005950928,18.3850002288818,16.8530006408691,18.0109996795654,123960000,18.0109996795654
"2022-06-16",17.3999996185303,17.6270008087158,17.1560001373291,17.3349990844727,82013000,17.3349990844727
"2022-06-17",17.363000869751,17.9650001525879,17.3339996337891,17.5510005950928,121334000,17.5510005950928
"2022-06-21",17.7600002288818,17.8619995117188,16.9799995422363,17.0909996032715,121776000,17.0909996032715
"2022-06-22",17.0750007629395,18.2819995880127,17.0200004577637,17.8889999389648,119924000,17.8889999389648
"2022-06-23",18.0499992370605,18.2759990692139,17.5869998931885,18.1709995269775,95382000,18.1709995269775
"2022-06-24",18.3500003814697,19.1189994812012,18.1840000152588,19.0849990844727,124240000,19.0849990844727
"2022-06-27",19.1770000457764,19.17799949646,18.2390003204346,18.9139995574951,83639000,18.9139995574951
"2022-06-28",18.9200000762939,19.2199993133545,17.9370002746582,17.9599990844727,71854000,17.9599990844727
"2022-06-29",17.9549999237061,18.0669994354248,17.5100002288818,17.8360004425049,57668000,17.8360004425049
"2022-06-30",17.7070007324219,17.9449996948242,17.0300006866455,17.4869995117188,78947000,17.4869995117188
"2022-07-01",17.6490001678467,18.0100002288818,17.4270000457764,17.9950008392334,52016000,17.9950008392334
"2022-07-05",17.6280002593994,18.5919990539551,17.2679996490479,18.5879993438721,73343000,18.5879993438721
"2022-07-06",18.5200004577637,18.6219997406006,18.0820007324219,18.4060001373291,57534000,18.4060001373291
"2022-07-07",18.4270000457764,19.0209999084473,18.3500003814697,18.9270000457764,63345000,18.9270000457764
"2022-07-08",18.6019992828369,18.9909992218018,18.2749996185303,18.6979999542236,58357000,18.6979999542236
"2022-07-11",18.4729995727539,18.4990005493164,17.6889991760254,17.7339992523193,60388000,17.7339992523193
"2022-07-12",17.7329998016357,17.9780006408691,17.3419990539551,17.4449996948242,68453000,17.4449996948242
"2022-07-13",17.0499992370605,17.9179992675781,16.9699993133545,17.6560001373291,127344000,17.6560001373291
"2022-07-14",17.5559997558594,17.7520008087158,17.181999206543,17.4780006408691,90395000,17.4780006408691
"2022-07-15",17.5580005645752,18.9220008850098,17.4559993743896,18.9109992980957,163191000,18.9109992980957
"2022-07-18",19.25,19.9669990539551,18.9799995422363,19.0919990539551,163228000,19.0919990539551
"2022-07-19",19.3020000457764,20.19700050354,18.8400001525879,20.1630001068115,281787000,20.1630001068115
"2022-07-20",20.8169994354248,21.69700050354,20.0100002288818,21.6439990997314,539203000,21.6439990997314
"2022-07-21",21.4300003051758,22.431999206543,21.1499996185303,22.3880004882812,234301000,22.3880004882812
"2022-07-22",22.238000869751,22.9349994659424,21.8439998626709,22.0440006256104,178055000,22.0440006256104
"2022-07-25",22.1310005187988,22.5230007171631,21.6350002288818,21.8509998321533,109352000,21.8509998321533
"2022-07-26",21.6660003662109,21.9389991760254,21.1639995574951,21.3910007476807,95085000,21.3910007476807
"2022-07-27",21.6480007171631,22.7779998779297,21.4580001831055,22.6749992370605,105084000,22.6749992370605
"2022-07-28",22.4599990844727,22.8099994659424,21.9669990539551,22.6019992828369,89727000,22.6019992828369
"2022-07-29",22.3290004730225,23.0750007629395,22.2399997711182,22.4899997711182,90649000,22.4899997711182
"2022-08-01",22.3099994659424,22.8390007019043,22.1000003814697,22.621000289917,55250000,22.621000289917
"2022-08-02",22.2759990692139,22.8199996948242,22.0879993438721,22.1420001983643,63613000,22.1420001983643
"2022-08-03",22.4790000915527,22.8099994659424,22.242000579834,22.6730003356934,64007000,22.6730003356934
"2022-08-04",22.7679996490479,23.2070007324219,22.5049991607666,22.9909992218018,71427000,22.9909992218018
"2022-08-05",22.5300006866455,22.8619995117188,22.2870006561279,22.67799949646,55397000,22.67799949646
"2022-08-08",22.7490005493164,24.1959991455078,22.6410007476807,23.3490009307861,109821000,23.3490009307861
"2022-08-09",23.1620006561279,23.2199993133545,22.4650001525879,22.9939994812012,61812000,22.9939994812012
"2022-08-10",23.6989994049072,24.4540004730225,23.6599998474121,24.4109992980957,92548000,24.4109992980957
"2022-08-11",24.4680004119873,25.1620006561279,24.1509990692139,24.2700004577637,87801000,24.2700004577637
"2022-08-12",24.4810009002686,24.9409999847412,24.3759994506836,24.9300003051758,60985000,24.9300003051758
"2022-08-15",24.8110008239746,25.1989994049072,24.7509994506836,24.9109992980957,65274000,24.9109992980957
"2022-08-16",24.7159996032715,24.9290008544922,24.4029998779297,24.5690002441406,51368000,24.5690002441406
"2022-08-17",24.1180000305176,24.423999786377,23.7560005187988,24.1149997711182,56272000,24.1149997711182
"2022-08-18",24.1959991455078,24.6480007171631,23.92799949646,24.5170001983643,52804000,24.5170001983643
"2022-08-19",24.0949993133545,24.3290004730225,23.568000793457,24.1159992218018,75047000,24.1159992218018
"2022-08-22",23.2549991607666,23.3479995727539,22.4589996337891,22.6539993286133,86301000,22.6539993286133
"2022-08-23",22.6459999084473,22.9899997711182,22.4300003051758,22.4549999237061,52769000,22.4549999237061
"2022-08-24",22.5659999847412,23.4099998474121,22.3939990997314,22.9610004425049,54263000,22.9610004425049
"2022-08-25",23.0240001678467,23.4160003662109,22.8999996185303,23.3980007171631,37669000,23.3980007171631
"2022-08-26",23.363000869751,23.6949996948242,22.3150005340576,22.3279991149902,53498000,22.3279991149902
"2022-08-29",22.193000793457,22.9869995117188,22.1520004272461,22.4570007324219,71094000,22.4570007324219
"2022-08-30",22.6660003662109,22.9790000915527,21.8740005493164,22.0650005340576,57404000,22.0650005340576
"2022-08-31",22.7000007629395,23.3880004882812,22.3430004119873,22.3560009002686,86159000,22.3560009002686
"2022-09-01",22.07200050354,23.0370006561279,21.94700050354,23.003999710083,72929000,23.003999710083
"2022-09-02",23.1030006408691,23.3880004882812,22.503999710083,22.6110000610352,81649000,22.6110000610352
"2022-09-06",22.5590000152588,22.6849994659424,21.4689998626709,21.8390007019043,74690000,21.8390007019043
"2022-09-07",22.0209999084473,22.9330005645752,21.8269996643066,22.8959999084473,81493000,22.8959999084473
"2022-09-08",22.4160003662109,22.8740005493164,22.1299991607666,22.7439994812012,67374000,22.7439994812012
"2022-09-09",22.9619998931885,23.4780006408691,22.9619998931885,23.3570003509521,66996000,23.3570003509521
"2022-09-12",23.3610000610352,23.9489994049072,23.3369998931885,23.6529998779297,60474000,23.6529998779297
"2022-09-13",22.6499996185303,22.7689990997314,21.7719993591309,21.8129997253418,80001000,21.8129997253418
"2022-09-14",21.9820003509521,22.7999992370605,21.5799999237061,22.4120006561279,82303000,22.4120006561279
"2022-09-15",23.0470008850098,24.2290000915527,22.9099998474121,23.5380001068115,194541000,23.5380001068115
"2022-09-16",23.1219997406006,24.1359996795654,22.7830009460449,24.0130004882812,189142000,24.0130004882812
"2022-09-19",24.5049991607666,24.5249996185303,23.5750007629395,24.363000869751,179124000,24.363000869751
"2022-09-20",24.0370006561279,25.048999786377,23.9659996032715,24.2849998474121,160374000,24.2849998474121
"2022-09-21",24.2670001983643,24.8299999237061,23.6679992675781,23.6870002746582,91668000,23.6870002746582
"2022-09-22",23.5349998474121,24.0499992370605,23.1660003662109,23.7049999237061,100180000,23.7049999237061
"2022-09-23",23.5139999389648,23.6450004577637,22.1429996490479,22.6410007476807,112072000,22.6410007476807
"2022-09-26",22.5599994659424,23.2700004577637,22.3010005950928,22.4069995880127,82343000,22.4069995880127
"2022-09-27",22.863000869751,23.0639991760254,22.07200050354,22.4360008239746,77622000,22.4360008239746
"2022-09-28",22.9689998626709,24.6650009155273,22.738000869751,24.5200004577637,175797000,24.5200004577637
"2022-09-29",24.1609992980957,24.6979999542236,23.568000793457,23.9710006713867,189949000,23.9710006713867
"2022-09-30",23.7000007629395,24.2439994812012,23.326000213623,23.5440006256104,118486000,23.5440006256104
"2022-10-03",23.7849998474121,24.1539993286133,23.2849998474121,23.9039993286133,86574000,23.9039993286133
"2022-10-04",24.4839992523193,24.5799999237061,23.3250007629395,24.0739994049072,139259000,24.0739994049072
"2022-10-05",23.8759994506836,24.1590003967285,22.738000869751,23.6730003356934,108256000,23.6730003356934
"2022-10-06",23.6679992675781,24.42799949646,23.3910007476807,24.0020008087158,91889000,24.0020008087158
"2022-10-07",23.5769996643066,23.7329998016357,22.42799949646,22.4750003814697,98061000,22.4750003814697
"2022-10-10",22.5639991760254,23.382999420166,22.4230003356934,22.9979991912842,99911000,22.9979991912842
"2022-10-11",22.6049995422363,23.0440006256104,21.3700008392334,21.4290008544922,152824000,21.4290008544922
"2022-10-12",21.4300003051758,22.367000579834,21.2639999389648,22.0869998931885,129526000,22.0869998931885
"2022-10-13",21.2689990997314,23.44700050354,21.1730003356934,23.2509994506836,175050000,23.2509994506836
"2022-10-14",23.7800006866455,23.8799991607666,22.951000213623,23,152934000,23
"2022-10-17",23.4409999847412,24.992000579834,23.4400005340576,24.5100002288818,210578000,24.5100002288818
"2022-10-18",24.9799995422363,25.0370006561279,23.7730007171631,24.0860004425049,257767000,24.0860004425049
"2022-10-19",26.5,27.9300003051758,26.2660007476807,27.238000869751,466853000,27.238000869751
"2022-10-20",27.2779998779297,27.8379993438721,26.6380004882812,26.8159999847412,172071000,26.8159999847412
"2022-10-21",26.8950004577637,29.0750007629395,26.568000793457,28.9570007324219,248891000,28.9570007324219
"2022-10-24",29.0230007171631,29.048999786377,28.0359992980957,28.2450008392334,133264000,28.2450008392334
"2022-10-25",28.6949996948242,29.7590007781982,28.5550003051758,29.1019992828369,151007000,29.1019992828369
"2022-10-26",29.003999710083,30.5629997253418,28.8040008544922,29.8619995117188,157141000,29.8619995117188
"2022-10-27",29.8330001831055,30.5209999084473,29.4780006408691,29.6940002441406,146126000,29.6940002441406
"2022-10-28",29.7700004577637,30.1189994812012,29.2290000915527,29.57200050354,99605000,29.57200050354
"2022-10-31",29.5130004882812,29.761999130249,28.9500007629395,29.1879997253418,75051000,29.1879997253418
"2022-11-01",29.617000579834,29.9699993133545,28.6420001983643,28.6749992370605,69164000,28.6749992370605
"2022-11-02",28.6399993896484,28.7329998016357,27.2840003967285,27.2999992370605,103676000,27.2999992370605
"2022-11-03",27.125,27.628999710083,26.8799991607666,26.9060001373291,70574000,26.9060001373291
"2022-11-04",27.2019996643066,27.4969997406006,25.5319995880127,26.0790004730225,111247000,26.0790004730225
"2022-11-07",26.1060009002686,26.1149997711182,25.2089996337891,25.8600006103516,79270000,25.8600006103516
"2022-11-08",25.992000579834,26.6079998016357,25.6879997253418,26.3460006713867,76838000,26.3460006713867
"2022-11-09",25.9659996032715,26.0900001525879,25.4220008850098,25.4659996032715,72660000,25.4659996032715
"2022-11-10",26.5990009307861,27.5359992980957,26.0090007781982,27.4969997406006,96673000,27.4969997406006
"2022-11-11",27.44700050354,29.0659999847412,27.1560001373291,29.0130004882812,95738000,29.0130004882812
"2022-11-14",29,31.1000003814697,28.8190002441406,29.9270000457764,179782000,29.9270000457764
"2022-11-15",30.9200000762939,31.2709999084473,30.2549991607666,31.0200004577637,146269000,31.0200004577637
"2022-11-16",30.9939994812012,31.048999786377,30.3610000610352,30.6019992828369,80386000,30.6019992828369
"2022-11-17",29.4720001220703,29.9820003509521,29.1000003814697,29.5279998779297,98382000,29.5279998779297
"2022-11-18",29.7329998016357,29.7999992370605,28.7000007629395,28.7980003356934,84001000,28.7980003356934
"2022-11-21",29.1000003814697,29.1870002746582,28.2660007476807,28.5049991607666,72565000,28.5049991607666
"2022-11-22",28.4990005493164,28.6979999542236,27.7339992523193,28.6690006256104,62451000,28.6690006256104
"2022-11-23",28.5909996032715,29.2469997406006,28.3759994506836,29.1499996185303,59190000,29.1499996185303
"2022-11-25",28.8999996185303,28.9209995269775,28.4169998168945,28.5540008544922,32360000,28.5540008544922
"2022-11-28",28.3999996185303,28.9549999237061,28.05299949646,28.117000579834,47034000,28.117000579834
"2022-11-29",28.25,28.2959995269775,27.5939998626709,28.0960006713867,57869000,28.0960006713867
"2022-11-30",28.136999130249,30.826000213623,28.0410003662109,30.55299949646,160701000,30.55299949646
"2022-12-01",30.3990001678467,31.9799995422363,30.30299949646,31.6949996948242,146649000,31.6949996948242
"2022-12-02",31.048999786377,32.1990013122559,31,32.0410003662109,126906000,32.0410003662109
"2022-12-05",31.6459999084473,32.2770004272461,31.0919990539551,31.2590007781982,84230000,31.2590007781982
"2022-12-06",31.1000003814697,31.32200050354,30.3129997253418,30.5559997558594,71954000,30.5559997558594
"2022-12-07",30.6499996185303,30.9610004425049,30.2099990844727,30.8419990539551,78216000,30.8419990539551
"2022-12-08",30.9109992980957,31.238000869751,30.4810009002686,31.0259990692139,72053000,31.0259990692139
"2022-12-09",32.1450004577637,32.9000015258789,31.9519996643066,32.0009994506836,143640000,32.0009994506836
"2022-12-12",32,32.318000793457,30.8850002288818,31.5179996490479,101486000,31.5179996490479
"2022-12-13",32.7999992370605,33.2719993591309,31.7199993133545,32.0340003967285,107564000,32.0340003967285
"2022-12-14",31.8969993591309,32.4710006713867,31.4419994354248,31.7830009460449,75433000,31.7830009460449
"2022-12-15",30.2119998931885,30.3390007019043,28.6550006866455,29.0410003662109,177246000,29.0410003662109
"2022-12-16",28.8759994506836,29.4720001220703,28.8700008392334,29.0709991455078,140800000,29.0709991455078
"2022-12-19",28.9729995727539,29.2250003814697,28.613000869751,28.8299999237061,61637000,28.8299999237061
"2022-12-20",28.1240005493164,28.92799949646,28.0809993743896,28.8190002441406,69181000,28.8190002441406
"2022-12-21",28.9990005493164,30.0659999847412,28.6499996185303,29.7959995269775,63762000,29.7959995269775
"2022-12-22",29.8090000152588,29.8880004882812,29.0809993743896,29.7749996185303,78562000,29.7749996185303
"2022-12-23",29.6180000305176,29.8460006713867,29.1909999847412,29.496000289917,42511000,29.496000289917
"2022-12-27",29.3190002441406,29.3570003509521,28.2129993438721,28.4169998168945,57781000,28.4169998168945
"2022-12-28",28.1919994354248,28.5189990997314,27.3409996032715,27.6879997253418,59644000,27.6879997253418
"2022-12-29",28.318000793457,29.5499992370605,28.1009998321533,29.1119995117188,95885000,29.1119995117188
"2022-12-30",28.55299949646,29.5009994506836,28.32200050354,29.488000869751,75669000,29.488000869751
