"Date","NVDA.Open","NVDA.High","NVDA.Low","NVDA.Close","NVDA.Volume","NVDA.Adjusted"
"2019-01-02",3.26600003242493,3.46199989318848,3.25125002861023,3.40549993515015,508752000,3.37305283546448
"2019-01-03",3.34474992752075,3.37899994850159,3.19225001335144,3.19974994659424,705552000,3.16926240921021
"2019-01-04",3.27349996566772,3.44324994087219,3.2425000667572,3.40475010871887,585620000,3.37230920791626
"2019-01-07",3.46250009536743,3.62225008010864,3.41074991226196,3.58500003814697,709160000,3.55084180831909
"2019-01-08",3.66724991798401,3.66950011253357,3.42249989509583,3.49574995040894,786016000,3.46244168281555
"2019-01-09",3.54749989509583,3.61225008964539,3.49650001525879,3.56450009346008,617260000,3.53053736686707
"2019-01-10",3.54500007629395,3.63949990272522,3.48399996757507,3.63074994087219,523156000,3.59615612030029
"2019-01-11",3.60824990272522,3.74375009536743,3.58025002479553,3.72075009346008,874764000,3.68529868125916
"2019-01-14",3.66799998283386,3.78649997711182,3.64424991607666,3.76099991798401,730168000,3.72516489028931
"2019-01-15",3.79399991035461,3.83375000953674,3.72825002670288,3.74675011634827,617012000,3.71105098724365
"2019-01-16",3.77425003051758,3.80749988555908,3.71550011634827,3.72099995613098,470104000,3.68554592132568
"2019-01-17",3.68775010108948,3.83325004577637,3.66024994850159,3.79299998283386,493436000,3.75686025619507
"2019-01-18",3.84325003623962,3.94950008392334,3.79124999046326,3.92324995994568,651336000,3.88586854934692
"2019-01-22",3.89275002479553,3.90450000762939,3.68875002861023,3.71924996376038,661552000,3.68381261825562
"2019-01-23",3.77500009536743,3.86450004577637,3.70075011253357,3.73224997520447,591020000,3.69668865203857
"2019-01-24",3.81750011444092,3.96374988555908,3.81275010108948,3.94600009918213,708972000,3.90840291976929
"2019-01-25",3.88599991798401,4.02199983596802,3.78250002861023,4.00374984741211,1154572000,3.96560192108154
"2019-01-28",3.4137499332428,3.54099988937378,3.27500009536743,3.45024991035461,2511528000,3.4173755645752
"2019-01-29",3.40374994277954,3.45250010490417,3.27524995803833,3.28999996185303,1153932000,3.2586522102356
"2019-01-30",3.36675000190735,3.44924998283386,3.28649997711182,3.43475008010864,974228000,3.40202403068542
"2019-01-31",3.43149995803833,3.62975001335144,3.40949988365173,3.59375,842852000,3.55950880050659
"2019-02-01",3.61249995231628,3.66974997520447,3.56450009346008,3.61824989318848,625048000,3.58377480506897
"2019-02-04",3.6342499256134,3.76699995994568,3.61199998855591,3.72950005531311,528592000,3.6939651966095
"2019-02-05",3.74149990081787,3.78574991226196,3.70749998092651,3.74874997138977,542424000,3.71303129196167
"2019-02-06",3.78224992752075,3.89000010490417,3.77675008773804,3.82500004768372,702464000,3.78855562210083
"2019-02-07",3.77824997901917,3.78049993515015,3.64225006103516,3.68549990653992,637120000,3.65038418769836
"2019-02-08",3.6177499294281,3.71499991416931,3.60325002670288,3.70425009727478,461604000,3.66895580291748
"2019-02-11",3.65974998474121,3.71449995040894,3.61249995231628,3.66125011444092,495180000,3.62636518478394
"2019-02-12",3.70000004768372,3.79500007629395,3.68549990653992,3.77924990653992,591060000,3.74324083328247
"2019-02-13",3.80900001525879,3.89575004577637,3.79524993896484,3.82200002670288,605372000,3.78558349609375
"2019-02-14",3.82100009918213,3.89175009727478,3.77749991416931,3.86325001716614,827264000,3.82644033432007
"2019-02-15",4.07375001907349,4.09674978256226,3.91050004959106,3.93350005149841,1516748000,3.89602136611938
"2019-02-19",3.9227499961853,3.99725008010864,3.90350008010864,3.91599988937378,551892000,3.87868738174438
"2019-02-20",3.94549989700317,4.0314998626709,3.93425011634827,3.96374988555908,540988000,3.92598342895508
"2019-02-21",3.97650003433228,4.00124979019165,3.87949991226196,3.89424991607666,448548000,3.85714554786682
"2019-02-22",3.9465000629425,3.99874997138977,3.93274998664856,3.97974991798401,401740000,3.94183087348938
"2019-02-25",4.06400012969971,4.13199996948242,3.95849990844727,3.96725010871887,656020000,3.92945051193237
"2019-02-26",3.96250009536743,4.01900005340576,3.89374995231628,3.92750000953674,488464000,3.89007830619812
"2019-02-27",3.91300010681152,3.93974995613098,3.82774996757507,3.88525009155273,500256000,3.84823083877563
"2019-02-28",3.875,3.89750003814697,3.83400011062622,3.85649991035461,324944000,3.82369136810303
"2019-03-01",3.90674996376038,3.95374989509583,3.84800004959106,3.91125011444092,357188000,3.8779764175415
"2019-03-04",3.95000004768372,3.97300004959106,3.86249995231628,3.91950011253357,409992000,3.8861563205719
"2019-03-05",3.90374994277954,3.95149993896484,3.84899997711182,3.91300010681152,362924000,3.87971043586731
"2019-03-06",3.90400004386902,3.91249990463257,3.79850006103516,3.80124998092651,403524000,3.76891112327576
"2019-03-07",3.77749991416931,3.78725004196167,3.68499994277954,3.73149991035461,450104000,3.69975543022156
"2019-03-08",3.6414999961853,3.77675008773804,3.61999988555908,3.76600003242493,422416000,3.73396110534668
"2019-03-11",3.78975009918213,4.05149984359741,3.74224996566772,4.02850008010864,859728000,3.99422907829285
"2019-03-12",4.05649995803833,4.10974979400635,3.97974991798401,4.06300020217896,579576000,4.02843570709229
"2019-03-13",4.10074996948242,4.24499988555908,4.09324979782104,4.21549987792969,768900000,4.17963695526123
"2019-03-14",4.22475004196167,4.23675012588501,4.13124990463257,4.13899993896484,519384000,4.10378885269165
"2019-03-15",4.18249988555908,4.28824996948242,4.17899990081787,4.24525022506714,661484000,4.20913505554199
"2019-03-18",4.27699995040894,4.33125019073486,4.19649982452393,4.22375011444092,486992000,4.18781661987305
"2019-03-19",4.31899976730347,4.4375,4.30200004577637,4.39274978637695,854972000,4.35537910461426
"2019-03-20",4.42199993133545,4.47574996948242,4.32499980926514,4.3600001335144,719148000,4.32290887832642
"2019-03-21",4.38325023651123,4.625,4.37825012207031,4.59849977493286,824312000,4.55937910079956
"2019-03-22",4.57100009918213,4.61999988555908,4.42350006103516,4.4375,747644000,4.3997483253479
"2019-03-25",4.39650011062622,4.46124982833862,4.27775001525879,4.34450006484985,525212000,4.30753993988037
"2019-03-26",4.48724985122681,4.54374980926514,4.36499977111816,4.42175006866455,703508000,4.38413333892822
"2019-03-27",4.44750022888184,4.49424982070923,4.34250020980835,4.41249990463257,474372000,4.37496137619019
"2019-03-28",4.43874979019165,4.49749994277954,4.37774991989136,4.43125009536743,480264000,4.39355087280273
"2019-03-29",4.49849987030029,4.51350021362305,4.44775009155273,4.48899984359741,456896000,4.45080900192261
"2019-04-01",4.58150005340576,4.58750009536743,4.50925016403198,4.55700016021729,483824000,4.51823377609253
"2019-04-02",4.58125019073486,4.61975002288818,4.53800010681152,4.57499980926514,440920000,4.53607845306396
"2019-04-03",4.625,4.77500009536743,4.61999988555908,4.71549987792969,783504000,4.67538404464722
"2019-04-04",4.69999980926514,4.74924993515015,4.64324998855591,4.70650005340576,457376000,4.66645956039429
"2019-04-05",4.75,4.79125022888184,4.71325016021729,4.77374982833862,481744000,4.73313760757446
"2019-04-08",4.74300003051758,4.82000017166138,4.71875,4.79475021362305,424192000,4.75395965576172
"2019-04-09",4.76100015640259,4.77225017547607,4.68900012969971,4.73150014877319,439972000,4.69124698638916
"2019-04-10",4.73075008392334,4.82849979400635,4.72625017166138,4.80249977111816,444772000,4.761643409729
"2019-04-11",4.80499982833862,4.83675003051758,4.73874998092651,4.78849983215332,374600000,4.74776220321655
"2019-04-12",4.8274998664856,4.83150005340576,4.74149990081787,4.7502498626709,471708000,4.70983934402466
"2019-04-15",4.74249982833862,4.74749994277954,4.5774998664856,4.61749982833862,440092000,4.57821798324585
"2019-04-16",4.65700006484985,4.72424983978271,4.62400007247925,4.70524978637695,394964000,4.66522121429443
"2019-04-17",4.74049997329712,4.76149988174438,4.65974998474121,4.68225002288818,351004000,4.64241695404053
"2019-04-18",4.68900012969971,4.72324991226196,4.62949991226196,4.65749979019165,380988000,4.61787605285645
"2019-04-22",4.63374996185303,4.72749996185303,4.60200023651123,4.71175003051758,279936000,4.67166566848755
"2019-04-23",4.72499990463257,4.79825019836426,4.71525001525879,4.7667498588562,346856000,4.72619676589966
"2019-04-24",4.77724981307983,4.82025003433228,4.71600008010864,4.7792501449585,318204000,4.73859119415283
"2019-04-25",4.73874998092651,4.76125001907349,4.59250020980835,4.6727499961853,499296000,4.63299798965454
"2019-04-26",4.51774978637695,4.52225017547607,4.33249998092651,4.4522500038147,868988000,4.41437339782715
"2019-04-29",4.46024990081787,4.51125001907349,4.38749980926514,4.4832501411438,391920000,4.44511032104492
"2019-04-30",4.45074987411499,4.55074977874756,4.43149995803833,4.52500009536743,362920000,4.48650503158569
"2019-05-01",4.57775020599365,4.62025022506714,4.51149988174438,4.51175022125244,354280000,4.4733681678772
"2019-05-02",4.52150011062622,4.62174987792969,4.47800016403198,4.57975006103516,394684000,4.54078912734985
"2019-05-03",4.58825016021729,4.59824991226196,4.51324987411499,4.57525014877319,336824000,4.53632640838623
"2019-05-06",4.38749980926514,4.50850009918213,4.34999990463257,4.49625015258789,422176000,4.45800065994263
"2019-05-07",4.44750022888184,4.44750022888184,4.2792501449585,4.32775020599365,555220000,4.29093360900879
"2019-05-08",4.30000019073486,4.42875003814697,4.28800010681152,4.34800004959106,419168000,4.31100940704346
"2019-05-09",4.27850008010864,4.28824996948242,4.13500022888184,4.25474977493286,660248000,4.21855306625366
"2019-05-10",4.22375011444092,4.28975009918213,4.09999990463257,4.22049999237061,569500000,4.18459510803223
"2019-05-13",4.08750009536743,4.11075019836426,3.94525003433228,3.9612500667572,656912000,3.92755079269409
"2019-05-14",4.00124979019165,4.08650016784668,3.96224999427795,4.05100011825562,524880000,4.01653671264648
"2019-05-15",3.99499988555908,4.02624988555908,3.93525004386902,3.98950004577637,502320000,3.95556116104126
"2019-05-16",3.98399996757507,4.0477499961853,3.94125008583069,4.00474977493286,781088000,3.97067928314209
"2019-05-17",3.96250009536743,4.09275007247925,3.87350010871887,3.91324996948242,1022068000,3.87995886802673
"2019-05-20",3.81375002861023,3.86925005912781,3.76874995231628,3.79375004768372,572064000,3.76147532463074
"2019-05-21",3.85500001907349,3.89249992370605,3.81599998474121,3.87649989128113,361848000,3.84352111816406
"2019-05-22",3.83750009536743,3.86374998092651,3.79399991035461,3.8050000667572,325868000,3.77263021469116
"2019-05-23",3.74224996566772,3.74224996566772,3.62275004386902,3.68300008773804,591844000,3.65166831016541
"2019-05-24",3.70199990272522,3.73749995231628,3.62199997901917,3.62875008583069,357584000,3.59787917137146
"2019-05-28",3.64650011062622,3.67950010299683,3.58124995231628,3.58325004577637,428356000,3.55276656150818
"2019-05-29",3.53524994850159,3.57049989700317,3.47350001335144,3.50850009918213,559800000,3.47865200042725
"2019-05-30",3.50775003433228,3.54375004768372,3.43924999237061,3.4777500629425,394300000,3.4521005153656
"2019-05-31",3.4284999370575,3.49624991416931,3.38474988937378,3.38649988174438,389720000,3.36152219772339
"2019-06-03",3.39774990081787,3.43674993515015,3.31500005722046,3.34450006484985,478644000,3.31983304023743
"2019-06-04",3.40899991989136,3.58025002479553,3.38674998283386,3.57500004768372,641836000,3.54863238334656
"2019-06-05",3.64925003051758,3.65475010871887,3.49550008773804,3.53200006484985,511616000,3.50594997406006
"2019-06-06",3.53625011444092,3.61925005912781,3.53375005722046,3.59450006484985,408140000,3.5679886341095
"2019-06-07",3.60050010681152,3.67199993133545,3.58124995231628,3.63750004768372,348856000,3.61067175865173
"2019-06-10",3.69400000572205,3.77975010871887,3.69400000572205,3.71075010299683,402780000,3.68338084220886
"2019-06-11",3.77099990844727,3.80900001525879,3.72900009155273,3.76874995231628,383872000,3.74095392227173
"2019-06-12",3.72499990463257,3.73125004768372,3.6397500038147,3.65499997138977,358892000,3.62804198265076
"2019-06-13",3.67724990844727,3.72499990463257,3.65949988365173,3.70650005340576,308080000,3.6791627407074
"2019-06-14",3.61275005340576,3.63724994659424,3.57100009918213,3.6159999370575,394428000,3.58933043479919
"2019-06-17",3.61424994468689,3.66300010681152,3.59124994277954,3.62575006484985,276040000,3.59900784492493
"2019-06-18",3.6875,3.87774991989136,3.67650008201599,3.82200002670288,581920000,3.79381084442139
"2019-06-19",3.85750007629395,3.86899995803833,3.80174994468689,3.82800006866455,331644000,3.79976630210876
"2019-06-20",3.91925001144409,3.93324995040894,3.83800005912781,3.85249996185303,350168000,3.82408595085144
"2019-06-21",3.83750009536743,3.88700008392334,3.78749990463257,3.79399991035461,434428000,3.76601719856262
"2019-06-24",3.81550002098083,3.84625005722046,3.76799988746643,3.81649994850159,282948000,3.78835153579712
"2019-06-25",3.8215000629425,3.8970000743866,3.78425002098083,3.78699994087219,311868000,3.75906848907471
"2019-06-26",3.9152500629425,4.04300022125244,3.90225005149841,3.98149991035461,584072000,3.95213389396667
"2019-06-27",4.06774997711182,4.09999990463257,4.0314998626709,4.08074998855591,445440000,4.05065298080444
"2019-06-28",4.125,4.13425016403198,4.05875015258789,4.10575008392334,397668000,4.07546758651733
"2019-07-01",4.31424999237061,4.34875011444092,4.11649990081787,4.1542501449585,709756000,4.12361097335815
"2019-07-02",4.13749980926514,4.15875005722046,4.04250001907349,4.05574989318848,400228000,4.02583646774292
"2019-07-03",4.0792498588562,4.08500003814697,4.00850009918213,4.06874990463257,246636000,4.03874015808105
"2019-07-05",4.01000022888184,4.0145001411438,3.94199991226196,4.00575017929077,396552000,3.97620511054993
"2019-07-08",3.94574999809265,3.96475005149841,3.90000009536743,3.9302499294281,329788000,3.90126156806946
"2019-07-09",3.88774991035461,3.96099996566772,3.875,3.93274998664856,342860000,3.90374350547791
"2019-07-10",3.97650003433228,4.05924987792969,3.96250009536743,4.00150012969971,452076000,3.97198677062988
"2019-07-11",4.07499980926514,4.19799995422363,4.03749990463257,4.15700006484985,682560000,4.12633943557739
"2019-07-12",4.18499994277954,4.26175022125244,4.18499994277954,4.19024991989136,506392000,4.1593451499939
"2019-07-15",4.21150016784668,4.22774982452393,4.15325021743774,4.18174982070923,289840000,4.15090560913086
"2019-07-16",4.16674995422363,4.2042498588562,4.12099981307983,4.17700004577637,341444000,4.14619255065918
"2019-07-17",4.17875003814697,4.2497501373291,4.14925003051758,4.24275016784668,348204000,4.21145725250244
"2019-07-18",4.25325012207031,4.31774997711182,4.19624996185303,4.25449991226196,442192000,4.22312021255493
"2019-07-19",4.29300022125244,4.29949998855591,4.20499992370605,4.21099996566772,344896000,4.17994260787964
"2019-07-22",4.23250007629395,4.2960000038147,4.22499990463257,4.28299999237061,315940000,4.25141143798828
"2019-07-23",4.32250022888184,4.39349985122681,4.30674982070923,4.3914999961853,428176000,4.35910940170288
"2019-07-24",4.43499994277954,4.47224998474121,4.3585000038147,4.46649980545044,366236000,4.43355751037598
"2019-07-25",4.42474985122681,4.4375,4.31099987030029,4.33449983596802,392700000,4.30253124237061
"2019-07-26",4.36175012588501,4.42374992370605,4.36175012588501,4.37674999237061,274160000,4.34446859359741
"2019-07-29",4.36950016021729,4.38675022125244,4.28175020217896,4.37050008773804,248160000,4.33826446533203
"2019-07-30",4.32375001907349,4.39849996566772,4.30924987792969,4.38625001907349,197772000,4.35389947891235
"2019-07-31",4.35449981689453,4.35550022125244,4.17549991607666,4.21799993515015,359416000,4.1868896484375
"2019-08-01",4.22849988937378,4.31949996948242,4.07049989700317,4.1230001449585,421212000,4.09259080886841
"2019-08-02",4.02974987030029,4.09950017929077,3.98200011253357,4.02974987030029,428348000,4.00002813339233
"2019-08-05",3.84500002861023,3.84625005722046,3.72250008583069,3.76975011825562,589156000,3.74194598197937
"2019-08-06",3.84500002861023,3.89074993133545,3.76075005531311,3.80874991416931,361272000,3.78065824508667
"2019-08-07",3.74749994277954,3.85925006866455,3.73000001907349,3.84724998474121,372560000,3.81887435913086
"2019-08-08",3.90525007247925,3.95775008201599,3.84750008583069,3.95650005340576,309300000,3.92731857299805
"2019-08-09",3.9152500629425,3.91875004768372,3.80375003814697,3.85450005531311,341816000,3.82607102394104
"2019-08-12",3.80200004577637,3.85450005531311,3.76425004005432,3.78625011444092,279200000,3.75832438468933
"2019-08-13",3.78474998474121,3.94749999046326,3.74550008773804,3.90124988555908,351956000,3.87247633934021
"2019-08-14",3.8125,3.82375001907349,3.70775008201599,3.75174999237061,419880000,3.7240788936615
"2019-08-15",3.77075004577637,3.79075002670288,3.68475008010864,3.71924996376038,477200000,3.69181871414185
"2019-08-16",3.98375010490417,4.03849983215332,3.92199993133545,3.98900008201599,1007960000,3.95957899093628
"2019-08-19",4.10300016403198,4.28550004959106,4.08675003051758,4.26949977874756,815112000,4.23800992965698
"2019-08-20",4.26399993896484,4.2645001411438,4.17549991607666,4.19675016403198,463188000,4.16579675674438
"2019-08-21",4.26324987411499,4.33624982833862,4.24149990081787,4.28074979782104,427244000,4.24917697906494
"2019-08-22",4.29050016403198,4.33325004577637,4.24749994277954,4.28700017929077,303488000,4.25538206100464
"2019-08-23",4.21000003814697,4.2647500038147,4.04099988937378,4.06099987030029,568056000,4.03104734420776
"2019-08-26",4.14025020599365,4.16450023651123,4.09775018692017,4.13625001907349,318208000,4.10574245452881
"2019-08-27",4.17474985122681,4.17749977111816,4.01550006866455,4.04500007629395,290968000,4.01516675949097
"2019-08-28",4.0145001411438,4.08349990844727,3.97499990463257,4.03049993515015,255612000,4.00473356246948
"2019-08-29",4.12249994277954,4.20749998092651,4.11899995803833,4.17500019073486,357976000,4.14830923080444
"2019-08-30",4.22149991989136,4.27150011062622,4.16949987411499,4.1877498626709,290616000,4.16097784042358
"2019-09-03",4.11450004577637,4.14774990081787,4.08125019073486,4.10424995422363,296140000,4.07801103591919
"2019-09-04",4.16524982452393,4.22650003433228,4.16524982452393,4.2189998626709,227728000,4.19202613830566
"2019-09-05",4.32175016403198,4.4997501373291,4.32000017166138,4.49350023269653,695676000,4.46477365493774
"2019-09-06",4.46999979019165,4.52724981307983,4.42799997329712,4.46624994277954,376976000,4.43769693374634
"2019-09-09",4.49749994277954,4.59950017929077,4.49599981307983,4.51249980926514,417524000,4.48365211486816
"2019-09-10",4.47949981689453,4.60624980926514,4.46974992752075,4.57950019836426,352812000,4.5502233505249
"2019-09-11",4.59425020217896,4.65675020217896,4.56500005722046,4.6082501411438,361512000,4.57878971099854
"2019-09-12",4.65500020980835,4.71000003814697,4.59875011444092,4.60675001144409,327840000,4.57729816436768
"2019-09-13",4.53975009918213,4.5770001411438,4.50449991226196,4.54850006103516,324592000,4.51942157745361
"2019-09-16",4.47300004959106,4.53999996185303,4.46250009536743,4.50524997711182,231832000,4.47644710540771
"2019-09-17",4.51200008392334,4.5310001373291,4.46525001525879,4.52675008773804,223048000,4.49781179428101
"2019-09-18",4.51975011825562,4.53550004959106,4.41249990463257,4.49949979782104,258152000,4.4707350730896
"2019-09-19",4.50549983978271,4.52400016784668,4.41274976730347,4.42350006103516,245476000,4.39522266387939
"2019-09-20",4.4225001335144,4.44624996185303,4.30700016021729,4.31724977493286,350244000,4.28965044021606
"2019-09-23",4.31750011444092,4.41674995422363,4.31374979019165,4.37099981307983,249712000,4.3430552482605
"2019-09-24",4.40250015258789,4.43225002288818,4.27750015258789,4.31325006484985,317268000,4.28567600250244
"2019-09-25",4.3127498626709,4.47550010681152,4.26774978637695,4.45574998855591,308432000,4.42726469039917
"2019-09-26",4.44600009918213,4.45475006103516,4.38224983215332,4.43349981307983,234564000,4.40515565872192
"2019-09-27",4.3914999961853,4.44250011444092,4.23299980163574,4.29400014877319,362056000,4.26654863357544
"2019-09-30",4.32000017166138,4.36199998855591,4.28849983215332,4.35174989700317,186184000,4.32392835617065
"2019-10-01",4.375,4.52500009536743,4.34525012969971,4.34999990463257,366008000,4.32219076156616
"2019-10-02",4.32800006866455,4.34000015258789,4.25325012207031,4.32600021362305,293372000,4.29834365844727
"2019-10-03",4.33050012588501,4.53900003433228,4.30000019073486,4.53275012969971,450588000,4.50377321243286
"2019-10-04",4.53499984741211,4.5787501335144,4.46950006484985,4.54925012588501,265524000,4.52016687393188
"2019-10-07",4.61450004577637,4.70849990844727,4.60575008392334,4.6082501411438,480984000,4.57878971099854
"2019-10-08",4.51599979400635,4.51599979400635,4.41249990463257,4.43074989318848,444436000,4.40242290496826
"2019-10-09",4.50799989700317,4.56750011444092,4.47900009155273,4.51774978637695,292412000,4.48886775970459
"2019-10-10",4.51550006866455,4.6269998550415,4.51025009155273,4.57574987411499,309124000,4.54649877548218
"2019-10-11",4.66025018692017,4.7335000038147,4.6412501335144,4.64975023269653,446404000,4.62002468109131
"2019-10-14",4.64099979400635,4.68424987792969,4.60974979400635,4.66324996948242,200040000,4.63343715667725
"2019-10-15",4.75400018692017,4.98225021362305,4.73999977111816,4.90924978256226,664124000,4.87786626815796
"2019-10-16",4.875,4.98050022125244,4.84375,4.85524988174438,428944000,4.82421112060547
"2019-10-17",4.90000009536743,4.94525003433228,4.80249977111816,4.85725021362305,263436000,4.82619762420654
"2019-10-18",4.85774993896484,4.89050006866455,4.6875,4.76224994659424,307440000,4.73180484771729
"2019-10-21",4.82399988174438,4.91375017166138,4.80499982833862,4.90024995803833,261868000,4.86892318725586
"2019-10-22",4.95749998092651,5.06325006484985,4.88250017166138,4.89025020599365,328720000,4.85898733139038
"2019-10-23",4.80775022506714,4.8914999961853,4.77575016021729,4.87725019454956,279916000,4.8460693359375
"2019-10-24",4.91874980926514,4.95524978637695,4.88450002670288,4.92150020599365,232020000,4.89003705978394
"2019-10-25",5.00250005722046,5.13450002670288,4.99475002288818,5.11350011825562,423092000,5.08080816268921
"2019-10-28",5.15749979019165,5.22249984741211,5.12799978256226,5.16975021362305,330792000,5.13670206069946
"2019-10-29",5.15574979782104,5.16225004196167,5.05350017547607,5.07299995422363,211236000,5.04056930541992
"2019-10-30",5.09999990463257,5.10575008392334,5.00649976730347,5.07499980926514,205960000,5.04255485534668
"2019-10-31",5.05399990081787,5.07499980926514,4.94525003433228,5.02549982070923,209732000,4.99337291717529
"2019-11-01",4.98999977111816,5.09724998474121,4.96474981307983,5.06475019454956,283640000,5.03237152099609
"2019-11-04",5.14624977111816,5.27500009536743,5.1230001449585,5.26249980926514,376716000,5.22885751724243
"2019-11-05",5.26224994659424,5.28849983215332,5.19199991226196,5.24025011062622,300868000,5.20675086975098
"2019-11-06",5.21600008010864,5.24174976348877,5.10274982452393,5.19075012207031,269012000,5.15756607055664
"2019-11-07",5.27775001525879,5.29250001907349,5.16349983215332,5.20849990844727,280340000,5.17520189285278
"2019-11-08",5.19150018692017,5.22625017166138,5.15374994277954,5.19449996948242,189100000,5.16129112243652
"2019-11-11",5.19374990463257,5.22774982452393,5.10699987411499,5.20450019836426,243436000,5.17122745513916
"2019-11-12",5.24300003051758,5.29650020599365,5.20774984359741,5.24025011062622,283504000,5.20675086975098
"2019-11-13",5.20874977111816,5.23649978637695,5.14750003814697,5.21425008773804,300188000,5.18091487884521
"2019-11-14",5.22324991226196,5.24700021743774,5.16300010681152,5.24475002288818,518080000,5.21122026443481
"2019-11-15",5.24249982833862,5.29449987411499,5.01599979400635,5.10475015640259,1053628000,5.07211589813232
"2019-11-18",5.09724998474121,5.33374977111816,5.09425020217896,5.30700016021729,574588000,5.27307176589966
"2019-11-19",5.27575016021729,5.29949998855591,5.1412501335144,5.19974994659424,414564000,5.16650772094727
"2019-11-20",5.17675018310547,5.36374998092651,5.16400003433228,5.27950000762939,472588000,5.24574899673462
"2019-11-21",5.27500009536743,5.33099985122681,5.23274993896484,5.25449991226196,288388000,5.22090864181519
"2019-11-22",5.27724981307983,5.32399988174438,5.24849987030029,5.27225017547607,224100000,5.23854541778564
"2019-11-25",5.40100002288818,5.53525018692017,5.38800001144409,5.53025007247925,506476000,5.49489545822144
"2019-11-26",5.51249980926514,5.51725006103516,5.41849994659424,5.42500019073486,385244000,5.39031887054443
"2019-11-27",5.4667501449585,5.50124979019165,5.42950010299683,5.45599985122681,215784000,5.42512035369873
"2019-11-29",5.42500019073486,5.45349979400635,5.39449977874756,5.41849994659424,141556000,5.38783073425293
"2019-12-02",5.41149997711182,5.42500019073486,5.21600008010864,5.23124980926514,372036000,5.2016396522522
"2019-12-03",5.04675006866455,5.19549989700317,5.00925016403198,5.19150018692017,465232000,5.16211748123169
"2019-12-04",5.27549982070923,5.2979998588562,5.20674991607666,5.2354998588562,273424000,5.20586776733398
"2019-12-05",5.25750017166138,5.27325010299683,5.1877498626709,5.2185001373291,184884000,5.18896532058716
"2019-12-06",5.28800010681152,5.33725023269653,5.27799987792969,5.30424976348877,232236000,5.27422952651978
"2019-12-09",5.28125,5.35925006866455,5.27250003814697,5.30424976348877,211880000,5.27422952651978
"2019-12-10",5.33449983596802,5.40150022506714,5.2814998626709,5.34950017929077,256388000,5.31922292709351
"2019-12-11",5.3600001335144,5.43900012969971,5.35750007629395,5.43349981307983,233796000,5.40274715423584
"2019-12-12",5.40450000762939,5.61999988555908,5.39550018310547,5.60174989700317,404348000,5.57004594802856
"2019-12-13",5.60475015640259,5.72450017929077,5.54549980163574,5.59975004196167,454704000,5.56805658340454
"2019-12-16",5.64750003814697,5.70149993896484,5.61924982070923,5.62874984741211,320976000,5.59689235687256
"2019-12-17",5.64750003814697,5.73000001907349,5.63800001144409,5.70725011825562,321196000,5.67494773864746
"2019-12-18",5.74224996566772,5.79850006103516,5.7337498664856,5.73775005340576,343548000,5.70527648925781
"2019-12-19",5.77250003814697,5.90000009536743,5.76749992370605,5.88649988174438,445360000,5.85318374633789
"2019-12-20",5.95324993133545,6.00974988937378,5.93400001525879,5.98425006866455,603044000,5.95037937164307
"2019-12-23",6.01300001144409,6.04524993896484,5.95975017547607,5.97049999237061,355060000,5.93670892715454
"2019-12-24",5.95499992370605,5.98274993896484,5.92049980163574,5.96549987792969,138864000,5.9317364692688
"2019-12-26",5.9689998626709,6.00799989700317,5.94999980926514,5.97975015640259,182852000,5.94590616226196
"2019-12-27",5.99499988555908,6.00850009918213,5.89524984359741,5.92175006866455,254644000,5.88823318481445
"2019-12-30",5.89975023269653,5.90500020980835,5.77650022506714,5.80800008773804,258056000,5.7751293182373
"2019-12-31",5.77250003814697,5.89200019836426,5.75325012207031,5.88250017166138,231004000,5.849205493927
"2020-01-02",5.96875,5.99774980545044,5.91800022125244,5.99774980545044,237536000,5.96380376815796
"2020-01-03",5.87750005722046,5.94575023651123,5.85249996185303,5.90175008773804,205384000,5.86834716796875
"2020-01-06",5.80800008773804,5.93174982070923,5.78175020217896,5.92649984359741,262636000,5.89295721054077
"2020-01-07",5.95499992370605,6.04425001144409,5.90974998474121,5.99825000762939,314856000,5.96430063247681
"2020-01-08",5.99399995803833,6.05100011825562,5.9537501335144,6.00950002670288,277108000,5.97548627853394
"2020-01-09",6.09625005722046,6.14825010299683,6.02150011062622,6.07550001144409,255112000,6.04111576080322
"2020-01-10",6.18324995040894,6.21374988555908,6.09375,6.10799980163574,316296000,6.07342958450317
"2020-01-13",6.19150018692017,6.32474994659424,6.16874980926514,6.29949998855591,319840000,6.2638463973999
"2020-01-14",6.25649976730347,6.28200006484985,6.16874980926514,6.18200016021729,359088000,6.14701175689697
"2020-01-15",6.19474983215332,6.21724987030029,6.11324977874756,6.13924980163574,263104000,6.1045036315918
"2020-01-16",6.19299983978271,6.22924995422363,6.16949987411499,6.22324991226196,284192000,6.18802690505981
"2020-01-17",6.24249982833862,6.25,6.18424987792969,6.23199987411499,253792000,6.19672679901123
"2020-01-21",6.19525003433228,6.23225021362305,6.16424989700317,6.19850015640259,217916000,6.16341781616211
"2020-01-22",6.24399995803833,6.33974981307983,6.22499990463257,6.25274991989136,239240000,6.21735954284668
"2020-01-23",6.29300022125244,6.32999992370605,6.2037501335144,6.32149982452393,244516000,6.28572225570679
"2020-01-24",6.4375,6.48750019073486,6.20749998092651,6.26200008392334,373512000,6.22655773162842
"2020-01-27",5.95599985122681,6.05625009536743,5.80574989318848,6.00500011444092,470536000,5.97101306915283
"2020-01-28",6.07124996185303,6.23175001144409,6.01774978637695,6.19925022125244,310976000,6.16416311264038
"2020-01-29",6.18475008010864,6.22100019454956,6.09849977493286,6.13850021362305,258848000,6.10375690460205
"2020-01-30",6.04024982452393,6.15875005722046,5.9850001335144,6.14524984359741,290504000,6.11046886444092
"2020-01-31",6.09924983978271,6.11124992370605,5.86875009536743,5.91074991226196,370420000,5.87729597091675
"2020-02-03",5.89249992370605,6.02775001525879,5.88625001907349,6.00825023651123,255564000,5.97424459457397
"2020-02-04",6.15075016021729,6.19750022888184,6.10050010681152,6.17824983596802,271544000,6.14328193664551
"2020-02-05",6.29974985122681,6.30999994277954,6.18524980545044,6.26900005340576,208220000,6.23351955413818
"2020-02-06",6.30350017547607,6.35624980926514,6.22200012207031,6.35624980926514,218284000,6.3202748298645
"2020-02-07",6.31599998474121,6.33825016021729,6.26424980163574,6.28975009918213,189752000,6.25415086746216
"2020-02-10",6.3125,6.57499980926514,6.30749988555908,6.57425022125244,529608000,6.53704214096069
"2020-02-11",6.68300008773804,6.8125,6.62074995040894,6.69724988937378,638556000,6.65934419631958
"2020-02-12",6.7502498626709,6.82000017166138,6.71124982833862,6.81349992752075,374644000,6.77493667602539
"2020-02-13",6.75524997711182,6.83699989318848,6.72774982452393,6.76949977874756,528016000,6.73118734359741
"2020-02-14",7.18149995803833,7.37424993515015,7.15000009536743,7.24475002288818,1041924000,7.20374584197998
"2020-02-18",7.14099979400635,7.43275022506714,7.12150001525879,7.41424989700317,620164000,7.37228584289551
"2020-02-19",7.53725004196167,7.88525009155273,7.53725004196167,7.86749982833862,694332000,7.8229718208313
"2020-02-20",7.81925010681152,7.90799999237061,7.40875005722046,7.71750020980835,810052000,7.67382001876831
"2020-02-21",7.60475015640259,7.63000011444092,7.2664999961853,7.35174989700317,768180000,7.31014060974121
"2020-02-24",6.75474977493286,7.04675006866455,6.69999980926514,6.83199977874756,856916000,6.79333209991455
"2020-02-25",6.90749979019165,6.96974992752075,6.44899988174438,6.55124998092651,1055496000,6.51417064666748
"2020-02-26",6.55149984359741,6.88625001907349,6.55000019073486,6.69124984741211,747732000,6.65337753295898
"2020-02-27",6.37249994277954,6.67500019073486,6.22224998474121,6.31500005722046,906416000,6.28301477432251
"2020-02-28",6.06150007247925,6.81150007247925,6.04475021362305,6.75174999237061,1133252000,6.71755218505859
"2020-03-02",6.9225001335144,6.93975019454956,6.52500009536743,6.91074991226196,890744000,6.8757438659668
"2020-03-03",6.9667501449585,7.02675008773804,6.56150007247925,6.64725017547607,652792000,6.61358165740967
"2020-03-04",6.75500011444092,7.12225008010864,6.67999982833862,7.11275005340576,597408000,7.07672309875488
"2020-03-05",6.91249990463257,7.07999992370605,6.78749990463257,6.83225011825562,540328000,6.79764413833618
"2020-03-06",6.65199995040894,6.70975017547607,6.44999980926514,6.65100002288818,515412000,6.61731338500977
"2020-03-09",5.99749994277954,6.4850001335144,5.95450019836426,6.13600015640259,614160000,6.10492181777954
"2020-03-10",6.41349983215332,6.52699995040894,6.14975023269653,6.52699995040894,580648000,6.49394035339355
"2020-03-11",6.38649988174438,6.41499996185303,6.06424999237061,6.16174983978271,499964000,6.13054084777832
"2020-03-12",5.63649988174438,5.90299987792969,5.39499998092651,5.40775012969971,816540000,5.38035869598389
"2020-03-13",5.76249980926514,6.02549982070923,5.49025011062622,6.02099990844727,634836000,5.99050331115723
"2020-03-16",5.31024980545044,5.65250015258789,4.84999990463257,4.90999984741211,726972000,4.88512992858887
"2020-03-17",5.02274990081787,5.52150011062622,4.77500009536743,5.43174982070923,833632000,5.40423774719238
"2020-03-18",5.00250005722046,5.24849987030029,4.51700019836426,5.07049989700317,874268000,5.04481792449951
"2020-03-19",5.04899978637695,5.41825008392334,4.83475017547607,5.32425022125244,765512000,5.29728174209595
"2020-03-20",5.47499990463257,5.75799989700317,5.12825012207031,5.14375019073486,804636000,5.1176962852478
"2020-03-23",5.14274978637695,5.41200017929077,4.96299982070923,5.31724977493286,643876000,5.29031801223755
"2020-03-24",5.72499990463257,6.31650018692017,5.70125007629395,6.22949981689453,1101644000,6.19794750213623
"2020-03-25",6.34499979019165,6.54549980163574,6.09149980545044,6.14050006866455,793432000,6.10939693450928
"2020-03-26",6.34849977493286,6.55550003051758,6.25,6.43100023269653,696108000,6.3984260559082
"2020-03-27",6.25,6.57800006866455,6.21700000762939,6.31825017929077,638828000,6.28624629974365
"2020-03-30",6.38399982452393,6.64900016784668,6.33974981307983,6.6397500038147,602252000,6.60611963272095
"2020-03-31",6.67999982833862,6.88500022888184,6.44374990463257,6.59000015258789,949960000,6.55662059783936
"2020-04-01",6.3912501335144,6.53824996948242,6.03200006484985,6.07674980163574,656912000,6.04596996307373
"2020-04-02",6.10599994659424,6.40000009536743,6.05775022506714,6.38675022125244,675764000,6.35440111160278
"2020-04-03",6.34899997711182,6.39074993133545,5.95975017547607,6.09775018692017,663212000,6.06686496734619
"2020-04-06",6.38100004196167,6.74700021743774,6.32324981689453,6.71000003814697,727884000,6.67601346969604
"2020-04-07",6.93249988555908,6.95625019073486,6.43249988555908,6.47574996948242,784520000,6.44294929504395
"2020-04-08",6.58524990081787,6.69875001907349,6.5149998664856,6.67374992370605,542444000,6.63994789123535
"2020-04-09",6.80000019073486,6.82299995422363,6.51049995422363,6.57375001907349,525564000,6.54045343399048
"2020-04-13",6.51375007629395,6.75500011444092,6.42500019073486,6.74625015258789,398408000,6.71207809448242
"2020-04-14",6.875,7.13299989700317,6.84724998474121,7.09875011444092,530948000,7.06279420852661
"2020-04-15",6.92999982833862,7.10424995422363,6.88450002670288,7.02099990844727,366148000,6.98543834686279
"2020-04-16",7.17700004577637,7.47499990463257,7.16375017166138,7.36749982833862,745620000,7.3301830291748
"2020-04-17",7.44999980926514,7.47149991989136,7.17350006103516,7.30800008773804,539120000,7.27098417282104
"2020-04-20",7.18100023269653,7.33750009536743,7.13175010681152,7.17624998092651,449388000,7.13990020751953
"2020-04-21",7.05775022506714,7.11924982070923,6.67775011062622,6.73775005340576,735160000,6.70362234115601
"2020-04-22",6.93074989318848,7.19675016403198,6.88500022888184,7.15374994277954,483356000,7.11751556396484
"2020-04-23",7.19600009918213,7.32849979400635,7.07499980926514,7.10024976730347,424160000,7.06428623199463
"2020-04-24",7.09000015258789,7.24174976348877,7.0149998664856,7.23974990844727,352328000,7.20307970046997
"2020-04-27",7.3747501373291,7.58750009536743,7.34999990463257,7.42700004577637,479388000,7.38938188552856
"2020-04-28",7.57499980926514,7.60500001907349,7.27850008010864,7.28399991989136,442904000,7.24710655212402
"2020-04-29",7.41925001144409,7.5145001411438,7.34375,7.46150016784668,379160000,7.42370653152466
"2020-04-30",7.40724992752075,7.46150016784668,7.29300022125244,7.30700016021729,375916000,7.26998996734619
"2020-05-01",7.1087498664856,7.22249984741211,7.02099990844727,7.06949996948242,342096000,7.03369235992432
"2020-05-04",7.02199983596802,7.2960000038147,7.02199983596802,7.28224992752075,317556000,7.24536514282227
"2020-05-05",7.38675022125244,7.50675010681152,7.28224992752075,7.3435001373291,368896000,7.30630445480347
"2020-05-06",7.42325019836426,7.55000019073486,7.38525009155273,7.44474983215332,323464000,7.40704202651978
"2020-05-07",7.58449983596802,7.68524980545044,7.53299999237061,7.62174987792969,373732000,7.58314609527588
"2020-05-08",7.69374990463257,7.81874990463257,7.65974998474121,7.8125,339216000,7.7729287147522
"2020-05-11",7.80749988555908,8.11250019073486,7.77874994277954,8.06550025939941,469060000,8.0246467590332
"2020-05-12",8.12349987030029,8.17249965667725,7.79274988174438,7.80249977111816,493060000,7.76297998428345
"2020-05-13",7.91750001907349,8.07849979400635,7.59474992752075,7.78000020980835,625852000,7.74059438705444
"2020-05-14",7.8417501449585,8.03600025177002,7.6875,8.0305004119873,602312000,7.98982572555542
"2020-05-15",7.8897500038147,8.5004997253418,7.87400007247925,8.49075031280518,987660000,8.44774341583252
"2020-05-18",8.76049995422363,8.91650009155273,8.68050003051758,8.7502498626709,774460000,8.70592975616455
"2020-05-19",8.79024982452393,9.08749961853027,8.76274967193604,8.80550003051758,717320000,8.76089954376221
"2020-05-20",8.99100017547607,9.04300022125244,8.88875007629395,8.97000026702881,587536000,8.92456722259521
"2020-05-21",9.05150032043457,9.05249977111816,8.73750019073486,8.77525043487549,761068000,8.73079967498779
"2020-05-22",8.82524967193604,9.0930004119873,8.71325016021729,9.02624988555908,1038764000,8.98053073883057
"2020-05-26",9.1567497253418,9.18175029754639,8.67199993133545,8.71774959564209,770780000,8.67359256744385
"2020-05-27",8.625,8.63274955749512,7.99674987792969,8.52525043487549,1175892000,8.48206901550293
"2020-05-28",8.41224956512451,8.76049995422363,8.37924957275391,8.48700046539307,734896000,8.44401168823242
"2020-05-29",8.55449962615967,8.8754997253418,8.48499965667725,8.8754997253418,745256000,8.83054256439209
"2020-06-01",8.83325004577637,8.84074974060059,8.6894998550415,8.80624961853027,389876000,8.76164531707764
"2020-06-02",8.79625034332275,8.83724975585938,8.65799999237061,8.82524967193604,391320000,8.78054809570312
"2020-06-03",8.82225036621094,8.86625003814697,8.69999980926514,8.76949977874756,365440000,8.72508144378662
"2020-06-04",8.72799968719482,8.94324970245361,8.67749977111816,8.76650047302246,424280000,8.72607803344727
"2020-06-05",8.79450035095215,8.99699974060059,8.70800018310547,8.92000007629395,481748000,8.87886905670166
"2020-06-08",8.8772497177124,8.88974952697754,8.68575000762939,8.80500030517578,387736000,8.7643985748291
"2020-06-09",8.80000019073486,9.10974979400635,8.75125026702881,9.04599952697754,468488000,9.00428771972656
"2020-06-10",9.16775035858154,9.5,9.15349960327148,9.36674976348877,632180000,9.32355880737305
"2020-06-11",9.14999961853027,9.26124954223633,8.78600025177002,8.79625034332275,583652000,8.75569152832031
"2020-06-12",9.16250038146973,9.1872501373291,8.70324993133545,8.93249988555908,570908000,8.89131259918213
"2020-06-15",8.81525039672852,9.18225002288818,8.74374961853027,9.17374992370605,400004000,9.13144874572754
"2020-06-16",9.22500038146973,9.26675033569336,8.83874988555908,9.06849956512451,535716000,9.02668476104736
"2020-06-17",9.11375045776367,9.29899978637695,9.07024955749512,9.23600006103516,408304000,9.19341373443604
"2020-06-18",9.22700023651123,9.28250026702881,9.11450004577637,9.2180004119873,254408000,9.17549419403076
"2020-06-19",9.24250030517578,9.44499969482422,9.22725009918213,9.26124954223633,524160000,9.21854400634766
"2020-06-22",9.30000019073486,9.53125,9.27324962615967,9.52674961090088,398468000,9.48282241821289
"2020-06-23",9.55099964141846,9.64249992370605,9.40750026702881,9.44999980926514,375108000,9.40642356872559
"2020-06-24",9.47624969482422,9.55650043487549,9.14449977874756,9.23550033569336,449372000,9.19291496276855
"2020-06-25",9.35575008392334,9.50500011444092,9.18225002288818,9.48999977111816,376072000,9.44624042510986
"2020-06-26",9.5,9.5,9.125,9.15499973297119,592084000,9.11278533935547
"2020-06-29",9.16975021362305,9.20450019836426,8.89999961853027,9.19999980926514,342248000,9.15757656097412
"2020-06-30",9.31400012969971,9.52624988555908,9.26650047302246,9.4977502822876,367892000,9.45395469665527
"2020-07-01",9.52075004577637,9.57575035095215,9.41300010681152,9.52999973297119,326648000,9.48605537414551
"2020-07-02",9.63899993896484,9.73750019073486,9.57824993133545,9.61225032806396,364056000,9.56792640686035
"2020-07-06",9.74174976348877,9.9087495803833,9.71249961853027,9.83924961090088,315892000,9.79387950897217
"2020-07-07",9.94624996185303,10.0699996948242,9.85074996948242,9.87174987792969,357800000,9.82622909545898
"2020-07-08",9.99374961853027,10.2250003814697,9.96549987792969,10.2159996032715,365480000,10.1688928604126
"2020-07-09",10.3802499771118,10.5699996948242,10.2334995269775,10.5089998245239,494548000,10.4605417251587
"2020-07-10",10.5887498855591,10.6552495956421,10.3787498474121,10.4792499542236,497676000,10.4309272766113
"2020-07-13",10.5950002670288,10.7922496795654,10.0249996185303,10.0522499084473,457076000,10.0059013366699
"2020-07-14",10.0749998092651,10.4027500152588,9.78549957275391,10.3769998550415,542676000,10.3291521072388
"2020-07-15",10.4142503738403,10.4329996109009,10.0557498931885,10.2272500991821,403984000,10.1800918579102
"2020-07-16",10.0150003433228,10.2067499160767,9.89550018310547,10.1347503662109,344964000,10.088020324707
"2020-07-17",10.2255001068115,10.2484998703003,10.0877504348755,10.2014999389648,266284000,10.1544599533081
"2020-07-20",10.2742500305176,10.53125,10.1567497253418,10.5107498168945,284852000,10.4622840881348
"2020-07-21",10.5129995346069,10.5600004196167,10.2867498397827,10.3284997940063,277036000,10.2808742523193
"2020-07-22",10.3675003051758,10.602499961853,10.2915000915527,10.4387502670288,367292000,10.3906173706055
"2020-07-23",10.4499998092651,10.5469999313354,10.03125,10.12975025177,411660000,10.0830411911011
"2020-07-24",9.875,10.3647499084473,9.77700042724609,10.1944999694824,473292000,10.1474924087524
"2020-07-27",10.232250213623,10.4417495727539,10.2177495956421,10.4215002059937,292132000,10.3734455108643
"2020-07-28",10.3742504119873,10.3819999694824,10.2092504501343,10.2154998779297,271636000,10.1683940887451
"2020-07-29",10.3907499313354,10.5162496566772,10.3470001220703,10.4654998779297,284508000,10.4172410964966
"2020-07-30",10.375,10.6230001449585,10.2952499389648,10.6140003204346,308880000,10.5650577545166
"2020-07-31",10.5632495880127,10.7665004730225,10.4329996109009,10.6147499084473,386080000,10.5658016204834
"2020-08-03",10.7325000762939,11.0987501144409,10.7152500152588,11.0102500915527,412720000,10.9594812393188
"2020-08-04",11.0500001907349,11.2277498245239,10.9060001373291,11.2277498245239,310336000,11.1759777069092
"2020-08-05",11.2440004348755,11.3717498779297,11.1662502288818,11.2867498397827,249924000,11.2347068786621
"2020-08-06",11.3497495651245,11.3579998016357,11.178750038147,11.3354997634888,244316000,11.2832307815552
"2020-08-07",11.3125,11.50475025177,11.0375003814697,11.1995000839233,342516000,11.1478595733643
"2020-08-10",11.3342504501343,11.4082498550415,10.856499671936,11.164999961853,427796000,11.1135187149048
"2020-08-11",11.0737495422363,11.1367502212524,10.7957496643066,10.8500003814697,354512000,10.7999696731567
"2020-08-12",10.9907503128052,11.4670000076294,10.9582500457764,11.4402503967285,464412000,11.3874979019165
"2020-08-13",11.5459995269775,11.7217502593994,11.3557500839233,11.4429998397827,374460000,11.3902359008789
"2020-08-14",11.5299997329712,11.7047500610352,11.4405002593994,11.5640001296997,366436000,11.5106782913208
"2020-08-17",11.8512496948242,12.4097499847412,11.81725025177,12.3369998931885,621300000,12.2801160812378
"2020-08-18",12.4499998092651,12.496000289917,12.0862503051758,12.2607498168945,503448000,12.2042140960693
"2020-08-19",12.2965002059937,12.3149995803833,12.0979995727539,12.138500213623,622624000,12.0825300216675
"2020-08-20",11.9750003814697,12.375,11.8787498474121,12.1409997940063,921388000,12.085015296936
"2020-08-21",12.2017498016357,12.8087501525879,12.1952495574951,12.683500289917,999868000,12.6250190734863
"2020-08-24",12.883749961853,12.9125003814697,12.5074996948242,12.7202501296997,490564000,12.6615943908691
"2020-08-25",12.6307497024536,12.7612495422363,12.5737495422363,12.75,289076000,12.6912097930908
"2020-08-26",12.7992496490479,12.8684997558594,12.6777496337891,12.7729997634888,321244000,12.7141008377075
"2020-08-27",12.7814998626709,12.8500003814697,12.566499710083,12.6282501220703,317604000,12.5700216293335
"2020-08-28",12.6750001907349,13.1479997634888,12.6424999237061,13.1477499008179,537160000,13.0871238708496
"2020-08-31",13.18274974823,13.5749998092651,13.0377502441406,13.3745002746582,500840000,13.3128299713135
"2020-09-01",13.4799995422363,13.9937496185303,13.4364995956421,13.8210000991821,511316000,13.7613840103149
"2020-09-02",14.7037496566772,14.7267503738403,13.8999996185303,14.3465003967285,874012000,14.2846212387085
"2020-09-03",13.8287496566772,13.8844995498657,12.8787498474121,13.0155000686646,945128000,12.9593629837036
"2020-09-04",12.7837495803833,13.1750001907349,11.7047500610352,12.6225004196167,1463684000,12.568058013916
"2020-09-08",11.7344999313354,12.5500001907349,11.7042503356934,11.9130001068115,795728000,11.8616170883179
"2020-09-09",12.3999996185303,12.8092498779297,12.2317495346069,12.7150001525879,736200000,12.66015625
"2020-09-10",12.9892501831055,13.0652503967285,12.1669998168945,12.3117504119873,698684000,12.2586460113525
"2020-09-11",12.4855003356934,12.6525001525879,11.8957500457764,12.1645002365112,636928000,12.1120328903198
"2020-09-14",13.081000328064,13.3149995803833,12.6312503814697,12.8722496032715,1201744000,12.8167276382446
"2020-09-15",13.2799997329712,13.2987499237061,12.8277502059937,12.9910001754761,727556000,12.9349660873413
"2020-09-16",12.9572496414185,13.0927495956421,12.5137500762939,12.5144996643066,556384000,12.4605188369751
"2020-09-17",12.1322498321533,12.589750289917,12.0347499847412,12.4635000228882,792512000,12.409743309021
"2020-09-18",12.59375,12.6324996948242,11.9887504577637,12.1892499923706,698460000,12.1366729736328
"2020-09-21",11.9250001907349,12.522500038147,11.9045000076294,12.5172500610352,721044000,12.4632616043091
"2020-09-22",12.5749998092651,12.6479997634888,12.1555004119873,12.637749671936,646452000,12.5832395553589
"2020-09-23",12.5754995346069,12.7270002365112,12.0792503356934,12.1237497329712,647012000,12.0714559555054
"2020-09-24",12.0722503662109,12.5694999694824,12.0139999389648,12.3479995727539,731240000,12.2947397232056
"2020-09-25",12.4475002288818,12.8835000991821,12.2457504272461,12.8737497329712,588016000,12.8182210922241
"2020-09-28",13.0402498245239,13.0517501831055,12.75,13.0349998474121,573808000,12.9787712097168
"2020-09-29",12.9375,13.4427499771118,12.9332504272461,13.2257499694824,621460000,13.1687021255493
"2020-09-30",13.1575002670288,13.6225004196167,13.1502504348755,13.5305004119873,689184000,13.4721403121948
"2020-10-01",13.7580003738403,13.762749671936,13.4607496261597,13.6145000457764,525004000,13.5557775497437
"2020-10-02",13.2250003814697,13.5194997787476,13.0509996414185,13.0622501373291,552496000,13.0059080123901
"2020-10-05",13.2360000610352,13.6442499160767,13.222749710083,13.6424999237061,479820000,13.5836582183838
"2020-10-06",13.8299999237061,14.1420001983643,13.664999961853,13.736499786377,784420000,13.6772508621216
"2020-10-07",13.9997501373291,14.1192502975464,13.8634996414185,13.96399974823,418084000,13.9037704467773
"2020-10-08",14.0749998092651,14.0845003128052,13.7580003738403,13.8387498855591,378900000,13.7790622711182
"2020-10-09",13.7670001983643,13.8242502212524,13.6607503890991,13.762749671936,346892000,13.7033863067627
"2020-10-12",13.9895000457764,14.3470001220703,13.9125003814697,14.2259998321533,434744000,14.1646404266357
"2020-10-13",14.2965002059937,14.34850025177,14.0187501907349,14.2482500076294,344604000,14.1867933273315
"2020-10-14",14.2904996871948,14.3427495956421,13.960000038147,14.0952501296997,276100000,14.0344543457031
"2020-10-15",13.8107500076294,14.0057497024536,13.767749786377,13.9700002670288,267224000,13.9097442626953
"2020-10-16",14.0367498397827,14.1215000152588,13.7924995422363,13.8114995956421,242392000,13.7519254684448
"2020-10-19",13.9029998779297,13.9834995269775,13.4067497253418,13.4977502822876,298068000,13.4395332336426
"2020-10-20",13.5834999084473,13.799750328064,13.5069999694824,13.6455001831055,229212000,13.5866413116455
"2020-10-21",13.625,13.7915000915527,13.477499961853,13.5247497558594,219596000,13.4664144515991
"2020-10-22",13.522500038147,13.6117496490479,13.2317495346069,13.3610000610352,290480000,13.3033695220947
"2020-10-23",13.4499998092651,13.5932502746582,13.2912502288818,13.5902500152588,233484000,13.5316314697266
"2020-10-26",13.4270000457764,13.6927499771118,13.0384998321533,13.1412496566772,336896000,13.084568977356
"2020-10-27",13.3059997558594,13.4420003890991,13.191499710083,13.3967504501343,250520000,13.3389673233032
"2020-10-28",13.1979999542236,13.2600002288818,12.6090002059937,12.6269998550415,376520000,12.5725374221802
"2020-10-29",12.8385000228882,13.1927499771118,12.75,13.0240001678467,320080000,12.9678239822388
"2020-10-30",12.8500003814697,12.9364995956421,12.3000001907349,12.5340003967285,416820000,12.4799385070801
"2020-11-02",12.6577501296997,12.8367500305176,12.3950004577637,12.5807504653931,299652000,12.5264854431152
"2020-11-03",12.7084999084473,13.1049995422363,12.6027498245239,13.0194997787476,272900000,12.963342666626
"2020-11-04",13.3892498016357,13.8275003433228,13.3369998931885,13.7942495346069,410228000,13.7347526550293
"2020-11-05",14.1625003814697,14.33899974823,13.9910001754761,14.1599998474121,319028000,14.0989227294922
"2020-11-06",14.1097497940063,14.5887498855591,13.8950004577637,14.5620002746582,383348000,14.4991903305054
"2020-11-09",14.5524997711182,14.691499710083,13.6107501983643,13.6307497024536,582976000,13.5719575881958
"2020-11-10",13.606499671936,13.606499671936,12.6282501220703,12.7700004577637,644068000,12.714919090271
"2020-11-11",13.053750038147,13.4350004196167,12.9482498168945,13.4180002212524,404744000,13.360125541687
"2020-11-12",13.4790000915527,13.7659997940063,13.3159999847412,13.4567499160767,365812000,13.3987092971802
"2020-11-13",13.6272497177124,13.6687498092651,13.0592498779297,13.2969999313354,346312000,13.2396469116211
"2020-11-16",13.1724996566772,13.6494998931885,13.1560001373291,13.5152502059937,413776000,13.456955909729
"2020-11-17",13.5524997711182,13.5962495803833,13.303750038147,13.4222497940063,312028000,13.3643560409546
"2020-11-18",13.4652500152588,13.6057500839233,13.1850004196167,13.428750038147,510924000,13.3708276748657
"2020-11-19",13.2127504348755,13.4875001907349,13.1000003814697,13.4402503967285,565936000,13.3822774887085
"2020-11-20",13.4540004730225,13.4945001602173,13.0649995803833,13.0877504348755,341088000,13.0312995910645
"2020-11-23",13.1712503433228,13.3824996948242,13.0155000686646,13.1400003433228,361356000,13.083324432373
"2020-11-24",13.1424999237061,13.1619997024536,12.8850002288818,12.9577503204346,346500000,12.9018592834473
"2020-11-25",13.0325002670288,13.2694997787476,13.0200004577637,13.2347497940063,259916000,13.1776676177979
"2020-11-27",13.375,13.4075002670288,13.1704998016357,13.2612495422363,167276000,13.2040491104126
"2020-11-30",13.2650003433228,13.4125003814697,12.9722499847412,13.40149974823,286952000,13.3436975479126
"2020-12-01",13.4922504425049,13.5287504196167,13.2282495498657,13.3900003433228,296948000,13.3322467803955
"2020-12-02",13.3505001068115,13.6735000610352,13.2342500686646,13.5445003509521,283360000,13.4860782623291
"2020-12-03",13.5874996185303,13.6599998474121,13.3290004730225,13.3959999084473,199520000,13.3421621322632
"2020-12-04",13.4484996795654,13.5600004196167,13.3887500762939,13.5582504272461,202244000,13.503758430481
"2020-12-07",13.6012496948242,13.7312498092651,13.5,13.6067495346069,223244000,13.5520639419556
"2020-12-08",13.585000038147,13.5987501144409,13.2814998626709,13.3500003814697,271920000,13.2963438034058
"2020-12-09",13.3004999160767,13.4139995574951,12.8682498931885,12.9307498931885,401300000,12.8787803649902
"2020-12-10",12.8690004348755,13.0687503814697,12.8494997024536,12.9722499847412,207764000,12.9201135635376
"2020-12-11",12.9672498703003,13.0200004577637,12.8229999542236,13.0132503509521,209264000,12.9609479904175
"2020-12-14",13.0880002975464,13.3887500762939,13.0775003433228,13.3087501525879,270156000,13.2552604675293
"2020-12-15",13.4397497177124,13.46399974823,13.1867504119873,13.3605003356934,193016000,13.3068027496338
"2020-12-16",13.4224996566772,13.4372501373291,13.2124996185303,13.2425003051758,223116000,13.1892766952515
"2020-12-17",13.3667497634888,13.3795003890991,13.1785001754761,13.3412504196167,231384000,13.2876329421997
"2020-12-18",13.378999710083,13.4049997329712,13.0705003738403,13.2720003128052,342064000,13.2186584472656
"2020-12-21",13.0747499465942,13.3699998855591,12.9674997329712,13.3322496414185,302332000,13.2786684036255
"2020-12-22",13.3192501068115,13.3372497558594,13.0539999008179,13.2782497406006,185580000,13.2248830795288
"2020-12-23",13.2559995651245,13.2749996185303,13.0050001144409,13.0092496871948,179144000,12.9569635391235
"2020-12-24",13.0372495651245,13.1324996948242,12.9387502670288,12.9937496185303,97884000,12.9415264129639
"2020-12-28",13.0625,13.0625,12.7632503509521,12.8999996185303,212564000,12.8481512069702
"2020-12-29",12.9250001907349,13.0725002288818,12.8422498703003,12.9432497024536,170372000,12.8912305831909
"2020-12-30",12.9902496337891,13.2137498855591,12.8967504501343,13.1457500457764,225396000,13.0929164886475
"2020-12-31",13.1365003585815,13.1510000228882,12.914999961853,13.0550003051758,192424000,13.0025320053101
"2021-01-04",13.1042499542236,13.6525001525879,12.9624996185303,13.1134996414185,560640000,13.0607967376709
"2021-01-05",13.0997495651245,13.4434995651245,13.0869998931885,13.4047498703003,322760000,13.3508739471436
"2021-01-06",13.2224998474121,13.2449998855591,12.5860004425049,12.6145000457764,580424000,12.5638036727905
"2021-01-07",12.9674997329712,13.3777503967285,12.8865003585815,13.3439998626709,461480000,13.2903680801392
"2021-01-08",13.3625001907349,13.4209995269775,13.0419998168945,13.2767496109009,292528000,13.2233905792236
"2021-01-11",13.4187498092651,13.9610004425049,13.3625001907349,13.6215000152588,518344000,13.5667552947998
"2021-01-12",13.7524995803833,13.7545003890991,13.3450002670288,13.4847497940063,291476000,13.4305534362793
"2021-01-13",13.4899997711182,13.625,13.3850002288818,13.5317497253418,210028000,13.4773654937744
"2021-01-14",13.5749998092651,13.5997495651245,13.1805000305176,13.200249671936,283120000,13.14719581604
"2021-01-15",13.2279996871948,13.325249671936,12.84850025177,12.8594999313354,277780000,12.8078165054321
"2021-01-19",13.0162496566772,13.0939998626709,12.8439998626709,13.0252504348755,226188000,12.9729013442993
"2021-01-20",13.1117496490479,13.4305000305176,13.0567502975464,13.3657503128052,258572000,13.3120307922363
"2021-01-21",13.4184999465942,13.9992504119873,13.2530002593994,13.8675003051758,337780000,13.8117656707764
"2021-01-22",13.7399997711182,13.8417501449585,13.6272497177124,13.7124996185303,246820000,13.6573877334595
"2021-01-25",13.7817497253418,13.8284997940063,13.236499786377,13.6532497406006,251112000,13.5983772277832
"2021-01-26",13.5804996490479,13.6447496414185,13.3874998092651,13.4352502822876,163980000,13.3812532424927
"2021-01-27",13.2299995422363,13.2327499389648,12.7937498092651,12.9177503585815,371272000,12.865834236145
"2021-01-28",12.9962501525879,13.339750289917,12.9604997634888,13.0509996414185,228316000,12.9985446929932
"2021-01-29",13.0749998092651,13.3347501754761,12.9114999771118,12.9897499084473,271552000,12.9375438690186
"2021-02-01",13.0532503128052,13.2707500457764,12.9027500152588,13.2370004653931,217204000,13.1837997436523
"2021-02-02",13.3987503051758,13.5719995498657,13.2854995727539,13.5567502975464,220440000,13.5022630691528
"2021-02-03",13.6359996795654,13.9317502975464,13.5165004730225,13.5305004119873,245408000,13.4761199951172
"2021-02-04",13.5310001373291,13.6735000610352,13.3377504348755,13.6642503738403,201340000,13.6093320846558
"2021-02-05",13.7250003814697,13.737250328064,13.5457496643066,13.5909996032715,169152000,13.5363740921021
"2021-02-08",13.7272500991821,14.4737501144409,13.7272500991821,14.4387502670288,434624000,14.3807182312012
"2021-02-09",14.3407497406006,14.5832500457764,14.2224998474121,14.2632503509521,287560000,14.2059268951416
"2021-02-10",14.4632501602173,14.9049997329712,14.3415002822876,14.7642498016357,485352000,14.7049083709717
"2021-02-11",14.9802503585815,15.2722501754761,14.9250001907349,15.2507495880127,450828000,15.1894559860229
"2021-02-12",15.0500001907349,15.2912502288818,14.7749996185303,14.9612503051758,374756000,14.9011192321777
"2021-02-16",15.0642499923706,15.3725004196167,14.9499998092651,15.330249786377,321960000,15.2686367034912
"2021-02-17",15.1709995269775,15.22350025177,14.7799997329712,14.9060001373291,274756000,14.8460922241211
"2021-02-18",14.7290000915527,14.8732500076294,14.5749998092651,14.8290004730225,233868000,14.7693996429443
"2021-02-19",15.0244998931885,15.1770000457764,14.8467502593994,14.9265003204346,271724000,14.8665103912354
"2021-02-22",14.7747497558594,15.1332502365112,14.3249998092651,14.3557500839233,325884000,14.2980527877808
"2021-02-23",14.075249671936,14.2387504577637,13.3894996643066,14.1420001983643,391780000,14.0851621627808
"2021-02-24",14.1227502822876,14.5067501068115,13.7559995651245,14.4989995956421,448320000,14.4407272338867
"2021-02-25",14.0454998016357,14.3747501373291,13.2162504196167,13.3074998855591,824436000,13.2540159225464
"2021-02-26",13.7524995803833,13.8544998168945,13.3610000610352,13.7145004272461,500932000,13.6593799591064
"2021-03-01",13.875,13.9250001907349,13.5532503128052,13.8417501449585,353184000,13.7861213684082
"2021-03-02",13.8999996185303,13.9204998016357,13.3959999084473,13.40625,264116000,13.352367401123
"2021-03-03",13.4262504577637,13.4514999389648,12.7987499237061,12.8047504425049,377592000,12.7532873153687
"2021-03-04",12.8007497787476,12.9750003814697,12.0837497711182,12.37024974823,573344000,12.3205327987671
"2021-03-05",12.5500001907349,12.5500001907349,11.6792497634888,12.4615001678467,542840000,12.4114141464233
"2021-03-08",12.4499998092651,12.4712495803833,11.566499710083,11.5932502746582,543112000,11.5466585159302
"2021-03-09",12.1302499771118,12.6167497634888,12.0592498779297,12.5202503204346,521824000,12.4742345809937
"2021-03-10",12.8404998779297,12.9799995422363,12.4575004577637,12.4682502746582,384376000,12.4224271774292
"2021-03-11",12.9499998092651,13.0462503433228,12.7344999313354,12.9934997558594,299916000,12.9457445144653
"2021-03-12",12.6482496261597,12.8887500762939,12.5900001525879,12.8559999465942,243964000,12.8087511062622
"2021-03-15",12.8647499084473,13.2067499160767,12.7672500610352,13.1912498474121,221988000,13.1427659988403
"2021-03-16",13.356499671936,13.5124998092651,13.1167497634888,13.2912502288818,272128000,13.2424020767212
"2021-03-17",13.0397500991821,13.4532499313354,12.9895000457764,13.3412504196167,243864000,13.292218208313
"2021-03-18",13.1365003585815,13.1840000152588,12.7170000076294,12.7224998474121,293896000,12.675742149353
"2021-03-19",12.75,12.9215002059937,12.6125001907349,12.8457498550415,299208000,12.7985391616821
"2021-03-22",12.9127502441406,13.3944997787476,12.9067497253418,13.1862497329712,297804000,13.1377868652344
"2021-03-23",13.2542495727539,13.3444995880127,13.0212497711182,13.0707502365112,222048000,13.0227136611938
"2021-03-24",13.1512498855591,13.1592502593994,12.6367502212524,12.6429996490479,245840000,12.5965347290039
"2021-03-25",12.4995002746582,12.714750289917,12.2720003128052,12.535249710083,295144000,12.4891777038574
"2021-03-26",12.5544996261597,12.8562498092651,12.3734998703003,12.8392496109009,363968000,12.7920627593994
"2021-03-29",12.8202495574951,13.0625,12.6999998092651,12.9482498168945,273520000,12.9006605148315
"2021-03-30",12.8420000076294,12.9752502441406,12.7049999237061,12.8717498779297,200204000,12.82444190979
"2021-03-31",13.0155000686646,13.4704999923706,12.9825000762939,13.3482503890991,314776000,13.2991905212402
"2021-04-01",13.5722503662109,13.8699998855591,13.5112495422363,13.8117504119873,308276000,13.7609872817993
"2021-04-05",13.8675003051758,14.0139999389648,13.7329998016357,13.9875001907349,255672000,13.936092376709
"2021-04-06",13.9997501373291,14.0542497634888,13.7735004425049,13.861499786377,191744000,13.8105535507202
"2021-04-07",13.8807497024536,14.2434997558594,13.7115001678467,14.143500328064,251284000,14.0915174484253
"2021-04-08",14.2527503967285,14.4715003967285,14.2489995956421,14.3170003890991,244416000,14.26438331604
"2021-04-09",14.21399974823,14.4079999923706,14.1750001907349,14.3999996185303,195172000,14.3470754623413
"2021-04-12",14.2897500991821,15.352499961853,14.1392498016357,15.2089996337891,869324000,15.1531019210815
"2021-04-13",15.231499671936,15.6999998092651,15.1257495880127,15.6794996261597,676212000,15.6218709945679
"2021-04-14",15.625,15.7204999923706,15.227499961853,15.2770004272461,385500000,15.2208518981934
"2021-04-15",15.6625003814697,16.2142505645752,15.6315002441406,16.1372509002686,598480000,16.0779399871826
"2021-04-16",16.05299949646,16.16575050354,15.8652496337891,15.9125003814697,335208000,15.8540182113647
"2021-04-19",15.5364999771118,15.8074998855591,15.2329998016357,15.3617496490479,404420000,15.305290222168
"2021-04-20",15.3232498168945,15.4969997406006,14.9630002975464,15.1712503433228,334132000,15.1154918670654
"2021-04-21",15.1187496185303,15.3625001907349,15.1022500991821,15.3605003356934,216776000,15.3040456771851
"2021-04-22",15.375,15.4385004043579,14.7834997177124,14.8502502441406,277788000,14.7956714630127
"2021-04-23",14.9342498779297,15.335000038147,14.9002504348755,15.2652502059937,227500000,15.2091474533081
"2021-04-26",15.1850004196167,15.4790000915527,15.125,15.4779996871948,197796000,15.4211111068726
"2021-04-27",15.5784997940063,15.6704998016357,15.3544998168945,15.3817501068115,164572000,15.3252201080322
"2021-04-28",15.3645000457764,15.5322504043579,15.2154998779297,15.2767496109009,209416000,15.2206029891968
"2021-04-29",15.3999996185303,15.4364995956421,15.0714998245239,15.3247499465942,173196000,15.2684297561646
"2021-04-30",15.1745004653931,15.3649997711182,14.9969997406006,15.0094995498657,201912000,14.9543352127075
"2021-05-03",15.125,15.2467498779297,14.7875003814697,14.8367500305176,203912000,14.7822217941284
"2021-05-04",14.6372499465942,14.6374998092651,14.0102500915527,14.3512496948242,405324000,14.2985038757324
"2021-05-05",14.7089996337891,14.8135004043579,14.3874998092651,14.4584999084473,292024000,14.4053592681885
"2021-05-06",14.49524974823,14.571249961853,14.2180004119873,14.5229997634888,193380000,14.4696226119995
"2021-05-07",14.8082504272461,14.9707498550415,14.6717500686646,14.8122501373291,229328000,14.7578125
"2021-05-10",14.7872495651245,14.8059997558594,14.25,14.2657499313354,268904000,14.2133197784424
"2021-05-11",13.8249998092651,14.3547496795654,13.75,14.3062496185303,285584000,14.2536687850952
"2021-05-12",14.0094995498657,14.2602500915527,13.7092504501343,13.7585000991821,303408000,13.707935333252
"2021-05-13",14.0337495803833,14.0807504653931,13.4589996337891,13.6652498245239,285404000,13.6150255203247
"2021-05-14",13.8900003433228,14.3280000686646,13.7484998703003,14.2430000305176,258616000,14.19065284729
"2021-05-17",14.1569995880127,14.1692495346069,13.8535003662109,14.1654996871948,216980000,14.1134386062622
"2021-05-18",14.2670001983643,14.4042501449585,14.003999710083,14.0157499313354,186256000,13.9642362594604
"2021-05-19",13.566499710083,14.0795001983643,13.5432500839233,14.0657501220703,3.44e+08,14.0140523910522
"2021-05-20",14.3024997711182,14.6837501525879,14.2705001831055,14.6125001907349,321592000,14.5587930679321
"2021-05-21",15.1637496948242,15.2220001220703,14.8695001602173,14.9917497634888,672992000,14.9366512298584
"2021-05-24",15.2124996185303,15.7449998855591,15.1759996414185,15.6120004653931,554816000,15.5546226501465
"2021-05-25",15.7659997940063,15.8184995651245,15.4825000762939,15.6477499008179,435408000,15.5902404785156
"2021-05-26",15.7342500686646,15.7937498092651,15.5862503051758,15.6999998092651,370440000,15.6422967910767
"2021-05-27",15.6997499465942,15.75,15.460000038147,15.4879999160767,581476000,15.431077003479
"2021-05-28",15.5010004043579,16.2775001525879,15.5010004043579,16.244499206543,644536000,16.1847972869873
"2021-06-01",16.2700004577637,16.3882503509521,15.9032497406006,16.2644996643066,472804000,16.2047214508057
"2021-06-02",16.2522506713867,16.9187507629395,16.2355003356934,16.7782497406006,594168000,16.716588973999
"2021-06-03",16.7007503509521,17.2590007781982,16.5830001831055,16.9697494506836,580008000,16.9073791503906
"2021-06-04",17.1124992370605,17.6609992980957,17.0955009460449,17.5782508850098,617120000,17.5136470794678
"2021-06-07",17.5712509155273,17.8125,17.1927509307861,17.6189994812012,575756000,17.5542469024658
"2021-06-08",17.527250289917,17.6215000152588,17.2509994506836,17.4570007324219,323848000,17.3928375244141
"2021-06-09",17.5157508850098,17.5750007629395,17.2557506561279,17.3582496643066,381656000,17.2984142303467
"2021-06-10",17.3500003814697,17.492000579834,17.1760005950928,17.4249992370605,287772000,17.3649425506592
"2021-06-11",17.4794998168945,17.9392509460449,17.4437503814697,17.8252506256104,416308000,17.7638092041016
"2021-06-14",17.9060001373291,18.0394992828369,17.6627502441406,18.0187492370605,321376000,17.9566402435303
"2021-06-15",17.9150009155273,18.0162506103516,17.7280006408691,17.7884998321533,243032000,17.7271842956543
"2021-06-16",17.79075050354,17.9547500610352,17.5844993591309,17.8102493286133,307124000,17.7488555908203
"2021-06-17",17.7744998931885,18.8349990844727,17.7562503814697,18.6572494506836,809656000,18.5929374694824
"2021-06-18",18.7840003967285,19.375,18.5839996337891,18.6387500762939,968856000,18.5745048522949
"2021-06-21",18.4352493286133,18.5365009307861,17.8227500915527,18.4272499084473,672384000,18.3637294769287
"2021-06-22",18.4715003967285,18.9637508392334,18.3859996795654,18.8867492675781,580144000,18.821647644043
"2021-06-23",19.0077495574951,19.1527500152588,18.9077491760254,19.0572490692139,332356000,18.9915618896484
"2021-06-24",19.2277507781982,19.4200000762939,19.088249206543,19.2054996490479,320924000,19.1392974853516
"2021-06-25",19.2805004119873,19.3455009460449,18.8945007324219,19.0310001373291,278364000,18.9653987884521
"2021-06-28",19.3612499237061,20.0787506103516,19.3190002441406,19.9850006103516,495436000,19.9161148071289
"2021-06-29",19.8824996948242,20.0987491607666,19.6569995880127,20.0267505645752,367632000,19.9577159881592
"2021-06-30",19.9992504119873,20.1625003814697,19.8637504577637,20.0025005340576,326568000,19.9335517883301
"2021-07-01",20.125,20.4559993743896,20.0189990997314,20.2119998931885,480136000,20.1423263549805
"2021-07-02",20.4402503967285,20.5052509307861,20.2877502441406,20.4869995117188,342764000,20.4163799285889
"2021-07-06",20.7374992370605,20.8419990539551,20.3502502441406,20.6984996795654,446708000,20.6271495819092
"2021-07-07",20.8535003662109,20.875,20.3320007324219,20.3717498779297,418428000,20.3015289306641
"2021-07-08",19.8565006256104,20.132999420166,19.7007503509521,19.9027500152588,503300000,19.8341522216797
"2021-07-09",19.9624996185303,20.080249786377,19.7542495727539,20.0502490997314,296624000,19.9811344146729
"2021-07-12",20.2399997711182,20.5327491760254,20.1877498626709,20.5125007629395,321984000,20.4417934417725
"2021-07-13",20.4004993438721,20.4612503051758,20.1140003204346,20.25,290708000,20.1801986694336
"2021-07-14",20.3577499389648,20.4177494049072,19.7527503967285,19.8414993286133,380100000,19.7731037139893
"2021-07-15",19.8117504119873,19.8470001220703,18.8584995269775,18.9662494659424,550564000,18.9008712768555
"2021-07-16",19.0305004119873,19.1569995880127,18.0729999542236,18.1609992980957,688224000,18.0984001159668
"2021-07-19",17.9152507781982,19.0419998168945,17.86549949646,18.7797508239746,749060000,18.7150211334229
"2021-07-20",18.7299995422363,18.8379993438721,18.1639995574951,18.6119995117188,434687000,18.5478439331055
"2021-07-21",18.8819999694824,19.5270004272461,18.742000579834,19.4099998474121,371017000,19.3430938720703
"2021-07-22",19.6420001983643,19.886999130249,19.2759990692139,19.5939998626709,323826000,19.5264587402344
"2021-07-23",19.6560001373291,19.7000007629395,19.25,19.5580005645752,195672000,19.4905815124512
"2021-07-26",19.3110008239746,19.4419994354248,18.9139995574951,19.2940006256104,203943000,19.2274990081787
"2021-07-27",19.2649993896484,19.6219997406006,18.7409992218018,19.2080001831055,248863000,19.1417922973633
"2021-07-28",19.3190002441406,19.6459999084473,18.9950008392334,19.5030002593994,202191000,19.4357757568359
"2021-07-29",19.5189990997314,19.8530006408691,19.3279991149902,19.6620006561279,190781000,19.5942249298096
"2021-07-30",19.4179992675781,19.6299991607666,19.2630004882812,19.4990005493164,183497000,19.4317874908447
"2021-08-02",19.7000007629395,19.9610004425049,19.3610000610352,19.75,217444000,19.6819248199463
"2021-08-03",19.7399997711182,20.2220001220703,19.2199993133545,19.8150005340576,301811000,19.746696472168
"2021-08-04",19.9899997711182,20.318000793457,19.8279991149902,20.2740001678467,231309000,20.2041149139404
"2021-08-05",20.5,20.7329998016357,20.3419990539551,20.636999130249,211435000,20.5658664703369
"2021-08-06",20.5240001678467,20.5699996948242,20.2099990844727,20.3659992218018,178497000,20.2957992553711
"2021-08-09",20.4459991455078,20.507999420166,20.1429996490479,20.2950000762939,146443000,20.2250423431396
"2021-08-10",20.32200050354,20.4300003051758,19.8349990844727,19.9360008239746,179238000,19.867280960083
"2021-08-11",20.0429992675781,20.048999786377,19.4300003051758,19.6989994049072,185925000,19.6310939788818
"2021-08-12",19.8700008392334,20.0289993286133,19.6200008392334,19.9050006866455,151652000,19.8363876342773
"2021-08-13",19.9050006866455,20.2140007019043,19.8509998321533,20.1879997253418,183063000,20.1184139251709
"2021-08-16",20.1350002288818,20.2870006561279,19.4529991149902,19.9500007629395,210876000,19.8812313079834
"2021-08-17",19.6849994659424,19.7700004577637,19.2670001983643,19.4580001831055,204585000,19.3909320831299
"2021-08-18",19.5,19.6340007781982,19,19.0400009155273,285913000,18.974365234375
"2021-08-19",19.4939994812012,20.4950008392334,18.761999130249,19.7980003356934,766555000,19.7297611236572
"2021-08-20",19.9909992218018,20.8649997711182,19.9330005645752,20.8159999847412,675741000,20.7442493438721
"2021-08-23",20.9710006713867,21.9969997406006,20.9500007629395,21.9580001831055,575807000,21.8823127746582
"2021-08-24",21.7530002593994,21.9589996337891,21.5349998474121,21.7929992675781,297299000,21.7178802490234
"2021-08-25",21.7369995117188,22.4699993133545,21.7220001220703,22.2129993438721,347701000,22.1364307403564
"2021-08-26",22.2000007629395,22.3400001525879,21.7900009155273,22.068000793457,237940000,21.9919338226318
"2021-08-27",22.1840000152588,22.7220001220703,22.1669998168945,22.6359996795654,304722000,22.5579738616943
"2021-08-30",22.8299999237061,23.0429992675781,22.5510005950928,22.6879997253418,262580000,22.6097888946533
"2021-08-31",22.6949996948242,22.6949996948242,22.1200008392334,22.3850002288818,259850000,22.311767578125
"2021-09-01",22.4850006103516,22.69700050354,22.3570003509521,22.4409999847412,201767000,22.3675918579102
"2021-09-02",22.5179996490479,22.5930004119873,22.2950000762939,22.3959999084473,187834000,22.3227386474609
"2021-09-03",22.3250007629395,22.9860000610352,22.2000007629395,22.8430004119873,280532000,22.7682781219482
"2021-09-07",22.8330001831055,22.8990001678467,22.5219993591309,22.6620006561279,198107000,22.5878639221191
"2021-09-08",22.5130004882812,22.6100006103516,21.9769992828369,22.3390007019043,254434000,22.2659244537354
"2021-09-09",22.3120002746582,22.5380001068115,22.1310005187988,22.1770000457764,196856000,22.1044502258301
"2021-09-10",22.3479995727539,22.6259994506836,22.2700004577637,22.4780006408691,248376000,22.404468536377
"2021-09-13",22.6840000152588,22.9640007019043,21.8579998016357,22.1520004272461,297500000,22.0795402526855
"2021-09-14",22.2749996185303,22.4099998474121,22.0860004425049,22.242000579834,199755000,22.169246673584
"2021-09-15",22.3090000152588,22.367000579834,21.9659996032715,22.3409996032715,166538000,22.2679176330566
"2021-09-16",22.1830005645752,22.2770004272461,21.9270000457764,22.242000579834,156033000,22.169246673584
"2021-09-17",22.2999992370605,22.3209991455078,21.8299999237061,21.8999996185303,294503000,21.8283576965332
"2021-09-20",21.1459999084473,21.4330005645752,20.6620006561279,21.113000869751,349440000,21.0439300537109
"2021-09-21",21.4169998168945,21.4249992370605,20.9500007629395,21.246000289917,204688000,21.1765003204346
"2021-09-22",21.3659992218018,21.9599990844727,21.1959991455078,21.9409999847412,268726000,21.8692245483398
"2021-09-23",22.1399993896484,22.5349998474121,21.8899993896484,22.4820003509521,248555000,22.4084568023682
"2021-09-24",22.0699996948242,22.1490001678467,21.8610000610352,22.0809993743896,217655000,22.008768081665
"2021-09-27",21.7099990844727,21.798999786377,21.3250007629395,21.6599998474121,245215000,21.5891494750977
"2021-09-28",21.2140007019043,21.4190006256104,20.6509990692139,20.6989994049072,343069000,20.6312847137451
"2021-09-29",20.9400005340576,21.0170001983643,20.4669990539551,20.5170001983643,218394000,20.4498825073242
"2021-09-30",20.7679996490479,21.0659999847412,20.6879997253418,20.7159996032715,221009000,20.6482334136963
"2021-10-01",20.75,20.8589992523193,20.2029991149902,20.742000579834,240978000,20.674144744873
"2021-10-04",20.503999710083,20.5419998168945,19.5550003051758,19.7320003509521,345635000,19.6674556732178
"2021-10-05",19.9500007629395,20.6480007171631,19.8540000915527,20.451000213623,279282000,20.3840980529785
"2021-10-06",20.1200008392334,20.7199993133545,20.0799999237061,20.7000007629395,297202000,20.6322860717773
"2021-10-07",21.0919990539551,21.32200050354,20.9720001220703,21.0750007629395,256919000,21.0060596466064
"2021-10-08",21.1009998321533,21.2059993743896,20.7749996185303,20.8309993743896,151258000,20.7628536224365
"2021-10-11",20.5750007629395,21.0629997253418,20.5109996795654,20.6949996948242,163388000,20.6272945404053
"2021-10-12",20.8279991149902,21.056999206543,20.5279998779297,20.6709995269775,162134000,20.6033802032471
"2021-10-13",20.9179992675781,20.9899997711182,20.7129993438721,20.9389991760254,180652000,20.8705062866211
"2021-10-14",21.2880001068115,21.7549991607666,21.1219997406006,21.746000289917,243589000,21.6748657226562
"2021-10-15",21.8099994659424,21.9309997558594,21.6620006561279,21.8619995117188,226994000,21.7904796600342
"2021-10-18",21.7490005493164,22.2910003662109,21.6439990997314,22.2220001220703,189494000,22.1493053436279
"2021-10-19",22.2759990692139,22.378999710083,22.0370006561279,22.2900009155273,161473000,22.2170886993408
"2021-10-20",22.3050003051758,22.4330005645752,21.9820003509521,22.1030006408691,146276000,22.0307006835938
"2021-10-21",22.0970001220703,22.7110004425049,22.0830001831055,22.6919994354248,187590000,22.617769241333
"2021-10-22",22.8229999542236,23.1299991607666,22.5610008239746,22.7259998321533,249384000,22.6516647338867
"2021-10-25",22.9729995727539,23.3549995422363,22.7700004577637,23.1660003662109,230235000,23.0902194976807
"2021-10-26",23.9890003204346,25.2590007781982,23.923999786377,24.7169990539551,485898000,24.6361446380615
"2021-10-27",24.4740009307861,25.0900001525879,24.2819995880127,24.451000213623,245990000,24.3710117340088
"2021-10-28",24.8780002593994,24.9500007629395,24.5230007171631,24.9409999847412,234204000,24.8594131469727
"2021-10-29",25.0009994506836,25.7089996337891,25,25.5669994354248,292503000,25.4833660125732
"2021-11-01",25.6490001678467,25.8939990997314,25.2269992828369,25.8269996643066,265740000,25.7425155639648
"2021-11-02",25.82200050354,26.67799949646,25.7999992370605,26.4009990692139,294112000,26.3146324157715
"2021-11-03",26.6700000762939,26.7840003967285,26.2350006103516,26.5979995727539,239910000,26.5109939575195
"2021-11-04",27.2290000915527,31.3649997711182,27.1180000305176,29.8010005950928,1153631000,29.7035102844238
"2021-11-05",30.1870002746582,31.3999996185303,29.4099998474121,29.7520008087158,851260000,29.6546745300293
"2021-11-08",30.1490001678467,31.1000003814697,29.9069995880127,30.8040008544922,503101000,30.7032318115234
"2021-11-09",32.2820014953613,32.310001373291,29.9640007019043,30.6569995880127,646746000,30.5567111968994
"2021-11-10",29.3560009002686,30.8500003814697,28.7779998779297,29.4589996337891,636206000,29.3626346588135
"2021-11-11",30.4680004119873,30.5900001525879,29.7770004272461,30.3899993896484,332172000,30.2905864715576
"2021-11-12",30.0100002288818,30.6800003051758,29.6299991607666,30.3899993896484,413054000,30.2905864715576
"2021-11-15",30.5520000457764,30.6439990997314,29.2469997406006,30.0249996185303,384909000,29.9267807006836
"2021-11-16",29.7590007781982,30.3899993896484,29.7059993743896,30.2029991149902,264484000,30.1041984558105
"2021-11-17",30.4179992675781,30.5090007781982,28.7999992370605,29.2609996795654,428508000,29.1652755737305
"2021-11-18",32.367000579834,32.7599983215332,31.3209991455078,31.6749992370605,781711000,31.571382522583
"2021-11-19",32.2430000305176,33.0880012512207,31.9050006866455,32.9850006103516,533867000,32.8770942687988
"2021-11-22",33.5169982910156,34.6469993591309,31.8999996185303,31.9559993743896,754335000,31.8514652252197
"2021-11-23",31.5349998474121,32.3600006103516,30.8799991607666,31.746000289917,532163000,31.6421527862549
"2021-11-24",31.4610004425049,32.8549995422363,30.92799949646,32.673999786377,435162000,32.5671119689941
"2021-11-26",32.5999984741211,32.7099990844727,31.3500003814697,31.5030002593994,283069000,31.3999462127686
"2021-11-29",32.3660011291504,33.4119987487793,32.0359992980957,33.3759994506836,454964000,33.2668266296387
"2021-11-30",33.1689987182617,33.3530006408691,31.8640003204346,32.6759986877441,622066000,32.5691070556641
"2021-12-01",33.2190017700195,33.2890014648438,31.3799991607666,31.4349994659424,484368000,31.3360061645508
"2021-12-02",31.2140007019043,32.4780006408691,31.0249996185303,32.1259994506836,472890000,32.024829864502
"2021-12-03",32,32.1290016174316,30.1299991607666,30.693000793457,544325000,30.5963401794434
"2021-12-06",29.8799991607666,30.2409992218018,28.0380001068115,30.0370006561279,658938000,29.9424076080322
"2021-12-07",30.9570007324219,32.4490013122559,30.6509990692139,32.4269981384277,593053000,32.3248748779297
"2021-12-08",31.9990005493164,32.2900009155273,31.4209995269775,31.826000213623,475551000,31.7257709503174
"2021-12-09",31.7339992523193,32.2050018310547,30.42799949646,30.4899997711182,488507000,30.3939819335938
"2021-12-10",31.1499996185303,31.3050003051758,29.8610000610352,30.1979999542236,488825000,30.102897644043
"2021-12-13",30.2490005493164,30.2940006256104,28.1159992218018,28.1609992980957,598344000,28.0723171234131
"2021-12-14",27.6989994049072,28.67799949646,27.25,28.3369998931885,667035000,28.2477588653564
"2021-12-15",28.3999996185303,30.5,27.8379993438721,30.4589996337891,698297000,30.3630790710449
"2021-12-16",31.1520004272461,31.1599998474121,28.0930004119873,28.386999130249,707366000,28.2976016998291
"2021-12-17",27.9850006103516,28.9220008850098,27.7600002288818,27.8010005950928,713758000,27.7134532928467
"2021-12-20",27.3050003051758,28.1439990997314,27.1450004577637,27.7189998626709,461847000,27.631706237793
"2021-12-21",28.3740005493164,29.1200008392334,27.4009990692139,29.0750007629395,524385000,28.9834442138672
"2021-12-22",28.8910007476807,29.5550003051758,28.4489994049072,29.3999996185303,395184000,29.3074169158936
"2021-12-23",29.7549991607666,30.0590000152588,29.4309997558594,29.6399993896484,343022000,29.5466575622559
"2021-12-27",29.6599998474121,31.0869998931885,29.6399993896484,30.9449996948242,403686000,30.8475475311279
"2021-12-28",31.3120002746582,31.3299999237061,30.011999130249,30.32200050354,420591000,30.2265167236328
"2021-12-29",30.2730007171631,30.5480003356934,29.3659992218018,30.0009994506836,343139000,29.9065189361572
"2021-12-30",29.8269996643066,30.4570007324219,29.5400009155273,29.5860004425049,308864000,29.492826461792
"2021-12-31",29.673999786377,30.0300006866455,29.3309993743896,29.4109992980957,266530000,29.3183822631836
"2022-01-03",29.8150005340576,30.7110004425049,29.7849998474121,30.121000289917,391547000,30.02614402771
"2022-01-04",30.2770004272461,30.4680004119873,28.3490009307861,29.2900009155273,527154000,29.1977596282959
"2022-01-05",28.9489994049072,29.4160003662109,27.5330009460449,27.6040000915527,498064000,27.517068862915
"2022-01-06",27.6399993896484,28.4379997253418,27.0650005340576,28.17799949646,454186000,28.0892639160156
"2022-01-07",28.1410007476807,28.4220008850098,27.056999206543,27.2469997406006,409939000,27.1611957550049
"2022-01-10",26.5809993743896,27.4689998626709,25.6439990997314,27.3999996185303,594681000,27.3137111663818
"2022-01-11",27.3229999542236,28.0650005340576,26.8390007019043,27.8169994354248,404089000,27.7294006347656
"2022-01-12",28.0669994354248,28.5949993133545,27.6079998016357,27.9990005493164,383413000,27.9108276367188
"2022-01-13",28.378999710083,28.4799995422363,26.4979991912842,26.5750007629395,540171000,26.4913082122803
"2022-01-14",26.2999992370605,27.19700050354,26.2099990844727,26.9419994354248,395832000,26.8571548461914
"2022-01-18",26.2600002288818,26.6380004882812,25.7700004577637,25.9029998779297,424270000,25.8214282989502
"2022-01-19",26.0790004730225,26.5429992675781,25.0520000457764,25.0669994354248,488315000,24.9880542755127
"2022-01-20",25.3040008544922,25.5790004730225,24.0779991149902,24.1499996185303,435181000,24.0739479064941
"2022-01-21",23.5069999694824,24.8229999542236,23.2630004882812,23.3740005493164,718958000,23.3003902435303
"2022-01-24",22.3299999237061,23.3799991607666,20.8880004882812,23.3719997406006,913982000,23.298397064209
"2022-01-25",22.5459995269775,22.943000793457,22,22.3239994049072,664616000,22.2536964416504
"2022-01-26",23.2399997711182,24.056999206543,22.2999992370605,22.7719993591309,755959000,22.7002830505371
"2022-01-27",23.568000793457,23.9950008392334,21.6749992370605,21.9440002441406,573353000,21.8748912811279
"2022-01-28",22.011999130249,22.8579998016357,21.2959995269775,22.8400001525879,543774000,22.7680721282959
"2022-01-31",23.181999206543,24.5090007781982,23.0520000457764,24.4860000610352,564680000,24.4088859558105
"2022-02-01",25.1040000915527,25.1450004577637,23.8899993896484,24.6380004882812,518925000,24.5604114532471
"2022-02-02",25.7940006256104,25.8169994354248,24.55299949646,25.242000579834,543419000,25.1625080108643
"2022-02-03",24.4580001831055,25.0769996643066,23.7800006866455,23.9479999542236,410178000,23.872579574585
"2022-02-04",23.9720001220703,24.6350002288818,23.6319999694824,24.3190002441406,354829000,24.2424125671387
"2022-02-07",24.3719997406006,25.181999206543,24.2019996643066,24.7280006408691,376868000,24.6501293182373
"2022-02-08",24.3589992523193,25.2299995422363,23.9799995422363,25.1079998016357,410359000,25.0289306640625
"2022-02-09",25.6219997406006,26.7250003814697,25.3530006408691,26.7049999237061,524282000,26.6209030151367
"2022-02-10",25.9950008392334,26.9249992370605,25.6000003814697,25.8239994049072,513200000,25.74267578125
"2022-02-11",25.9160003662109,26.1520004272461,23.7730007171631,23.9489994049072,605472000,23.8735790252686
"2022-02-14",23.9340000152588,24.875,23.7549991607666,24.2670001983643,440424000,24.190580368042
"2022-02-15",24.9489994049072,26.5450000762939,24.7840003967285,26.4950008392334,699869000,26.4115657806396
"2022-02-16",26.2590007781982,26.5820007324219,25.5520000457764,26.5109996795654,732676000,26.4275093078613
"2022-02-17",25.6299991607666,25.7849998474121,24.1650009155273,24.5069999694824,810595000,24.4298229217529
"2022-02-18",24.6679992675781,24.9860000610352,23.1000003814697,23.6420001983643,761255000,23.5675468444824
"2022-02-22",23.0349998474121,24.0639991760254,23,23.3899993896484,633422000,23.3163394927979
"2022-02-23",23.8020000457764,24.1550006866455,22.3010005950928,22.386999130249,566511000,22.3164958953857
"2022-02-24",21.0149993896484,23.7999992370605,20.8899993896484,23.7479991912842,735801000,23.6732139587402
"2022-02-25",23.7210006713867,24.2169990539551,23.3810005187988,24.1569995880127,528866000,24.0809268951416
"2022-02-28",23.992000579834,24.6650009155273,23.7070007324219,24.3850002288818,477319000,24.3082084655762
"2022-03-01",24.2910003662109,24.3770008087158,23.1319999694824,23.4769992828369,412056000,23.4030609130859
"2022-03-02",23.7560005187988,24.4090003967285,23.4150009155273,24.2199993133545,389642000,24.1478404998779
"2022-03-03",24.261999130249,24.326000213623,23.4689998626709,23.7140007019043,365095000,23.6433486938477
"2022-03-04",23.3840007781982,23.6800003051758,22.4820003509521,22.9360008239746,431415000,22.8676643371582
"2022-03-07",22.8169994354248,23.0330009460449,21.3299999237061,21.3519992828369,450821000,21.2883853912354
"2022-03-08",21.3090000152588,22.3729991912842,20.6499996185303,21.5139999389648,557467000,21.4499034881592
"2022-03-09",22.386999130249,23.2199993133545,22.2469997406006,23.0139999389648,492742000,22.9454307556152
"2022-03-10",22.5310001373291,22.7880001068115,21.8819999694824,22.6580009460449,428066000,22.5904941558838
"2022-03-11",23.0219993591309,23.1450004577637,22.0459995269775,22.1000003814697,367209000,22.034158706665
"2022-03-14",21.8689994812012,22.261999130249,21.1590003967285,21.3299999237061,385354000,21.2664489746094
"2022-03-15",21.5179996490479,23.0380001068115,21.32200050354,22.9729995727539,491996000,22.9045543670654
"2022-03-16",23.5,24.5970001220703,23.1720008850098,24.496000289917,671422000,24.4230194091797
"2022-03-17",24.1200008392334,24.8419990539551,23.9060001373291,24.7660007476807,471941000,24.6922130584717
"2022-03-18",24.798999786377,26.5690002441406,24.6240005493164,26.4529991149902,730719000,26.3741855621338
"2022-03-21",26.5069999694824,27.1520004272461,25.9669990539551,26.7339992523193,591727000,26.6543483734131
"2022-03-22",26.7269992828369,27.238000869751,26.07200050354,26.5240001678467,547007000,26.4449768066406
"2022-03-23",26.1259994506836,26.6119995117188,25.5750007629395,25.6340007781982,502120000,25.5576305389404
"2022-03-24",26.1660003662109,28.3199996948242,25.9069995880127,28.1499996185303,877379000,28.0661334991455
"2022-03-25",27.8859996795654,28.3579998016357,27.2709999084473,27.6919994354248,579016000,27.6094970703125
"2022-03-28",27.7560005187988,28.25,27.2059993743896,28.2189998626709,425494000,28.1349258422852
"2022-03-29",28.6949996948242,28.9459991455078,27.9799995422363,28.6560001373291,488984000,28.5706214904785
"2022-03-30",28.3040008544922,28.496000289917,27.5030002593994,27.6900005340576,463487000,27.6075000762939
"2022-03-31",27.7819995880127,28.2479991912842,27.2700004577637,27.2859992980957,523440000,27.2047061920166
"2022-04-01",27.375,27.496000289917,26.2670001983643,26.7119998931885,517235000,26.6324157714844
"2022-04-04",26.7280006408691,27.5580005645752,26.613000869751,27.3600006103516,397120000,27.2784824371338
"2022-04-05",27.253999710083,27.3190002441406,25.8199996948242,25.9309997558594,436615000,25.8537406921387
"2022-04-06",24.9340000152588,25.2999992370605,24.0030002593994,24.4069995880127,703833000,24.3342781066895
"2022-04-07",24.4409999847412,24.7220001220703,23.4780006408691,24.2080001831055,557992000,24.135871887207
"2022-04-08",23.9169998168945,23.9230003356934,23.0620002746582,23.1189994812012,524781000,23.0501194000244
"2022-04-11",22.2140007019043,22.3199996948242,21.6599998474121,21.9169998168945,575207000,21.8517017364502
"2022-04-12",22.5370006561279,22.7250003814697,21.2819995880127,21.503999710083,662258000,21.4399261474609
"2022-04-13",21.7280006408691,22.5,21.4549999237061,22.2029991149902,516943000,22.1368503570557
"2022-04-14",22.5049991607666,22.7770004272461,21.1630001068115,21.257999420166,569097000,21.1946640014648
"2022-04-18",21.2000007629395,22.0879993438721,21.0790004730225,21.7830009460449,525701000,21.7180995941162
"2022-04-19",21.7199993133545,22.3729991912842,21.3139991760254,22.1979999542236,512781000,22.1318683624268
"2022-04-20",22.5170001983643,22.6700000762939,21.2000007629395,21.4820003509521,468974000,21.4179954528809
"2022-04-21",21.7089996337891,22.3920001983643,20,20.1830005645752,656209000,20.1228694915771
"2022-04-22",20.30299949646,20.4860000610352,19.5,19.5149993896484,624713000,19.4568538665771
"2022-04-25",19.2019996643066,19.9449996948242,19.0960006713867,19.9020004272461,641566000,19.8427066802979
"2022-04-26",19.7180004119873,19.7880001068115,18.6700000762939,18.7880001068115,653143000,18.7320213317871
"2022-04-27",18.5979995727539,19.1669998168945,18.2900009155273,18.4150009155273,499460000,18.3601341247559
"2022-04-28",18.9669990539551,20.0370006561279,18.4899997711182,19.7819995880127,570327000,19.7230644226074
"2022-04-29",19.4020004272461,20.1280002593994,18.5170001983643,18.5470008850098,500435000,18.4917430877686
"2022-05-02",18.5410003662109,19.5739994049072,18.3910007476807,19.5330009460449,572049000,19.4748039245605
"2022-05-03",19.3999996185303,19.8250007629395,19.132999420166,19.6019992828369,475751000,19.5436000823975
"2022-05-04",19.9230003356934,20.3999996185303,18.7509994506836,20.3339996337891,648855000,20.273416519165
"2022-05-05",19.867000579834,19.9249992370605,18.5,18.8439998626709,626331000,18.7878589630127
"2022-05-06",18.7360000610352,19.511999130249,17.9899997711182,18.6749992370605,633297000,18.6193599700928
"2022-05-09",18.0340003967285,18.2549991607666,16.8269996643066,16.9500007629395,644455000,16.8994998931885
"2022-05-10",17.6889991760254,18.1979999542236,17.0249996185303,17.5949993133545,761474000,17.5425777435303
"2022-05-11",17.3470001220703,17.7530002593994,16.568000793457,16.6299991607666,670167000,16.5804500579834
"2022-05-12",16.2189998626709,16.7880001068115,15.5670003890991,16.1749992370605,708728000,16.1268081665039
"2022-05-13",16.7880001068115,17.92799949646,16.5930004119873,17.7059993743896,670437000,17.6532459259033
"2022-05-16",17.5090007781982,17.7880001068115,17.1060009002686,17.2639999389648,521446000,17.2125663757324
"2022-05-17",18.0739994049072,18.371000289917,17.6340007781982,18.1770000457764,585830000,18.1228446960449
"2022-05-18",17.7049999237061,18.1180000305176,16.8640003204346,16.9379997253418,545161000,16.8875389099121
"2022-05-19",16.9370002746582,17.6870002746582,16.7339992523193,17.1240005493164,621310000,17.0729827880859
"2022-05-20",17.3320007324219,17.4099998474121,15.7550001144409,16.6940002441406,739105000,16.6442642211914
"2022-05-23",16.2740001678467,16.9150009155273,16.1790008544922,16.8980007171631,639889000,16.8476524353027
"2022-05-24",16.5100002288818,16.5970001220703,15.7799997329712,16.1539993286133,588550000,16.1058692932129
"2022-05-25",16.0200004577637,17.1110000610352,16,16.9750003814697,781132000,16.9244289398193
"2022-05-26",16.0359992980957,18.0919990539551,16.0219993591309,17.8509998321533,996575000,17.797815322876
"2022-05-27",18.1860008239746,18.8810005187988,18.1000003814697,18.8110008239746,738379000,18.754955291748
"2022-05-31",18.9799995422363,19.2000007629395,18.3500003814697,18.6720008850098,664100000,18.6163673400879
"2022-06-01",18.7240009307861,19.05299949646,18.1219997406006,18.3199996948242,544514000,18.265417098999
"2022-06-02",18.2919998168945,19.6189994812012,18.1979999542236,19.5919990539551,648656000,19.5336265563965
"2022-06-03",19.0820007324219,19.3320007324219,18.5219993591309,18.7199993133545,598779000,18.6642265319824
"2022-06-06",19.1389999389648,19.3369998931885,18.5639991760254,18.7859992980957,422406000,18.7300262451172
"2022-06-07",18.4720001220703,19,18.1879997253418,18.9260005950928,388914000,18.8696136474609
"2022-06-08",18.798999786377,19.1800003051758,18.5349998474121,18.6480007171631,363252000,18.5963726043701
"2022-06-09",18.4810009002686,18.9330005645752,18.0410003662109,18.0480003356934,395574000,17.9980297088623
"2022-06-10",17.6000003814697,17.69700050354,16.8689994812012,16.9740009307861,465248000,16.9270076751709
"2022-06-13",16,16.3120002746582,15.6059999465942,15.6470003128052,604153000,15.6036796569824
"2022-06-14",15.7309999465942,16.0659999847412,15.4119997024536,15.8360004425049,469680000,15.7921571731567
"2022-06-15",16.0949993133545,16.8680000305176,15.9259996414185,16.5270004272461,563936000,16.4812393188477
"2022-06-16",15.8599996566772,15.9420003890991,15.4010000228882,15.6009998321533,545749000,15.557806968689
"2022-06-17",15.6479997634888,15.9949998855591,15.3280000686646,15.8800001144409,630334000,15.8360357284546
"2022-06-21",16.4750003814697,17.007999420166,16.4069995880127,16.5659999847412,483089000,16.5201358795166
"2022-06-22",16.2259998321533,16.6620006561279,16.1800003051758,16.3600006103516,437135000,16.3147087097168
"2022-06-23",16.5189990997314,16.5849990844727,15.8529996871948,16.2250003814697,463680000,16.1800804138184
"2022-06-24",16.5,17.1399993896484,16.3099994659424,17.1259994506836,472153000,17.0785865783691
"2022-06-27",17.3120002746582,17.3299999237061,16.6259994506836,16.8689994812012,427968000,16.8222980499268
"2022-06-28",16.8999996185303,17.2019996643066,15.9449996948242,15.9820003509521,461149000,15.9377546310425
"2022-06-29",15.8140001296997,15.8199996948242,15.1700000762939,15.5419998168945,482352000,15.4989709854126
"2022-06-30",15.3610000610352,15.5670003890991,14.8620004653931,15.1590003967285,686070000,15.1170320510864
"2022-07-01",14.8990001678467,15.0629997253418,14.3920001983643,14.5229997634888,577610000,14.4827899932861
"2022-07-05",14.1750001907349,14.9709997177124,14.0550003051758,14.96399974823,651397000,14.9225702285767
"2022-07-06",15.0100002288818,15.3190002441406,14.7889995574951,15.1300001144409,529066000,15.0881128311157
"2022-07-07",15.456000328064,15.9449996948242,15.3889999389648,15.8579998016357,492903000,15.8140964508057
"2022-07-08",15.4300003051758,16.0370006561279,15.3889999389648,15.8380002975464,467972000,15.7941522598267
"2022-07-11",15.5260000228882,15.5270004272461,15.0380001068115,15.1520004272461,437321000,15.110050201416
"2022-07-12",15.2679996490479,15.4309997558594,14.8769998550415,15.0819997787476,458483000,15.040244102478
"2022-07-13",14.5900001525879,15.375,14.4650001525879,15.1639995574951,521918000,15.1220149993896
"2022-07-14",15.1079998016357,15.4729995727539,14.7279996871948,15.3719997406006,456235000,15.3294410705566
"2022-07-15",15.6590003967285,15.7819995880127,15.4449996948242,15.7620000839233,385935000,15.7183609008789
"2022-07-18",16.3020000457764,16.8969993591309,16.0020008087158,16.1009998321533,670517000,16.0564212799072
"2022-07-19",16.4860000610352,17.1100006103516,16.1720008850098,16.992000579834,702366000,16.9449558258057
"2022-07-20",16.94700050354,17.9330005645752,16.8010005950928,17.806999206543,760538000,17.757698059082
"2022-07-21",17.8850002288818,18.1439990997314,17.5450000762939,18.0499992370605,557049000,18.0000267028809
"2022-07-22",17.8929996490479,17.9669990539551,17.136999130249,17.3190002441406,536671000,17.2710514068604
"2022-07-25",17.0189990997314,17.1240005493164,16.6490001678467,17.0240001678467,480748000,16.9768657684326
"2022-07-26",16.8889999389648,16.9190006256104,16.4780006408691,16.5330009460449,397865000,16.4872245788574
"2022-07-27",17.0319995880127,17.9360008239746,16.9130001068115,17.7900009155273,569776000,17.7407474517822
"2022-07-28",17.9750003814697,18.1399993896484,17.4400005340576,17.9839992523193,474646000,17.934211730957
"2022-07-29",17.8129997253418,18.2439994812012,17.6919994354248,18.1630001068115,435460000,18.1127128601074
"2022-08-01",18.181999206543,18.8460006713867,17.9899997711182,18.4409999847412,476469000,18.3899459838867
"2022-08-02",18.1219997406006,18.9379997253418,18.0919990539551,18.5259990692139,489527000,18.4747085571289
"2022-08-03",18.1840000152588,18.9680004119873,18.136999130249,18.8929996490479,418146000,18.8406887054443
"2022-08-04",18.8490009307861,19.2740001678467,18.7600002288818,19.2150001525879,409652000,19.1618022918701
"2022-08-05",18.8099994659424,19.2290000915527,18.6660003662109,18.9890003204346,386068000,18.936429977417
"2022-08-08",17.5020008087158,18.2390003204346,17.242000579834,17.7929992675781,981859000,17.7437343597412
"2022-08-09",17.2520008087158,17.44700050354,16.7240009307861,17.0860004425049,668263000,17.0386981964111
"2022-08-10",17.6979999542236,18.1180000305176,17.3169994354248,18.0970001220703,597422000,18.0468978881836
"2022-08-11",18.1310005187988,18.7070007324219,17.8759994506836,17.9419994354248,509327000,17.8923244476318
"2022-08-12",18.1599998474121,18.7180004119873,17.9529991149902,18.7089996337891,478094000,18.6572017669678
"2022-08-15",18.701000213623,19.1639995574951,18.613000869751,19.0319995880127,457666000,18.9793033599854
"2022-08-16",18.9200000762939,19.1420001983643,18.5009994506836,18.878999710083,451240000,18.826732635498
"2022-08-17",18.5230007171631,18.6879997253418,18.1450004577637,18.3349990844727,446799000,18.2842350006104
"2022-08-18",18.3010005950928,18.8649997711182,18.1830005645752,18.7730007171631,415447000,18.7210273742676
"2022-08-19",18.4060001373291,18.5200004577637,17.7700004577637,17.8490009307861,441588000,17.7995834350586
"2022-08-22",17.4899997711182,17.5580005645752,16.9659996032715,17.0340003967285,409593000,16.9868412017822
"2022-08-23",16.9890003204346,17.4650001525879,16.9699993133545,17.1809997558594,369986000,17.133430480957
"2022-08-24",17.011999130249,17.4060001373291,16.8950004577637,17.2220001220703,522661000,17.1743183135986
"2022-08-25",16.8439998626709,17.94700050354,16.8330001831055,17.9130001068115,770691000,17.8634071350098
"2022-08-26",17.8570003509521,17.923999786377,16.2369995117188,16.2600002288818,769127000,16.2149829864502
"2022-08-29",16.0200004577637,16.3379993438721,15.7670001983643,15.8009996414185,496132000,15.7572536468506
"2022-08-30",15.960000038147,16.0389995574951,15.1820001602173,15.4680004119873,530181000,15.4251756668091
"2022-08-31",15.3839998245239,15.539999961853,14.9589996337891,15.0939998626709,573710000,15.0522117614746
"2022-09-01",14.2089996337891,14.3800001144409,13.2700004577637,13.9370002746582,1178865000,13.8984146118164
"2022-09-02",14.1000003814697,14.1709995269775,13.5909996032715,13.6470003128052,743157000,13.6092157363892
"2022-09-06",13.7309999465942,13.7790002822876,13.3509998321533,13.4650001525879,535751000,13.4277210235596
"2022-09-07",13.5629997253418,13.8380002975464,13.3459997177124,13.71399974823,512657000,13.6800947189331
"2022-09-08",13.4589996337891,14.0080003738403,13.3690004348755,13.9899997711182,624873000,13.9554119110107
"2022-09-09",14.1569995880127,14.4739999771118,14.1260004043579,14.3870000839233,486612000,14.351432800293
"2022-09-12",14.3690004348755,14.5469999313354,14.1979999542236,14.5050001144409,484159000,14.4691400527954
"2022-09-13",13.8020000457764,13.9219999313354,13.0989999771118,13.1309995651245,714956000,13.0985355377197
"2022-09-14",13.253999710083,13.289999961853,12.9130001068115,13.1280002593994,588507000,13.0955448150635
"2022-09-15",13.0150003433228,13.2329998016357,12.789999961853,12.9289999008179,523625000,12.8970355987549
"2022-09-16",12.7419996261597,13.2119998931885,12.6169996261597,13.1979999542236,670751000,13.1653699874878
"2022-09-19",13.0120000839233,13.4630002975464,13.0100002288818,13.3819999694824,569685000,13.348916053772
"2022-09-20",13.2150001525879,13.4829998016357,13.0570001602173,13.1759996414185,524818000,13.143424987793
"2022-09-21",13.2130002975464,14.0310001373291,13.1099996566772,13.2609996795654,807679000,13.2282161712646
"2022-09-22",13.0699996948242,13.1490001678467,12.4280004501343,12.5609998703003,759162000,12.5299453735352
"2022-09-23",12.4200000762939,12.6110000610352,12.2569999694824,12.5159997940063,663309000,12.4850578308105
"2022-09-26",12.4910001754761,12.6590003967285,12.21399974823,12.2279996871948,547343000,12.1977701187134
"2022-09-27",12.5069999694824,12.7360000610352,12.2580003738403,12.4130001068115,553854000,12.3823118209839
"2022-09-28",12.4099998474121,12.8229999542236,12.3540000915527,12.7360000610352,542414000,12.7045135498047
"2022-09-29",12.4479999542236,12.5,11.9460000991821,12.2200002670288,532763000,12.189790725708
"2022-09-30",12.0869998931885,12.6330003738403,12.0749998092651,12.1389999389648,565638000,12.1089897155762
"2022-10-03",12.3470001220703,12.6780004501343,12.1049995422363,12.5120000839233,547478000,12.4810676574707
"2022-10-04",12.878999710083,13.2200002670288,12.878999710083,13.1669998168945,584182000,13.1344499588013
"2022-10-05",12.91100025177,13.3210000991821,12.621000289917,13.2089996337891,507131000,13.176344871521
"2022-10-06",13.2200002670288,13.6560001373291,13.1029996871948,13.1300001144409,644157000,13.0975389480591
"2022-10-07",12.5050001144409,12.6700000762939,12.0220003128052,12.076000213623,672478000,12.0461463928223
"2022-10-10",12.0369997024536,12.1239995956421,11.4079999923706,11.6700000762939,698699000,11.6411466598511
"2022-10-11",11.5609998703003,11.8459997177124,11.2829999923706,11.5860004425049,667482000,11.5573577880859
"2022-10-12",11.5790004730225,11.7349996566772,11.3450002670288,11.5,492590000,11.4715690612793
"2022-10-13",10.9709997177124,12.0780000686646,10.8129997253418,11.960000038147,850103000,11.9304323196411
"2022-10-14",12.0570001602173,12.1110000610352,11.2040004730225,11.2270002365112,713432000,11.1992444992065
"2022-10-17",11.5179996490479,11.9479999542236,11.5170001983643,11.8879995346069,580774000,11.8586101531982
"2022-10-18",12.3439998626709,12.4919996261597,11.6180000305176,11.9670000076294,659362000,11.9374141693115
"2022-10-19",11.878999710083,12.3500003814697,11.8339996337891,12.0509996414185,523131000,12.0212059020996
"2022-10-20",12.1129999160767,12.7690000534058,12.1049995422363,12.1940002441406,652398000,12.1638517379761
"2022-10-21",12.0979995727539,12.4980001449585,11.8870000839233,12.4659996032715,609494000,12.4351797103882
"2022-10-24",12.5080003738403,12.710000038147,12.0640001296997,12.5989999771118,517457000,12.567852973938
"2022-10-25",12.6940002441406,13.3000001907349,12.6639995574951,13.2609996795654,505482000,13.2282161712646
"2022-10-26",12.8690004348755,13.3879995346069,12.7080001831055,12.8959999084473,532953000,12.8641176223755
"2022-10-27",13.6300001144409,13.8380002975464,13.1219997406006,13.1759996414185,583113000,13.143424987793
"2022-10-28",13.1040000915527,13.8500003814697,13.0609998703003,13.8339996337891,521040000,13.7997961044312
"2022-10-31",13.7779998779297,13.8380002975464,13.2969999313354,13.4969997406006,486341000,13.4636316299438
"2022-11-01",13.8109998703003,13.9250001907349,13.5190000534058,13.5430002212524,432817000,13.5095176696777
"2022-11-02",13.8500003814697,14.210000038147,13.2110004425049,13.2189998626709,672628000,13.186318397522
"2022-11-03",13.0430002212524,13.7810001373291,12.956000328064,13.4209995269775,500065000,13.3878202438354
"2022-11-04",13.9860000610352,14.2290000915527,13.6969995498657,14.1560001373291,612576000,14.1210021972656
"2022-11-07",14.2279996871948,14.4119997024536,13.9540004730225,14.3009996414185,410061000,14.2656450271606
"2022-11-08",14.8009996414185,14.8909997940063,14.2159996032715,14.6020002365112,595292000,14.565899848938
"2022-11-09",14.1619997024536,14.2110004425049,13.7589998245239,13.7760000228882,454414000,13.7419424057007
"2022-11-10",14.8000001907349,15.7729997634888,14.5469999313354,15.75,700819000,15.7110624313354
"2022-11-11",15.8070001602173,16.3889999389648,15.4820003509521,16.3269996643066,655487000,16.2866344451904
"2022-11-14",16.2180004119873,16.5400009155273,15.9219999313354,16.2950000762939,527852000,16.2547149658203
"2022-11-15",16.7220001220703,16.9979991912842,16.3819999694824,16.6660003662109,545876000,16.6247959136963
"2022-11-16",16.1620006561279,16.3619995117188,15.8730001449585,15.9099998474121,649547000,15.8706655502319
"2022-11-17",15.7150001525879,16.2660007476807,15.5349998474121,15.6770000457764,710894000,15.6382427215576
"2022-11-18",15.9659996032715,16.0020008087158,15.1199998855591,15.4090003967285,492072000,15.3709058761597
"2022-11-21",15.1470003128052,15.4770002365112,15.0799999237061,15.3170003890991,404739000,15.2791309356689
"2022-11-22",15.3280000686646,16.0580005645752,15.1219997406006,16.0380001068115,472866000,15.9983501434326
"2022-11-23",16.0979995727539,16.5270004272461,16.0480003356934,16.5189990997314,427241000,16.4781646728516
"2022-11-25",16.318000793457,16.4869995117188,16.1720008850098,16.2700004577637,167934000,16.2297782897949
"2022-11-28",16.0259990692139,16.3570003509521,15.7250003814697,15.8269996643066,303741000,15.7878704071045
"2022-11-29",15.8269996643066,15.9320001602173,15.5200004577637,15.6389999389648,298384000,15.6003351211548
"2022-11-30",15.6969995498657,16.9300003051758,15.5970001220703,16.9230003356934,565298000,16.8854808807373
"2022-12-01",16.9990005493164,17.2649993896484,16.6350002288818,17.1350002288818,470977000,17.0970039367676
"2022-12-02",16.6590003967285,16.9330005645752,16.4449996948242,16.8759994506836,371389000,16.8385829925537
"2022-12-05",16.6790008544922,16.9950008392334,16.4720001220703,16.6100006103516,352255000,16.5731754302979
"2022-12-06",16.5300006866455,16.5729999542236,15.8190002441406,15.9870004653931,352694000,15.9515562057495
"2022-12-07",15.7720003128052,16.1860008239746,15.6669998168945,16.1200008392334,372388000,16.0842609405518
"2022-12-08",16.2730007171631,17.1790008544922,15.9589996337891,17.1690006256104,515456000,17.1309356689453
"2022-12-09",17.1599998474121,17.5830001831055,16.9750003814697,17.0009994506836,465338000,16.9633045196533
"2022-12-12",17.0370006561279,17.5380001068115,16.7970008850098,17.5349998474121,457328000,17.4961280822754
"2022-12-13",18.5310001373291,18.7900009155273,17.7110004425049,18.07200050354,656589000,18.0319347381592
"2022-12-14",17.9869995117188,18.2520008087158,17.4200000762939,17.673999786377,496888000,17.6348171234131
"2022-12-15",17.1459999084473,17.3199996948242,16.7000007629395,16.9519996643066,478542000,16.9144172668457
"2022-12-16",16.8640003204346,17.0410003662109,16.4099998474121,16.5709991455078,478232000,16.5342559814453
"2022-12-19",16.57200050354,16.6089992523193,16.1450004577637,16.253999710083,354039000,16.2179622650146
"2022-12-20",16.0639991760254,16.3099994659424,15.8520002365112,16.0849990844727,403260000,16.0493392944336
"2022-12-21",16.1140003204346,16.6270008087158,16.1019992828369,16.5009994506836,325025000,16.4644203186035
"2022-12-22",16.0939998626709,16.1380004882812,14.8819999694824,15.33899974823,565045000,15.3049917221069
"2022-12-23",15.1960000991821,15.33899974823,14.8830003738403,15.206000328064,349326000,15.172287940979
"2022-12-27",15.0740003585815,15.1000003814697,14.0559997558594,14.121000289917,464902000,14.0896921157837
"2022-12-28",13.9270000457764,14.2620000839233,13.8839998245239,14.03600025177,351066000,14.0048809051514
"2022-12-29",14.4020004272461,14.6829996109009,14.2270002365112,14.6029996871948,354923000,14.5706233978271
"2022-12-30",14.3339996337891,14.628999710083,14.2329998016357,14.6140003204346,310490000,14.581600189209
