"Date","PFE.Open","PFE.High","PFE.Low","PFE.Close","PFE.Volume","PFE.Adjusted"
"2019-01-02",40.910816192627,41.2713470458984,40.4554061889648,41.0341567993164,26430315,28.323169708252
"2019-01-03",41.0246696472168,41.1195449829102,39.8007583618164,39.8861465454102,28503533,27.5307807922363
"2019-01-04",40.2656555175781,41.1290321350098,40.0948753356934,40.7969627380371,27145348,28.1594486236572
"2019-01-07",40.8633766174316,41.3852005004883,40.6641387939453,41.0151786804199,20995469,28.3100738525391
"2019-01-08",41.3282737731934,41.4611015319824,40.9392776489258,41.2049331665039,19677231,28.441047668457
"2019-01-09",41.2333984375,41.4326362609863,40.9867172241211,41.1195449829102,20107580,28.3821067810059
"2019-01-10",41.0056915283203,41.0151786804199,39.8766593933105,40.1423149108887,39731162,27.7075881958008
"2019-01-11",40.1612892150879,40.6831130981445,39.9905128479004,40.6831130981445,21064506,28.0808658599854
"2019-01-14",40.3700180053711,40.4459190368652,40.0094871520996,40.1992416381836,17605173,27.746883392334
"2019-01-15",40.4174575805664,41.0246696472168,40.2561683654785,40.5407981872559,25865371,27.9826374053955
"2019-01-16",40.4079704284668,40.5977210998535,39.8766593933105,39.9525604248047,30169380,27.5766124725342
"2019-01-17",39.8007583618164,40.4743843078613,39.6869087219238,40.294116973877,24177284,27.8123722076416
"2019-01-18",40.6641387939453,40.6831130981445,40.0948753356934,40.3510437011719,38618455,27.8516674041748
"2019-01-22",40.237190246582,40.5028457641602,39.7817840576172,40.104362487793,29444122,27.6814022064209
"2019-01-23",39.8387107849121,40.0379524230957,39.4212532043457,40,24462813,27.6093654632568
"2019-01-24",39.6394691467285,39.6489562988281,38.5388984680176,38.851993560791,34394023,26.8169708251953
"2019-01-25",38.9943084716797,39.1366233825684,38.4345359802246,38.5578765869141,35862455,26.6139640808105
"2019-01-28",38.425048828125,38.4535102844238,37.4573059082031,37.5047454833984,39329694,25.8870506286621
"2019-01-29",37.4762802124023,38.7571144104004,37.4478187561035,38.6812133789062,51376808,26.699089050293
"2019-01-30",38.6812133789062,39.6110076904297,38.6432647705078,39.4497146606445,36067880,27.2295417785645
"2019-01-31",39.2599601745605,40.4364318847656,39.2314987182617,40.2751426696777,40927452,28.0420665740967
"2019-02-01",40.6736221313477,40.910816192627,40.3700180053711,40.6831130981445,27239681,28.3261203765869
"2019-02-04",40.6451606750488,40.6451606750488,39.810245513916,40.2656555175781,19426485,28.0354595184326
"2019-02-05",40.2561683654785,40.5407981872559,39.9051246643066,39.9525604248047,21127641,27.817455291748
"2019-02-06",39.7722969055176,40.1992416381836,39.6489562988281,40.1612892150879,16450410,27.9627857208252
"2019-02-07",39.9525604248047,39.9905128479004,39.0986709594727,39.5635681152344,24248008,27.5466232299805
"2019-02-08",39.4022789001465,40.0759010314941,39.3643264770508,40.0664138793945,27500125,27.896728515625
"2019-02-11",40.1138534545898,40.1423149108887,39.38330078125,39.5445938110352,27102134,27.5334148406982
"2019-02-12",39.573055267334,39.8576850891113,39.2694511413574,39.7248573303223,30540177,27.6589241027832
"2019-02-13",39.7722969055176,39.9051246643066,39.2694511413574,39.5635681152344,24757195,27.5466232299805
"2019-02-14",39.5635681152344,39.9620475769043,39.4876670837402,39.8197326660156,19864949,27.7249755859375
"2019-02-15",40.2087287902832,40.3320693969727,39.9240989685059,40.2277030944824,19168993,28.0090370178223
"2019-02-19",40.0759010314941,40.6641387939453,40.0284614562988,40.4174575805664,24432985,28.1411437988281
"2019-02-20",40.3510437011719,40.3795051574707,39.7817840576172,40.0379524230957,27354884,27.8769187927246
"2019-02-21",39.8671722412109,40.1518020629883,39.7153701782227,39.9810256958008,19611883,27.8372840881348
"2019-02-22",40.1328277587891,40.9203033447266,40.0569267272949,40.7590141296387,24779329,28.3789691925049
"2019-02-25",40.8349151611328,41.148006439209,40.7400398254395,40.8728637695312,25274815,28.4582366943359
"2019-02-26",40.7590141296387,41.0151786804199,40.6072120666504,40.8159408569336,16548959,28.4186058044434
"2019-02-27",40.7779884338379,41.0056915283203,40.61669921875,40.7305488586426,16475074,28.3591480255127
"2019-02-28",40.7495269775391,41.5370025634766,40.6736221313477,41.1290321350098,39002427,28.6365985870361
"2019-03-01",41.3757133483887,41.5464897155762,41.0721054077148,41.1385192871094,26667781,28.6431980133057
"2019-03-04",41.2144203186035,41.3567352294922,40.6831130981445,40.8633766174316,22805820,28.451623916626
"2019-03-05",40.8823547363281,41.0341567993164,40.6546478271484,40.6926002502441,26529812,28.3327217102051
"2019-03-06",40.6261863708496,40.6736221313477,39.4876670837402,39.7153701782227,22410359,27.6523151397705
"2019-03-07",39.7153701782227,39.7438316345215,39.1366233825684,39.2694511413574,29046132,27.3418407440186
"2019-03-08",39.2125244140625,39.3168869018555,38.2732467651367,38.7950668334961,31306119,27.0115547180176
"2019-03-11",38.9943084716797,39.3927879333496,38.7096786499023,39.3738136291504,29161545,27.4145050048828
"2019-03-12",39.5635681152344,39.7722969055176,39.2504730224609,39.5920295715332,24170539,27.5664386749268
"2019-03-13",39.7248573303223,39.9715385437012,39.4212532043457,39.8576850891113,23715316,27.7513999938965
"2019-03-14",39.8481979370117,39.9240989685059,39.0227699279785,39.0796966552734,32119596,27.2097187042236
"2019-03-15",39.1176452636719,39.7343444824219,38.7666015625,39.6394691467285,74768652,27.5994701385498
"2019-03-18",39.6299819946289,39.9146118164062,39.5161285400391,39.6679306030273,18994345,27.6192855834961
"2019-03-19",39.8197326660156,40.2561683654785,39.6110076904297,40.1328277587891,26403227,27.9429740905762
"2019-03-20",40.0379524230957,40.2277030944824,39.6394691467285,40.0094871520996,23499035,27.8571033477783
"2019-03-21",39.7817840576172,40.4554061889648,39.7248573303223,40.1802673339844,24262553,27.9759998321533
"2019-03-22",40.0379524230957,40.4364318847656,39.6869087219238,39.705883026123,19620105,27.6457118988037
"2019-03-25",39.6679306030273,39.9905128479004,39.5351028442383,39.7438316345215,19823316,27.6721286773682
"2019-03-26",40.0379524230957,40.5123329162598,39.9715385437012,40.2466773986816,20849279,28.0222454071045
"2019-03-27",40.1707763671875,40.4554061889648,39.7722969055176,39.8671722412109,19455048,27.7580070495605
"2019-03-28",40.0189743041992,40.1992416381836,39.9051246643066,40.1233406066895,16915541,27.9363689422607
"2019-03-29",40.2277030944824,40.3984832763672,40.0284614562988,40.294116973877,21681834,28.0552768707275
"2019-04-01",40.3984832763672,40.7400398254395,40.3700180053711,40.6451606750488,20345046,28.2996921539307
"2019-04-02",40.7495269775391,40.9677429199219,40.5502853393555,40.7115745544434,18625129,28.3459320068359
"2019-04-03",40.7874755859375,40.8633766174316,40.3700180053711,40.6451606750488,16200402,28.2996921539307
"2019-04-04",40.5977210998535,40.721061706543,40.322582244873,40.5502853393555,12990972,28.2336311340332
"2019-04-05",40.7779884338379,41.0626182556152,40.6926002502441,40.7874755859375,15559043,28.398775100708
"2019-04-08",40.8633766174316,41.0626182556152,40.7115745544434,40.9297904968262,15410323,28.4978656768799
"2019-04-09",40.7779884338379,40.7969627380371,40.3984832763672,40.6451606750488,18825072,28.2996921539307
"2019-04-10",40.721061706543,40.721061706543,40.4648971557617,40.5407981872559,13202615,28.227029800415
"2019-04-11",40.5977210998535,40.6356735229492,39.8387107849121,40.104362487793,20214877,27.9231567382812
"2019-04-12",40.1707763671875,40.1707763671875,39.4497146606445,39.573055267334,21338546,27.5532207489014
"2019-04-15",39.7153701782227,39.9620475769043,39.3453521728516,39.9335861206055,18362788,27.8042545318604
"2019-04-16",40.0569267272949,40.1328277587891,38.7381401062012,38.8235282897949,27506976,27.0313529968262
"2019-04-17",38.8045539855957,38.8994293212891,37.3719177246094,37.8368110656738,42412117,26.3443393707275
"2019-04-18",37.8842506408691,37.8842506408691,36.4516143798828,37.3624305725098,50579774,26.0140533447266
"2019-04-22",37.0303611755371,37.4762802124023,36.8216323852539,36.9829216003418,31018904,25.7498092651367
"2019-04-23",37.087287902832,37.6091079711914,36.8880462646484,37.4003791809082,26672102,26.0404720306396
"2019-04-24",37.4762802124023,37.6091079711914,37.1537017822266,37.3529396057129,21196994,26.007438659668
"2019-04-25",37.2390899658203,37.7893753051758,37.1631889343262,37.5806465148926,18130065,26.165979385376
"2019-04-26",37.6375694274902,37.9411773681641,37.4288444519043,37.9221992492676,20053193,26.4037971496582
"2019-04-29",37.9221992492676,37.9696388244629,37.5616683959961,37.5616683959961,23229001,26.1527729034424
"2019-04-30",38.3301696777344,39.0702095031738,37.7609100341797,38.529411315918,34360400,26.8265781402588
"2019-05-01",38.5104370117188,38.8235282897949,38.1119537353516,38.6812133789062,20703406,26.9322738647461
"2019-05-02",38.719165802002,38.9184074401855,38.5009498596191,38.9089164733887,20471210,27.0908164978027
"2019-05-03",39.1081581115723,39.3738136291504,38.9278945922852,39.2694511413574,18664759,27.3418407440186
"2019-05-06",38.8140411376953,39.6299819946289,38.7476272583008,39.5161285400391,25973406,27.5135974884033
"2019-05-07",39.2694511413574,39.573055267334,38.425048828125,38.7381401062012,27603838,26.9719085693359
"2019-05-08",38.7096786499023,38.9278945922852,38.3681221008301,38.851993560791,23811968,27.0511779785156
"2019-05-09",38.235294342041,38.7476272583008,38.1688804626465,38.5578765869141,19732461,27.0845069885254
"2019-05-10",38.5483856201172,38.7286529541016,37.8273239135742,38.6337776184082,17391527,27.1378192901611
"2019-05-13",38.1688804626465,38.5673637390137,38.0929794311523,38.4914627075195,28010788,27.0378475189209
"2019-05-14",38.5104370117188,38.7760925292969,38.4819717407227,38.5768508911133,26772759,27.097843170166
"2019-05-15",38.7666015625,39.1745719909668,38.6147994995117,39.0417442321777,33520678,27.4243907928467
"2019-05-16",39.0417442321777,39.8292236328125,39.0417442321777,39.5066413879395,25508486,27.7509498596191
"2019-05-17",39.1840591430664,39.6679306030273,39.1366233825684,39.3453521728516,29187684,27.6376628875732
"2019-05-20",39.278938293457,39.573055267334,39.1650848388672,39.4592018127441,24251591,27.7176246643066
"2019-05-21",39.573055267334,39.6679306030273,39.3643264770508,39.5351028442383,28785056,27.7709445953369
"2019-05-22",39.5540809631348,40.0474395751953,39.4212532043457,39.8387107849121,25274604,27.9842090606689
"2019-05-23",39.6963958740234,39.8292236328125,39.5161285400391,39.7722969055176,25495944,27.937557220459
"2019-05-24",39.9051246643066,40.1423149108887,39.7248573303223,39.8007583618164,15383341,27.9575500488281
"2019-05-28",39.9905128479004,40.3036041259766,39.7438316345215,39.7533226013184,49440610,27.9242248535156
"2019-05-29",39.5635681152344,39.6963958740234,39.1650848388672,39.5825424194336,26895761,27.8042697906494
"2019-05-30",39.5445938110352,39.8007583618164,39.4497146606445,39.7533226013184,17344308,27.9242248535156
"2019-05-31",39.5540809631348,39.8292236328125,39.3263778686523,39.3927879333496,22639288,27.670970916748
"2019-06-03",39.4971542358398,40.0284614562988,39.4402275085449,39.7722969055176,22643082,27.937557220459
"2019-06-04",40.3036041259766,40.5597724914551,39.8861465454102,40.0664138793945,18453537,28.1441516876221
"2019-06-05",40.4174575805664,40.6451606750488,40.237190246582,40.3036041259766,21418861,28.3107738494873
"2019-06-06",40.6072120666504,40.8823547363281,40.3036041259766,40.5218238830566,24494222,28.464054107666
"2019-06-07",40.7779884338379,41.0341567993164,40.6641387939453,40.721061706543,20023470,28.6040058135986
"2019-06-10",41.0246696472168,41.0246696472168,40.4838714599609,40.8633766174316,15275727,28.7039642333984
"2019-06-11",40.9867172241211,41.0815925598145,40.3700180053711,40.4838714599609,18813162,28.4373874664307
"2019-06-12",40.294116973877,40.9582557678223,40.2846298217773,40.8728637695312,16296843,28.7106304168701
"2019-06-13",40.8633766174316,40.9297904968262,40.1992416381836,40.322582244873,14464042,28.3240947723389
"2019-06-14",40.3415565490723,40.6736221313477,40.3036041259766,40.5692596435547,13197872,28.497371673584
"2019-06-17",40.5123329162598,40.7020874023438,40.1802673339844,40.6831130981445,14094931,28.5773506164551
"2019-06-18",40.6261863708496,41.1100578308105,40.6261863708496,40.8633766174316,22833434,28.7039642333984
"2019-06-19",40.9582557678223,41.3567352294922,40.8823547363281,41.2713470458984,21753611,28.9905490875244
"2019-06-20",41.5844383239746,41.8500938415527,41.280834197998,41.3662223815918,23500300,29.0571937561035
"2019-06-21",41.3187866210938,41.7457313537598,41.0910835266113,41.4326362609863,38141203,29.1038379669189
"2019-06-24",41.4516143798828,41.6508522033691,41.2428855895996,41.5180282592773,24624075,29.1638221740723
"2019-06-25",41.6034164428711,42.0208740234375,41.5180282592773,41.5180282592773,28429015,29.1638221740723
"2019-06-26",41.4421234130859,41.5559768676758,40.322582244873,40.7874755859375,41009348,28.6506519317627
"2019-06-27",40.8159408569336,41.3282737731934,40.806453704834,41.2049331665039,21994977,28.9438896179199
"2019-06-28",41.2239074707031,41.4800758361816,40.7779884338379,41.1005706787109,39726209,28.8705863952637
"2019-07-01",41.280834197998,41.6318778991699,41.1195449829102,41.527515411377,21341392,29.1704902648926
"2019-07-02",41.4421234130859,41.954460144043,41.4231491088867,41.954460144043,16541898,29.4703941345215
"2019-07-03",42.0967750549316,42.2770385742188,41.7267532348633,42.1252365112305,10297580,29.5903453826904
"2019-07-05",42.0398483276367,42.0778007507324,41.5370025634766,41.6698303222656,18295227,29.2704563140869
"2019-07-08",41.5559768676758,41.6223907470703,40.7779884338379,41.0815925598145,23955312,28.8572578430176
"2019-07-09",41.1954460144043,41.5559768676758,41.0815925598145,41.148006439209,14223308,28.9039077758789
"2019-07-10",41.4136619567871,41.8500938415527,41.2144203186035,41.8026580810547,15298599,29.3637580871582
"2019-07-11",41.1005706787109,41.3282737731934,40.2087287902832,40.7779884338379,38383518,28.6439933776855
"2019-07-12",40.7115745544434,40.7874755859375,39.8576850891113,40.2277030944824,33580967,28.2574558258057
"2019-07-15",40.104362487793,40.5787467956543,40.0759010314941,40.5597724914551,20363912,28.4907112121582
"2019-07-16",40.5977210998535,40.7685012817383,40.3036041259766,40.6546478271484,19553386,28.5573539733887
"2019-07-17",40.8823547363281,40.9772300720215,40.5407981872559,40.5502853393555,16341532,28.4840431213379
"2019-07-18",40.6641387939453,40.853889465332,40.3700180053711,40.853889465332,13728877,28.697301864624
"2019-07-19",40.9772300720215,40.9962043762207,40.5787467956543,40.5787467956543,23552579,28.5040264129639
"2019-07-22",40.6356735229492,40.8159408569336,40.3700180053711,40.6261863708496,12552086,28.5373630523682
"2019-07-23",40.6546478271484,41.0151786804199,40.5597724914551,40.8823547363281,19586904,28.7173023223877
"2019-07-24",40.7969627380371,40.7969627380371,40.1992416381836,40.6926002502441,18117838,28.5840091705322
"2019-07-25",40.6356735229492,40.7969627380371,40.3510437011719,40.4838714599609,17514634,28.4373874664307
"2019-07-26",40.4743843078613,40.9582557678223,40.2561683654785,40.8823547363281,21062187,28.7173023223877
"2019-07-29",40.0094871520996,40.7969627380371,39.2220115661621,39.3263778686523,64559186,27.6243286132812
"2019-07-30",37.7893753051758,38.1783676147461,36.6223907470703,36.8026580810547,95739668,25.8515720367432
"2019-07-31",36.6223907470703,37.6375694274902,36.5370025634766,36.8500938415527,56309423,25.8848876953125
"2019-08-01",36.3472480773926,36.6413650512695,35.7495269775391,36.2903213500977,51624920,25.7301788330078
"2019-08-02",36.2903213500977,36.5654640197754,35.8159408569336,36.0531311035156,29153640,25.5620059967041
"2019-08-05",35.8254280090332,35.8918418884277,34.5445938110352,35.0664138793945,46030183,24.8624153137207
"2019-08-06",35.2846298217773,35.3984832763672,34.6015167236328,35.0569267272949,31985843,24.8556861877441
"2019-08-07",34.7722969055176,34.895637512207,34.0227699279785,34.705883026123,32017253,24.6067924499512
"2019-08-08",34.8197326660156,35.0569267272949,34.7248573303223,34.9810256958008,23356429,24.801872253418
"2019-08-09",34.8861465454102,34.9430732727051,34.2599601745605,34.4876670837402,25391703,24.4520740509033
"2019-08-12",34.4497146606445,34.4592018127441,32.9981002807617,33.5768508911133,44212665,23.8063011169434
"2019-08-13",33.6147994995117,33.9753303527832,33.3491477966309,33.3965835571289,45549453,23.67848777771
"2019-08-14",33.1404151916504,33.1878547668457,32.4478187561035,32.485767364502,38633421,23.03271484375
"2019-08-15",32.5426940917969,32.808349609375,32.2296028137207,32.7134704589844,30713665,23.1941566467285
"2019-08-16",32.9411773681641,33.2163200378418,32.7229614257812,32.8747634887695,30012334,23.3085098266602
"2019-08-19",33.0929794311523,33.5104370117188,33.045539855957,33.3776092529297,21997296,23.6650371551514
"2019-08-20",33.3017082214355,33.3586349487305,32.7988624572754,32.8368110656738,19932510,23.2816047668457
"2019-08-21",33.1499061584473,33.3206825256348,33.0360527038574,33.0834922790527,19208728,23.4565029144287
"2019-08-22",33.1688804626465,33.425048828125,33.0170783996582,33.2827301025391,16933142,23.5977630615234
"2019-08-23",33.4060707092285,33.5388984680176,32.4193534851074,32.5806465148926,27765311,23.0999794006348
"2019-08-26",32.8462982177734,33.0740051269531,32.7134704589844,33.0550270080566,17468680,23.4363174438477
"2019-08-27",33.2163200378418,33.2922210693359,32.5521812438965,32.5806465148926,24715351,23.0999794006348
"2019-08-28",32.5996208190918,33.3491477966309,32.5237197875977,33.2827301025391,26047924,23.5977630615234
"2019-08-29",33.956356048584,33.956356048584,33.425048828125,33.5199241638184,19610302,23.765941619873
"2019-08-30",33.7950668334961,33.8899421691895,33.472484588623,33.7286529541016,18873346,23.9139251708984
"2019-09-03",33.7855796813965,34.4212532043457,33.6907005310059,34.2694511413574,26624989,24.2973556518555
"2019-09-04",34.4402275085449,34.5351028442383,33.8709678649902,33.9943084716797,20649441,24.10227394104
"2019-09-05",34.2599601745605,34.6110076904297,34.0512313842773,34.4781761169434,22096794,24.4453449249268
"2019-09-06",34.4971542358398,34.6963958740234,34.2599601745605,34.6299819946289,20873416,24.5529766082764
"2019-09-09",34.7153701782227,34.9525604248047,34.278938293457,34.9430732727051,24675616,24.7749633789062
"2019-09-10",34.7153701782227,35.4648971557617,34.1745719909668,35.4648971557617,32250397,25.1449394226074
"2019-09-11",35.806453704834,35.8254280090332,35.0094871520996,35.4933586120605,16963181,25.1651210784912
"2019-09-12",35.6451606750488,35.6926002502441,35.1612892150879,35.3700180053711,16692303,25.0776653289795
"2019-09-13",35.4743843078613,35.6736221313477,34.7343444824219,35.0189743041992,24099605,24.8287773132324
"2019-09-16",34.5920295715332,35.1233406066895,34.4876670837402,34.9430732727051,19877070,24.7749633789062
"2019-09-17",34.9051246643066,34.9146118164062,34.4876670837402,34.6299819946289,22091945,24.5529766082764
"2019-09-18",34.6963958740234,34.8387107849121,34.4022789001465,34.5161285400391,19679550,24.4722518920898
"2019-09-19",34.5540809631348,34.8861465454102,34.4781761169434,34.6394691467285,17746409,24.5597038269043
"2019-09-20",35,35.3415565490723,34.6110076904297,34.810245513916,45990658,24.6807861328125
"2019-09-23",34.5161285400391,34.7153701782227,34.3738136291504,34.38330078125,17295191,24.3780822753906
"2019-09-24",34.4117660522461,34.705883026123,34.1366233825684,34.1650848388672,24186560,24.2233638763428
"2019-09-25",34.0702095031738,34.4876670837402,33.8709678649902,34.0607223510742,20269685,24.1493663787842
"2019-09-26",34.2220115661621,34.38330078125,33.7476272583008,33.9468688964844,17059728,24.068639755249
"2019-09-27",34.0227699279785,34.4781761169434,33.8899421691895,34.3643264770508,17583671,24.3646259307861
"2019-09-30",34.4212532043457,34.4497146606445,34.0796966552734,34.089183807373,17205391,24.1695499420166
"2019-10-01",34.089183807373,34.1745719909668,33.6147994995117,33.6147994995117,22013001,23.8332061767578
"2019-10-02",33.4535102844238,33.4629974365234,32.8842506408691,32.9221992492676,22458000,23.3421459197998
"2019-10-03",32.9316902160645,33.6527519226074,32.8273239135742,33.6337776184082,22076135,23.8466625213623
"2019-10-04",33.6717262268066,34.1366233825684,33.6337776184082,34.089183807373,18065349,24.1695499420166
"2019-10-07",33.9848213195801,34.4022789001465,33.9658432006836,33.9943084716797,11759373,24.10227394104
"2019-10-08",33.8235282897949,34.0417442321777,33.6053123474121,33.6147994995117,14761270,23.8332061767578
"2019-10-09",33.8235282897949,34.0512313842773,33.7096786499023,33.8614807128906,13634333,24.0081043243408
"2019-10-10",33.8425064086914,34.1650848388672,33.7760925292969,33.956356048584,12198680,24.0753765106201
"2019-10-11",34.2884254455566,34.705883026123,34.2220115661621,34.2599601745605,18446054,24.2906284332275
"2019-10-14",34.3073997497559,34.4876670837402,34.1366233825684,34.4402275085449,8700981,24.4184379577637
"2019-10-15",34.5825424194336,34.8576850891113,34.5445938110352,34.6299819946289,15178232,24.5529766082764
"2019-10-16",34.7533226013184,34.8671722412109,34.4592018127441,34.4781761169434,14435795,24.4453449249268
"2019-10-17",34.6204948425293,34.9240989685059,34.5066413879395,34.5920295715332,15312090,24.5260715484619
"2019-10-18",34.5635681152344,34.8197326660156,34.4876670837402,34.5920295715332,14219198,24.5260715484619
"2019-10-21",34.7722969055176,34.8007583618164,34.4971542358398,34.5920295715332,13237081,24.5260715484619
"2019-10-22",34.5445938110352,34.8197326660156,34.3927879333496,34.5635681152344,14549416,24.5058917999268
"2019-10-23",34.4497146606445,34.895637512207,34.3643264770508,34.8861465454102,14000598,24.7346000671387
"2019-10-24",34.8671722412109,34.9525604248047,34.4022789001465,34.5256156921387,19998385,24.4789791107178
"2019-10-25",34.5351028442383,34.9905128479004,34.4497146606445,34.8861465454102,17497665,24.7346000671387
"2019-10-28",34.9715385437012,35.5597724914551,34.9335861206055,35.3700180053711,25800339,25.0776653289795
"2019-10-29",36.0531311035156,36.7741928100586,35.9772300720215,36.2523727416992,32212032,25.7032661437988
"2019-10-30",36.4421234130859,36.8311195373535,36.337760925293,36.5085372924805,22019430,25.8848896026611
"2019-10-31",36.4231491088867,36.6034164428711,36.2239074707031,36.4041748046875,24539860,25.8108978271484
"2019-11-01",36.7077789306641,36.9449729919434,36.4231491088867,36.4231491088867,19263220,25.8243541717529
"2019-11-04",36.7267532348633,36.7552185058594,36.0815925598145,36.0815925598145,17709730,25.5821857452393
"2019-11-05",36.0815925598145,36.148006439209,35.5502853393555,35.5597724914551,21688474,25.2122097015381
"2019-11-06",35.6831130981445,35.7969627380371,35.4364318847656,35.6831130981445,18757722,25.2996559143066
"2019-11-07",35.4838714599609,35.6546478271484,34.9905128479004,35.0189743041992,22727297,25.0687351226807
"2019-11-08",34.9905128479004,35.2561683654785,34.9430732727051,35.1518020629883,26626886,25.1638202667236
"2019-11-11",35.0189743041992,35.1138534545898,34.8671722412109,35.0379524230957,12542916,25.0823230743408
"2019-11-12",34.9430732727051,35.189754486084,34.8197326660156,35.0759010314941,13338370,25.1094837188721
"2019-11-13",35.0569267272949,35.0569267272949,34.4402275085449,34.7248573303223,25855252,24.8581867218018
"2019-11-14",34.6869087219238,34.8766593933105,34.4592018127441,34.677417755127,25190600,24.8242301940918
"2019-11-15",34.7533226013184,35.5502853393555,34.6489562988281,35.3700180053711,36378810,25.3200263977051
"2019-11-18",35.4743843078613,35.5218238830566,35.0664138793945,35.3130912780762,18084532,25.2792797088623
"2019-11-19",35.5123329162598,35.7495269775391,35.4079704284668,35.7305488586426,26475110,25.5781230926514
"2019-11-20",35.6451606750488,35.7590141296387,35.1138534545898,35.1518020629883,19947582,25.1638202667236
"2019-11-21",35.3036041259766,35.9962043762207,35.1423149108887,35.806453704834,20942664,25.6324615478516
"2019-11-22",35.853889465332,36.4421234130859,35.7590141296387,36.3662223815918,25544006,26.0331764221191
"2019-11-25",36.5085372924805,36.8880462646484,36.4800758361816,36.6982917785645,31592385,26.2708911895752
"2019-11-26",36.5654640197754,36.6129035949707,36.1005706787109,36.3282737731934,34620633,26.006010055542
"2019-11-27",36.4136619567871,36.7267532348633,36.3662223815918,36.6508522033691,19201034,26.236930847168
"2019-11-29",36.5654640197754,36.8880462646484,36.5370025634766,36.5464897155762,9793873,26.1622219085693
"2019-12-02",36.8026580810547,36.8121452331543,36.2903213500977,36.3282737731934,15645998,26.006010055542
"2019-12-03",36.0151786804199,36.2428855895996,35.9013290405273,36.1005706787109,20869832,25.8430023193359
"2019-12-04",36.2713470458984,36.2998085021973,35.9487686157227,36.1859588623047,14501248,25.9041290283203
"2019-12-05",36.4041748046875,36.4041748046875,35.853889465332,36.0815925598145,13098058,25.8294239044189
"2019-12-06",36.3187866210938,36.5464897155762,36.2618598937988,36.3282737731934,12868708,26.006010055542
"2019-12-09",36.148006439209,36.4136619567871,36.148006439209,36.3567352294922,15641571,26.026388168335
"2019-12-10",36.3092994689941,36.6034164428711,36.2333984375,36.5085372924805,19171311,26.1350555419922
"2019-12-11",36.4041748046875,36.5939292907715,36.2428855895996,36.2618598937988,15569372,25.9584712982178
"2019-12-12",36.2144203186035,36.6413650512695,36.2144203186035,36.5654640197754,13414469,26.1758136749268
"2019-12-13",36.5464897155762,36.6982917785645,36.1195449829102,36.3662223815918,16678496,26.0331764221191
"2019-12-16",36.7172698974609,37.381404876709,36.6793174743652,37.1347236633301,24187824,26.5833187103271
"2019-12-17",37.4193534851074,37.4193534851074,36.8500938415527,36.9070205688477,29038016,26.4203109741211
"2019-12-18",37.0113868713379,37.0778007507324,36.660343170166,36.897533416748,27339390,26.413516998291
"2019-12-19",37.0018997192383,37.144214630127,36.8216323852539,36.9734344482422,22022276,26.4678535461426
"2019-12-20",37.3339653015137,37.514232635498,36.9734344482422,37.2201156616211,58199772,26.6444435119629
"2019-12-23",37.4003791809082,37.4952545166016,37.1252365112305,37.3055038452148,17454345,26.7055721282959
"2019-12-24",37.3149909973145,37.4193534851074,37.191650390625,37.2770385742188,5187683,26.6851902008057
"2019-12-26",37.2865295410156,37.5426940917969,37.191650390625,37.3624305725098,9384078,26.7463264465332
"2019-12-27",37.4098663330078,37.5901336669922,37.2390899658203,37.3055038452148,10117662,26.7055721282959
"2019-12-30",37.2865295410156,37.4003791809082,36.897533416748,36.9165077209473,11554264,26.4271011352539
"2019-12-31",36.8026580810547,37.191650390625,36.7267532348633,37.1726760864258,15175703,26.6104793548584
"2020-01-02",37.2865295410156,37.3339653015137,36.8880462646484,37.1347236633301,16514072,26.5833187103271
"2020-01-03",36.7362442016602,37.2296028137207,36.6888046264648,36.9354858398438,14922848,26.4406871795654
"2020-01-06",36.8311195373535,37.0018997192383,36.7172698974609,36.8880462646484,15771951,26.4067211151123
"2020-01-07",37.1157493591309,37.1252365112305,36.6982917785645,36.764705657959,20108107,26.3184337615967
"2020-01-08",36.7741928100586,37.2106246948242,36.764705657959,37.0588226318359,16403507,26.528980255127
"2020-01-09",37.2580642700195,37.2580642700195,36.8026580810547,36.897533416748,21971895,26.413516998291
"2020-01-10",36.9829216003418,37.5996208190918,36.9734344482422,37.4667930603027,21557357,26.8210334777832
"2020-01-13",37.5901336669922,37.7324485778809,37.2011375427246,37.3908920288086,15392405,26.7666969299316
"2020-01-14",37.4098663330078,38.0265655517578,37.2865295410156,38.0170783996582,20919160,27.2149639129639
"2020-01-15",38.130931854248,38.7760925292969,38.1119537353516,38.5863380432129,23925800,27.6224708557129
"2020-01-16",38.7001914978027,38.7096786499023,38.2542686462402,38.529411315918,16216422,27.5817165374756
"2020-01-17",38.4914627075195,38.719165802002,38.3491477966309,38.4345359802246,23083970,27.5137958526611
"2020-01-21",38.3111953735352,38.5768508911133,38.130931854248,38.2732467651367,23115696,27.3983364105225
"2020-01-22",38.2542686462402,38.339656829834,37.9221992492676,38.130931854248,18097812,27.2964649200439
"2020-01-23",38.130931854248,38.7381401062012,38.0740051269531,38.6242866516113,27148510,27.6496429443359
"2020-01-24",38.8425064086914,38.8709678649902,37.6091079711914,37.7798843383789,34143698,27.0451679229736
"2020-01-27",37.3908920288086,38.3586349487305,37.2390899658203,38.102466583252,31964026,27.276086807251
"2020-01-28",37.3055038452148,37.4667930603027,36.0056915283203,36.1859588623047,70202408,25.9041290283203
"2020-01-29",36.1669845581055,36.4136619567871,35.6261863708496,35.6546478271484,34165726,25.5237903594971
"2020-01-30",35.1992416381836,35.2656555175781,34.810245513916,35.1707763671875,32316589,25.4345874786377
"2020-01-31",35.0474395751953,35.531307220459,35.0094871520996,35.3320693969727,33894005,25.5512313842773
"2020-02-03",35.5407981872559,36.0910835266113,35.3889923095703,35.5882339477539,20875735,25.7364864349365
"2020-02-04",36.1290321350098,36.280834197998,35.7020874023438,35.7590141296387,31150865,25.8599891662598
"2020-02-05",35.910816192627,36.5939292907715,35.8823547363281,36.2144203186035,29443490,26.1893253326416
"2020-02-06",36.470588684082,36.527515411377,36.0815925598145,36.2998085021973,21047748,26.2510757446289
"2020-02-07",36.3946876525879,36.4326362609863,35.9867172241211,36.1005706787109,21903596,26.1069889068604
"2020-02-10",36.2523727416992,36.2618598937988,35.7874755859375,35.8728637695312,19998385,25.942325592041
"2020-02-11",35.9487686157227,36.1764717102051,35.8254280090332,36.1385192871094,16027335,26.1344451904297
"2020-02-12",36.1385192871094,36.2333984375,35.7874755859375,35.806453704834,22944315,25.8942947387695
"2020-02-13",35.6546478271484,35.6546478271484,35,35.0379524230957,22099745,25.3385410308838
"2020-02-14",35.0759010314941,35.1423149108887,34.5540809631348,34.6394691467285,21006747,25.0503597259521
"2020-02-18",34.677417755127,34.7912712097168,34.4117660522461,34.4592018127441,17988513,24.919994354248
"2020-02-19",34.5351028442383,34.6299819946289,34.3548393249512,34.3738136291504,17750941,24.8582458496094
"2020-02-20",33.8804550170898,34.2125244140625,33.5958251953125,34.0132827758789,42953135,24.5975227355957
"2020-02-21",33.9278945922852,33.9848213195801,33.7096786499023,33.8899421691895,32425256,24.5083255767822
"2020-02-24",33.2447814941406,33.5863380432129,32.8273239135742,32.8937377929688,37969296,23.7878913879395
"2020-02-25",32.9032249450684,32.9601516723633,31.9829216003418,32.191650390625,41878898,23.2801628112793
"2020-02-26",32.485767364502,33.4060707092285,32.2770385742188,32.9411773681641,47920005,23.8222045898438
"2020-02-27",32.6755218505859,33.8804550170898,32.3529396057129,32.3529396057129,55444827,23.3968086242676
"2020-02-28",31.7741947174072,32.2011375427246,30.8633785247803,31.7077808380127,66057447,22.9302444458008
"2020-03-02",32.1726760864258,33.1593933105469,31.7362422943115,33.0929794311523,42034469,23.9319820404053
"2020-03-03",33.3776092529297,33.9468688964844,32.1252365112305,32.5426940917969,46174475,23.5340347290039
"2020-03-04",33.3017082214355,34.5920295715332,33.1593933105469,34.5351028442383,38712155,24.9748878479004
"2020-03-05",33.8235282897949,34.3263778686523,33.3586349487305,33.6432647705078,35096303,24.3299369812012
"2020-03-06",32.9221992492676,33.3681221008301,32.3719177246094,33.2258071899414,40931036,24.028039932251
"2020-03-09",31.7457313537598,32.912712097168,31.4611015319824,32.0303611755371,43183856,23.1635227203369
"2020-03-10",32.7988624572754,32.8842506408691,31.3187866210938,32.8178367614746,40548329,23.7330055236816
"2020-03-11",32.0303611755371,32.144214630127,30.0379505157471,30.521821975708,65350213,22.0725879669189
"2020-03-12",28.9184055328369,30.3605308532715,28.4629974365234,28.4819736480713,62731445,20.5974178314209
"2020-03-13",29.667932510376,31.1954460144043,28.6812133789062,31.0341567993164,60553038,22.44309425354
"2020-03-16",28.4060726165771,30.6261863708496,28.1309299468994,28.6337757110596,50995050,20.7072010040283
"2020-03-17",30.0189743041992,30.9772300720215,29.0227699279785,30.5123348236084,54220606,22.0657272338867
"2020-03-18",29.1935482025146,30.9392795562744,28.757116317749,30.7020874023438,43884976,22.2029552459717
"2020-03-19",30.5692596435547,30.5977230072021,28.4724864959717,28.8614807128906,59820929,20.8718757629395
"2020-03-20",28.7286529541016,29.0986728668213,27.4288425445557,27.5237197875977,52488989,19.9044361114502
"2020-03-23",27.286527633667,28.0645160675049,26.4516124725342,27.0303611755371,52853041,19.5476531982422
"2020-03-24",27.9981021881104,28.5104351043701,27.4193553924561,28.1783676147461,44466784,20.3778591156006
"2020-03-25",27.9886150360107,29.146110534668,27.5142307281494,28.2258052825928,44601275,20.4121646881104
"2020-03-26",28.3586349487305,30.3510437011719,28.3491458892822,30.1233406066895,43269967,21.7844161987305
"2020-03-27",29.2220115661621,30.1138515472412,29.089183807373,29.3168888092041,38290344,21.2012100219727
"2020-03-30",29.4592037200928,31.1669826507568,29.4592037200928,30.9962043762207,29943508,22.4156494140625
"2020-03-31",30.7400379180908,31.3092975616455,30.5882358551025,30.9677429199219,29466151,22.3950672149658
"2020-04-01",30.2846298217773,30.6261863708496,29.9146118164062,30.1233406066895,26709625,21.7844161987305
"2020-04-02",30.2656555175781,31.3092975616455,30.1233406066895,31.1859588623047,27186876,22.5528717041016
"2020-04-03",30.9582538604736,32.1537017822266,30.9582538604736,31.9165096282959,32837370,23.0811862945557
"2020-04-06",32.1821632385254,33.1119537353516,32.0493354797363,32.7988624572754,40503217,23.7192859649658
"2020-04-07",33.2068328857422,33.3681221008301,31.8690700531006,31.8880462646484,24226295,23.0606021881104
"2020-04-08",32.2485771179199,33.0170783996582,31.7267551422119,32.8273239135742,25523980,23.7398681640625
"2020-04-09",33.235294342041,33.9373817443848,33.0645141601562,33.5768508911133,30648107,24.281909942627
"2020-04-13",34.1176452636719,34.1366233825684,32.9411773681641,33.339656829834,18270141,24.1103687286377
"2020-04-14",34.089183807373,34.7533226013184,33.529411315918,34.573055267334,21845309,25.0023345947266
"2020-04-15",34.2125244140625,34.3738136291504,33.7571144104004,34.1271362304688,21312196,24.679859161377
"2020-04-16",34.2694511413574,34.4022789001465,33.7571144104004,34.0417442321777,20657451,24.6181087493896
"2020-04-17",34.6299819946289,35.104362487793,34.2599601745605,35.0189743041992,24404843,25.3248138427734
"2020-04-20",34.5161285400391,35.0189743041992,34.2314987182617,34.2314987182617,22530620,24.7553272247314
"2020-04-21",33.9468688964844,34.089183807373,33.5578765869141,33.7950668334961,23975233,24.4397125244141
"2020-04-22",35.0664138793945,35.104362487793,34.2694511413574,34.3927879333496,20182624,24.8719711303711
"2020-04-23",34.4212532043457,35.4838714599609,34.4212532043457,34.810245513916,20185365,25.1738662719727
"2020-04-24",34.9525604248047,35.5123329162598,34.895637512207,35.4648971557617,17353794,25.6472854614258
"2020-04-27",35.6641387939453,36.5654640197754,35.6451606750488,36.3662223815918,23394057,26.2991065979004
"2020-04-28",37.0493354797363,37.2106246948242,35.4648971557617,35.9677429199219,35666728,26.0109329223633
"2020-04-29",36.4895629882812,36.574951171875,35.7779884338379,36.1669845581055,26518535,26.1550235748291
"2020-04-30",36.0531311035156,36.5370025634766,35.4459190368652,36.3946876525879,29450973,26.319694519043
"2020-05-01",35.910816192627,35.9962043762207,35.4743843078613,35.7115745544434,22679867,25.82568359375
"2020-05-04",35.6736221313477,35.9772300720215,35.4933586120605,35.6926002502441,19893512,25.8119621276855
"2020-05-05",36.8216323852539,36.869068145752,36.3092994689941,36.5370025634766,24123952,26.4226093292236
"2020-05-06",36.9734344482422,37.0113868713379,36.5370025634766,36.5370025634766,24047432,26.4226093292236
"2020-05-07",36.4421234130859,36.5180282592773,35,35.0664138793945,33546080,25.6118469238281
"2020-05-08",35.3415565490723,35.4648971557617,35.1423149108887,35.3130912780762,19893618,25.7920112609863
"2020-05-11",35.3415565490723,36.2523727416992,35.2561683654785,36.148006439209,25620421,26.4018173217773
"2020-05-12",36.1669845581055,36.280834197998,35.426944732666,35.4459190368652,19335314,25.8890266418457
"2020-05-13",35.3984832763672,35.5028457641602,34.7153701782227,35.1518020629883,24596882,25.6742115020752
"2020-05-14",34.9146118164062,36.0151786804199,34.895637512207,35.9772300720215,22362507,26.2770862579346
"2020-05-15",36.0151786804199,36.2144203186035,35.4743843078613,35.8254280090332,25460002,26.1662197113037
"2020-05-18",36.3757133483887,36.4895629882812,35.7020874023438,36.1195449829102,22635177,26.3810329437256
"2020-05-19",35.910816192627,36.0721054077148,35.3984832763672,35.7495269775391,19476234,26.1107788085938
"2020-05-20",36.0056915283203,36.2428855895996,35.6261863708496,35.7020874023438,17504200,26.0761337280273
"2020-05-21",35.6451606750488,35.721061706543,35.1518020629883,35.3510437011719,17652181,25.8197364807129
"2020-05-22",35.2087287902832,35.6072120666504,35.0664138793945,35.5787467956543,15781226,25.9860420227051
"2020-05-26",35.721061706543,35.9297904968262,35.531307220459,35.5692596435547,23260094,25.9791126251221
"2020-05-27",35.4933586120605,35.61669921875,35.0759010314941,35.4933586120605,25904158,25.9236755371094
"2020-05-28",35.9013290405273,36.470588684082,35.7874755859375,36.2239074707031,22521767,26.4572525024414
"2020-05-29",36.3092994689941,36.4611015319824,35.6546478271484,36.2333984375,48333067,26.464183807373
"2020-06-01",33.6812133789062,33.8994293212891,33.1214408874512,33.6432647705078,76884979,24.5724029541016
"2020-06-02",33.7096786499023,34.3073997497559,33.4440231323242,34.3073997497559,42690900,25.0574741363525
"2020-06-03",34.4307403564453,34.5445938110352,33.719165802002,34.3073997497559,38751996,25.0574741363525
"2020-06-04",33.8804550170898,34.4307403564453,33.8709678649902,34.1650848388672,27013388,24.9535293579102
"2020-06-05",34.38330078125,34.6204948425293,34.0417442321777,34.146110534668,36705655,24.9396743774414
"2020-06-08",33.9658432006836,34.7248573303223,33.851993560791,34.7153701782227,30194149,25.3554553985596
"2020-06-09",34.6299819946289,34.7817840576172,34.3168869018555,34.3548393249512,21675088,25.0921249389648
"2020-06-10",34.4971542358398,34.5825424194336,34.0512313842773,34.0796966552734,29557217,24.8911609649658
"2020-06-11",33.7760925292969,33.851993560791,31.5749530792236,31.5939273834229,63166642,23.0756034851074
"2020-06-12",32.3339653015137,32.3529396057129,31.3567352294922,32.0208740234375,37902472,23.3874359130859
"2020-06-15",31.5939273834229,31.99241065979,31.0815944671631,31.6508541107178,36247482,23.1171836853027
"2020-06-16",31.8690700531006,32.2201156616211,31.043643951416,31.6888046264648,55616945,23.1448993682861
"2020-06-17",31.8690700531006,32.0398483276367,31.6129035949707,31.8406066894531,27509822,23.2557754516602
"2020-06-18",31.565465927124,31.7552185058594,31.2903232574463,31.5370025634766,32278855,23.0340328216553
"2020-06-19",31.9639472961426,32.0113868713379,31.4231491088867,31.7077808380127,43986266,23.158763885498
"2020-06-22",31.6223907470703,31.6508541107178,31.2239093780518,31.4136619567871,23332503,22.9439430236816
"2020-06-23",31.4990501403809,31.5464897155762,31.0626182556152,31.0910816192627,37690408,22.7083358764648
"2020-06-24",31.0341567993164,31.0531311035156,30.3605308532715,30.5407962799072,30817695,22.3064193725586
"2020-06-25",30.4648952484131,30.7210636138916,30.1992416381836,30.6641368865967,27418651,22.396505355835
"2020-06-26",30.5977230072021,30.6261863708496,29.9905128479004,30.3984813690186,42153992,22.2024765014648
"2020-06-29",30.7969646453857,30.9962043762207,30.5502853393555,30.9677429199219,23956261,22.6182537078857
"2020-06-30",30.8633785247803,31.1954460144043,30.5787487030029,31.0246677398682,25451676,22.6598339080811
"2020-07-01",32.7703971862793,32.7703971862793,31.99241065979,32.0113868713379,73503009,23.3805084228516
"2020-07-02",32.8462982177734,33.0645141601562,32.2960166931152,32.7419357299805,45270881,23.9140892028809
"2020-07-06",33.1593933105469,33.1973419189453,32.618595123291,32.7419357299805,27150935,23.9140892028809
"2020-07-07",32.3055038452148,32.5901336669922,32.2201156616211,32.2865295410156,25148018,23.5814723968506
"2020-07-08",32.2675514221191,32.6091079711914,31.8500957489014,32.0208740234375,24256545,23.3874359130859
"2020-07-09",32.0018997192383,32.144214630127,31.4041748046875,31.7457313537598,20363702,23.1864814758301
"2020-07-10",31.9354839324951,32.2960166931152,31.7741947174072,32.0967750549316,24459019,23.4428787231445
"2020-07-13",32.9506645202637,33.8899421691895,32.7514228820801,33.4060707092285,56569129,24.3991622924805
"2020-07-14",33.5578765869141,33.6053123474121,33.0929794311523,33.425048828125,32854129,24.4130249023438
"2020-07-15",34.146110534668,34.1555976867676,33.6527519226074,33.8899421691895,26294454,24.752571105957
"2020-07-16",33.7760925292969,33.8140411376953,33.4535102844238,33.7760925292969,18421812,24.6694164276123
"2020-07-17",34.0227699279785,34.468692779541,33.8994293212891,34.3927879333496,23347365,25.1198406219482
"2020-07-20",35.5692596435547,35.6926002502441,34.4592018127441,34.6299819946289,36815693,25.2930812835693
"2020-07-21",35.0474395751953,35.1802673339844,34.6489562988281,34.810245513916,23588520,25.4247455596924
"2020-07-22",36.2713470458984,36.7457313537598,35.5977210998535,36.5844383239746,90705554,26.7205848693848
"2020-07-23",37.2201156616211,37.4003791809082,36.2239074707031,36.4421234130859,59639536,26.6166343688965
"2020-07-24",36.0815925598145,36.1954460144043,35.4174575805664,35.7305488586426,33870501,26.0969161987305
"2020-07-27",35.4459190368652,35.8159408569336,35.322582244873,35.61669921875,27640307,26.0137596130371
"2020-07-28",36.5654640197754,37.3244781494141,36.1100578308105,37.0208740234375,56393954,27.0393524169922
"2020-07-29",37.2865295410156,37.4288444519043,36.4800758361816,37.2485771179199,37033660,27.2056560516357
"2020-07-30",36.3187866210938,36.9449729919434,36.2428855895996,36.7552185058594,32273796,27.1076908111572
"2020-07-31",36.3187866210938,36.764705657959,35.9203033447266,36.5085372924805,28472124,26.9257621765137
"2020-08-03",36.6318778991699,36.6793174743652,36.2618598937988,36.3852005004883,31036400,26.8347949981689
"2020-08-04",36.3472480773926,36.6982917785645,36.1385192871094,36.4231491088867,29448549,26.8627872467041
"2020-08-05",36.4990501403809,36.5559768676758,36.1764717102051,36.4800758361816,24292697,26.9047718048096
"2020-08-06",36.7836799621582,37.0967750549316,36.1954460144043,36.3092994689941,20922111,26.7788181304932
"2020-08-07",36.337760925293,36.6413650512695,36.2049331665039,36.4800758361816,23097251,26.9047718048096
"2020-08-10",36.574951171875,36.6793174743652,36.2998085021973,36.4231491088867,19964552,26.8627872467041
"2020-08-11",36.5844383239746,36.6034164428711,35.7400398254395,35.853889465332,21326847,26.442943572998
"2020-08-12",35.8918418884277,36.574951171875,35.8728637695312,36.3662223815918,19957595,26.8208045959473
"2020-08-13",36.1195449829102,36.2239074707031,35.9392776489258,36.2144203186035,15340021,26.7088432312012
"2020-08-14",36.0626182556152,36.4231491088867,35.9867172241211,36.1100578308105,12901276,26.6318740844727
"2020-08-17",36.0910835266113,36.4421234130859,36.0056915283203,36.3852005004883,17494187,26.8347949981689
"2020-08-18",36.4800758361816,36.4895629882812,36.2144203186035,36.3946876525879,10846398,26.841796875
"2020-08-19",36.5085372924805,36.6318778991699,36.1669845581055,36.2998085021973,15690055,26.7718181610107
"2020-08-20",36.2239074707031,36.8026580810547,36.1764717102051,36.7362442016602,21957455,27.0936946868896
"2020-08-21",36.9165077209473,37.0018997192383,36.5939292907715,36.8880462646484,25467170,27.2056522369385
"2020-08-24",37.0208740234375,37.0398483276367,36.5654640197754,36.8500938415527,25011947,27.1776599884033
"2020-08-25",36.5370025634766,36.5844383239746,36.0056915283203,36.4421234130859,26221201,26.8767757415771
"2020-08-26",36.2333984375,36.3092994689941,35.7305488586426,36.1005706787109,24083689,26.6248722076416
"2020-08-27",36.0151786804199,36.0531311035156,35.7495269775391,35.9203033447266,22156556,26.4919281005859
"2020-08-28",35.9297904968262,36.1100578308105,35.4838714599609,35.9677429199219,32830519,26.5269088745117
"2020-08-31",35.9013290405273,36.0721054077148,35.5787467956543,35.853889465332,30032465,26.442943572998
"2020-09-01",35.853889465332,35.8823547363281,34.6394691467285,34.9905128479004,36145560,25.806188583374
"2020-09-02",34.8861465454102,35.3889923095703,34.5351028442383,35.294116973877,29068688,26.030101776123
"2020-09-03",35.4554061889648,35.5692596435547,34.2504730224609,34.5351028442383,35956788,25.4703102111816
"2020-09-04",34.6204948425293,34.7533226013184,34.0322570800781,34.4971542358398,26872257,25.4423236846924
"2020-09-08",34.6584434509277,34.7343444824219,33.851993560791,34.089183807373,26736818,25.1414432525635
"2020-09-09",34.4307403564453,34.7722969055176,34.2884254455566,34.3263778686523,27490533,25.3163776397705
"2020-09-10",34.3453521728516,34.4592018127441,33.7571144104004,33.8235282897949,21650741,24.9455146789551
"2020-09-11",33.9089164733887,34.2599601745605,33.6337776184082,34.2220115661621,24109301,25.2393989562988
"2020-09-14",34.4971542358398,35.61669921875,34.4212532043457,35.1138534545898,29565543,25.8971519470215
"2020-09-15",35.2846298217773,35.4364318847656,34.9240989685059,35.0664138793945,22003726,25.8621673583984
"2020-09-16",35.3700180053711,35.3984832763672,34.8387107849121,34.895637512207,22208412,25.7362155914307
"2020-09-17",34.895637512207,35.0759010314941,34.677417755127,34.9335861206055,17894390,25.7642002105713
"2020-09-18",34.895637512207,35.1707763671875,34.6963958740234,34.7533226013184,31694623,25.6312522888184
"2020-09-21",34.5066413879395,34.6110076904297,33.5673637390137,34.1745719909668,26608968,25.2044143676758
"2020-09-22",33.9753303527832,34.468692779541,33.9089164733887,34.3927879333496,22727297,25.3653564453125
"2020-09-23",34.4781761169434,34.5161285400391,34.1271362304688,34.1555976867676,23102521,25.1904239654541
"2020-09-24",34.1081581115723,34.193546295166,33.719165802002,33.9278945922852,20859925,25.0224876403809
"2020-09-25",33.719165802002,34.2979125976562,33.7001914978027,34.2030372619629,14365598,25.2254066467285
"2020-09-28",34.3073997497559,34.705883026123,34.3073997497559,34.5256156921387,15044269,25.4633140563965
"2020-09-29",34.5635681152344,34.6679306030273,34.1840591430664,34.3168869018555,13512491,25.3093738555908
"2020-09-30",34.4117660522461,35.0664138793945,34.3927879333496,34.8197326660156,22629275,25.6802368164062
"2020-10-01",35.0189743041992,35.189754486084,34.3073997497559,34.5066413879395,22520396,25.4493217468262
"2020-10-02",34.2125244140625,34.7817840576172,34.1840591430664,34.5161285400391,21461759,25.45631980896
"2020-10-05",34.6584434509277,34.9905128479004,34.4781761169434,34.8671722412109,19400029,25.7152214050293
"2020-10-06",35.104362487793,35.1328277587891,34.2409858703613,34.3168869018555,25233392,25.3093738555908
"2020-10-07",34.4022789001465,34.7153701782227,34.1840591430664,34.6015167236328,22160034,25.5192985534668
"2020-10-08",34.7248573303223,35.2751426696777,34.6394691467285,35,17857395,25.8131828308105
"2020-10-09",34.9430732727051,35.2182159423828,34.7153701782227,34.9051246643066,23667465,25.7432136535645
"2020-10-12",34.8197326660156,35.2751426696777,34.6015167236328,34.9335861206055,19413837,25.7642002105713
"2020-10-13",34.7912712097168,35.2277030944824,34.7533226013184,35.0094871520996,21543233,25.8201808929443
"2020-10-14",35.1138534545898,35.3889923095703,34.6963958740234,34.9715385437012,22120298,25.7921943664551
"2020-10-15",34.7533226013184,34.8576850891113,34.5445938110352,34.677417755127,16089205,25.5752773284912
"2020-10-16",35.1707763671875,36.1669845581055,35.1233406066895,36.0056915283203,42993503,26.5549030303955
"2020-10-19",36.4516143798828,36.8595848083496,35.7115745544434,35.8633766174316,31931352,26.4499416351318
"2020-10-20",35.9297904968262,35.9487686157227,35.4364318847656,35.5692596435547,22384852,26.2330265045166
"2020-10-21",35.4364318847656,35.531307220459,35.1612892150879,35.1802673339844,18984859,25.9461345672607
"2020-10-22",35.1802673339844,35.6451606750488,35.1328277587891,35.5123329162598,19243616,26.1910381317139
"2020-10-23",35.9867172241211,36.3187866210938,35.721061706543,36.2239074707031,30557884,26.7158374786377
"2020-10-26",35.9297904968262,36.0721054077148,35.5597724914551,35.9772300720215,33783124,26.5339088439941
"2020-10-27",35.1423149108887,36.1669845581055,34.9810256958008,35.5123329162598,36851529,26.1910381317139
"2020-10-28",34.9146118164062,35.2277030944824,33.5104370117188,33.6337776184082,33857537,24.8055686950684
"2020-10-29",33.662239074707,33.8140411376953,32.8273239135742,33.472484588623,27545341,24.6866130828857
"2020-10-30",33.4345359802246,33.7096786499023,33.0550270080566,33.662239074707,25631067,24.8265552520752
"2020-11-02",34.089183807373,34.3927879333496,33.719165802002,34.3738136291504,21430666,25.3513584136963
"2020-11-03",34.5635681152344,34.7438316345215,34.2314987182617,34.3358612060547,21636617,25.3233699798584
"2020-11-04",35.1612892150879,36.1669845581055,35.0664138793945,35.4174575805664,40870536,26.1210708618164
"2020-11-05",35.3415565490723,35.3889923095703,34.5256156921387,34.5256156921387,33926995,25.7251853942871
"2020-11-06",34.5256156921387,34.8387107849121,34.2409858703613,34.5351028442383,23870676,25.7322559356689
"2020-11-09",39.7153701782227,39.8387107849121,36.4136619567871,37.191650390625,230153864,27.7116584777832
"2020-11-10",38.3776092529297,38.4629974365234,36.4895629882812,36.6982917785645,80091668,27.3440532684326
"2020-11-11",36.8880462646484,38.1404151916504,35.9582557678223,36.527515411377,58980997,27.2168083190918
"2020-11-12",36.3187866210938,36.3757133483887,35.3320693969727,35.6261863708496,46767877,26.5452270507812
"2020-11-13",35.9297904968262,36.6793174743652,35.7779884338379,36.6413650512695,40175634,27.3016376495361
"2020-11-16",35.9203033447266,36.0056915283203,34.9620475769043,35.4174575805664,75530167,26.3896980285645
"2020-11-17",36.4900016784668,36.5,35.8199996948242,36.0400009155273,46984500,26.8535594940186
"2020-11-18",36.9300003051758,37.4199981689453,36.2999992370605,36.3199996948242,63442700,27.0621852874756
"2020-11-19",36.5999984741211,36.6300010681152,35.8600006103516,36.189998626709,43261800,26.9653263092041
"2020-11-20",36.7000007629395,37.310001373291,36.439998626709,36.7000007629395,60633800,27.3453235626221
"2020-11-23",37.0299987792969,37.0900001525879,36.2099990844727,36.5200004577637,43673100,27.2112102508545
"2020-11-24",36.1300010681152,36.7400016784668,36.0200004577637,36.5999984741211,42485300,27.2708148956299
"2020-11-25",36.5299987792969,36.560001373291,36.2400016784668,36.5299987792969,26955800,27.2186546325684
"2020-11-27",36.7799987792969,37.2599983215332,36.75,37.2299995422363,25277000,27.7402324676514
"2020-11-30",37.9500007629395,38.7999992370605,37.5999984741211,38.310001373291,65425900,28.5449485778809
"2020-12-01",39.4000015258789,40.5,39.0099983215332,39.4099998474121,72499700,29.3645668029785
"2020-12-02",40.4700012207031,41.4099998474121,40.2999992370605,40.7999992370605,84347500,30.4002552032471
"2020-12-03",40.9799995422363,41.0299987792969,39.5200004577637,40.0900001525879,68570100,29.8712348937988
"2020-12-04",39.8899993896484,40.4500007629395,39.8899993896484,40.3400001525879,35368100,30.0575122833252
"2020-12-07",40.6599998474121,41.4000015258789,40.3699989318848,41.25,48253700,30.7355537414551
"2020-12-08",41.4000015258789,42.7700004577637,41.3499984741211,42.560001373291,87039300,31.7116394042969
"2020-12-09",43.0699996948242,43.0800018310547,41.1300010681152,41.8499984741211,86118500,31.1826152801514
"2020-12-10",41.8199996948242,42.2200012207031,41.4500007629395,41.7299995422363,57749200,31.093204498291
"2020-12-11",41.9700012207031,42.0699996948242,40.689998626709,41.1199989318848,60737000,30.6386871337891
"2020-12-14",41.6199989318848,41.6599998474121,39.0699996948242,39.2099990844727,94809700,29.2155361175537
"2020-12-15",39.060001373291,39.1800003051758,38.2099990844727,38.7099990844727,65712800,28.842981338501
"2020-12-16",38.1800003051758,38.4700012207031,37.7400016784668,37.8400001525879,56515300,28.1947460174561
"2020-12-17",37.8300018310547,38.1199989318848,37.310001373291,38.0299987792969,52036400,28.3363208770752
"2020-12-18",37.9900016784668,38.0900001525879,37.5,37.6800003051758,60259200,28.0755310058594
"2020-12-21",37.2799987792969,37.4000015258789,36.9099998474121,37.3800010681152,40891800,27.8519954681396
"2020-12-22",37.2099990844727,37.3300018310547,36.5999984741211,36.7400016784668,33634400,27.3751316070557
"2020-12-23",37.0099983215332,37.6500015258789,36.8800010681152,37.439998626709,36182000,27.8967018127441
"2020-12-24",37.4000015258789,37.5699996948242,37.1800003051758,37.2700004577637,14790100,27.7700366973877
"2020-12-28",37.3600006103516,37.5800018310547,36.6800003051758,36.8199996948242,26993700,27.434741973877
"2020-12-29",36.9000015258789,37.2000007629395,36.7900009155273,37.0499992370605,23152100,27.6061153411865
"2020-12-30",37.0299987792969,37.2400016784668,36.7000007629395,36.7400016784668,24889800,27.3751316070557
"2020-12-31",36.6599998474121,36.9199981689453,36.2900009155273,36.810001373291,30796500,27.4272975921631
"2021-01-04",36.8699989318848,36.939998626709,36.2700004577637,36.810001373291,33565700,27.4272975921631
"2021-01-05",36.7200012207031,37.3699989318848,36.5999984741211,37.189998626709,29909400,27.7104320526123
"2021-01-06",36.8300018310547,37.4799995422363,36.7700004577637,36.8699989318848,34962500,27.4719982147217
"2021-01-07",37.0400009155273,37.1500015258789,36.6699981689453,37.060001373291,27809500,27.6135692596436
"2021-01-08",37.1599998474121,37.5299987792969,36.9000015258789,37.1300010681152,33462400,27.6657218933105
"2021-01-11",37.2200012207031,37.8300018310547,37.1500015258789,37.7700004577637,47286900,28.1425914764404
"2021-01-12",37.7000007629395,37.7900009155273,36.8199996948242,37.1800003051758,47831100,27.7029800415039
"2021-01-13",37,37.1699981689453,36.6399993896484,36.8600006103516,31027900,27.4645481109619
"2021-01-14",36.7799987792969,36.9599990844727,36.6100006103516,36.75,30272000,27.38258934021
"2021-01-15",36.6800003051758,36.7799987792969,36.4000015258789,36.7000007629395,34287800,27.3453235626221
"2021-01-19",36.7599983215332,37,36.6199989318848,36.7299995422363,33451300,27.36767578125
"2021-01-20",36.7900009155273,36.810001373291,36.4599990844727,36.5,35400100,27.1963024139404
"2021-01-21",36.3899993896484,36.5900001525879,36.1500015258789,36.4799995422363,33829700,27.1814079284668
"2021-01-22",36.3199996948242,36.8300018310547,36.25,36.5499992370605,26271200,27.2335720062256
"2021-01-25",36.5499992370605,37.2900009155273,36.3199996948242,37.2799987792969,31728500,27.7774868011475
"2021-01-26",37.2700004577637,37.5999984741211,37.1599998474121,37.310001373291,27718700,27.799840927124
"2021-01-27",36.9900016784668,37.0400009155273,36.1699981689453,36.2400016784668,50561200,27.0025806427002
"2021-01-28",35.9500007629395,36.3300018310547,35.8400001525879,35.8600006103516,39466700,27.0101146697998
"2021-01-29",36.8800010681152,36.8800010681152,35.6199989318848,35.9000015258789,60251900,27.0402374267578
"2021-02-01",35.9300003051758,36.189998626709,35.7200012207031,35.7999992370605,40395800,26.9649219512939
"2021-02-02",35.7599983215332,35.7799987792969,34.2700004577637,34.9900016784668,84062400,26.3548202514648
"2021-02-03",34.9900016784668,35.2900009155273,34.7799987792969,34.8400001525879,38524200,26.2418403625488
"2021-02-04",34.810001373291,35.0800018310547,34.7000007629395,34.8899993896484,34284900,26.2795009613037
"2021-02-05",34.9199981689453,35.0800018310547,34.7799987792969,34.9199981689453,31749600,26.3020915985107
"2021-02-08",34.9599990844727,35.0099983215332,34.7400016784668,34.8199996948242,31633900,26.2267723083496
"2021-02-09",34.7999992370605,35.060001373291,34.7599983215332,34.9700012207031,30170200,26.3397579193115
"2021-02-10",35,35.0800018310547,34.7000007629395,34.7400016784668,29039900,26.1665115356445
"2021-02-11",34.7999992370605,34.810001373291,34.2799987792969,34.4300003051758,30885200,25.9330215454102
"2021-02-12",34.439998626709,34.9500007629395,34.3600006103516,34.7200012207031,25578600,26.151460647583
"2021-02-16",34.8499984741211,34.8600006103516,34.560001373291,34.689998626709,28730300,26.1288547515869
"2021-02-17",34.5699996948242,35,34.4599990844727,34.8899993896484,26389400,26.2795009613037
"2021-02-18",34.7799987792969,34.8800010681152,34.5200004577637,34.560001373291,24052500,26.0309429168701
"2021-02-19",34.6599998474121,34.6800003051758,34.4000015258789,34.439998626709,28145300,25.9405517578125
"2021-02-22",34.3300018310547,34.3699989318848,34.0400009155273,34.2599983215332,34322500,25.8049774169922
"2021-02-23",34,34.189998626709,33.6800003051758,33.9099998474121,37624200,25.5413551330566
"2021-02-24",33.8699989318848,34.0499992370605,33.6699981689453,33.75,30686100,25.4208393096924
"2021-02-25",33.8199996948242,34.1100006103516,33.5400009155273,33.8199996948242,37506100,25.4735622406006
"2021-02-26",33.8400001525879,33.9000015258789,33.3600006103516,33.4900016784668,41462800,25.2250061035156
"2021-03-01",33.5900001525879,33.9300003051758,33.5099983215332,33.689998626709,30407800,25.3756504058838
"2021-03-02",33.6800003051758,33.8899993896484,33.5,33.5099983215332,27670400,25.2400665283203
"2021-03-03",33.5099983215332,34.4500007629395,33.439998626709,34.3899993896484,46020200,25.9028930664062
"2021-03-04",34.2599983215332,35.0900001525879,33.8400001525879,34.2000007629395,45449600,25.759786605835
"2021-03-05",34.2900009155273,34.5499992370605,33.9599990844727,34.3899993896484,30589900,25.9028930664062
"2021-03-08",34.4799995422363,34.8699989318848,34.3300018310547,34.3499984741211,24352300,25.8727607727051
"2021-03-09",34.5400009155273,34.8499984741211,34.439998626709,34.4500007629395,25167100,25.9480934143066
"2021-03-10",34.6399993896484,35.1399993896484,34.5200004577637,34.9300003051758,33501800,26.3096313476562
"2021-03-11",35.0699996948242,35.1199989318848,34.6599998474121,34.7099990844727,24557900,26.1439247131348
"2021-03-12",34.560001373291,34.9799995422363,34.5099983215332,34.939998626709,16342400,26.3171615600586
"2021-03-15",35.0099983215332,35.4300003051758,34.9599990844727,35.4099998474121,21896100,26.6711711883545
"2021-03-16",35.4700012207031,35.8600006103516,35.310001373291,35.8300018310547,25022400,26.9875183105469
"2021-03-17",35.8300018310547,35.9599990844727,35.1199989318848,35.7900009155273,42540100,26.957389831543
"2021-03-18",35.5299987792969,35.9700012207031,35.5200004577637,35.7700004577637,24729800,26.9423274993896
"2021-03-19",35.75,35.8199996948242,35.4700012207031,35.5299987792969,48348900,26.7615547180176
"2021-03-22",35.4799995422363,36.0099983215332,35.3600006103516,36,25427500,27.1155548095703
"2021-03-23",35.8199996948242,35.9300003051758,35.3199996948242,35.3600006103516,27970500,26.6335048675537
"2021-03-24",35.4799995422363,35.9300003051758,35.3699989318848,35.6100006103516,22883400,26.8218097686768
"2021-03-25",35.6500015258789,35.7900009155273,35.25,35.6699981689453,24875300,26.867000579834
"2021-03-26",35.6800003051758,36.2900009155273,35.6399993896484,36.25,27944500,27.3038654327393
"2021-03-29",36.0299987792969,36.7400016784668,35.9000015258789,36.6199989318848,27004800,27.5825500488281
"2021-03-30",36.5900001525879,36.6300010681152,36.0200004577637,36.1100006103516,26303300,27.1984100341797
"2021-03-31",36.1500015258789,36.4300003051758,36.0400009155273,36.2299995422363,26582700,27.28879737854
"2021-04-01",36.2999992370605,36.4500007629395,36.0200004577637,36.2999992370605,21319900,27.3415222167969
"2021-04-05",36.439998626709,36.5699996948242,36.0999984741211,36.2799987792969,22096900,27.3264598846436
"2021-04-06",36.2599983215332,36.4000015258789,36,36.0499992370605,20722900,27.1532211303711
"2021-04-07",36.0299987792969,36.2400016784668,35.7599983215332,35.9099998474121,21933800,27.0477695465088
"2021-04-08",35.9599990844727,36.1500015258789,35.8699989318848,35.9599990844727,18129400,27.0854377746582
"2021-04-09",35.9000015258789,36.810001373291,35.9000015258789,36.5999984741211,31686700,27.5674877166748
"2021-04-12",36.4799995422363,37.0299987792969,36.3300018310547,36.9700012207031,29944900,27.8461761474609
"2021-04-13",37.4099998474121,37.6500015258789,36.8899993896484,37.1599998474121,33967400,27.9892864227295
"2021-04-14",37.1699981689453,37.3800010681152,36.9599990844727,37.1699981689453,23842900,27.996826171875
"2021-04-15",37.2599983215332,37.7400016784668,37.2599983215332,37.5999984741211,24945800,28.3207015991211
"2021-04-16",37.8699989318848,38.7000007629395,37.810001373291,38.5699996948242,52829500,29.0513172149658
"2021-04-19",38.5999984741211,38.9599990844727,38.3300018310547,38.9300003051758,30905100,29.3224716186523
"2021-04-20",38.75,39.2400016784668,38.75,39.0299987792969,26459400,29.3977890014648
"2021-04-21",39.1399993896484,39.6699981689453,39.1300010681152,39.5299987792969,29365000,29.7743892669678
"2021-04-22",39.4799995422363,39.5,38.5200004577637,38.6399993896484,33373600,29.1040287017822
"2021-04-23",38.6300010681152,38.8300018310547,38.4300003051758,38.6599998474121,24375000,29.1190986633301
"2021-04-26",38.7299995422363,38.7400016784668,38.4900016784668,38.6800003051758,19773400,29.1341667175293
"2021-04-27",38.5099983215332,38.6100006103516,38.3499984741211,38.4500007629395,19061500,28.9609222412109
"2021-04-28",38.5400009155273,38.939998626709,38.5200004577637,38.810001373291,21963300,29.2320861816406
"2021-04-29",38.9900016784668,39,38.310001373291,38.5999984741211,23569400,29.0739078521729
"2021-04-30",38.5,38.9000015258789,38.4900016784668,38.6500015258789,28413200,29.1115779876709
"2021-05-03",39.0400009155273,39.8400001525879,38.9599990844727,39.8300018310547,46638600,30.000358581543
"2021-05-04",40,40.1699981689453,39.4300003051758,39.9500007629395,52802200,30.0907402038574
"2021-05-05",40.1800003051758,41.0900001525879,38.9300003051758,39.9700012207031,76627500,30.1058006286621
"2021-05-06",38.4799995422363,39.2299995422363,37.9599990844727,39.189998626709,54944900,29.8091564178467
"2021-05-07",39.0499992370605,39.8699989318848,39.0499992370605,39.5800018310547,33807800,30.1058120727539
"2021-05-10",39.8300018310547,40.2799987792969,39.7799987792969,39.8600006103516,30831900,30.3187847137451
"2021-05-11",39.6800003051758,40.0699996948242,39.2299995422363,39.3499984741211,30568600,29.9308605194092
"2021-05-12",39.439998626709,39.9199981689453,39.310001373291,39.689998626709,26208600,30.1894817352295
"2021-05-13",39.5,40.2799987792969,39.5,40.0999984741211,25415000,30.5013294219971
"2021-05-14",40.2400016784668,40.3199996948242,39.9199981689453,40.0200004577637,18041100,30.4404830932617
"2021-05-17",40.0699996948242,40.4000015258789,40.0099983215332,40.1100006103516,18095000,30.5089435577393
"2021-05-18",40.1800003051758,40.3499984741211,39.8300018310547,40.0499992370605,15805500,30.4633045196533
"2021-05-19",39.9000015258789,39.9000015258789,39.4300003051758,39.8300018310547,20209500,30.2959671020508
"2021-05-20",39.7299995422363,40.25,39.7200012207031,40.1199989318848,18621100,30.5165481567383
"2021-05-21",40.2099990844727,40.5999984741211,39.9099998474121,39.9500007629395,21144800,30.3872394561768
"2021-05-24",40.0800018310547,40.1399993896484,39.7799987792969,39.810001373291,16922300,30.2807540893555
"2021-05-25",39.8199996948242,39.8600006103516,39.2400016784668,39.3300018310547,25916300,29.9156494140625
"2021-05-26",39.2900009155273,39.2999992370605,38.7799987792969,38.9199981689453,28036500,29.6037902832031
"2021-05-27",38.9700012207031,39.1800003051758,38.5999984741211,38.6500015258789,38471200,29.3984279632568
"2021-05-28",38.75,39.0200004577637,38.6800003051758,38.7299995422363,16154100,29.459264755249
"2021-06-01",38.939998626709,39,38.4799995422363,38.5,23642400,29.2843227386475
"2021-06-02",38.6399993896484,38.9300003051758,38.5400009155273,38.7900009155273,19629000,29.5049076080322
"2021-06-03",38.7599983215332,39.0400009155273,38.6300010681152,38.9700012207031,17376300,29.6418266296387
"2021-06-04",39.0499992370605,39.5,39.0200004577637,39.1500015258789,19375300,29.778736114502
"2021-06-07",39.0800018310547,39.5999984741211,38.9700012207031,38.9900016784668,24110700,29.657039642334
"2021-06-08",39.0699996948242,39.1100006103516,38.4799995422363,38.8499984741211,18880300,29.550537109375
"2021-06-09",39,39.8400001525879,38.9799995422363,39.810001373291,29824000,30.2807540893555
"2021-06-10",39.9000015258789,40.7200012207031,39.8899993896484,40.6800003051758,42613700,30.9425067901611
"2021-06-11",40.6599998474121,40.6699981689453,39.9500007629395,40.1500015258789,21386900,30.5393619537354
"2021-06-14",40.0299987792969,40.0699996948242,39.3800010681152,39.6300010681152,23408300,30.1438407897949
"2021-06-15",39.7099990844727,39.8400001525879,39.3899993896484,39.5900001525879,20206900,30.1134223937988
"2021-06-16",39.6199989318848,39.8400001525879,39.2799987792969,39.2999992370605,19177500,29.8928279876709
"2021-06-17",39.2700004577637,39.5900001525879,39.0699996948242,39.4799995422363,19580100,30.0297393798828
"2021-06-18",39.2999992370605,39.439998626709,38.7000007629395,38.810001373291,37775900,29.5201244354248
"2021-06-21",38.8800010681152,39.4799995422363,38.8800010681152,39.4199981689453,19488100,29.9841022491455
"2021-06-22",39.4099998474121,39.689998626709,39.2599983215332,39.6100006103516,15975900,30.128625869751
"2021-06-23",39.6300010681152,39.6599998474121,38.9799995422363,39.0499992370605,22025400,29.7026748657227
"2021-06-24",39.1399993896484,39.3499984741211,39.0800018310547,39.189998626709,13436500,29.8091564178467
"2021-06-25",39.1199989318848,39.4099998474121,38.8899993896484,38.9799995422363,22774300,29.6494216918945
"2021-06-28",39.0099983215332,39.2099990844727,38.9000015258789,39.1199989318848,19225700,29.7559185028076
"2021-06-29",39.1300010681152,39.2799987792969,38.9799995422363,39.0999984741211,14516600,29.7406997680664
"2021-06-30",39.1399993896484,39.2700004577637,38.8199996948242,39.1599998474121,21248100,29.7863368988037
"2021-07-01",39.1699981689453,39.6300010681152,39.1100006103516,39.560001373291,20035900,30.0905895233154
"2021-07-02",39.4599990844727,39.8300018310547,39.3800010681152,39.7299995422363,16592700,30.219898223877
"2021-07-06",39.4799995422363,39.6500015258789,39.0400009155273,39.2900009155273,18931900,29.8852252960205
"2021-07-07",39.2200012207031,39.3600006103516,38.9700012207031,39.3499984741211,17665200,29.9308605194092
"2021-07-08",39,39.3199996948242,38.9300003051758,39.25,23021200,29.8548011779785
"2021-07-09",39.5299987792969,40.0999984741211,39.4599990844727,39.6100006103516,21578700,30.128625869751
"2021-07-12",39.6599998474121,40.25,39.5999984741211,39.7599983215332,24513000,30.2427177429199
"2021-07-13",39.7700004577637,39.7999992370605,39.5299987792969,39.6500015258789,12222000,30.1590538024902
"2021-07-14",39.7200012207031,40.0299987792969,39.6599998474121,39.9500007629395,15888600,30.3872394561768
"2021-07-15",39.9500007629395,40.189998626709,39.8600006103516,40.0900001525879,20250800,30.4937343597412
"2021-07-16",40.1399993896484,40.3499984741211,39.9300003051758,40.3499984741211,24270400,30.6914901733398
"2021-07-19",40.0699996948242,40.3499984741211,39.6800003051758,40.1500015258789,29818400,30.5393619537354
"2021-07-20",40.25,41.7099990844727,40.2000007629395,41.0499992370605,48804100,31.2239284515381
"2021-07-21",41.2400016784668,41.2400016784668,40.5200004577637,41.0200004577637,27530200,31.2011203765869
"2021-07-22",41.1199989318848,41.5499992370605,40.9000015258789,41.4700012207031,18913300,31.5434036254883
"2021-07-23",41.4599990844727,41.8300018310547,41.4199981689453,41.6800003051758,21609200,31.7031345367432
"2021-07-26",41.6199989318848,41.939998626709,41.3899993896484,41.810001373291,23720000,31.8020153045654
"2021-07-27",41.8199996948242,42.2000007629395,41.5800018310547,42.0999984741211,32544100,32.0225982666016
"2021-07-28",42.3499984741211,43.7400016784668,42.25,43.4500007629395,53822400,33.0494651794434
"2021-07-29",43.2299995422363,43.2999992370605,42.6199989318848,42.7900009155273,29015000,32.8422164916992
"2021-07-30",42.8800010681152,43.189998626709,42.689998626709,42.810001373291,24763300,32.8575744628906
"2021-08-02",43.2999992370605,44.1399993896484,43.25,43.9599990844727,43066900,33.7402229309082
"2021-08-03",44.1699981689453,45.8600006103516,44.0699996948242,45.6800003051758,45643300,35.0603523254395
"2021-08-04",45.3499984741211,45.7999992370605,45.0099983215332,45.189998626709,43391200,34.684268951416
"2021-08-05",45,45.1399993896484,44.7000007629395,45.060001373291,23505400,34.5844993591309
"2021-08-06",45.0900001525879,45.310001373291,44.6300010681152,45.0699996948242,20413000,34.5921783447266
"2021-08-09",45.1100006103516,46.0299987792969,45.1100006103516,45.9799995422363,32374300,35.2906150817871
"2021-08-10",46.2000007629395,48.5699996948242,45.8899993896484,48.189998626709,81189400,36.9868354797363
"2021-08-11",47.7799987792969,48.0800018310547,46.2599983215332,46.310001373291,50878200,35.5438995361328
"2021-08-12",46.5,47.4000015258789,46.3400001525879,47.2400016784668,29676400,36.2576942443848
"2021-08-13",47.4099998474121,48.5,47.3199996948242,48.4799995422363,35379200,37.2094192504883
"2021-08-16",48.2299995422363,48.9700012207031,47.5099983215332,48.9099998474121,38045800,37.5394554138184
"2021-08-17",48.7799987792969,50.4900016784668,48.7099990844727,50.4199981689453,68817000,38.6984024047852
"2021-08-18",50.2299995422363,51.8600006103516,49.1699981689453,49.310001373291,88598000,37.8464546203613
"2021-08-19",48.5,49.9599990844727,48.2599983215332,48.7999992370605,57741600,37.4550285339355
"2021-08-20",48.9799995422363,49.7299995422363,48.6599998474121,48.7200012207031,35157500,37.3936233520508
"2021-08-23",50.2900009155273,51.3600006103516,49.5999984741211,49.9300003051758,88652400,38.3223190307617
"2021-08-24",49.7400016784668,50.0499992370605,48.2400016784668,48.3800010681152,52624100,37.1326637268066
"2021-08-25",48.0400009155273,48.2799987792969,46.9300003051758,47.5099983215332,51036800,36.464916229248
"2021-08-26",47.7000007629395,48.1599998474121,47.2999992370605,47.3800010681152,29029300,36.3651428222656
"2021-08-27",47.3699989318848,47.5,46.5299987792969,46.5999984741211,32924500,35.766471862793
"2021-08-30",46.2000007629395,47.1599998474121,46.1599998474121,46.7599983215332,25774400,35.8892822265625
"2021-08-31",46.7200012207031,47.1399993896484,45.9300003051758,46.0699996948242,34547800,35.3596992492676
"2021-09-01",46.189998626709,46.2599983215332,45.4199981689453,46.0400009155273,32900100,35.3366622924805
"2021-09-02",46.4799995422363,46.8699989318848,46.1300010681152,46.8400001525879,26106300,35.9506874084473
"2021-09-03",46.9000015258789,47.0299987792969,46.3400001525879,46.8400001525879,20817200,35.9506874084473
"2021-09-07",46.9900016784668,47.5,46.5400009155273,46.75,26236900,35.8816070556641
"2021-09-08",46.5099983215332,46.7900009155273,46.25,46.5099983215332,15839600,35.6973991394043
"2021-09-09",46.4700012207031,46.7200012207031,45.8499984741211,46.0299987792969,21695300,35.328987121582
"2021-09-10",46.2700004577637,46.3499984741211,45.5099983215332,45.5900001525879,20801500,34.9912872314453
"2021-09-13",45.7400016784668,45.8300018310547,44.2000007629395,44.5800018310547,37086200,34.2160835266113
"2021-09-14",44.6699981689453,45.2599983215332,44.5499992370605,44.7099990844727,24100200,34.3158645629883
"2021-09-15",44.560001373291,45.3699989318848,44.4700012207031,44.7700004577637,28674600,34.3619155883789
"2021-09-16",44.8800010681152,44.9900016784668,44.0299987792969,44.4700012207031,22424200,34.1316604614258
"2021-09-17",44.1699981689453,44.4599990844727,43.310001373291,43.8899993896484,56370500,33.6864967346191
"2021-09-20",43.3899993896484,44.6500015258789,43.3899993896484,44.2000007629395,41873000,33.9244270324707
"2021-09-21",44.25,44.7299995422363,43.8499984741211,43.9199981689453,23645600,33.7095222473145
"2021-09-22",43.9900016784668,44.3899993896484,43.8300018310547,43.9500007629395,22616700,33.7325401306152
"2021-09-23",44.2799987792969,44.7200012207031,44.1500015258789,44.189998626709,19719200,33.9167594909668
"2021-09-24",44.0699996948242,44.4099998474121,43.810001373291,43.939998626709,16150700,33.7248649597168
"2021-09-27",43.9199981689453,44.1300010681152,43.5099983215332,43.5699996948242,19955900,33.4408874511719
"2021-09-28",43.0699996948242,43.2799987792969,42.4300003051758,43.0400009155273,28512200,33.0341033935547
"2021-09-29",43.2200012207031,43.689998626709,43.0800018310547,43.5299987792969,18037200,33.4101943969727
"2021-09-30",43.7900009155273,44.0499992370605,42.9700012207031,43.0099983215332,21103300,33.0110778808594
"2021-10-01",42.5200004577637,43.0999984741211,41.7000007629395,42.9300003051758,38483000,32.9496726989746
"2021-10-04",42.9300003051758,43.3499984741211,42.2099990844727,42.4199981689453,28906500,32.5582427978516
"2021-10-05",42.5299987792969,42.7900009155273,42.2799987792969,42.3199996948242,19342600,32.4814758300781
"2021-10-06",42.060001373291,42.2000007629395,41.689998626709,42.0200004577637,30483800,32.2512321472168
"2021-10-07",42.5200004577637,42.9599990844727,42.2099990844727,42.7400016784668,19778300,32.8038520812988
"2021-10-08",42.7299995422363,42.9099998474121,42.3400001525879,42.4500007629395,12778600,32.5812683105469
"2021-10-11",42.4500007629395,42.6199989318848,42.0099983215332,42.060001373291,11984200,32.2819404602051
"2021-10-12",42.1599998474121,42.2099990844727,41.6599998474121,41.8499984741211,16222300,32.1207542419434
"2021-10-13",41.75,41.9099998474121,40.939998626709,41.4199981689453,28205700,31.790714263916
"2021-10-14",41.560001373291,41.9599990844727,41.5200004577637,41.6699981689453,17590300,31.9825992584229
"2021-10-15",41.9000015258789,42.0299987792969,41.3800010681152,41.4900016784668,23550300,31.8444404602051
"2021-10-18",41.4500007629395,41.7000007629395,41.0400009155273,41.3199996948242,21733000,31.7139625549316
"2021-10-19",41.5999984741211,42.2000007629395,41.5400009155273,42.0900001525879,17159800,32.3049583435059
"2021-10-20",42.1199989318848,43.1100006103516,42.0999984741211,42.7999992370605,22788300,32.8498916625977
"2021-10-21",43.060001373291,43.0900001525879,42.4300003051758,42.8600006103516,22142300,32.8959503173828
"2021-10-22",42.8199996948242,43.189998626709,42.6300010681152,43.1599998474121,17183000,33.1262016296387
"2021-10-25",43.2000007629395,43.2400016784668,42.5699996948242,43.1500015258789,22846200,33.1185302734375
"2021-10-26",43.3300018310547,43.7599983215332,42.9199981689453,43.560001373291,29729100,33.4332122802734
"2021-10-27",43.4599990844727,43.560001373291,42.6800003051758,42.9700012207031,22317500,32.9803810119629
"2021-10-28",42.9500007629395,43.6699981689453,42.939998626709,43.1800003051758,18023400,33.1415519714355
"2021-10-29",43.0900001525879,43.8300018310547,42.8600006103516,43.7400016784668,30307500,33.5713729858398
"2021-11-01",44.1399993896484,44.2900009155273,43.439998626709,43.6399993896484,32681500,33.4946212768555
"2021-11-02",45.0800018310547,46.0400009155273,43.0499992370605,45.4500007629395,69248000,34.8838310241699
"2021-11-03",45.5200004577637,45.9900016784668,44.4799995422363,44.8199996948242,44593100,34.4002952575684
"2021-11-04",44.2900009155273,44.4700012207031,43.310001373291,43.8499984741211,38172500,33.9512252807617
"2021-11-05",48.0900001525879,48.810001373291,46.5499992370605,48.6100006103516,173959100,37.6366882324219
"2021-11-08",48.6100006103516,48.7900009155273,47.5999984741211,48.3300018310547,57423300,37.4198989868164
"2021-11-09",48.3300018310547,48.3800010681152,47.1500015258789,47.2999992370605,29920400,36.6224098205566
"2021-11-10",47.4000015258789,49.2099990844727,47.4000015258789,49.0200004577637,42696200,37.9541282653809
"2021-11-11",49.2299995422363,50.5,48.7299995422363,50.1800003051758,42370400,38.8522720336914
"2021-11-12",50.4199981689453,50.4900016784668,49.5699996948242,49.7299995422363,27780600,38.5038604736328
"2021-11-15",49.7299995422363,50.0999984741211,49.3699989318848,49.6500015258789,27763200,38.4419136047363
"2021-11-16",49.4700012207031,50.1599998474121,48.8899993896484,49.5999984741211,31297200,38.4032020568848
"2021-11-17",49.939998626709,51.0900001525879,49.689998626709,50.8699989318848,36889800,39.3865051269531
"2021-11-18",51.0999984741211,51.7099990844727,50.6100006103516,51.4099998474121,32872600,39.8046035766602
"2021-11-19",51.9599990844727,52.8400001525879,50.6800003051758,50.7999992370605,47966200,39.3323135375977
"2021-11-22",50.9500007629395,51.4700012207031,50.3800010681152,51.2000007629395,27287900,39.6420211791992
"2021-11-23",50.5800018310547,51.4500007629395,50.2999992370605,51.0800018310547,24946200,39.5491065979004
"2021-11-24",51.1800003051758,51.3300018310547,50.7099990844727,50.8899993896484,18556800,39.4019927978516
"2021-11-26",54.0400009155273,54.939998626709,53.25,54,66561300,41.809944152832
"2021-11-29",55.1500015258789,55.7000007629395,52.1100006103516,52.4000015258789,72660800,40.5711288452148
"2021-11-30",52.310001373291,54.4599990844727,51.9099998474121,53.7299995422363,64598400,41.6008949279785
"2021-12-01",52.4700012207031,55.1699981689453,51.8600006103516,54.6800003051758,59810400,42.3364372253418
"2021-12-02",53.8199996948242,55.0800018310547,52.7700004577637,53.0400009155273,46361700,41.066650390625
"2021-12-03",53.7099990844727,54.4099998474121,53.0999984741211,54.2700004577637,37574800,42.018985748291
"2021-12-06",53.7799987792969,53.8899993896484,51.25,51.4799995422363,53724000,39.858814239502
"2021-12-07",51.25,52.5,50.4000015258789,51.7200012207031,41575400,40.0446281433105
"2021-12-08",52.75,53.0800018310547,51.0299987792969,51.4000015258789,37429200,39.7968711853027
"2021-12-09",51.5099983215332,52.8499984741211,51.5099983215332,52.0800018310547,38325700,40.3233642578125
"2021-12-10",51.2000007629395,52.8499984741211,51.1100006103516,52.7799987792969,26079400,40.865348815918
"2021-12-13",53.439998626709,55.7299995422363,53.439998626709,55.2000007629395,54923200,42.7390480041504
"2021-12-14",54.7700004577637,55.9500007629395,54.3199996948242,55.5400009155273,48685700,43.0023040771484
"2021-12-15",56.1100006103516,58.9199981689453,55.8899993896484,58.7999992370605,75202900,45.5263786315918
"2021-12-16",58.3600006103516,61.4300003051758,57.75,61.25,75183600,47.4233131408691
"2021-12-17",59.9300003051758,61.189998626709,58.7000007629395,59.4799995422363,104192100,46.0528793334961
"2021-12-20",60.5999984741211,61.7099990844727,59.8300018310547,61.0200004577637,55712200,47.2452354431152
"2021-12-21",60.0099983215332,60.0400009155273,57.1599998474121,58.9500007629395,63877900,45.6425132751465
"2021-12-22",59.25,60.5900001525879,58.2200012207031,59.5499992370605,62594900,46.107063293457
"2021-12-23",59.8199996948242,60.0800018310547,58.310001373291,58.7099990844727,39203200,45.4566955566406
"2021-12-27",58.8499984741211,59.3800010681152,58.2299995422363,59.2000007629395,27362600,45.8360786437988
"2021-12-28",59.0499992370605,59.4500007629395,57.0800018310547,58.0099983215332,36901700,44.9147148132324
"2021-12-29",57.310001373291,58.0299987792969,57.0699996948242,57.5800018310547,26170200,44.581787109375
"2021-12-30",57.75,58.7400016784668,57.5299987792969,58.4000015258789,24559000,45.2166748046875
"2021-12-31",58.5299987792969,59.7999992370605,58.439998626709,59.0499992370605,28579600,45.7199440002441
"2022-01-03",58.5,58.5499992370605,56.3400001525879,56.6500015258789,57219200,43.8617248535156
"2022-01-04",56.2200012207031,56.4300003051758,53.939998626709,54.5299987792969,66993100,42.2202987670898
"2022-01-05",55.8400001525879,56.439998626709,55.3699989318848,55.6300010681152,52956400,43.0719757080078
"2022-01-06",55.1599998474121,55.6300010681152,54.4900016784668,54.8400001525879,37000400,42.4603233337402
"2022-01-07",55.3600006103516,55.7700004577637,54.6300010681152,55.7200012207031,27703400,43.1416664123535
"2022-01-10",55.7099990844727,56.2599983215332,54.7400016784668,56.2400016784668,34044700,43.5442848205566
"2022-01-11",56.75,57.4300003051758,55.810001373291,56.689998626709,33576600,43.8926963806152
"2022-01-12",56.3400001525879,57.1599998474121,55.9000015258789,56.6500015258789,27608500,43.8617248535156
"2022-01-13",56.5299987792969,56.75,55.2200012207031,55.5400009155273,28117900,43.0023040771484
"2022-01-14",54.9799995422363,55.3800010681152,54.5099983215332,54.9500007629395,27072500,42.5454902648926
"2022-01-18",54.5,54.5499992370605,53.4300003051758,54.1100006103516,35598000,41.8951110839844
"2022-01-19",53.6500015258789,54.4900016784668,53.4500007629395,53.5400009155273,27300400,41.4537773132324
"2022-01-20",53.9599990844727,54.5200004577637,53.0699996948242,54.0499992370605,35105300,41.8486518859863
"2022-01-21",54.4199981689453,54.8699989318848,52.4599990844727,52.7900009155273,41059000,40.8730926513672
"2022-01-24",51.75,52.060001373291,49.8199996948242,51.5400009155273,59036400,39.9052658081055
"2022-01-25",51.3600006103516,52.8400001525879,51.2400016784668,52.5400009155273,43983200,40.6795272827148
"2022-01-26",52.5699996948242,53.6199989318848,52.4599990844727,53.0099983215332,39644800,41.0434265136719
"2022-01-27",53.0200004577637,54.5800018310547,53,53.3699989318848,36957200,41.6363372802734
"2022-01-28",53.7700004577637,54.6699981689453,53.0999984741211,54.3300018310547,28590400,42.3852767944336
"2022-01-31",54,54.1399993896484,52.3899993896484,52.689998626709,38644600,41.1058311462402
"2022-02-01",52.7400016784668,53.1599998474121,52.3899993896484,53.0699996948242,27883300,41.4022941589355
"2022-02-02",52.8400001525879,54.1300010681152,52.4500007629395,53.8600006103516,32039300,42.0186080932617
"2022-02-03",53.3300018310547,53.8899993896484,53.0900001525879,53.3800010681152,22635800,41.6441345214844
"2022-02-04",53.0200004577637,53.4300003051758,52.6300010681152,53,24932200,41.3476791381836
"2022-02-07",53.2999992370605,53.5800018310547,52.2400016784668,53.2099990844727,32358500,41.5115165710449
"2022-02-08",50.6399993896484,51.7999992370605,49.689998626709,51.7000007629395,67922000,40.3334999084473
"2022-02-09",51.6399993896484,51.7200012207031,50.9000015258789,51.4700012207031,38522200,40.1540641784668
"2022-02-10",51.0400009155273,51.3699989318848,50.3899993896484,50.5999984741211,34200600,39.4753303527832
"2022-02-11",50.3300018310547,51.2400016784668,50.0800018310547,50.7799987792969,34997800,39.6157646179199
"2022-02-14",49.8199996948242,50.5,48.4799995422363,49.7999992370605,42973100,38.8512191772461
"2022-02-15",49.7999992370605,50.0400009155273,49.2099990844727,49.7900009155273,29150000,38.8434181213379
"2022-02-16",49.5900001525879,50.7799987792969,49.4300003051758,49.6800003051758,27672600,38.7575950622559
"2022-02-17",49.810001373291,49.9599990844727,48.75,48.9000015258789,21231700,38.1490821838379
"2022-02-18",48.7799987792969,49.5200004577637,48.2000007629395,48.5299987792969,26955300,37.8604354858398
"2022-02-22",47.5400009155273,48.310001373291,47.3499984741211,47.5299987792969,34814800,37.0802841186523
"2022-02-23",47.5900001525879,48.1599998474121,46.7799987792969,46.8699989318848,25793000,36.5653877258301
"2022-02-24",45.8600006103516,46.7599983215332,45.4000015258789,45.9599990844727,44227300,35.85546875
"2022-02-25",45.810001373291,48.0299987792969,45.7400016784668,47.7200012207031,31199200,37.2285232543945
"2022-02-28",46.8199996948242,47.1699981689453,46.3400001525879,46.939998626709,35296100,36.6200065612793
"2022-03-01",46.689998626709,47.1399993896484,45.439998626709,45.75,29854500,35.6916275024414
"2022-03-02",46.1100006103516,47.9300003051758,46,47.7000007629395,36516200,37.2129135131836
"2022-03-03",47.6800003051758,48.5900001525879,47.4799995422363,47.8300018310547,30553300,37.3143348693848
"2022-03-04",47.5,48.7700004577637,47.4099998474121,48.6500015258789,33217300,37.9540596008301
"2022-03-07",48.25,48.8400001525879,47.5200004577637,47.9799995422363,33171300,37.4313621520996
"2022-03-08",47.5800018310547,48.4199981689453,46.4700012207031,47.439998626709,32913300,37.0100860595703
"2022-03-09",48.1300010681152,49.2200012207031,48,48.75,24718900,38.0320701599121
"2022-03-10",48.310001373291,49.2900009155273,48.0499992370605,49.2000007629395,24542300,38.383129119873
"2022-03-11",49.1399993896484,50.9000015258789,48.939998626709,50.2700004577637,33701900,39.2178840637207
"2022-03-14",50.7200012207031,52.9099998474121,50.3899993896484,52.25,42314500,40.7625694274902
"2022-03-15",52.6199989318848,52.9199981689453,51.1800003051758,52.2099990844727,30172100,40.7313766479492
"2022-03-16",52.5400009155273,53.2700004577637,52.1800003051758,52.9199981689453,29891400,41.285270690918
"2022-03-17",52.9199981689453,54.25,52.7900009155273,54.2400016784668,30598600,42.3150596618652
"2022-03-18",54.3800010681152,55,53.7099990844727,54.5099983215332,51815000,42.5256996154785
"2022-03-21",54.2400016784668,55.2999992370605,53.9000015258789,54.189998626709,34592500,42.2760581970215
"2022-03-22",54.2000007629395,54.3199996948242,52.5,53.0400009155273,32253600,41.3788833618164
"2022-03-23",53.0200004577637,53.5,52.1599998474121,52.189998626709,29183700,40.715763092041
"2022-03-24",52.5400009155273,52.8499984741211,52.2900009155273,52.5900001525879,25177500,41.0278167724609
"2022-03-25",52.7400016784668,53.25,52.5099983215332,52.7799987792969,17429600,41.1760482788086
"2022-03-28",52.5299987792969,53.560001373291,52.5,53.2799987792969,21863700,41.5661277770996
"2022-03-29",54,54.0800018310547,52.6199989318848,52.7400016784668,39970000,41.1448402404785
"2022-03-30",53.2000007629395,53.7200012207031,51.9700012207031,52.439998626709,27599600,40.9107971191406
"2022-03-31",52,52.8800010681152,51.7400016784668,51.7700004577637,26055200,40.3881034851074
"2022-04-01",52.1199989318848,52.1599998474121,51.0999984741211,51.5699996948242,19073100,40.2320747375488
"2022-04-04",51.7799987792969,51.8699989318848,50.3699989318848,50.939998626709,20462800,39.7405815124512
"2022-04-05",50.810001373291,52.1500015258789,50.75,51.2400016784668,21176700,39.9746284484863
"2022-04-06",51.1599998474121,53.0900001525879,51.1599998474121,52.8699989318848,31717500,41.2462577819824
"2022-04-07",52.5,55.4099998474121,52.5,55.1599998474121,36305700,43.0327987670898
"2022-04-08",54.8499984741211,55.5800018310547,54.4599990844727,55.1699981689453,24612200,43.040599822998
"2022-04-11",55.4599990844727,56.3199996948242,53.7799987792969,53.9300003051758,22054300,42.0732231140137
"2022-04-12",53.2999992370605,53.9300003051758,52.6500015258789,53.1100006103516,22810700,41.4335021972656
"2022-04-13",53.1300010681152,53.8199996948242,52.7000007629395,53.0999984741211,15777800,41.4256973266602
"2022-04-14",53.4000015258789,53.9099998474121,53.0400009155273,53.1199989318848,17240100,41.4412994384766
"2022-04-18",52.8300018310547,53.1100006103516,51.6300010681152,51.8400001525879,17065000,40.4427108764648
"2022-04-19",51.6599998474121,51.8800010681152,49.3699989318848,50.1800003051758,33441500,39.1476745605469
"2022-04-20",50,50.1599998474121,49.2099990844727,49.75,24751800,38.8122062683105
"2022-04-21",49.9300003051758,50.0099983215332,48.9199981689453,49.1100006103516,19105600,38.312915802002
"2022-04-22",48.9500007629395,49.0999984741211,47.9000015258789,48.1300010681152,22156800,37.5483818054199
"2022-04-25",47.8499984741211,49.189998626709,47.1199989318848,48.9500007629395,27390600,38.1880950927734
"2022-04-26",48.9900016784668,50.25,48.9199981689453,49.0299987792969,25366500,38.2505073547363
"2022-04-27",49.1100006103516,49.9099998474121,48.2099990844727,49.7400016784668,25819200,38.8044128417969
"2022-04-28",50.439998626709,50.7700004577637,49.4900016784668,50.5099983215332,28225400,39.4051246643066
"2022-04-29",49.8699989318848,50.3400001525879,49,49.0699996948242,28343300,38.2817039489746
"2022-05-02",47.6800003051758,48.7599983215332,47.4599990844727,48.3400001525879,36228400,37.7122077941895
"2022-05-03",48.8699989318848,50.0400009155273,47.7000007629395,49.2900009155273,33716900,38.4533462524414
"2022-05-04",48.8899993896484,49.8699989318848,47.9099998474121,49.6599998474121,28613700,38.7419967651367
"2022-05-05",49.4599990844727,49.5499992370605,47.5499992370605,48.4500007629395,28333000,37.7980308532715
"2022-05-06",48.0900001525879,49.2200012207031,48.0400009155273,49.0400009155273,19891400,38.2583045959473
"2022-05-09",48.3800010681152,49.1699981689453,47.7700004577637,48.6399993896484,25012300,37.9462547302246
"2022-05-10",49.0400009155273,49.9000015258789,48.689998626709,49.4900016784668,27335900,38.6093711853027
"2022-05-11",49.0699996948242,50.2400016784668,49.0299987792969,49.4500007629395,29699500,38.5781631469727
"2022-05-12",49,50.4300003051758,48.7200012207031,50.3899993896484,33468400,39.6320915222168
"2022-05-13",50.3800010681152,50.7900009155273,49.6800003051758,49.9199981689453,22423700,39.2624320983887
"2022-05-16",49.8699989318848,51.0499992370605,49.8699989318848,50.6699981689453,19435600,39.8523139953613
"2022-05-17",50.9500007629395,51.5200004577637,50.1800003051758,51.3400001525879,19918200,40.3792610168457
"2022-05-18",51.2200012207031,51.4199981689453,50.1599998474121,50.4000015258789,22276000,39.6399459838867
"2022-05-19",50,50.8899993896484,49.5900001525879,50.6500015258789,19865500,39.8365821838379
"2022-05-20",51.2700004577637,52.7000007629395,51.1300010681152,52.4700012207031,31250400,41.2680206298828
"2022-05-23",52.5800018310547,53.7000007629395,52.4799995422363,52.8800010681152,24035800,41.5904922485352
"2022-05-24",52.7099990844727,53.6100006103516,52.7099990844727,53.4099998474121,26729800,42.0073394775391
"2022-05-25",53.2000007629395,54.0499992370605,53.0499992370605,53.7099990844727,24003900,42.2432899475098
"2022-05-26",54.060001373291,54.9199981689453,53.8800010681152,53.9900016784668,23516300,42.4635162353516
"2022-05-27",53.9199981689453,54.4099998474121,53.5200004577637,53.9099998474121,21407500,42.4005928039551
"2022-05-31",53.3199996948242,53.5,51.939998626709,53.0400009155273,66058200,41.7163352966309
"2022-06-01",53.25,53.2799987792969,51.8400001525879,52.3699989318848,17430600,41.1893730163574
"2022-06-02",52.3699989318848,52.7400016784668,51.0400009155273,52.6800003051758,21903400,41.4331893920898
"2022-06-03",52.4599990844727,53.5299987792969,52.4599990844727,53.2000007629395,18125000,41.8421783447266
"2022-06-06",53.189998626709,53.7200012207031,53,53.2599983215332,16544400,41.8893661499023
"2022-06-07",53.2799987792969,53.9700012207031,53.0099983215332,53.9599990844727,15091200,42.4399108886719
"2022-06-08",54.060001373291,54.560001373291,53.4099998474121,53.4700012207031,12789800,42.0545310974121
"2022-06-09",53.2700004577637,53.6500015258789,51.7000007629395,51.7799987792969,17572700,40.7253227233887
"2022-06-10",51.310001373291,51.3699989318848,49.9500007629395,49.9700012207031,23826000,39.3017539978027
"2022-06-13",48.8199996948242,49.2799987792969,47.7099990844727,47.9099998474121,26989000,37.6815528869629
"2022-06-14",47.75,48.4700012207031,47.2200012207031,47.9199981689453,23290300,37.6894111633301
"2022-06-15",47.8800010681152,48.9799995422363,47.1800003051758,48.5099983215332,25748000,38.153450012207
"2022-06-16",47.689998626709,48,47.060001373291,47.4799995422363,20424500,37.3433532714844
"2022-06-17",47.3800010681152,48.0299987792969,46.2799987792969,46.5299987792969,45047700,36.5961608886719
"2022-06-21",47.3199996948242,48.439998626709,46.9500007629395,48.1100006103516,19622100,37.8388595581055
"2022-06-22",48.0299987792969,49.5800018310547,47.7700004577637,49.0699996948242,20382900,38.5938911437988
"2022-06-23",49.2299995422363,50.1699981689453,48.9799995422363,50.0900001525879,20061700,39.3961334228516
"2022-06-24",50.6500015258789,51.6399993896484,50.2999992370605,51.5900001525879,24343200,40.5758934020996
"2022-06-27",51.4799995422363,52.2299995422363,51.2599983215332,51.8800010681152,16154300,40.8039779663086
"2022-06-28",51.8300018310547,51.9700012207031,50.4099998474121,50.6599998474121,16417900,39.8444480895996
"2022-06-29",50.7299995422363,51.439998626709,50.6599998474121,50.939998626709,13925700,40.0646629333496
"2022-06-30",51.689998626709,52.8899993896484,51.0900001525879,52.4300003051758,33495700,41.2365646362305
"2022-07-01",52.0400009155273,52.3699989318848,51.25,52.310001373291,16143300,41.1421852111816
"2022-07-05",51.75,51.8899993896484,50.4000015258789,51.6399993896484,18406800,40.6152229309082
"2022-07-06",51.6399993896484,52.9599990844727,51.5800018310547,52.75,21305500,41.4882431030273
"2022-07-07",52.9500007629395,53.5400009155273,52.7900009155273,53.4199981689453,17847600,42.0151977539062
"2022-07-08",53.0499992370605,53.9199981689453,52.7599983215332,53.1699981689453,11322700,41.8185844421387
"2022-07-11",53,53.7400016784668,52.75,52.8899993896484,12921400,41.5983543395996
"2022-07-12",52.689998626709,52.7799987792969,51.7099990844727,52.0400009155273,14633500,40.9298210144043
"2022-07-13",51.8600006103516,52.310001373291,51.5099983215332,51.7900009155273,12927300,40.7331962585449
"2022-07-14",50.75,51.5900001525879,50.6300010681152,51.3899993896484,14023800,40.4185943603516
"2022-07-15",51.0400009155273,51.9099998474121,50.4300003051758,51.75,19885700,40.7017364501953
"2022-07-18",51.9599990844727,51.9700012207031,50.5200004577637,50.75,15742900,39.9152336120605
"2022-07-19",51.0400009155273,51.5099983215332,50.6100006103516,51.3699989318848,13402100,40.4028625488281
"2022-07-20",51.3899993896484,51.4599990844727,50.5099983215332,50.8199996948242,12774400,39.970287322998
"2022-07-21",50.5699996948242,51.1399993896484,50.1800003051758,51.1199989318848,15103800,40.206241607666
"2022-07-22",51.2599983215332,51.5299987792969,50.9500007629395,51.2299995422363,10932100,40.2927474975586
"2022-07-25",51.3400001525879,51.8800010681152,51.3400001525879,51.7700004577637,12995800,40.7174644470215
"2022-07-26",51.8400001525879,52.8499984741211,51.7099990844727,52.2999992370605,16632500,41.1343154907227
"2022-07-27",51.939998626709,52.25,51.189998626709,51.9500007629395,19203500,40.8590354919434
"2022-07-28",50.8499984741211,52.3300018310547,49.0999984741211,50.7200012207031,38984900,40.2011756896973
"2022-07-29",50.560001373291,50.7099990844727,49.2799987792969,50.5099983215332,25037900,40.034725189209
"2022-08-01",50.3199996948242,51.2999992370605,50.1500015258789,50.6100006103516,19709900,40.1139945983887
"2022-08-02",50.9000015258789,51.4700012207031,49.6300010681152,49.689998626709,17802000,39.3847770690918
"2022-08-03",49.7900009155273,50.0699996948242,49.3400001525879,49.8600006103516,16500100,39.5195274353027
"2022-08-04",49.9000015258789,50.0499992370605,49.2099990844727,49.8600006103516,17026300,39.5195274353027
"2022-08-05",49.6399993896484,49.9700012207031,49.060001373291,49.2700004577637,16376600,39.051887512207
"2022-08-08",49.3899993896484,49.810001373291,48.939998626709,49.5699996948242,16071800,39.2896690368652
"2022-08-09",49.75,50.1100006103516,49.5200004577637,49.7799987792969,12095600,39.4561233520508
"2022-08-10",49.9300003051758,50.0499992370605,49.3800010681152,49.9500007629395,17355100,39.5908699035645
"2022-08-11",48.2200012207031,49.1300010681152,47.810001373291,48.2900009155273,44048800,38.2751350402832
"2022-08-12",48.5499992370605,50.3899993896484,48.5499992370605,50.1100006103516,25835500,39.7176818847656
"2022-08-15",49.9700012207031,50.0699996948242,49.3899993896484,49.75,15797800,39.4323348999023
"2022-08-16",49.3800010681152,50.1800003051758,49.3600006103516,49.8600006103516,12874800,39.5195274353027
"2022-08-17",49.6500015258789,49.8600006103516,49.25,49.2700004577637,13607200,39.051887512207
"2022-08-18",49.3899993896484,49.5200004577637,48.3800010681152,48.5800018310547,18916300,38.5049896240234
"2022-08-19",48.8400001525879,49.4500007629395,48.7299995422363,49.1500015258789,15350200,38.9567832946777
"2022-08-22",49.2099990844727,49.4000015258789,48.7400016784668,48.9000015258789,13601200,38.7586212158203
"2022-08-23",48.4199981689453,48.5200004577637,47.7599983215332,48.0099983215332,16248900,38.0531997680664
"2022-08-24",47.9000015258789,48.0099983215332,47.3800010681152,47.4300003051758,15551500,37.5934829711914
"2022-08-25",47.5200004577637,47.9500007629395,47.2700004577637,47.9000015258789,14460000,37.966007232666
"2022-08-26",47.6199989318848,47.9599990844727,46.7000007629395,46.8199996948242,16546700,37.109992980957
"2022-08-29",46.3800010681152,46.689998626709,46.1199989318848,46.2299995422363,13400500,36.6423606872559
"2022-08-30",46.3400001525879,46.3499984741211,45.7999992370605,45.8499984741211,16303000,36.3411598205566
"2022-08-31",46.0099983215332,46.2900009155273,45.1300010681152,45.2299995422363,26416800,35.8497428894043
"2022-09-01",45.1399993896484,46.6500015258789,45.1399993896484,46.6300010681152,19947600,36.9593925476074
"2022-09-02",46.7400016784668,46.7999992370605,45.5299987792969,45.7000007629395,14667700,36.2222671508789
"2022-09-06",45.9599990844727,46.439998626709,45.5299987792969,45.7599983215332,17153500,36.2698249816895
"2022-09-07",45.7000007629395,46.2099990844727,45.3800010681152,46.1300010681152,15378900,36.5630874633789
"2022-09-08",46.0200004577637,47.1199989318848,45.8699989318848,47.0800018310547,18271000,37.3160781860352
"2022-09-09",47.2000007629395,47.9900016784668,47.0999984741211,47.8400001525879,17501700,37.91845703125
"2022-09-12",48.0800018310547,48.3499984741211,47.689998626709,47.7599983215332,13744800,37.8550491333008
"2022-09-13",47.1300010681152,47.3199996948242,46.0200004577637,46.189998626709,16603200,36.610652923584
"2022-09-14",46.2000007629395,46.4099998474121,45.7799987792969,46.1500015258789,17162500,36.5789489746094
"2022-09-15",46.1100006103516,46.2900009155273,45.7000007629395,45.939998626709,15802000,36.4124946594238
"2022-09-16",46.0900001525879,46.6199989318848,45.6399993896484,46.0299987792969,30629500,36.483829498291
"2022-09-19",45.6800003051758,45.8800010681152,44.7799987792969,45.439998626709,16256200,36.0161972045898
"2022-09-20",45,45.2700004577637,44.439998626709,44.7700004577637,15369000,35.4851455688477
"2022-09-21",44.810001373291,44.9799995422363,43.9000015258789,43.9199981689453,17505200,34.8114242553711
"2022-09-22",43.6699981689453,45,43.5200004577637,44.5699996948242,18508100,35.3266220092773
"2022-09-23",44.439998626709,44.560001373291,43.5800018310547,44.0800018310547,18871700,34.9382476806641
"2022-09-26",43.810001373291,44.3300018310547,43.6699981689453,43.8300018310547,18680200,34.7400894165039
"2022-09-27",44.2200012207031,44.5800018310547,43.7400016784668,44.0900001525879,21562700,34.9461631774902
"2022-09-28",44.6699981689453,44.810001373291,44.2200012207031,44.4300003051758,16532600,35.2156524658203
"2022-09-29",44.4099998474121,44.6199989318848,43.9500007629395,44.1599998474121,13559900,35.0016479492188
"2022-09-30",44.1699981689453,44.6100006103516,43.7299995422363,43.7599983215332,22962300,34.6845970153809
"2022-10-03",44.0699996948242,44.2799987792969,43.4900016784668,44.1399993896484,22834300,34.9858016967773
"2022-10-04",44.25,44.8400001525879,44.0900001525879,44.4599990844727,28198800,35.2394332885742
"2022-10-05",44.1199989318848,44.3699989318848,43.6800003051758,44.1199989318848,15673400,34.9699516296387
"2022-10-06",43.7599983215332,43.7799987792969,43.0400009155273,43.0900001525879,22068200,34.153564453125
"2022-10-07",43.0499992370605,43.0499992370605,41.9199981689453,42.3199996948242,20095000,33.5432395935059
"2022-10-10",42.3499984741211,42.6199989318848,41.75,41.75,17888000,33.0914573669434
"2022-10-11",41.6599998474121,42.5699996948242,41.4500007629395,41.9199981689453,20981200,33.2262001037598
"2022-10-12",42.0900001525879,43.1399993896484,41.9199981689453,42.0299987792969,18803600,33.3133964538574
"2022-10-13",41.7599983215332,43.1599998474121,41.7000007629395,42.9799995422363,23135200,34.0663719177246
"2022-10-14",42.8899993896484,43.3800010681152,42.3600006103516,42.8600006103516,16980500,33.9712600708008
"2022-10-17",43.189998626709,43.810001373291,43.189998626709,43.6500015258789,16678400,34.5974197387695
"2022-10-18",44.0499992370605,44.3600006103516,43.6199989318848,44.0900001525879,18442800,34.9461631774902
"2022-10-19",43.9099998474121,44.0699996948242,42.7400016784668,43.1100006103516,23054700,34.1694107055664
"2022-10-20",43.2700004577637,43.4099998474121,42.8199996948242,42.9099998474121,17715000,34.0108909606934
"2022-10-21",43.310001373291,45.1599998474121,42.9900016784668,44.9500007629395,36575700,35.6278114318848
"2022-10-24",45.0800018310547,45.8699989318848,44.9900016784668,45.5400009155273,24972000,36.095458984375
"2022-10-25",45.2700004577637,45.8199996948242,44.8899993896484,45.5900001525879,23127000,36.1350936889648
"2022-10-26",45.9199981689453,46.6500015258789,45.6199989318848,46.060001373291,21407900,36.5076179504395
"2022-10-27",45.810001373291,46.1100006103516,45.6800003051758,45.7400016784668,20377700,36.253978729248
"2022-10-28",45.9799995422363,47.5200004577637,45.9300003051758,47.4300003051758,27854000,37.5934829711914
"2022-10-31",47.0800018310547,47.3899993896484,46.5400009155273,46.5499992370605,29961700,36.8959846496582
"2022-11-01",48,48.4199981689453,47.4000015258789,48.0099983215332,30614500,38.0531997680664
"2022-11-02",47.7700004577637,48.1699981689453,46.9500007629395,47.0699996948242,25813100,37.3081474304199
"2022-11-03",46.3600006103516,46.7999992370605,46.1599998474121,46.5699996948242,20124600,37.2282066345215
"2022-11-04",47.4700012207031,47.5400009155273,46.6100006103516,47.2200012207031,24528500,37.7478179931641
"2022-11-07",47.1599998474121,47.6500015258789,46.75,47.0900001525879,20304400,37.6439018249512
"2022-11-08",47.0400009155273,47.75,46.75,47.3499984741211,18054500,37.8517456054688
"2022-11-09",47.1599998474121,47.5,46.7000007629395,46.7200012207031,15348100,37.3481140136719
"2022-11-10",47.5299987792969,47.75,46.8499984741211,47.3800010681152,20480600,37.8757171630859
"2022-11-11",47.0699996948242,47.7000007629395,46.310001373291,47.5999984741211,20909800,38.0515899658203
"2022-11-14",47.9900016784668,49.8199996948242,47.9300003051758,49.2400016784668,26143000,39.3626136779785
"2022-11-15",49.3400001525879,49.5299987792969,48.1800003051758,48.5699996948242,25440500,38.8270111083984
"2022-11-16",48.7999992370605,49.060001373291,48.0499992370605,48.0499992370605,15822200,38.411319732666
"2022-11-17",47.7999992370605,48.5,47.5299987792969,48.3300018310547,13231100,38.6351585388184
"2022-11-18",48.6399993896484,48.8300018310547,47.8699989318848,48.2299995422363,20666500,38.5552177429199
"2022-11-21",48.0999984741211,48.2799987792969,47.7200012207031,48.1800003051758,14736000,38.5152397155762
"2022-11-22",48.3400001525879,49.25,48.2400016784668,49.0800018310547,16358600,39.2347106933594
"2022-11-23",48.9599990844727,49.2200012207031,48.5200004577637,48.8499984741211,10710800,39.0508460998535
"2022-11-25",48.9300003051758,49.2200012207031,48.8400001525879,49.2099990844727,6760200,39.3386268615723
"2022-11-28",49.1800003051758,49.7400016784668,49.060001373291,49.5699996948242,20704000,39.6264114379883
"2022-11-29",49.5,49.6699981689453,49.0999984741211,49.4900016784668,17160900,39.5624618530273
"2022-11-30",49.6399993896484,50.1300010681152,49.0400009155273,50.1300010681152,35572700,40.0740852355957
"2022-12-01",50.310001373291,51.1599998474121,50.2799987792969,51.0800018310547,23592600,40.8335151672363
"2022-12-02",50.560001373291,51.3300018310547,50.4799995422363,50.9099998474121,16881600,40.6976165771484
"2022-12-05",50.9099998474121,51.0299987792969,50.3499984741211,50.7299995422363,17959800,40.5537223815918
"2022-12-06",50.6699981689453,50.8499984741211,49.1800003051758,49.7099990844727,21787100,39.7383270263672
"2022-12-07",49.75,51.1500015258789,49.75,50.2400016784668,15929900,40.1620216369629
"2022-12-08",50.1800003051758,51.8699989318848,50.0200004577637,51.7799987792969,26116800,41.3930931091309
"2022-12-09",51.75,52.8400001525879,51.6300010681152,51.7200012207031,19933500,41.3451309204102
"2022-12-12",52.1199989318848,52.5900001525879,51.75,52.1599998474121,18532200,41.6968612670898
"2022-12-13",53.0999984741211,54.0400009155273,52.8800010681152,53.0699996948242,29461800,42.4243278503418
"2022-12-14",53.1399993896484,54.9300003051758,52.9000015258789,54.4799995422363,36260300,43.5514793395996
"2022-12-15",54.0699996948242,54.4300003051758,53.4000015258789,53.6100006103516,21627100,42.8560066223145
"2022-12-16",53.0099983215332,53.1399993896484,51.4000015258789,51.4000015258789,65689500,41.0893287658691
"2022-12-19",51.5200004577637,51.810001373291,50.7000007629395,51.3600006103516,16081900,41.0573425292969
"2022-12-20",51.2099990844727,51.5099983215332,50.8400001525879,51.3199996948242,12433800,41.0253715515137
"2022-12-21",51.6100006103516,52.1599998474121,51.2000007629395,51.6599998474121,12925000,41.2971687316895
"2022-12-22",51.4099998474121,51.7000007629395,50.9500007629395,51.6399993896484,14822300,41.2811813354492
"2022-12-23",51.560001373291,51.9500007629395,51.2400016784668,51.8300018310547,10666500,41.4330711364746
"2022-12-27",51.8600006103516,51.9300003051758,51.0499992370605,51.1300010681152,12033800,40.8734893798828
"2022-12-28",51.0499992370605,51.3899993896484,50.75,50.7999992370605,10053900,40.6096839904785
"2022-12-29",51.0200004577637,51.6699981689453,50.9900016784668,51.3300018310547,8971300,41.0333671569824
"2022-12-30",51.2900009155273,51.4000015258789,50.75,51.2400016784668,11396200,40.9614181518555
