"Date","REGN.Open","REGN.High","REGN.Low","REGN.Close","REGN.Volume","REGN.Adjusted"
"2019-01-02",368.149993896484,376.790008544922,366.010009765625,372.440002441406,599600,369.389068603516
"2019-01-03",373.660003662109,385.940002441406,371.579986572266,372.079986572266,750200,369.032043457031
"2019-01-04",379.540008544922,399.700012207031,377.649993896484,397.549987792969,1207600,394.293365478516
"2019-01-07",397.339996337891,400.799987792969,393.940002441406,396.630004882812,959400,393.380950927734
"2019-01-08",399.309997558594,401.089996337891,389,397.260009765625,963500,394.005737304688
"2019-01-09",398.019989013672,401.459991455078,395.609985351562,399.579986572266,615600,396.306762695312
"2019-01-10",399.399993896484,410,395.980010986328,408.059997558594,949300,404.71728515625
"2019-01-11",405.649993896484,412.290008544922,403.549987792969,408.630004882812,758000,405.282623291016
"2019-01-14",408.160003662109,408.160003662109,399.109985351562,400.730010986328,693300,397.447387695312
"2019-01-15",401.420013427734,405.160003662109,399.630004882812,405.019989013672,475100,401.702178955078
"2019-01-16",406.170013427734,410.630004882812,402.850006103516,404.540008544922,468800,401.226104736328
"2019-01-17",402.720001220703,420.290008544922,402.720001220703,417.380004882812,860200,413.9609375
"2019-01-18",420.420013427734,420.480010986328,410,418.839996337891,710400,415.408966064453
"2019-01-22",415.769989013672,421.989990234375,404,404.75,899500,401.434387207031
"2019-01-23",404.920013427734,406.790008544922,393.170013427734,401.209991455078,914000,397.923400878906
"2019-01-24",401.799987792969,408.880004882812,399.160003662109,407.929992675781,655100,404.588317871094
"2019-01-25",410.850006103516,418.950012207031,406.100006103516,418.290008544922,668000,414.863494873047
"2019-01-28",415.109985351562,416.489990234375,408.809997558594,413.950012207031,761000,410.55908203125
"2019-01-29",415.720001220703,418.510009765625,413,417.149993896484,724700,413.732818603516
"2019-01-30",416.350006103516,420.440002441406,412.630004882812,419.910003662109,867800,416.47021484375
"2019-01-31",419.679992675781,430.579986572266,419.450012207031,429.269989013672,1441800,425.753540039062
"2019-02-01",428.519989013672,431.320007324219,425.320007324219,430.149993896484,702300,426.626281738281
"2019-02-04",428.920013427734,429.059997558594,422.489990234375,425.399993896484,474600,421.915222167969
"2019-02-05",426.109985351562,427.5,419.630004882812,421.040008544922,629600,417.590972900391
"2019-02-06",428.899993896484,429.899993896484,406.399993896484,406.559997558594,1330800,403.229583740234
"2019-02-07",408.290008544922,414.220001220703,404.269989013672,406.459991455078,738400,403.130401611328
"2019-02-08",405.440002441406,408,399.290008544922,406.859985351562,692100,403.527069091797
"2019-02-11",409.369995117188,413.350006103516,403,408.510009765625,587000,405.163604736328
"2019-02-12",411.559997558594,418.100006103516,408.019989013672,416.339996337891,636900,412.929473876953
"2019-02-13",415.980010986328,421.660003662109,411.510009765625,412.089996337891,349300,408.714263916016
"2019-02-14",412,416.260009765625,408.570007324219,414.970001220703,349600,411.570648193359
"2019-02-15",417.970001220703,424.390014648438,415.720001220703,423.970001220703,7e+05,420.496948242188
"2019-02-19",423.739990234375,426.410003662109,420.350006103516,420.600006103516,397800,417.154541015625
"2019-02-20",420,423.399993896484,417.079986572266,422.510009765625,411100,419.048919677734
"2019-02-21",421.809997558594,422.609985351562,415.579986572266,418.619995117188,406600,415.190734863281
"2019-02-22",418.209991455078,423.649993896484,416,422.519989013672,386600,419.058807373047
"2019-02-25",424.940002441406,426.529998779297,415.760009765625,420.380004882812,660400,416.936370849609
"2019-02-26",418.570007324219,428.059997558594,415.829986572266,426.149993896484,611100,422.659088134766
"2019-02-27",424,433.739990234375,424,433.329986572266,598800,429.780242919922
"2019-02-28",430.190002441406,434.350006103516,428.619995117188,430.739990234375,518000,427.211486816406
"2019-03-01",434.799987792969,440.049987792969,431.929992675781,439.570007324219,511000,435.969177246094
"2019-03-04",441.179992675781,442,428.359985351562,433.829986572266,769300,430.276153564453
"2019-03-05",432.119995117188,439.649993896484,430.489990234375,437.130004882812,478300,433.549194335938
"2019-03-06",436.929992675781,438.019989013672,421.309997558594,423.690002441406,812300,420.219268798828
"2019-03-07",422.899993896484,422.899993896484,409.190002441406,409.579986572266,1020800,406.224792480469
"2019-03-08",407.510009765625,407.510009765625,399.579986572266,402.640014648438,1091700,399.341705322266
"2019-03-11",404.149993896484,413.209991455078,402.25,412.049987792969,874200,408.674591064453
"2019-03-12",413.559997558594,421.799987792969,411.190002441406,417.619995117188,839700,414.198974609375
"2019-03-13",419.380004882812,419.600006103516,408.529998779297,409.010009765625,988800,405.659515380859
"2019-03-14",409.890014648438,412.359985351562,406.339996337891,407.5,925200,404.161865234375
"2019-03-15",408.470001220703,415,408.399993896484,414.470001220703,1158500,411.074798583984
"2019-03-18",410,413.760009765625,404.839996337891,407.600006103516,545700,404.261047363281
"2019-03-19",407.739990234375,409.720001220703,404.399993896484,406.989990234375,627900,403.656036376953
"2019-03-20",407.790008544922,409.679992675781,402.820007324219,405.5,479500,402.178253173828
"2019-03-21",401,405.119995117188,396.839996337891,402.589996337891,880900,399.292053222656
"2019-03-22",401.480010986328,402.589996337891,391.429992675781,391.799987792969,552600,388.590484619141
"2019-03-25",391.420013427734,397.609985351562,388.489990234375,395,431600,391.764221191406
"2019-03-26",398.779998779297,406.230010986328,398.519989013672,405.619995117188,674800,402.297241210938
"2019-03-27",405.070007324219,407.450012207031,398.359985351562,402.869995117188,450800,399.569793701172
"2019-03-28",405.670013427734,408.309997558594,402.299987792969,404.829986572266,436300,401.513702392578
"2019-03-29",406.739990234375,412.600006103516,406.739990234375,410.619995117188,492300,407.256286621094
"2019-04-01",412.510009765625,412.899993896484,408,410.049987792969,496500,406.691009521484
"2019-04-02",411.350006103516,415.890014648438,407.559997558594,414.820007324219,513000,411.421936035156
"2019-04-03",414.339996337891,415.160003662109,400.839996337891,407,789300,403.665985107422
"2019-04-04",408,410.799987792969,400.829986572266,406.529998779297,517300,403.199798583984
"2019-04-05",408.170013427734,412.630004882812,406.549987792969,408.940002441406,657400,405.590057373047
"2019-04-08",408.079986572266,410.940002441406,396,401.260009765625,703800,397.972991943359
"2019-04-09",400,400.339996337891,395.140014648438,395.730010986328,577700,392.48828125
"2019-04-10",397.179992675781,408.480010986328,394.329986572266,408.230010986328,579700,404.885864257812
"2019-04-11",410,410.190002441406,391.730010986328,393.480010986328,843500,390.256744384766
"2019-04-12",393.170013427734,394.5,381.179992675781,382.940002441406,1254100,379.803070068359
"2019-04-15",382.809997558594,385.989990234375,375.200012207031,375.5,811500,372.424041748047
"2019-04-16",377.899993896484,383,366.359985351562,367.690002441406,1054900,364.678009033203
"2019-04-17",366.959991455078,368.019989013672,342.019989013672,342.970001220703,1978400,340.160522460938
"2019-04-18",346.399993896484,347.549987792969,332.220001220703,333.339996337891,1920400,330.609375
"2019-04-22",332.5,336,329,334.029998779297,921700,331.293701171875
"2019-04-23",335.510009765625,346.640014648438,334.459991455078,344.140014648438,972700,341.320953369141
"2019-04-24",344.429992675781,346.320007324219,338.670013427734,340.459991455078,850700,337.671020507812
"2019-04-25",340.380004882812,351.899993896484,337.660003662109,349.989990234375,891200,347.122955322266
"2019-04-26",351.25,351.670013427734,339.609985351562,343.660003662109,846000,340.844848632812
"2019-04-29",343.130004882812,345.980010986328,338.619995117188,344.149993896484,598100,341.330780029297
"2019-04-30",343.799987792969,345.040008544922,337.959991455078,343.140014648438,554800,340.3291015625
"2019-05-01",343.040008544922,345.440002441406,338.910003662109,340.790008544922,503400,337.998321533203
"2019-05-02",342.690002441406,344.290008544922,331.25,335.410003662109,812400,332.662445068359
"2019-05-03",336.980010986328,339.709991455078,334.670013427734,336.890014648438,848300,334.130310058594
"2019-05-06",332.200012207031,344.920013427734,332.200012207031,344.230010986328,916700,341.41015625
"2019-05-07",333,336.5,318.700012207031,322.399993896484,1967300,319.758972167969
"2019-05-08",319.329986572266,329.75,319.329986572266,329,1183700,326.304931640625
"2019-05-09",325.790008544922,327.359985351562,320.739990234375,324.170013427734,864100,321.514495849609
"2019-05-10",323.559997558594,323.809997558594,311.350006103516,312.859985351562,1407500,310.297149658203
"2019-05-13",306.670013427734,309.299987792969,299.109985351562,305.149993896484,1153600,302.650299072266
"2019-05-14",306.350006103516,309.190002441406,303.589996337891,304.619995117188,836900,302.124603271484
"2019-05-15",301.950012207031,306.269989013672,297.320007324219,305.850006103516,784100,303.344543457031
"2019-05-16",306.220001220703,314.059997558594,304,308.040008544922,1049100,305.516632080078
"2019-05-17",305.799987792969,309.209991455078,303.700012207031,304.940002441406,756000,302.441986083984
"2019-05-20",301.519989013672,304.570007324219,297.269989013672,302.570007324219,738600,300.091430664062
"2019-05-21",304.880004882812,314.290008544922,304.880004882812,309.950012207031,999900,307.410980224609
"2019-05-22",308.010009765625,321.489990234375,302.730010986328,320.089996337891,1252700,317.467895507812
"2019-05-23",316.760009765625,318.660003662109,310.369995117188,315.260009765625,934700,312.677459716797
"2019-05-24",316.660003662109,318.809997558594,308.470001220703,312.559997558594,401100,309.999572753906
"2019-05-28",313.380004882812,315.790008544922,307.700012207031,307.929992675781,718300,305.407531738281
"2019-05-29",307.089996337891,310.670013427734,302.779998779297,307.779998779297,627100,305.258728027344
"2019-05-30",308.609985351562,310.359985351562,302.880004882812,307.959991455078,627800,305.437255859375
"2019-05-31",305.980010986328,306.450012207031,295.730010986328,301.720001220703,863500,299.248382568359
"2019-06-03",301.130004882812,309.739990234375,301.130004882812,303.950012207031,670200,301.460174560547
"2019-06-04",306.029998779297,309.420013427734,300.579986572266,302.059997558594,844600,299.585601806641
"2019-06-05",304.839996337891,304.950012207031,295.269989013672,300,979900,297.54248046875
"2019-06-06",300.119995117188,304.529998779297,298.730010986328,299.600006103516,767600,297.145751953125
"2019-06-07",302.079986572266,307,297.859985351562,306.720001220703,775500,304.207458496094
"2019-06-10",306.540008544922,310.920013427734,303.510009765625,304.25,726000,301.757659912109
"2019-06-11",306.880004882812,309.619995117188,306.230010986328,306.839996337891,554900,304.326446533203
"2019-06-12",306.829986572266,309.470001220703,305.25,306.160003662109,556000,303.652008056641
"2019-06-13",307.179992675781,308.190002441406,302.320007324219,307.420013427734,653900,304.901702880859
"2019-06-14",306.809997558594,315.200012207031,304,305.239990234375,624200,302.739593505859
"2019-06-17",307.339996337891,312.920013427734,301.760009765625,310.980010986328,587900,308.432556152344
"2019-06-18",311.100006103516,317.839996337891,305.760009765625,306.630004882812,1001000,304.1181640625
"2019-06-19",306.339996337891,311.899993896484,303.769989013672,310.829986572266,971200,308.283782958984
"2019-06-20",315.700012207031,327.829986572266,315.25,320.480010986328,1617100,317.854705810547
"2019-06-21",324.260009765625,324.260009765625,312,320.260009765625,1493700,317.636505126953
"2019-06-24",318.760009765625,320.320007324219,311.260009765625,312.549987792969,780700,309.989654541016
"2019-06-25",313.130004882812,317.420013427734,311.839996337891,312.899993896484,702200,310.336791992188
"2019-06-26",313.25,316.649993896484,300.519989013672,305.079986572266,1005000,302.580841064453
"2019-06-27",306.239990234375,311.570007324219,304.070007324219,310.670013427734,564700,308.125122070312
"2019-06-28",312.119995117188,316.25,311.239990234375,313,1499000,310.435974121094
"2019-07-01",317.609985351562,318.600006103516,313.149993896484,316.559997558594,688700,313.966827392578
"2019-07-02",317.619995117188,320.429992675781,313,315.529998779297,758200,312.945251464844
"2019-07-03",317.420013427734,320.359985351562,312.529998779297,318.390014648438,545000,315.781860351562
"2019-07-05",316.149993896484,320.760009765625,306.079986572266,307,799600,304.485168457031
"2019-07-08",305.100006103516,305.859985351562,296.809997558594,302.839996337891,928800,300.359191894531
"2019-07-09",300.920013427734,308.390014648438,300,307.970001220703,789800,305.447174072266
"2019-07-10",308.149993896484,309.839996337891,291.660003662109,301.429992675781,1533800,298.960754394531
"2019-07-11",296.989990234375,296.989990234375,288,291.820007324219,1414200,289.429504394531
"2019-07-12",292.119995117188,295.489990234375,287.660003662109,292.559997558594,648400,290.163421630859
"2019-07-15",292.980010986328,300.339996337891,289.529998779297,298.200012207031,875900,295.757232666016
"2019-07-16",299.190002441406,299.690002441406,295.779998779297,298.369995117188,492500,295.925842285156
"2019-07-17",297.260009765625,303.299987792969,297.079986572266,299.420013427734,646300,296.967254638672
"2019-07-18",299.790008544922,304.200012207031,297.200012207031,303.089996337891,548000,300.607177734375
"2019-07-19",303.519989013672,303.679992675781,296.350006103516,298.109985351562,692700,295.667938232422
"2019-07-22",298.200012207031,300.320007324219,294.700012207031,296.519989013672,609000,294.090942382812
"2019-07-23",298.339996337891,310.869995117188,296.910003662109,309.260009765625,992100,306.726654052734
"2019-07-24",310.869995117188,314.290008544922,303.589996337891,313.630004882812,1144900,311.060852050781
"2019-07-25",311.119995117188,311.519989013672,302.920013427734,303.420013427734,679500,300.934478759766
"2019-07-26",304.350006103516,309.730010986328,300.609985351562,309.179992675781,956700,306.647308349609
"2019-07-29",314.5,314.950012207031,302.809997558594,306.040008544922,691600,303.532989501953
"2019-07-30",304.309997558594,311.269989013672,303.519989013672,311.130004882812,512700,308.581329345703
"2019-07-31",309.799987792969,312.260009765625,301.200012207031,304.760009765625,690600,302.263519287109
"2019-08-01",306.679992675781,313.929992675781,304.609985351562,309.429992675781,704200,306.895202636719
"2019-08-02",308.950012207031,311.109985351562,303.059997558594,305.239990234375,506500,302.739593505859
"2019-08-05",302.149993896484,304,296.519989013672,299.570007324219,845300,297.115997314453
"2019-08-06",304.480010986328,306,293.399993896484,300.260009765625,1188200,297.800354003906
"2019-08-07",297.660003662109,304.609985351562,294.010009765625,302.220001220703,811600,299.744323730469
"2019-08-08",303.119995117188,310.079986572266,303.119995117188,309.869995117188,694000,307.331604003906
"2019-08-09",308.839996337891,310.179992675781,299.980010986328,304.890014648438,537200,302.392425537109
"2019-08-12",298.640014648438,305.100006103516,295.609985351562,295.869995117188,543400,293.446319580078
"2019-08-13",298.130004882812,307.670013427734,296.940002441406,304.859985351562,610800,302.362670898438
"2019-08-14",301.829986572266,304.299987792969,292.420013427734,293.529998779297,676400,291.125457763672
"2019-08-15",295.369995117188,296.910003662109,290.470001220703,293.109985351562,564000,290.708892822266
"2019-08-16",295.320007324219,297.350006103516,290.720001220703,296.850006103516,730200,294.418304443359
"2019-08-19",299.339996337891,300.820007324219,296.799987792969,298.380004882812,781200,295.935760498047
"2019-08-20",299.209991455078,301,294.989990234375,296.029998779297,571500,293.605041503906
"2019-08-21",297.980010986328,300.510009765625,295.019989013672,297.779998779297,451700,295.340698242188
"2019-08-22",297.5,298.950012207031,291.609985351562,295.019989013672,441400,292.603240966797
"2019-08-23",293.959991455078,296.260009765625,285.549987792969,286.850006103516,815800,284.500213623047
"2019-08-26",288.239990234375,290.369995117188,283.489990234375,284.730010986328,527500,282.397613525391
"2019-08-27",285.869995117188,291.140014648438,281.109985351562,281.410003662109,801500,279.104797363281
"2019-08-28",280.040008544922,290.290008544922,279.390014648438,287.640014648438,713600,285.283721923828
"2019-08-29",289.790008544922,292.700012207031,287.089996337891,290.570007324219,509300,288.189758300781
"2019-08-30",292.019989013672,293.459991455078,287.25,290.049987792969,604500,287.673980712891
"2019-09-03",289.200012207031,290.390014648438,281.25,285.119995117188,566000,282.784362792969
"2019-09-04",288.209991455078,288.989990234375,282.309997558594,286.5,628600,284.153076171875
"2019-09-05",287.940002441406,293.640014648438,287.940002441406,289.369995117188,494100,286.999542236328
"2019-09-06",290.450012207031,293.200012207031,287.670013427734,292,570100,289.608001708984
"2019-09-09",291.529998779297,291.929992675781,278.720001220703,279,927500,276.714477539062
"2019-09-10",279.029998779297,285.049987792969,271.570007324219,283.720001220703,1159800,281.395843505859
"2019-09-11",284,287.480010986328,282.549987792969,283.329986572266,517600,281.009033203125
"2019-09-12",284.640014648438,288.880004882812,281.010009765625,284.179992675781,539800,281.852081298828
"2019-09-13",283.839996337891,287,279.470001220703,281.619995117188,617100,279.313018798828
"2019-09-16",280.5,287.279998779297,280.5,285.890014648438,476100,283.548095703125
"2019-09-17",284.769989013672,288.890014648438,283.649993896484,288.119995117188,604700,285.759796142578
"2019-09-18",288.549987792969,288.549987792969,281.399993896484,285.059997558594,548800,282.724853515625
"2019-09-19",284.660003662109,287.950012207031,284.660003662109,286.149993896484,404900,283.805938720703
"2019-09-20",288.75,297.640014648438,286.679992675781,295.869995117188,1661800,293.446319580078
"2019-09-23",297.359985351562,299.980010986328,293.029998779297,294.700012207031,649400,292.285949707031
"2019-09-24",295.019989013672,296,287.619995117188,289.709991455078,642300,287.336761474609
"2019-09-25",290.209991455078,291.899993896484,286.329986572266,286.649993896484,468800,284.301849365234
"2019-09-26",287.700012207031,287.700012207031,277.859985351562,281.309997558594,855900,279.005584716797
"2019-09-27",280.450012207031,282.809997558594,271.369995117188,273.459991455078,770400,271.219909667969
"2019-09-30",275.299987792969,280.049987792969,272.019989013672,277.399993896484,515100,275.127593994141
"2019-10-01",277.269989013672,279.410003662109,273.399993896484,276.470001220703,589600,274.205230712891
"2019-10-02",275.309997558594,277.859985351562,272.260009765625,274.130004882812,572100,271.884429931641
"2019-10-03",274.350006103516,281.700012207031,272.269989013672,280.720001220703,632000,278.42041015625
"2019-10-04",281.660003662109,284.040008544922,278,282.929992675781,511900,280.6123046875
"2019-10-07",280.660003662109,287.769989013672,280.660003662109,283.809997558594,422700,281.485107421875
"2019-10-08",280.510009765625,288.630004882812,279.220001220703,285.100006103516,984000,282.764526367188
"2019-10-09",286.820007324219,292.25,286.089996337891,290.829986572266,980600,288.447570800781
"2019-10-10",289.380004882812,299.950012207031,288.980010986328,298.359985351562,960600,295.915893554688
"2019-10-11",300.109985351562,306.420013427734,298.899993896484,300.769989013672,1074600,298.30615234375
"2019-10-14",299.399993896484,310.149993896484,298.600006103516,305.440002441406,840700,302.937927246094
"2019-10-15",305.350006103516,306.959991455078,303,303.820007324219,731900,301.331207275391
"2019-10-16",302.260009765625,303.390014648438,298.279998779297,299.399993896484,827000,296.947387695312
"2019-10-17",301.209991455078,302.709991455078,299.940002441406,301.570007324219,445700,299.099578857422
"2019-10-18",303.510009765625,303.510009765625,298.700012207031,300.190002441406,530000,297.73095703125
"2019-10-21",301.970001220703,301.970001220703,294.859985351562,297.989990234375,496800,295.548919677734
"2019-10-22",305,306.929992675781,301.200012207031,301.309997558594,723200,298.841766357422
"2019-10-23",301.859985351562,307.070007324219,299.470001220703,305.019989013672,589300,302.521331787109
"2019-10-24",303.75,306.089996337891,299.220001220703,305.769989013672,565800,303.265167236328
"2019-10-25",305.279998779297,308.010009765625,301.790008544922,306.209991455078,412800,303.701599121094
"2019-10-28",305.619995117188,310.529998779297,303.220001220703,308.559997558594,384800,306.032348632812
"2019-10-29",310,313.390014648438,308.589996337891,310.459991455078,387600,307.916778564453
"2019-10-30",310.100006103516,311.790008544922,306.119995117188,311,604400,308.452362060547
"2019-10-31",310.619995117188,311.380004882812,303.489990234375,306.279998779297,741100,303.77099609375
"2019-11-01",309,313.160003662109,307.440002441406,310.480010986328,829800,307.936645507812
"2019-11-04",313.049987792969,315.940002441406,310.739990234375,311.040008544922,632800,308.492034912109
"2019-11-05",323.359985351562,344.100006103516,322.109985351562,332.600006103516,2345700,329.875427246094
"2019-11-06",331.369995117188,333.279998779297,324.269989013672,324.489990234375,1017700,321.831848144531
"2019-11-07",329.179992675781,333.720001220703,325.619995117188,326.390014648438,952300,323.71630859375
"2019-11-08",327.519989013672,342.470001220703,327.029998779297,341.790008544922,1106100,338.990173339844
"2019-11-11",340.339996337891,344.989990234375,338.709991455078,344.279998779297,611900,341.459747314453
"2019-11-12",344,349.940002441406,341.359985351562,348.410003662109,905400,345.555908203125
"2019-11-13",346.329986572266,349.630004882812,341.820007324219,348.299987792969,1009400,345.446838378906
"2019-11-14",349.799987792969,350,337.029998779297,338.390014648438,1029600,335.618011474609
"2019-11-15",340.950012207031,349.859985351562,338.709991455078,344.869995117188,912200,342.044952392578
"2019-11-18",342.589996337891,344.209991455078,337.529998779297,340.190002441406,622500,337.403259277344
"2019-11-19",344.179992675781,348.190002441406,340.209991455078,344.459991455078,630800,341.638275146484
"2019-11-20",341.980010986328,347.420013427734,341.980010986328,344.239990234375,1058100,341.420074462891
"2019-11-21",343.600006103516,353,341.609985351562,350.779998779297,858300,347.906524658203
"2019-11-22",350.929992675781,365.739990234375,350.929992675781,360.660003662109,1286400,357.705596923828
"2019-11-25",362.440002441406,367.019989013672,358.480010986328,366.820007324219,845000,363.815124511719
"2019-11-26",366.869995117188,367.399993896484,361.760009765625,363.829986572266,735100,360.849578857422
"2019-11-27",365.070007324219,372.589996337891,364.619995117188,371.579986572266,734400,368.536102294922
"2019-11-29",372.059997558594,372.470001220703,366.769989013672,369,463600,365.977264404297
"2019-12-02",368.179992675781,369,363.070007324219,366.079986572266,652200,363.081176757812
"2019-12-03",366.989990234375,369.5,363.399993896484,368.809997558594,929700,365.788787841797
"2019-12-04",369.190002441406,373.339996337891,367.570007324219,369.970001220703,605000,366.939300537109
"2019-12-05",370.970001220703,372,366.160003662109,368.339996337891,501800,365.322662353516
"2019-12-06",369.519989013672,373.730010986328,368.299987792969,372.260009765625,575900,369.210510253906
"2019-12-09",373.089996337891,373.089996337891,362.890014648438,365.630004882812,974400,362.634857177734
"2019-12-10",357.149993896484,372.149993896484,357,367.670013427734,1061600,364.658142089844
"2019-12-11",368.399993896484,376.679992675781,368.25,373.529998779297,935700,370.470123291016
"2019-12-12",374.100006103516,382.25,372.079986572266,372.160003662109,949900,369.111358642578
"2019-12-13",376.160003662109,379.179992675781,372.559997558594,376.420013427734,995900,373.336486816406
"2019-12-16",367.839996337891,377.220001220703,367.709991455078,376.010009765625,756600,372.929870605469
"2019-12-17",375.730010986328,375.730010986328,368.220001220703,369.100006103516,1002900,366.076446533203
"2019-12-18",370.299987792969,373.630004882812,368.730010986328,371.359985351562,831300,368.317901611328
"2019-12-19",371.950012207031,373.980010986328,363.140014648438,372.549987792969,903700,369.498138427734
"2019-12-20",374.940002441406,375.799987792969,371.010009765625,375.619995117188,1192800,372.543029785156
"2019-12-23",377.200012207031,377.880004882812,372.559997558594,374.200012207031,431200,371.134643554688
"2019-12-24",374.75,376.709991455078,372.510009765625,376.510009765625,221500,373.425720214844
"2019-12-26",376.760009765625,377.760009765625,374,374.859985351562,451900,371.789245605469
"2019-12-27",375.239990234375,375.950012207031,370.970001220703,373.320007324219,293000,370.261901855469
"2019-12-30",373.739990234375,375.820007324219,371.040008544922,373.700012207031,369200,370.638732910156
"2019-12-31",373.640014648438,376.709991455078,372.040008544922,375.480010986328,494600,372.404205322266
"2020-01-02",378,379,369.239990234375,373.350006103516,512400,370.291625976562
"2020-01-03",368.209991455078,372.350006103516,367.049987792969,369.160003662109,500800,366.135894775391
"2020-01-06",368.230010986328,372.140014648438,364.5,371.739990234375,690800,368.69482421875
"2020-01-07",371.559997558594,373.829986572266,368.019989013672,373.130004882812,736400,370.073425292969
"2020-01-08",373.179992675781,384.850006103516,370.709991455078,382.420013427734,743100,379.287322998047
"2020-01-09",383.630004882812,386.540008544922,381.369995117188,383.470001220703,587500,380.328735351562
"2020-01-10",384.619995117188,386.100006103516,380,381.410003662109,568100,378.285614013672
"2020-01-13",380.010009765625,380.339996337891,375.130004882812,378.929992675781,637200,375.825897216797
"2020-01-14",378.299987792969,388.420013427734,375.570007324219,387.619995117188,638900,384.444732666016
"2020-01-15",387.420013427734,396.470001220703,387.420013427734,390.75,680700,387.549102783203
"2020-01-16",393.170013427734,394,381.820007324219,385.570007324219,620500,382.411499023438
"2020-01-17",386.100006103516,386.600006103516,382.529998779297,385.940002441406,862800,382.778472900391
"2020-01-21",385.899993896484,386.309997558594,363.679992675781,363.709991455078,1488400,360.730590820312
"2020-01-22",365.720001220703,367.140014648438,356.459991455078,359.140014648438,1320300,356.198028564453
"2020-01-23",359.420013427734,360.450012207031,354.209991455078,356.600006103516,737600,353.678833007812
"2020-01-24",359.910003662109,359.910003662109,343.089996337891,345.279998779297,1103100,342.451599121094
"2020-01-27",341.200012207031,343.320007324219,336.170013427734,339.420013427734,775000,336.639556884766
"2020-01-28",341.600006103516,345.769989013672,337.299987792969,344.079986572266,729500,341.261383056641
"2020-01-29",346.25,347.970001220703,338.899993896484,339.25,558600,336.470947265625
"2020-01-30",335.679992675781,337.570007324219,331.570007324219,336.179992675781,664100,333.426147460938
"2020-01-31",333.170013427734,338.980010986328,328.130004882812,337.940002441406,988600,335.171722412109
"2020-02-03",339.690002441406,347,339.390014648438,341.119995117188,930100,338.325622558594
"2020-02-04",347.899993896484,359.489990234375,347.619995117188,356,956800,353.083801269531
"2020-02-05",364.839996337891,376.679992675781,363,372.160003662109,1404400,369.111358642578
"2020-02-06",385.529998779297,394.679992675781,375.029998779297,389.850006103516,1605500,386.656463623047
"2020-02-07",391.070007324219,391.369995117188,378.510009765625,381.869995117188,1172400,378.741790771484
"2020-02-10",378.160003662109,389.839996337891,377.440002441406,386.209991455078,939500,383.046264648438
"2020-02-11",390.209991455078,398,387.980010986328,396.75,992800,393.499938964844
"2020-02-12",398.130004882812,407.049987792969,397.640014648438,406.299987792969,1076200,402.971649169922
"2020-02-13",406.440002441406,408,398.100006103516,398.809997558594,656800,395.543060302734
"2020-02-14",399.100006103516,402.089996337891,393.390014648438,399.549987792969,536800,396.276977539062
"2020-02-18",396.820007324219,402,395.010009765625,397.649993896484,512200,394.392547607422
"2020-02-19",397.859985351562,402.209991455078,395.309997558594,400.809997558594,564000,397.526641845703
"2020-02-20",399.899993896484,401.089996337891,393.760009765625,399.140014648438,660800,395.870391845703
"2020-02-21",396.070007324219,404.540008544922,392.859985351562,403.149993896484,655300,399.847473144531
"2020-02-24",395.540008544922,426.359985351562,386.839996337891,425.380004882812,2959700,421.895416259766
"2020-02-25",437.25,457.600006103516,437,442.350006103516,3568800,438.726409912109
"2020-02-26",444.019989013672,461.339996337891,442.440002441406,457.920013427734,2299300,454.168853759766
"2020-02-27",468.559997558594,470,430.700012207031,431.609985351562,2093500,428.074340820312
"2020-02-28",422.369995117188,445.049987792969,418.220001220703,444.570007324219,1591000,440.92822265625
"2020-03-02",445,465.510009765625,445,464.75,1713100,460.942901611328
"2020-03-03",454.720001220703,467.690002441406,448.109985351562,461.549987792969,1210600,457.769104003906
"2020-03-04",467.959991455078,494.559997558594,467.130004882812,493.480010986328,1960700,489.437561035156
"2020-03-05",480.940002441406,500,480,488.170013427734,1270200,484.171051025391
"2020-03-06",477.290008544922,496.989990234375,477,494.429992675781,1130700,490.379730224609
"2020-03-09",466.940002441406,486.690002441406,466.149993896484,474.440002441406,1344100,470.553558349609
"2020-03-10",488.450012207031,488.709991455078,460.799987792969,475.019989013672,1390500,471.128753662109
"2020-03-11",479.109985351562,485.980010986328,459.609985351562,464.700012207031,1351800,460.893310546875
"2020-03-12",444.359985351562,451.959991455078,426.100006103516,431.890014648438,1627800,428.352081298828
"2020-03-13",445.010009765625,466.040008544922,418.010009765625,465.549987792969,1380700,461.736297607422
"2020-03-16",452.510009765625,484.579986572266,433.820007324219,440.829986572266,1926300,437.218811035156
"2020-03-17",494,512.97998046875,473,491.690002441406,3856500,487.662231445312
"2020-03-18",495.779998779297,499,455.559997558594,485,2529500,481.027008056641
"2020-03-19",483.929992675781,518,469.450012207031,489.829986572266,2358200,485.817443847656
"2020-03-20",493.010009765625,499.5,435.010009765625,438.450012207031,2027000,434.858367919922
"2020-03-23",449.839996337891,477,433.279998779297,455.630004882812,1829300,451.897613525391
"2020-03-24",468.220001220703,471.989990234375,424.010009765625,449.529998779297,1615700,445.847564697266
"2020-03-25",443.040008544922,458.829986572266,427.079986572266,429.779998779297,1288000,426.259368896484
"2020-03-26",426.510009765625,452.700012207031,424.019989013672,452.299987792969,1686200,448.594848632812
"2020-03-27",446.029998779297,465.790008544922,445.149993896484,449.519989013672,1109000,445.837646484375
"2020-03-30",463.089996337891,476.100006103516,461,473,1337000,469.125335693359
"2020-03-31",474,495.480010986328,463.799987792969,488.290008544922,1953200,484.2900390625
"2020-04-01",484.140014648438,499.989990234375,476.450012207031,496.649993896484,1679800,492.581573486328
"2020-04-02",494.290008544922,501,483.109985351562,498.75,1058900,494.664398193359
"2020-04-03",495.559997558594,503.260009765625,485.040008544922,493.320007324219,1169500,489.278839111328
"2020-04-06",503.380004882812,511.010009765625,488.890014648438,504.269989013672,1285500,500.139129638672
"2020-04-07",502.809997558594,509.739990234375,492.010009765625,501.510009765625,1046900,497.401794433594
"2020-04-08",502.209991455078,514.109985351562,488,512.330017089844,1167100,508.133178710938
"2020-04-09",510.100006103516,515.640014648438,500.869995117188,512.960021972656,1011800,508.757995605469
"2020-04-13",512.010009765625,519,504.119995117188,517.02001953125,789800,512.784729003906
"2020-04-14",524.619995117188,525.900024414062,517,524.840026855469,962600,520.540710449219
"2020-04-15",525.299987792969,527.099975585938,510.5,511.690002441406,836800,507.498352050781
"2020-04-16",518.919982910156,541.969970703125,517.619995117188,539.929992675781,1206300,535.507019042969
"2020-04-17",549.989990234375,572.5,539.140014648438,568.789978027344,2133500,564.130615234375
"2020-04-20",566.710021972656,574.320007324219,560.390014648438,567.989990234375,949300,563.337158203125
"2020-04-21",566.059997558594,568.989990234375,536.799987792969,544.460021972656,1026300,540
"2020-04-22",555.5,563.369995117188,540.950012207031,558.080017089844,825800,553.508422851562
"2020-04-23",558.929992675781,573.159973144531,557.489990234375,565.52001953125,739500,560.887390136719
"2020-04-24",573.640014648438,574,556.469970703125,566.210021972656,837100,561.57177734375
"2020-04-27",563.150024414062,565.679992675781,539.150024414062,547.52001953125,1467800,543.034790039062
"2020-04-28",537.47998046875,539.97998046875,522.419982910156,528.609985351562,1128200,524.27978515625
"2020-04-29",532.640014648438,533.169982910156,513.809997558594,516.150024414062,1306300,511.921875
"2020-04-30",513.989990234375,527.429992675781,507.690002441406,525.880004882812,938000,521.572143554688
"2020-05-01",524.22998046875,529.210021972656,514.549987792969,525.5,482200,521.195190429688
"2020-05-04",528.179992675781,544.200012207031,527.619995117188,541.820007324219,885600,537.381652832031
"2020-05-05",563.059997558594,581,561.27001953125,574.369995117188,1550700,569.664978027344
"2020-05-06",559.200012207031,569.989990234375,541.559997558594,553.5,1906200,548.965942382812
"2020-05-07",564.390014648438,570.210021972656,555.960021972656,559.830017089844,1132100,555.244018554688
"2020-05-08",562,567.830017089844,553.52001953125,563.400024414062,698900,558.784851074219
"2020-05-11",565.22998046875,578.77001953125,564.099975585938,574.109985351562,1040900,569.406982421875
"2020-05-12",576.97998046875,578,556.450012207031,557.539978027344,918600,552.972778320312
"2020-05-13",560.650024414062,581.780029296875,558.510009765625,577.119995117188,1058900,572.392456054688
"2020-05-14",577.179992675781,580.77001953125,565.599975585938,570.859985351562,702300,566.183654785156
"2020-05-15",566.780029296875,577,563.080017089844,576.719970703125,865700,571.995666503906
"2020-05-18",582,583.539978027344,558.890014648438,560.280029296875,962800,555.6904296875
"2020-05-19",561,569.5,557.599975585938,557.599975585938,737900,553.032287597656
"2020-05-20",562.070007324219,580.549987792969,561.390014648438,576.890014648438,840800,572.164184570312
"2020-05-21",577.510009765625,578.340026855469,556.679992675781,560.97998046875,812600,556.384521484375
"2020-05-22",558.119995117188,574.190002441406,558.119995117188,569.909973144531,653500,565.241455078125
"2020-05-26",548.539978027344,556.130004882812,534.25,545.210021972656,3742000,540.743835449219
"2020-05-27",538.700012207031,555.530029296875,522.02001953125,544.010009765625,5902600,539.553649902344
"2020-05-28",547.5,583.030029296875,546.130004882812,578.210021972656,7869500,573.473510742188
"2020-05-29",580.700012207031,615.359985351562,571.52001953125,612.809997558594,6675100,607.789978027344
"2020-06-01",605,610,597.619995117188,599.469970703125,1579300,594.559326171875
"2020-06-02",602.200012207031,618.710021972656,591.669982910156,617.659973144531,1511500,612.600280761719
"2020-06-03",615.369995117188,616.679992675781,589.599975585938,604.280029296875,1541000,599.329956054688
"2020-06-04",596.989990234375,610.989990234375,592.789978027344,598.539978027344,851800,593.636840820312
"2020-06-05",585,600.140014648438,578.429992675781,597,1324100,592.109558105469
"2020-06-08",587.880004882812,605.260009765625,579.599975585938,604.039978027344,964700,599.091796875
"2020-06-09",603.489990234375,611.559997558594,601.890014648438,608.590026855469,849900,603.604614257812
"2020-06-10",613.030029296875,617.369995117188,603,606.590026855469,925500,601.621032714844
"2020-06-11",621,625.789978027344,592.320007324219,596.159973144531,1515800,591.276428222656
"2020-06-12",616.010009765625,619.679992675781,583.140014648438,588.390014648438,1230200,583.570129394531
"2020-06-15",584.539978027344,593.489990234375,582.320007324219,590.570007324219,676100,585.732238769531
"2020-06-16",590,597.150024414062,575.890014648438,592.900024414062,741400,588.043090820312
"2020-06-17",596.330017089844,606.5,594.859985351562,603.099975585938,678000,598.159484863281
"2020-06-18",601.340026855469,604.030029296875,590.299987792969,597.349975585938,645000,592.456604003906
"2020-06-19",602.309997558594,646.330017089844,598.710021972656,643.919982910156,2668600,638.645141601562
"2020-06-22",634.090026855469,634.190002441406,618.190002441406,628.47998046875,1238800,623.331665039062
"2020-06-23",631.330017089844,637.539978027344,623.010009765625,628.760009765625,832700,623.609375
"2020-06-24",630,644.700012207031,599,605.039978027344,1459600,600.083679199219
"2020-06-25",604.669982910156,620.289978027344,602.510009765625,619.960021972656,813900,614.881469726562
"2020-06-26",611.02001953125,616.349975585938,601.559997558594,611.359985351562,1817800,606.351867675781
"2020-06-29",609.369995117188,617.27001953125,605.77001953125,610.869995117188,663200,605.865905761719
"2020-06-30",621.929992675781,626.059997558594,611.159973144531,623.650024414062,754900,618.541259765625
"2020-07-01",625,625,601.02001953125,609.169982910156,984700,604.179870605469
"2020-07-02",612.099975585938,630.760009765625,608.760009765625,622.450012207031,802500,617.351013183594
"2020-07-06",635,639,623.5,627.25,1041000,622.111755371094
"2020-07-07",636.030029296875,653.530029296875,628.22998046875,640.880004882812,1423100,635.630126953125
"2020-07-08",650.409973144531,650.489990234375,632.419982910156,640.340026855469,660100,635.094543457031
"2020-07-09",648,655.929992675781,629,640.630004882812,1009600,635.382141113281
"2020-07-10",638.400024414062,639.989990234375,617.950012207031,620.859985351562,929000,615.774047851562
"2020-07-13",623.669982910156,633.840026855469,614.109985351562,615.880004882812,733200,610.834838867188
"2020-07-14",615.580017089844,644.340026855469,612.200012207031,641.22998046875,864200,635.977233886719
"2020-07-15",641.989990234375,644.739990234375,626.5,632.739990234375,568800,627.556762695312
"2020-07-16",628.75,634.260009765625,621.989990234375,632.210021972656,410300,627.031127929688
"2020-07-17",635,650,632.210021972656,644.059997558594,713700,638.783996582031
"2020-07-20",646.640014648438,664.640014648438,646.5,658.210021972656,671100,652.818115234375
"2020-07-21",658,658,635.640014648438,638.859985351562,753400,633.626586914062
"2020-07-22",642.590026855469,644.059997558594,634.359985351562,637.530029296875,497200,632.307495117188
"2020-07-23",637.919982910156,644.320007324219,628.340026855469,630.309997558594,571300,625.146667480469
"2020-07-24",623.700012207031,623.700012207031,596.02001953125,608.940002441406,1206000,603.951782226562
"2020-07-27",620,638.419982910156,613.289978027344,637.400024414062,850800,632.178588867188
"2020-07-28",636.200012207031,638.359985351562,629.070007324219,631,452000,625.8310546875
"2020-07-29",634.049987792969,634.469970703125,625.880004882812,632.159973144531,369900,626.981506347656
"2020-07-30",625.719970703125,641.380004882812,625.719970703125,631.469970703125,615700,626.297180175781
"2020-07-31",634.679992675781,634.789978027344,620.059997558594,632.070007324219,663000,626.892272949219
"2020-08-03",634.840026855469,647.400024414062,632.72998046875,645.179992675781,487200,639.894836425781
"2020-08-04",654.460021972656,654.460021972656,636.099975585938,648.429992675781,747700,643.118225097656
"2020-08-05",654.950012207031,660,623.900024414062,624.52001953125,1132700,619.404113769531
"2020-08-06",628.880004882812,630,613.599975585938,621.210021972656,663500,616.121276855469
"2020-08-07",621,627.460021972656,614.549987792969,620.210021972656,432600,615.12939453125
"2020-08-10",623,624.359985351562,596.580017089844,608.239990234375,624300,603.257507324219
"2020-08-11",601.109985351562,608.239990234375,592.450012207031,598.859985351562,587200,593.954345703125
"2020-08-12",599.900024414062,617,599.900024414062,612.349975585938,562600,607.333740234375
"2020-08-13",611.489990234375,616.239990234375,607.27001953125,610.890014648438,378100,605.885803222656
"2020-08-14",610.090026855469,617.309997558594,610.090026855469,612.570007324219,302900,607.552001953125
"2020-08-17",614.739990234375,627.989990234375,614.210021972656,620.72998046875,403900,615.645080566406
"2020-08-18",623.010009765625,623.010009765625,613.27001953125,618.590026855469,387900,613.522644042969
"2020-08-19",628.97998046875,640.650024414062,625,629.630004882812,720700,624.472290039062
"2020-08-20",610.010009765625,619.75,608.440002441406,616.890014648438,656600,611.836669921875
"2020-08-21",617.179992675781,618.070007324219,603.219970703125,605.489990234375,662200,600.529968261719
"2020-08-24",612.380004882812,613.099975585938,590.710021972656,594.77001953125,991900,589.897766113281
"2020-08-25",596.510009765625,615,594.739990234375,610.5,734300,605.498962402344
"2020-08-26",605.5,613.140014648438,604.489990234375,612,487900,606.986694335938
"2020-08-27",614.669982910156,619.52001953125,610.22998046875,614.969970703125,534900,609.932312011719
"2020-08-28",611,614.510009765625,598.900024414062,602.609985351562,584200,597.673522949219
"2020-08-31",602.330017089844,621.609985351562,601.349975585938,619.929992675781,908100,614.851684570312
"2020-09-01",615.630004882812,620,589.299987792969,592.679992675781,1028000,587.824951171875
"2020-09-02",591.299987792969,610.989990234375,591.299987792969,610.150024414062,878000,605.15185546875
"2020-09-03",610.400024414062,610.419982910156,575.099975585938,577.400024414062,841500,572.670104980469
"2020-09-04",575,584,564.5,580.359985351562,715400,575.605895996094
"2020-09-08",577.780029296875,578.989990234375,560.780029296875,561.890014648438,688300,557.287170410156
"2020-09-09",565,575.080017089844,564.960021972656,571.150024414062,620400,566.471313476562
"2020-09-10",566.640014648438,572.799987792969,548.239990234375,550.099975585938,879300,545.593627929688
"2020-09-11",551.789978027344,561.330017089844,540,544.75,814100,540.287475585938
"2020-09-14",554.409973144531,566.510009765625,550.650024414062,564.200012207031,762200,559.578247070312
"2020-09-15",569.169982910156,582.859985351562,567.590026855469,579.900024414062,612400,575.149658203125
"2020-09-16",584.119995117188,586.440002441406,568,569.150024414062,804400,564.487731933594
"2020-09-17",557.190002441406,569.369995117188,557.190002441406,565,686500,560.371704101562
"2020-09-18",567.47998046875,567.830017089844,544.960021972656,555.239990234375,1977100,550.691589355469
"2020-09-21",551.140014648438,556.460021972656,542.159973144531,555.700012207031,682500,551.147827148438
"2020-09-22",552.359985351562,573.450012207031,552.359985351562,571.510009765625,580500,566.828369140625
"2020-09-23",572.369995117188,578.159973144531,562.489990234375,565.190002441406,535600,560.56005859375
"2020-09-24",561,564.989990234375,554.700012207031,557.460021972656,457900,552.8935546875
"2020-09-25",555.400024414062,575.919982910156,551,574.059997558594,643600,569.357421875
"2020-09-28",572.830017089844,574.619995117188,559.059997558594,571.919982910156,637000,567.234924316406
"2020-09-29",573.200012207031,576,567.919982910156,573.609985351562,454100,568.9111328125
"2020-09-30",589.77001953125,589.77001953125,554,559.780029296875,2159300,555.194519042969
"2020-10-01",562.5,568.380004882812,552.27001953125,568.140014648438,1092600,563.485900878906
"2020-10-02",562,576,554.039978027344,564.799987792969,1235100,560.17333984375
"2020-10-05",598.900024414062,619.969970703125,591.150024414062,605.080017089844,4843300,600.123413085938
"2020-10-06",605.320007324219,610.380004882812,579.02001953125,581.640014648438,1725300,576.875427246094
"2020-10-07",588.489990234375,593.880004882812,581.650024414062,591.690002441406,957200,586.843078613281
"2020-10-08",614.650024414062,615,598.099975585938,599.880004882812,2355600,594.965942382812
"2020-10-09",601,604.440002441406,593.510009765625,602.070007324219,1190100,597.138000488281
"2020-10-12",602.25,605.390014648438,590.849975585938,601.549987792969,1003200,596.622253417969
"2020-10-13",601.599975585938,616.309997558594,600.179992675781,607.97998046875,1243900,602.999572753906
"2020-10-14",609.179992675781,610.919982910156,596.75,600.820007324219,951400,595.898254394531
"2020-10-15",598.02001953125,605.119995117188,580.739990234375,585.179992675781,1048300,580.386352539062
"2020-10-16",590,605.429992675781,585.669982910156,599.739990234375,1168800,594.827026367188
"2020-10-19",600,601.090026855469,579,583.140014648438,778400,578.363037109375
"2020-10-20",582,586.489990234375,573.140014648438,576.630004882812,637500,571.906494140625
"2020-10-21",577.530029296875,581.679992675781,567.02001953125,572.400024414062,493800,567.711120605469
"2020-10-22",566.039978027344,577.049987792969,566.039978027344,575.72998046875,467200,571.013671875
"2020-10-23",580.289978027344,582.719970703125,575.119995117188,579.809997558594,565900,575.060363769531
"2020-10-26",574.659973144531,587.619995117188,574.659973144531,585.739990234375,533500,580.941772460938
"2020-10-27",584.97998046875,590.969970703125,579.039978027344,582.52001953125,526200,577.748107910156
"2020-10-28",576.690002441406,578.97998046875,563.869995117188,567.039978027344,592900,562.394897460938
"2020-10-29",576,576,555.539978027344,555.789978027344,905000,551.237121582031
"2020-10-30",545.119995117188,556.580017089844,533.22998046875,543.559997558594,1164700,539.107238769531
"2020-11-02",545.059997558594,557.409973144531,539.169982910156,548.580017089844,835900,544.086181640625
"2020-11-03",551.890014648438,561.239990234375,550,557.190002441406,490400,552.625610351562
"2020-11-04",578.090026855469,593.960021972656,575.950012207031,587.140014648438,1195600,582.330261230469
"2020-11-05",595,596.799987792969,578.950012207031,588.809997558594,944300,583.986633300781
"2020-11-06",589.039978027344,589.039978027344,572.719970703125,578.030029296875,748400,573.294982910156
"2020-11-09",551.609985351562,573.159973144531,540.309997558594,567.549987792969,1321100,562.900817871094
"2020-11-10",560,565.989990234375,546.929992675781,559.219970703125,839200,554.638916015625
"2020-11-11",564.849975585938,573.659973144531,560,567.72998046875,671000,563.079223632812
"2020-11-12",568.919982910156,571,554.840026855469,556.780029296875,548500,552.219055175781
"2020-11-13",560.219970703125,567.700012207031,556.799987792969,566.429992675781,565800,561.789978027344
"2020-11-16",557.450012207031,566.789978027344,556,559.289978027344,542100,554.70849609375
"2020-11-17",556.380004882812,556.599975585938,536.049987792969,538.150024414062,1051700,533.741577148438
"2020-11-18",543,543,518.190002441406,519.039978027344,1240800,514.788146972656
"2020-11-19",519.190002441406,525.690002441406,514.419982910156,514.710021972656,947600,510.493682861328
"2020-11-20",513.960021972656,521.27001953125,509.339996337891,518.739990234375,1045300,514.490600585938
"2020-11-23",538.859985351562,538.859985351562,516.799987792969,523.609985351562,1764400,519.320678710938
"2020-11-24",521.609985351562,528.440002441406,505.799987792969,506.100006103516,1270300,501.954132080078
"2020-11-25",507.179992675781,515.469970703125,507.179992675781,508.309997558594,711800,504.146057128906
"2020-11-27",513.419982910156,518.919982910156,509.200012207031,514.049987792969,498200,509.838989257812
"2020-11-30",520,520.780029296875,507.600006103516,516.030029296875,1707500,511.802917480469
"2020-12-01",516,525.280029296875,513.690002441406,514.070007324219,937400,509.858917236328
"2020-12-02",515.940002441406,515.940002441406,503.809997558594,505.130004882812,782700,500.992126464844
"2020-12-03",505.200012207031,509.540008544922,497.119995117188,498.839996337891,966000,494.753662109375
"2020-12-04",497.010009765625,501.850006103516,490.059997558594,492.450012207031,961200,488.415985107422
"2020-12-07",497.489990234375,499.700012207031,492.790008544922,495.410003662109,881900,491.351745605469
"2020-12-08",497.100006103516,497.880004882812,486.299987792969,497.140014648438,1007900,493.067565917969
"2020-12-09",500,500,484,488.640014648438,934300,484.637237548828
"2020-12-10",485.290008544922,487.119995117188,477.869995117188,478.980010986328,1184100,475.056396484375
"2020-12-11",478.220001220703,483.540008544922,471.579986572266,479.769989013672,1013500,475.839874267578
"2020-12-14",484.119995117188,502.600006103516,483.549987792969,500.380004882812,1245800,496.281036376953
"2020-12-15",500.690002441406,500.989990234375,486.820007324219,491.790008544922,1086300,487.761413574219
"2020-12-16",491.799987792969,494.459991455078,485.149993896484,486.570007324219,862500,482.584136962891
"2020-12-17",486.899993896484,496.75,486.5,496.209991455078,856300,492.145172119141
"2020-12-18",500,506.989990234375,496.809997558594,498.890014648438,1820900,494.803253173828
"2020-12-21",494,497.290008544922,485.059997558594,496.739990234375,1009300,492.670867919922
"2020-12-22",496,496.480010986328,488.5,490.059997558594,849600,486.045562744141
"2020-12-23",491.200012207031,493.630004882812,488.519989013672,492.190002441406,545700,488.158111572266
"2020-12-24",492.440002441406,495.230010986328,486.029998779297,488.929992675781,289100,484.9248046875
"2020-12-28",488.720001220703,492.690002441406,482.209991455078,482.959991455078,713400,479.003692626953
"2020-12-29",485,490.450012207031,482.420013427734,484.220001220703,558200,480.253387451172
"2020-12-30",487.390014648438,488.829986572266,477.679992675781,478.299987792969,633200,474.381896972656
"2020-12-31",477.809997558594,483.570007324219,470.779998779297,483.109985351562,897900,479.152465820312
"2021-01-04",486.850006103516,491.779998779297,473.579986572266,482.859985351562,911100,478.904541015625
"2021-01-05",480.390014648438,486.25,475.410003662109,483.450012207031,797700,479.489715576172
"2021-01-06",477.149993896484,483,467,470.089996337891,1434700,466.239135742188
"2021-01-07",471.239990234375,481.839996337891,467.179992675781,481.200012207031,1126600,477.258178710938
"2021-01-08",487.929992675781,500.700012207031,487.929992675781,498.730010986328,1018800,494.644561767578
"2021-01-11",501,505.140014648438,489.350006103516,502.920013427734,1115300,498.800201416016
"2021-01-12",504.410003662109,518.5,502,505.75,1264100,501.606994628906
"2021-01-13",517,522,509.140014648438,511.899993896484,1333800,507.706665039062
"2021-01-14",513.099975585938,524.880004882812,511.329986572266,517.909973144531,848600,513.667419433594
"2021-01-15",518.099975585938,522.989990234375,511.109985351562,517.929992675781,796900,513.687255859375
"2021-01-19",523.030029296875,536.619995117188,522.059997558594,533.890014648438,995400,529.516540527344
"2021-01-20",536.780029296875,543.989990234375,529.309997558594,542.27001953125,862700,537.827941894531
"2021-01-21",540.580017089844,543.280029296875,527.909973144531,535.47998046875,940100,531.093444824219
"2021-01-22",534.099975585938,546.719970703125,534.099975585938,537.780029296875,620600,533.374633789062
"2021-01-25",554.320007324219,555,538.77001953125,548.200012207031,828400,543.709289550781
"2021-01-26",558.909973144531,558.909973144531,542.140014648438,544.099975585938,901700,539.642822265625
"2021-01-27",540.580017089844,541.969970703125,512.940002441406,515.559997558594,1433500,511.336639404297
"2021-01-28",521.27001953125,529.510009765625,505.109985351562,506.269989013672,1050700,502.122772216797
"2021-01-29",505.970001220703,514.419982910156,496.100006103516,503.839996337891,1389800,499.712677001953
"2021-02-01",512.820007324219,512.820007324219,503.100006103516,508.079986572266,790600,503.917938232422
"2021-02-02",511.010009765625,513.280029296875,498.019989013672,499.980010986328,884500,495.88427734375
"2021-02-03",505.089996337891,507.279998779297,490.839996337891,491.179992675781,1076700,487.156433105469
"2021-02-04",494.070007324219,498.959991455078,490.019989013672,498.839996337891,1394600,494.753662109375
"2021-02-05",513.840026855469,514.969970703125,495.220001220703,498.980010986328,1662800,494.892547607422
"2021-02-08",503.140014648438,506.630004882812,492.459991455078,494.899993896484,1320400,490.845916748047
"2021-02-09",496.529998779297,497.989990234375,487.549987792969,490.679992675781,1056000,486.660461425781
"2021-02-10",493.429992675781,497.859985351562,488.119995117188,491.220001220703,959200,487.196105957031
"2021-02-11",491.230010986328,496.600006103516,486.040008544922,490.540008544922,1057400,486.521636962891
"2021-02-12",494.25,494.480010986328,482.850006103516,485.619995117188,1295600,481.641937255859
"2021-02-16",488.010009765625,492,478.440002441406,480.709991455078,1363500,476.772125244141
"2021-02-17",477,484.380004882812,476.559997558594,481.679992675781,1010700,477.734222412109
"2021-02-18",479.899993896484,481.760009765625,475.839996337891,477.029998779297,1124300,473.122283935547
"2021-02-19",478.25,483.679992675781,470.269989013672,470.369995117188,1129900,466.516845703125
"2021-02-22",468.269989013672,468.269989013672,459.899993896484,460.579986572266,1345600,456.807037353516
"2021-02-23",458.059997558594,468.959991455078,448,468.029998779297,1705600,464.196044921875
"2021-02-24",466.109985351562,469.470001220703,457.170013427734,458.600006103516,1103400,454.843292236328
"2021-02-25",460.309997558594,465,448.329986572266,453.190002441406,1126100,449.477569580078
"2021-02-26",455.839996337891,457.170013427734,445.570007324219,450.570007324219,1193500,446.879058837891
"2021-03-01",454.489990234375,463.850006103516,453.829986572266,463.049987792969,856500,459.256805419922
"2021-03-02",463.130004882812,466,454.350006103516,454.859985351562,759200,451.133911132812
"2021-03-03",456.140014648438,458.649993896484,446.380004882812,446.730010986328,898000,443.070526123047
"2021-03-04",445.369995117188,451.850006103516,441,449.380004882812,1093800,445.698791503906
"2021-03-05",451.579986572266,463.829986572266,449.299987792969,461.570007324219,1223200,457.788940429688
"2021-03-08",456.489990234375,473.5,456.489990234375,463.190002441406,1014300,459.395690917969
"2021-03-09",469.799987792969,478.130004882812,469.320007324219,470.630004882812,868400,466.774780273438
"2021-03-10",473.890014648438,474.980010986328,465.209991455078,467.950012207031,724700,464.11669921875
"2021-03-11",469,474.890014648438,466.730010986328,469.959991455078,744900,466.110229492188
"2021-03-12",467,471.820007324219,463.649993896484,471.459991455078,552700,467.597961425781
"2021-03-15",473.010009765625,484.700012207031,472.260009765625,483.940002441406,728500,479.975708007812
"2021-03-16",485,490.220001220703,479.609985351562,482.170013427734,698400,478.220184326172
"2021-03-17",495,497.709991455078,483.149993896484,496.010009765625,1101000,491.946868896484
"2021-03-18",485.079986572266,491.880004882812,474.309997558594,474.679992675781,921100,470.791534423828
"2021-03-19",478.309997558594,482.589996337891,472.480010986328,473.700012207031,1078200,469.819580078125
"2021-03-22",471.890014648438,484.609985351562,471.230010986328,483.220001220703,911700,479.261566162109
"2021-03-23",486.160003662109,488.720001220703,466.709991455078,469.760009765625,1086400,465.911834716797
"2021-03-24",471.510009765625,472.079986572266,458.25,460.320007324219,1053800,456.549194335938
"2021-03-25",458.309997558594,465.839996337891,451.600006103516,463.480010986328,1413500,459.683319091797
"2021-03-26",461.130004882812,477.320007324219,458.440002441406,476.910003662109,1645500,473.003265380859
"2021-03-29",472.339996337891,488.899993896484,471.910003662109,481.519989013672,771200,477.575469970703
"2021-03-30",479.839996337891,480.839996337891,469.359985351562,470.670013427734,610400,466.814422607422
"2021-03-31",472.640014648438,475.700012207031,470.670013427734,473.140014648438,767700,469.264190673828
"2021-04-01",472,478.149993896484,469.369995117188,474.929992675781,763100,471.039489746094
"2021-04-05",477.089996337891,485.279998779297,474.220001220703,484.559997558594,949000,480.590606689453
"2021-04-06",485.5,485.820007324219,476.720001220703,478.679992675781,900900,474.758758544922
"2021-04-07",479,486.950012207031,477.619995117188,481.790008544922,722200,477.843292236328
"2021-04-08",485.769989013672,488.989990234375,474.839996337891,476.359985351562,1245200,472.457763671875
"2021-04-09",476.220001220703,480.260009765625,471.5,475.170013427734,679500,471.277587890625
"2021-04-12",481.779998779297,481.779998779297,469.799987792969,472.799987792969,835500,468.926940917969
"2021-04-13",476.529998779297,483.399993896484,474.600006103516,477.040008544922,754900,473.132202148438
"2021-04-14",478,486.730010986328,477.920013427734,481.160003662109,595600,477.218444824219
"2021-04-15",487.440002441406,499.279998779297,485.809997558594,494.640014648438,950500,490.588073730469
"2021-04-16",496.649993896484,506.869995117188,495.859985351562,502.600006103516,1169400,498.482849121094
"2021-04-19",503.010009765625,505.970001220703,498.470001220703,499.690002441406,707800,495.5966796875
"2021-04-20",499.549987792969,506.730010986328,497.399993896484,504.420013427734,858800,500.287933349609
"2021-04-21",507.489990234375,510.320007324219,503.220001220703,506.480010986328,621300,502.331024169922
"2021-04-22",505.399993896484,505.399993896484,489.279998779297,490.429992675781,1000500,486.412536621094
"2021-04-23",488.630004882812,491.489990234375,484.029998779297,488.640014648438,819800,484.637237548828
"2021-04-26",489.839996337891,502,485,501.170013427734,830300,497.064544677734
"2021-04-27",502.600006103516,502.600006103516,491.260009765625,491.809997558594,474500,487.781219482422
"2021-04-28",494.910003662109,495.440002441406,487.5,487.769989013672,654000,483.774322509766
"2021-04-29",489.690002441406,490,482.279998779297,485,574300,481.027008056641
"2021-04-30",482.769989013672,491.579986572266,480.510009765625,481.299987792969,796700,477.357330322266
"2021-05-03",483.5,491.670013427734,482.829986572266,488.619995117188,645900,484.617309570312
"2021-05-04",485.940002441406,488.279998779297,480.850006103516,485.179992675781,764500,481.205535888672
"2021-05-05",486.410003662109,488.75,481.089996337891,482.420013427734,842400,478.468200683594
"2021-05-06",483.109985351562,502.980010986328,478.399993896484,498.679992675781,1545300,494.594940185547
"2021-05-07",497.589996337891,503,492.809997558594,496.75,703200,492.680755615234
"2021-05-10",497.519989013672,513.47998046875,495,502.339996337891,1044800,498.224945068359
"2021-05-11",496.820007324219,508.980010986328,494.019989013672,501.190002441406,790700,497.084411621094
"2021-05-12",497,513.669982910156,497,507.140014648438,967700,502.985656738281
"2021-05-13",508.859985351562,519.070007324219,505.570007324219,517.169982910156,991400,512.933471679688
"2021-05-14",520,521.130004882812,512.25,516.619995117188,785600,512.388000488281
"2021-05-17",516.450012207031,525.960021972656,515.440002441406,523.72998046875,712200,519.439758300781
"2021-05-18",523,523,513.679992675781,516.219970703125,683300,511.991241455078
"2021-05-19",517.900024414062,517.900024414062,502.5,510.269989013672,587400,506.089965820312
"2021-05-20",509,518.869995117188,507.630004882812,513.210021972656,574900,509.005950927734
"2021-05-21",514.130004882812,516.5,506.429992675781,506.720001220703,610400,502.569091796875
"2021-05-24",509.739990234375,509.739990234375,500.079986572266,500.470001220703,521900,496.370300292969
"2021-05-25",500.839996337891,502.720001220703,493.190002441406,498.029998779297,767500,493.950256347656
"2021-05-26",498.75,500.309997558594,493,497.160003662109,640700,493.087371826172
"2021-05-27",496,500.040008544922,492.130004882812,495.339996337891,1058800,491.282287597656
"2021-05-28",497.609985351562,505.209991455078,497.220001220703,502.429992675781,542100,498.314208984375
"2021-06-01",505.760009765625,508.790008544922,497.929992675781,503.230010986328,617100,499.107696533203
"2021-06-02",503.170013427734,510.309997558594,501.200012207031,505.359985351562,679400,501.220184326172
"2021-06-03",501.070007324219,506.890014648438,499.779998779297,505.660003662109,445000,501.517791748047
"2021-06-04",507.589996337891,518.369995117188,505.799987792969,511.890014648438,785200,507.696746826172
"2021-06-07",511.649993896484,525.390014648438,509.5,514.989990234375,868700,510.771392822266
"2021-06-08",517.200012207031,518.619995117188,501.690002441406,506.420013427734,963600,502.271575927734
"2021-06-09",507.839996337891,522.789978027344,505.619995117188,521.849975585938,783300,517.575073242188
"2021-06-10",521.260009765625,533.260009765625,516.039978027344,532.039978027344,934900,527.681640625
"2021-06-11",529.280029296875,530.260009765625,519.97998046875,525.549987792969,622900,521.244812011719
"2021-06-14",525,529.289978027344,521.960021972656,528.75,497800,524.418640136719
"2021-06-15",528,530.719970703125,523.659973144531,527.489990234375,547500,523.1689453125
"2021-06-16",531.169982910156,542.419982910156,522.239990234375,523.580017089844,914400,519.291076660156
"2021-06-17",524,538.5,516.75,536.010009765625,846200,531.619140625
"2021-06-18",534.659973144531,540.030029296875,532.130004882812,537.919982910156,914800,533.513488769531
"2021-06-21",539.989990234375,543.739990234375,532.72998046875,534.27001953125,678800,529.893432617188
"2021-06-22",533.039978027344,535.109985351562,526.909973144531,534.02001953125,655600,529.6455078125
"2021-06-23",532.849975585938,534.700012207031,523.289978027344,529.799987792969,636300,525.4599609375
"2021-06-24",533.090026855469,545.369995117188,531.330017089844,544.450012207031,790000,539.990051269531
"2021-06-25",543.590026855469,552.5,540.75,550.549987792969,1912800,546.039978027344
"2021-06-28",565.539978027344,569.989990234375,542.549987792969,542.700012207031,1509400,538.254333496094
"2021-06-29",542.280029296875,548.02001953125,536.080017089844,545.97998046875,721500,541.507568359375
"2021-06-30",545.200012207031,561.77001953125,544.52001953125,558.539978027344,861800,553.964538574219
"2021-07-01",556.599975585938,576.919982910156,554.950012207031,574.619995117188,1277400,569.912841796875
"2021-07-02",576,592.840026855469,571.549987792969,583.640014648438,1073700,578.859008789062
"2021-07-06",579.409973144531,584.289978027344,572.929992675781,582.25,643900,577.480407714844
"2021-07-07",584.27001953125,590.950012207031,580.760009765625,585.900024414062,708700,581.100524902344
"2021-07-08",578.440002441406,580,568.150024414062,574.919982910156,766600,570.210388183594
"2021-07-09",573,580.849975585938,571.010009765625,580.400024414062,550100,575.645568847656
"2021-07-12",579.919982910156,586.340026855469,571.039978027344,574.030029296875,655300,569.327697753906
"2021-07-13",574.580017089844,582.190002441406,570.619995117188,577.010009765625,448800,572.283264160156
"2021-07-14",578.549987792969,582.859985351562,575.5,581.059997558594,380300,576.300109863281
"2021-07-15",579.900024414062,593.289978027344,575.039978027344,589.320007324219,776200,584.492492675781
"2021-07-16",587.820007324219,590,580,583.239990234375,515600,578.462219238281
"2021-07-19",581.260009765625,588,578,585.22998046875,552100,580.435913085938
"2021-07-20",588.299987792969,593.690002441406,580.659973144531,587.239990234375,644800,582.429443359375
"2021-07-21",586.760009765625,586.760009765625,573.760009765625,583.719970703125,480800,578.938293457031
"2021-07-22",581.630004882812,590.679992675781,580.02001953125,586.880004882812,406900,582.072509765625
"2021-07-23",588.830017089844,595.47998046875,583.760009765625,586.349975585938,628200,581.546752929688
"2021-07-26",586,586,577.369995117188,577.780029296875,488400,573.047058105469
"2021-07-27",568.510009765625,581.299987792969,565,581.010009765625,474700,576.250549316406
"2021-07-28",582.039978027344,587.919982910156,579,586.409973144531,404000,581.606262207031
"2021-07-29",588.619995117188,591.659973144531,582.099975585938,583.130004882812,361400,578.353149414062
"2021-07-30",581.419982910156,583.280029296875,572.909973144531,574.609985351562,775600,569.902954101562
"2021-08-02",577.119995117188,580.869995117188,570.380004882812,577.130004882812,362200,572.402221679688
"2021-08-03",576.849975585938,587.559997558594,570.700012207031,586.510009765625,512800,581.705444335938
"2021-08-04",584.919982910156,598.659973144531,579.320007324219,580.950012207031,1042300,576.19091796875
"2021-08-05",588.619995117188,603.140014648438,570.849975585938,602.469970703125,1628400,597.534729003906
"2021-08-06",603.090026855469,615,600.02001953125,610.859985351562,1135100,605.855895996094
"2021-08-09",610.849975585938,624.77001953125,610.590026855469,613.940002441406,962300,608.910766601562
"2021-08-10",615.72998046875,619.780029296875,604.549987792969,614.97998046875,651200,609.942260742188
"2021-08-11",616.070007324219,621.369995117188,603.409973144531,608.450012207031,630400,603.465759277344
"2021-08-12",607,611.52001953125,598.030029296875,608,577600,603.019470214844
"2021-08-13",614,625,612.619995117188,624.789978027344,821200,619.671813964844
"2021-08-16",625.659973144531,630,615.059997558594,628.599975585938,869900,623.45068359375
"2021-08-17",626.140014648438,650,624.010009765625,647.440002441406,1183900,642.136352539062
"2021-08-18",650,658.969970703125,633,635.570007324219,1642600,630.363586425781
"2021-08-19",628.929992675781,662.869995117188,628.929992675781,655.630004882812,1284600,650.259216308594
"2021-08-20",659,674.070007324219,655.630004882812,663.27001953125,1303900,657.836730957031
"2021-08-23",665.210021972656,671.489990234375,642.679992675781,667.289978027344,992900,661.823791503906
"2021-08-24",665.919982910156,670,656.72998046875,669.950012207031,731500,664.4619140625
"2021-08-25",672.849975585938,674,660.789978027344,669.179992675781,643500,663.698181152344
"2021-08-26",670.059997558594,674.450012207031,663.289978027344,665.77001953125,473300,660.316162109375
"2021-08-27",668.950012207031,673.099975585938,660.75,663.289978027344,424600,657.856384277344
"2021-08-30",664,678.690002441406,660.440002441406,677.080017089844,865300,671.533569335938
"2021-08-31",677.510009765625,681.72998046875,668.330017089844,673.400024414062,829500,667.883728027344
"2021-09-01",674.719970703125,686.280029296875,671.630004882812,680.960021972656,822100,675.381774902344
"2021-09-02",683.5,684.900024414062,674.570007324219,675.75,689300,670.214477539062
"2021-09-03",675.619995117188,686.619995117188,672,679.570007324219,564600,674.003173828125
"2021-09-07",679.419982910156,679.580017089844,658.02001953125,668.809997558594,717500,663.331298828125
"2021-09-08",667.799987792969,676.940002441406,666.570007324219,669.190002441406,463100,663.708190917969
"2021-09-09",670.280029296875,672.880004882812,644.650024414062,646.109985351562,1047700,640.817260742188
"2021-09-10",650,659.760009765625,646.109985351562,650.489990234375,747100,645.161315917969
"2021-09-13",651.099975585938,653.330017089844,636,639.52001953125,798000,634.281188964844
"2021-09-14",639.909973144531,650.419982910156,639.909973144531,645.150024414062,602100,639.865173339844
"2021-09-15",658.650024414062,664.989990234375,649.010009765625,652,883100,646.658935546875
"2021-09-16",649.710021972656,656.669982910156,643.380004882812,653.179992675781,539900,647.829284667969
"2021-09-17",649.169982910156,653,643.289978027344,651.880004882812,761900,646.539978027344
"2021-09-20",643.840026855469,652,636.169982910156,640.890014648438,666400,635.640014648438
"2021-09-21",645.109985351562,656.859985351562,642.809997558594,646.950012207031,440600,641.650390625
"2021-09-22",646.950012207031,651.010009765625,640.02001953125,647.059997558594,561800,641.759460449219
"2021-09-23",647,655,644.299987792969,646.510009765625,537400,641.214050292969
"2021-09-24",644.309997558594,644.309997558594,632.450012207031,638.900024414062,654500,633.666320800781
"2021-09-27",636.710021972656,636.710021972656,616.260009765625,619.070007324219,783700,613.998779296875
"2021-09-28",607.219970703125,617.710021972656,603.789978027344,605,1240400,600.044006347656
"2021-09-29",607.140014648438,612.739990234375,604.97998046875,606.700012207031,615100,601.730163574219
"2021-09-30",607.760009765625,613.580017089844,604.619995117188,605.179992675781,549000,600.222534179688
"2021-10-01",576.75,578,556.049987792969,570.789978027344,1457800,566.114196777344
"2021-10-04",565.369995117188,568.130004882812,553.099975585938,555.419982910156,992900,550.8701171875
"2021-10-05",555.909973144531,564.72998046875,549.27001953125,550.900024414062,930100,546.387268066406
"2021-10-06",548,553.929992675781,543.409973144531,546.570007324219,890100,542.092651367188
"2021-10-07",548.140014648438,559.75,547.320007324219,552.02001953125,774300,547.498046875
"2021-10-08",551.880004882812,555.52001953125,543.25,550.02001953125,532300,545.514343261719
"2021-10-11",549.650024414062,557.869995117188,545.599975585938,546.260009765625,538600,541.785217285156
"2021-10-12",546.090026855469,549.349975585938,541.580017089844,544.440002441406,521600,539.980102539062
"2021-10-13",548.330017089844,556.179992675781,546.969970703125,547.119995117188,664200,542.638122558594
"2021-10-14",553,565.109985351562,552.070007324219,555.619995117188,1055800,551.068481445312
"2021-10-15",558.929992675781,558.929992675781,552.159973144531,553.239990234375,838800,548.708068847656
"2021-10-18",550.219970703125,552.489990234375,539.179992675781,543.47998046875,1216200,539.027954101562
"2021-10-19",548.02001953125,555.669982910156,545,552.109985351562,985700,547.587219238281
"2021-10-20",554.239990234375,562.719970703125,553,562.710021972656,878000,558.100402832031
"2021-10-21",564.47998046875,570.909973144531,562.52001953125,569.369995117188,624200,564.705810546875
"2021-10-22",570.030029296875,573.010009765625,565.390014648438,572.359985351562,493000,567.67138671875
"2021-10-25",573.659973144531,578.72998046875,569.530029296875,576.200012207031,627300,571.47998046875
"2021-10-26",579.140014648438,594.219970703125,575.609985351562,592.150024414062,845300,587.29931640625
"2021-10-27",593.280029296875,594.090026855469,587.700012207031,589.599975585938,658100,584.770141601562
"2021-10-28",590.179992675781,625.719970703125,589.130004882812,625.190002441406,1111400,620.068664550781
"2021-10-29",619.130004882812,641.260009765625,618.109985351562,639.940002441406,860400,634.697814941406
"2021-11-01",640,648.070007324219,635.75,639.150024414062,913700,633.914306640625
"2021-11-02",638.580017089844,649.97998046875,633.559997558594,638.77001953125,838400,633.537353515625
"2021-11-03",637.210021972656,652.380004882812,632.099975585938,652.099975585938,718800,646.758178710938
"2021-11-04",657.210021972656,659.789978027344,630.900024414062,647.630004882812,1507000,642.324890136719
"2021-11-05",600,622.859985351562,594.549987792969,611.539978027344,1768400,606.530334472656
"2021-11-08",618.599975585938,623.419982910156,608.760009765625,622.780029296875,639900,617.678344726562
"2021-11-09",623.080017089844,627.570007324219,614,616.309997558594,601000,611.261413574219
"2021-11-10",616.820007324219,635.72998046875,616.820007324219,622.200012207031,727900,617.103088378906
"2021-11-11",622,628.460021972656,617.650024414062,626.640014648438,478400,621.506774902344
"2021-11-12",632.440002441406,634.460021972656,623.309997558594,631.200012207031,513600,626.029296875
"2021-11-15",635.010009765625,649.719970703125,633.280029296875,647.72998046875,777500,642.423950195312
"2021-11-16",647.340026855469,661.840026855469,642.099975585938,642.75,632700,637.484802246094
"2021-11-17",645.080017089844,645.530029296875,635.75,641.830017089844,440000,636.572387695312
"2021-11-18",642.210021972656,653.27001953125,638.599975585938,648.510009765625,564400,643.197570800781
"2021-11-19",652.429992675781,657.559997558594,646.369995117188,652.679992675781,605700,647.333374023438
"2021-11-22",648.580017089844,660.280029296875,640.880004882812,643.640014648438,632600,638.367492675781
"2021-11-23",641.900024414062,650.960021972656,639.47998046875,649.320007324219,624300,644.000854492188
"2021-11-24",651.380004882812,656,645.549987792969,648.179992675781,545100,642.870300292969
"2021-11-26",660,660.950012207031,639.780029296875,643.349975585938,575600,638.079895019531
"2021-11-29",645.320007324219,660.5,642.409973144531,654.400024414062,700400,649.039367675781
"2021-11-30",646.409973144531,656.599975585938,635.119995117188,636.530029296875,1277200,631.315734863281
"2021-12-01",639.130004882812,644.409973144531,630.130004882812,630.590026855469,731800,625.424377441406
"2021-12-02",633.030029296875,640.030029296875,622.489990234375,634,563800,628.806396484375
"2021-12-03",637.77001953125,641.789978027344,623.119995117188,635.159973144531,650400,629.956909179688
"2021-12-06",642.359985351562,644.700012207031,624.599975585938,625,567500,619.880126953125
"2021-12-07",628.530029296875,643.369995117188,623,635.090026855469,652500,629.887573242188
"2021-12-08",638.140014648438,655.75,633.330017089844,654.039978027344,694800,648.682312011719
"2021-12-09",650,667.559997558594,646.669982910156,665.719970703125,898200,660.2666015625
"2021-12-10",661.940002441406,672.450012207031,656.25,669.52001953125,791100,664.035522460938
"2021-12-13",653.119995117188,665,637.440002441406,660.150024414062,1074800,654.742248535156
"2021-12-14",652.22998046875,673.859985351562,651.890014648438,670.969970703125,730800,665.473571777344
"2021-12-15",646.989990234375,662.630004882812,645,657.929992675781,842100,652.540466308594
"2021-12-16",644.739990234375,656.340026855469,630.099975585938,631.739990234375,1241800,626.564880371094
"2021-12-17",631.039978027344,631.159973144531,615.200012207031,619.280029296875,1627100,614.207092285156
"2021-12-20",620.700012207031,625.349975585938,602.070007324219,603.140014648438,912100,598.199157714844
"2021-12-21",608.580017089844,608.580017089844,598.239990234375,606.809997558594,1108900,601.839111328125
"2021-12-22",608.469970703125,619.239990234375,600.849975585938,617.47998046875,737400,612.421752929688
"2021-12-23",619.5,627.219970703125,618.150024414062,625.380004882812,398700,620.257080078125
"2021-12-27",625.659973144531,636.359985351562,623.289978027344,634.77001953125,443700,629.570190429688
"2021-12-28",637.039978027344,639.5,635,638.460021972656,327800,633.22998046875
"2021-12-29",639.469970703125,649,638.75,647.280029296875,413000,641.977722167969
"2021-12-30",647.150024414062,651.280029296875,642.280029296875,642.510009765625,306300,637.246704101562
"2021-12-31",644.340026855469,645.5,630.659973144531,631.52001953125,353400,626.346801757812
"2022-01-03",625,629.330017089844,621.869995117188,627.099975585938,515600,621.962890625
"2022-01-04",622.950012207031,625.070007324219,612.109985351562,616.820007324219,725400,611.767150878906
"2022-01-05",604.950012207031,613.650024414062,594.989990234375,595.119995117188,1100800,590.244995117188
"2022-01-06",600,606.02001953125,594.969970703125,598.440002441406,676200,593.537780761719
"2022-01-07",598.440002441406,607.010009765625,592.859985351562,603.72998046875,584400,598.784362792969
"2022-01-10",603.75,621.609985351562,602.130004882812,621.27001953125,822700,616.180725097656
"2022-01-11",623.190002441406,628.080017089844,617.760009765625,626.090026855469,613800,620.961242675781
"2022-01-12",624.450012207031,632.390014648438,620.830017089844,631.440002441406,584700,626.267395019531
"2022-01-13",632.75,632.75,614.150024414062,616.109985351562,649300,611.063049316406
"2022-01-14",616.02001953125,623.200012207031,604.799987792969,615.239990234375,792000,610.200134277344
"2022-01-18",604.52001953125,612.390014648438,598.130004882812,611.219970703125,974800,606.213012695312
"2022-01-19",617.010009765625,628.049987792969,612.400024414062,618.109985351562,656300,613.046630859375
"2022-01-20",621.150024414062,622.289978027344,612.429992675781,614.380004882812,765900,609.347106933594
"2022-01-21",615.799987792969,623.97998046875,610.880004882812,621.400024414062,1329000,616.309631347656
"2022-01-24",613.130004882812,623.539978027344,601.25,621.47998046875,1126200,616.388977050781
"2022-01-25",616.289978027344,618,602.400024414062,603.190002441406,975500,598.248718261719
"2022-01-26",604.469970703125,618.010009765625,600.27001953125,605.25,857900,600.2919921875
"2022-01-27",609.840026855469,618.75,603.25,608.719970703125,658800,603.733520507812
"2022-01-28",608.289978027344,625,601.890014648438,624.919982910156,736700,619.80078125
"2022-01-31",623.150024414062,623.169982910156,602.510009765625,608.590026855469,922300,603.604614257812
"2022-02-01",607.830017089844,613.929992675781,600.219970703125,613.359985351562,738500,608.335510253906
"2022-02-02",613.359985351562,623.400024414062,596.900024414062,622.849975585938,1033300,617.747741699219
"2022-02-03",617.909973144531,625,613.960021972656,620.690002441406,962400,615.60546875
"2022-02-04",610.010009765625,635,610.010009765625,622.960021972656,1205800,617.85693359375
"2022-02-07",620.72998046875,625.109985351562,613.320007324219,622.359985351562,905300,617.261779785156
"2022-02-08",620.010009765625,621.900024414062,612.039978027344,617.940002441406,846200,612.877990722656
"2022-02-09",620,620.960021972656,616.260009765625,619.77001953125,818500,614.693054199219
"2022-02-10",613.340026855469,624.549987792969,608.390014648438,618.219970703125,769500,613.155700683594
"2022-02-11",620.570007324219,645,617.5,638.409973144531,1111100,633.180297851562
"2022-02-14",638,639.200012207031,614.390014648438,623.530029296875,826900,618.422302246094
"2022-02-15",622,635.440002441406,620.719970703125,630.150024414062,675600,624.987976074219
"2022-02-16",630.630004882812,632.169982910156,624.25,630.900024414062,374000,625.73193359375
"2022-02-17",628.369995117188,632.210021972656,619.510009765625,626.719970703125,627800,621.585998535156
"2022-02-18",621.820007324219,632.760009765625,614.090026855469,615.130004882812,718900,610.091003417969
"2022-02-22",613.309997558594,618.960021972656,602.169982910156,602.890014648438,649200,597.951293945312
"2022-02-23",625,625,604.179992675781,608.97998046875,863000,603.991394042969
"2022-02-24",603.400024414062,610.559997558594,598.070007324219,609.780029296875,533500,604.784851074219
"2022-02-25",610.75,622.140014648438,608.330017089844,618.659973144531,427400,613.592102050781
"2022-02-28",611.539978027344,620.330017089844,607.739990234375,618.359985351562,518900,613.294616699219
"2022-03-01",615.390014648438,623.630004882812,603.119995117188,607.030029296875,617300,602.057495117188
"2022-03-02",604.880004882812,619.859985351562,604.219970703125,616.869995117188,339600,611.816711425781
"2022-03-03",618.580017089844,620,608.669982910156,611.150024414062,593100,606.143615722656
"2022-03-04",604.22998046875,624.619995117188,604.22998046875,620.409973144531,550500,615.327758789062
"2022-03-07",618.429992675781,636.359985351562,609.010009765625,618.590026855469,755300,613.522644042969
"2022-03-08",611.169982910156,627.340026855469,609.030029296875,614.739990234375,592200,609.704223632812
"2022-03-09",622.200012207031,626.679992675781,614.210021972656,623.429992675781,538900,618.323059082031
"2022-03-10",616.130004882812,632.679992675781,615.919982910156,630.359985351562,480600,625.1962890625
"2022-03-11",633.799987792969,652.27001953125,630.669982910156,642.580017089844,803200,637.316162109375
"2022-03-14",644.599975585938,665.97998046875,644.599975585938,656.409973144531,1018900,651.032836914062
"2022-03-15",660.260009765625,668.940002441406,654.5,665.929992675781,763800,660.474853515625
"2022-03-16",670.010009765625,678.679992675781,663.869995117188,677.97998046875,806200,672.426147460938
"2022-03-17",675.789978027344,689.989990234375,675.02001953125,685.22998046875,808200,679.61669921875
"2022-03-18",686.429992675781,688.840026855469,677.030029296875,685.940002441406,1170500,680.321044921875
"2022-03-21",687.739990234375,697.010009765625,685.619995117188,693.200012207031,731100,687.521484375
"2022-03-22",695.049987792969,695.049987792969,683.679992675781,692.640014648438,576900,686.966064453125
"2022-03-23",693.039978027344,693.039978027344,667.880004882812,669.219970703125,608500,663.737854003906
"2022-03-24",667.309997558594,680.080017089844,666.349975585938,679.760009765625,402500,674.191589355469
"2022-03-25",679.900024414062,685.010009765625,676.140014648438,680.030029296875,366800,674.459411621094
"2022-03-28",676.289978027344,694.22998046875,676.289978027344,693.400024414062,625600,687.719970703125
"2022-03-29",692.559997558594,699,680.119995117188,698.429992675781,725000,692.708618164062
"2022-03-30",700.049987792969,703.030029296875,690.75,692.380004882812,848500,686.708251953125
"2022-03-31",695.77001953125,710.210021972656,691.77001953125,698.419982910156,1061500,692.69873046875
"2022-04-01",701.820007324219,701.950012207031,685.280029296875,694.830017089844,603500,689.138244628906
"2022-04-04",700,704.169982910156,692.5,698.409973144531,498600,692.688842773438
"2022-04-05",697.02001953125,710.409973144531,689.119995117188,691.469970703125,671800,685.8056640625
"2022-04-06",692,710.299987792969,690.010009765625,708.359985351562,683500,702.557250976562
"2022-04-07",706.239990234375,725.969970703125,706.210021972656,721.799987792969,828000,715.887268066406
"2022-04-08",725,747.419982910156,725,738.840026855469,1030100,732.787658691406
"2022-04-11",736.640014648438,741.849975585938,722.02001953125,722.369995117188,709000,716.452514648438
"2022-04-12",720.659973144531,726.330017089844,711.690002441406,715.789978027344,488800,709.926452636719
"2022-04-13",716.359985351562,732.97998046875,716.359985351562,731.890014648438,526200,725.894592285156
"2022-04-14",732.25,738.989990234375,730.940002441406,733.02001953125,795700,727.015319824219
"2022-04-18",726.809997558594,732,719.27001953125,723.200012207031,313300,717.275695800781
"2022-04-19",724.200012207031,725.809997558594,710.599975585938,716.219970703125,468000,710.352844238281
"2022-04-20",720.070007324219,721.719970703125,713.010009765625,719.619995117188,413700,713.72509765625
"2022-04-21",719,725.320007324219,705.099975585938,706.109985351562,535200,700.325744628906
"2022-04-22",701.530029296875,709.059997558594,686.260009765625,688.080017089844,609400,682.443481445312
"2022-04-25",684.700012207031,690.559997558594,673.099975585938,690.330017089844,514300,684.674987792969
"2022-04-26",683.010009765625,692.510009765625,673.890014648438,674.820007324219,538500,669.292053222656
"2022-04-27",680.109985351562,683.950012207031,672.099975585938,673.510009765625,406600,667.992736816406
"2022-04-28",673.510009765625,677.5,660.820007324219,675.580017089844,555600,670.045776367188
"2022-04-29",673.950012207031,676.640014648438,655.900024414062,659.109985351562,678300,653.710815429688
"2022-05-02",656.969970703125,658.25,641.169982910156,652.02001953125,737400,646.678894042969
"2022-05-03",658.099975585938,665.299987792969,650.22998046875,660.489990234375,538700,655.079528808594
"2022-05-04",661.299987792969,666.25,636.799987792969,660.859985351562,998100,655.446411132812
"2022-05-05",659.989990234375,660.869995117188,630.030029296875,639.369995117188,754700,634.132446289062
"2022-05-06",639.039978027344,639.039978027344,622.059997558594,623.049987792969,773800,617.946105957031
"2022-05-09",612.669982910156,616.489990234375,597.760009765625,599.77001953125,819400,594.85693359375
"2022-05-10",609.27001953125,627.890014648438,608.289978027344,615.090026855469,769500,610.051391601562
"2022-05-11",610.369995117188,624.830017089844,604.710021972656,613.049987792969,704000,608.028015136719
"2022-05-12",606.789978027344,634.190002441406,606.77001953125,633.960021972656,793100,628.766784667969
"2022-05-13",635.380004882812,648.47998046875,629.080017089844,645.52001953125,604500,640.232116699219
"2022-05-16",640.179992675781,656.450012207031,640.179992675781,655.010009765625,486900,649.644348144531
"2022-05-17",661.869995117188,670.960021972656,651.809997558594,667.559997558594,571800,662.091430664062
"2022-05-18",664.099975585938,672.539978027344,655.25,659.200012207031,560100,653.800048828125
"2022-05-19",660.349975585938,660.619995117188,650.820007324219,657.150024414062,607700,651.766845703125
"2022-05-20",661.289978027344,664.900024414062,647.539978027344,661.140014648438,544300,655.724182128906
"2022-05-23",671.609985351562,686.320007324219,668.5,681.909973144531,593200,676.323913574219
"2022-05-24",681.969970703125,686.330017089844,667.75,686.02001953125,465100,680.400329589844
"2022-05-25",689,699.630004882812,684.700012207031,690.880004882812,562100,685.220520019531
"2022-05-26",690.119995117188,697.010009765625,682.900024414062,683.440002441406,523500,677.841430664062
"2022-05-27",685.719970703125,693.809997558594,680,692.799987792969,558700,687.124755859375
"2022-05-31",692.799987792969,692.799987792969,656.710021972656,664.739990234375,1691600,659.294616699219
"2022-06-01",669.510009765625,672.349975585938,651.849975585938,658.919982910156,610000,653.522277832031
"2022-06-02",655.02001953125,655.02001953125,617.210021972656,630.700012207031,1276100,625.533569335938
"2022-06-03",628.679992675781,635.390014648438,625.510009765625,630.349975585938,666500,625.186279296875
"2022-06-06",625.47998046875,627.919982910156,599.679992675781,609.030029296875,941200,604.041015625
"2022-06-07",605.450012207031,616.679992675781,603.22998046875,613.97998046875,515900,608.950378417969
"2022-06-08",617.989990234375,622.840026855469,605.330017089844,607.760009765625,566900,602.781494140625
"2022-06-09",605.109985351562,605.900024414062,575.390014648438,575.47998046875,939700,570.765808105469
"2022-06-10",570.960021972656,577.809997558594,566.77001953125,571.809997558594,837800,567.125854492188
"2022-06-13",554.659973144531,568.150024414062,547.549987792969,549.299987792969,1055000,544.80029296875
"2022-06-14",555.119995117188,557.619995117188,538.010009765625,548.349975585938,755000,543.858032226562
"2022-06-15",554.030029296875,570.460021972656,552.359985351562,561.190002441406,766600,556.592834472656
"2022-06-16",549.690002441406,559.309997558594,546.929992675781,556.75,796800,552.189208984375
"2022-06-17",565.609985351562,585.52001953125,561.710021972656,580.950012207031,1967600,576.19091796875
"2022-06-21",583.440002441406,600.049987792969,583.440002441406,587.669982910156,716100,582.855895996094
"2022-06-22",580.719970703125,595.559997558594,580.719970703125,586.840026855469,539600,582.032775878906
"2022-06-23",589.97998046875,609.090026855469,589.97998046875,607.390014648438,681900,602.414428710938
"2022-06-24",612.059997558594,613.150024414062,602.52001953125,612.489990234375,818300,607.47265625
"2022-06-27",608.760009765625,610.950012207031,601.22998046875,602.400024414062,580900,597.46533203125
"2022-06-28",600.669982910156,604.330017089844,593.630004882812,594.419982910156,534100,589.550720214844
"2022-06-29",597.559997558594,607.409973144531,590.010009765625,597.619995117188,533000,592.724548339844
"2022-06-30",594.929992675781,598.669982910156,583.049987792969,591.130004882812,685400,586.287658691406
"2022-07-01",587.760009765625,597,586.169982910156,595.400024414062,387800,590.522705078125
"2022-07-05",593.919982910156,597,583.090026855469,596.559997558594,586000,591.673156738281
"2022-07-06",594.789978027344,601.880004882812,588.919982910156,594.900024414062,528900,590.026733398438
"2022-07-07",598.010009765625,609.650024414062,596,607.450012207031,528000,602.473937988281
"2022-07-08",605.580017089844,624.47998046875,604.119995117188,621.570007324219,586700,616.478332519531
"2022-07-11",615.549987792969,620.640014648438,613.700012207031,614.460021972656,436100,609.426574707031
"2022-07-12",619.090026855469,620,605.030029296875,610.090026855469,415300,605.092346191406
"2022-07-13",597.849975585938,613.820007324219,597.849975585938,602.02001953125,433300,597.08837890625
"2022-07-14",595.989990234375,605.739990234375,583.109985351562,598.859985351562,539500,593.954345703125
"2022-07-15",601.289978027344,607.72998046875,596.239990234375,607.539978027344,516300,602.563110351562
"2022-07-18",605,608.409973144531,582.72998046875,586.700012207031,562000,581.893859863281
"2022-07-19",594.580017089844,597.570007324219,588,595.72998046875,551900,590.849914550781
"2022-07-20",598.010009765625,599.25,589.789978027344,594.590026855469,417400,589.719360351562
"2022-07-21",590.890014648438,599.969970703125,585.359985351562,592.440002441406,638600,587.5869140625
"2022-07-22",593.599975585938,602.700012207031,580.789978027344,586.109985351562,430000,581.308715820312
"2022-07-25",580,588.200012207031,575.400024414062,587.280029296875,452600,582.469177246094
"2022-07-26",587.570007324219,594.679992675781,580,582.559997558594,456100,577.787841796875
"2022-07-27",579.590026855469,591.440002441406,568.010009765625,587.909973144531,597400,583.093994140625
"2022-07-28",588.890014648438,592.030029296875,563.820007324219,582.369995117188,581700,577.599365234375
"2022-07-29",584.950012207031,585.150024414062,574.460021972656,581.690002441406,682900,576.924987792969
"2022-08-01",581.530029296875,586.900024414062,573.530029296875,576.679992675781,513000,571.955993652344
"2022-08-02",578.5,585.960021972656,569.650024414062,574.960021972656,634700,570.250122070312
"2022-08-03",600,623.47998046875,595.159973144531,608.77001953125,1151800,603.783142089844
"2022-08-04",602.650024414062,623.349975585938,602.650024414062,614.960021972656,699300,609.922485351562
"2022-08-05",613.469970703125,621.630004882812,606.960021972656,613.609985351562,566800,608.583435058594
"2022-08-08",619.780029296875,633.929992675781,618.869995117188,630.630004882812,715600,625.463989257812
"2022-08-09",630,634.849975585938,617.099975585938,622.150024414062,469500,617.053588867188
"2022-08-10",630,645.950012207031,624.780029296875,641.489990234375,682900,636.235107421875
"2022-08-11",638.630004882812,643.97998046875,622.369995117188,623.900024414062,468800,618.789184570312
"2022-08-12",628.869995117188,632.570007324219,622.299987792969,628.710021972656,351300,623.559814453125
"2022-08-15",628.700012207031,643.710021972656,624.799987792969,643.289978027344,541700,638.020263671875
"2022-08-16",641.52001953125,649.789978027344,638.460021972656,648.700012207031,607600,643.385986328125
"2022-08-17",640.840026855469,652.52001953125,635.739990234375,636.340026855469,414900,631.127258300781
"2022-08-18",636.109985351562,636.109985351562,622.72998046875,624.830017089844,448000,619.711547851562
"2022-08-19",620.940002441406,624.460021972656,616.159973144531,618.359985351562,477700,613.294616699219
"2022-08-22",616.349975585938,620.450012207031,608.309997558594,612.099975585938,534100,607.085815429688
"2022-08-23",610.530029296875,612.169982910156,600.539978027344,602.530029296875,406600,597.59423828125
"2022-08-24",600.179992675781,605.72998046875,597,602.789978027344,386500,597.85205078125
"2022-08-25",605.919982910156,607.919982910156,599.510009765625,603.799987792969,311300,598.853759765625
"2022-08-26",603.799987792969,609.849975585938,595.489990234375,596.179992675781,516200,591.296203613281
"2022-08-29",592.359985351562,599.72998046875,587.400024414062,592.77001953125,373100,587.914306640625
"2022-08-30",595,596.409973144531,585.650024414062,588.390014648438,393900,583.570129394531
"2022-08-31",591.840026855469,598.239990234375,579.75,581.059997558594,785500,576.300109863281
"2022-09-01",577.619995117188,602.469970703125,577.419982910156,600.630004882812,479500,595.709838867188
"2022-09-02",601.109985351562,602.659973144531,577.830017089844,580.619995117188,464600,575.863647460938
"2022-09-06",584.570007324219,588.390014648438,572.219970703125,573.969970703125,662900,569.268127441406
"2022-09-07",575.460021972656,599.5,575.460021972656,596.440002441406,741300,591.554077148438
"2022-09-08",686.989990234375,718.960021972656,652.640014648438,708.849975585938,3731500,703.043273925781
"2022-09-09",711.72998046875,754.669982910156,707.25,724.320007324219,2144400,718.386596679688
"2022-09-12",720.349975585938,723.440002441406,707.450012207031,710.739990234375,1063000,704.917846679688
"2022-09-13",700,714.390014648438,695.109985351562,701.390014648438,1039900,695.644348144531
"2022-09-14",701.97998046875,704.960021972656,686.840026855469,697.619995117188,901200,691.9052734375
"2022-09-15",694.72998046875,717.460021972656,690.039978027344,705.849975585938,826200,700.06787109375
"2022-09-16",710.22998046875,718.169982910156,701.460021972656,710.299987792969,1186800,704.4814453125
"2022-09-19",703.929992675781,718.049987792969,683.929992675781,715.340026855469,826000,709.480163574219
"2022-09-20",711.27001953125,716.010009765625,694.5,704.219970703125,769500,698.451171875
"2022-09-21",700.909973144531,709.590026855469,684.340026855469,684.630004882812,665100,679.021728515625
"2022-09-22",681.359985351562,698.5,678.02001953125,688.260009765625,771000,682.621948242188
"2022-09-23",685.799987792969,699.369995117188,681,697.330017089844,815900,691.61767578125
"2022-09-26",696.219970703125,697.109985351562,683.059997558594,686.099975585938,698000,680.479553222656
"2022-09-27",686.359985351562,700.47998046875,686.359985351562,695.010009765625,663000,689.316711425781
"2022-09-28",700.890014648438,715.330017089844,699.159973144531,705.419982910156,737700,699.641418457031
"2022-09-29",704.830017089844,706.590026855469,686.909973144531,691.820007324219,770600,686.15283203125
"2022-09-30",694.400024414062,702.380004882812,685.969970703125,688.869995117188,800800,683.226989746094
"2022-10-03",705.390014648438,736.47998046875,694.640014648438,735.130004882812,1449000,729.108032226562
"2022-10-04",738.169982910156,743.059997558594,728.659973144531,739.539978027344,874900,733.481872558594
"2022-10-05",738.200012207031,749,728.130004882812,745.679992675781,569600,739.571655273438
"2022-10-06",743.880004882812,746.380004882812,728.309997558594,731.859985351562,696700,725.864807128906
"2022-10-07",731.659973144531,732.690002441406,720.140014648438,722.369995117188,670800,716.452514648438
"2022-10-10",720.140014648438,733.890014648438,715.080017089844,730.919982910156,481900,724.932495117188
"2022-10-11",728.510009765625,747.780029296875,723.140014648438,737.409973144531,644500,731.369262695312
"2022-10-12",738.510009765625,747.77001953125,727.200012207031,728.059997558594,507700,722.095947265625
"2022-10-13",712.369995117188,754,709.070007324219,752.559997558594,953600,746.395263671875
"2022-10-14",752.559997558594,761.049987792969,726.530029296875,736.059997558594,879300,730.030395507812
"2022-10-17",734,739.950012207031,728.419982910156,735.960021972656,627100,729.931213378906
"2022-10-18",740.659973144531,742,718.02001953125,722.710021972656,699600,716.789794921875
"2022-10-19",719.280029296875,722.760009765625,703.950012207031,709.369995117188,599400,703.559020996094
"2022-10-20",709.460021972656,713.159973144531,702.440002441406,705.890014648438,480900,700.107543945312
"2022-10-21",705.890014648438,718.179992675781,697.47998046875,713.909973144531,1224100,708.061828613281
"2022-10-24",717.950012207031,744.25,717.950012207031,737.150024414062,623900,731.111572265625
"2022-10-25",736.549987792969,751,731.450012207031,747.330017089844,833800,741.208129882812
"2022-10-26",739.369995117188,755.380004882812,728.320007324219,733.97998046875,720800,727.967407226562
"2022-10-27",742.659973144531,742.659973144531,722.619995117188,724.880004882812,498500,718.941955566406
"2022-10-28",733.609985351562,752.609985351562,724.340026855469,750.760009765625,690200,744.609924316406
"2022-10-31",745.200012207031,760.809997558594,741.679992675781,748.75,759500,742.616455078125
"2022-11-01",750,764.590026855469,748.789978027344,759.909973144531,573000,753.684997558594
"2022-11-02",755.940002441406,757.530029296875,740,740.47998046875,735100,734.414184570312
"2022-11-03",726.070007324219,742.570007324219,702.070007324219,738.679992675781,725100,732.62890625
"2022-11-04",725.179992675781,741.059997558594,710.619995117188,740.210021972656,748600,734.146484375
"2022-11-07",735.989990234375,755.989990234375,735.789978027344,750.929992675781,598900,744.778503417969
"2022-11-08",748.400024414062,769.489990234375,745.299987792969,751.950012207031,701800,745.790283203125
"2022-11-09",751,769.630004882812,731.119995117188,742.950012207031,1256400,736.864013671875
"2022-11-10",758.72998046875,760,734.659973144531,741.080017089844,844800,735.00927734375
"2022-11-11",736,737.429992675781,706.75,734.450012207031,951900,728.433654785156
"2022-11-14",737.880004882812,755,737,742.010009765625,727800,735.931640625
"2022-11-15",749.919982910156,749.919982910156,717.669982910156,728.72998046875,650500,722.760498046875
"2022-11-16",735.070007324219,742.429992675781,729.630004882812,735.669982910156,523500,729.643615722656
"2022-11-17",733.739990234375,742.219970703125,726.039978027344,739.080017089844,538200,733.025695800781
"2022-11-18",737.320007324219,745.400024414062,728.140014648438,736.72998046875,496600,730.694885253906
"2022-11-21",734.960021972656,740.590026855469,724.239990234375,738.97998046875,447100,732.926391601562
"2022-11-22",743.849975585938,749.719970703125,733.900024414062,749.22998046875,406300,743.092529296875
"2022-11-23",749.799987792969,751.700012207031,734.159973144531,735.359985351562,406200,729.336120605469
"2022-11-25",732.690002441406,737.239990234375,728.609985351562,736.22998046875,229200,730.199035644531
"2022-11-28",740,750.989990234375,736.109985351562,741.47998046875,570700,735.405944824219
"2022-11-29",739.900024414062,740,727,736.080017089844,515100,730.050231933594
"2022-11-30",737.890014648438,756,729.419982910156,751.700012207031,1824600,745.542297363281
"2022-12-01",756.190002441406,768.299987792969,752.409973144531,761.239990234375,670000,755.004150390625
"2022-12-02",752.52001953125,769,752,766.390014648438,441400,760.111999511719
"2022-12-05",762,765.489990234375,749.580017089844,755.450012207031,531100,749.261474609375
"2022-12-06",751.280029296875,755.869995117188,744.809997558594,747.469970703125,502000,741.346923828125
"2022-12-07",745.469970703125,767.739990234375,745.469970703125,764.27001953125,565800,758.009399414062
"2022-12-08",758.080017089844,779,758.080017089844,765.419982910156,588900,759.149841308594
"2022-12-09",753.179992675781,759.989990234375,746.570007324219,750.059997558594,508500,743.915710449219
"2022-12-12",730.169982910156,744.940002441406,728,742.47998046875,843100,736.397766113281
"2022-12-13",749.099975585938,753.940002441406,739.02001953125,747.559997558594,671200,741.436218261719
"2022-12-14",741.280029296875,757,741.280029296875,750,563200,743.856262207031
"2022-12-15",748.169982910156,748.169982910156,728.080017089844,731.27001953125,622400,725.279663085938
"2022-12-16",721.799987792969,732.47998046875,720.580017089844,723.169982910156,1803000,717.246032714844
"2022-12-19",720.989990234375,726.150024414062,713,721.099975585938,502000,715.19287109375
"2022-12-20",725.239990234375,738.289978027344,722.960021972656,733.530029296875,551400,727.521179199219
"2022-12-21",734.97998046875,754.859985351562,733.200012207031,736.190002441406,532500,730.159362792969
"2022-12-22",736.080017089844,736.5,726.049987792969,733.619995117188,506300,727.610412597656
"2022-12-23",733.960021972656,735.599975585938,718.359985351562,726.739990234375,358600,720.786743164062
"2022-12-27",726.440002441406,727.460021972656,708.260009765625,711.349975585938,548600,705.522827148438
"2022-12-28",710.510009765625,717.940002441406,707.869995117188,713.030029296875,359500,707.189086914062
"2022-12-29",717,728.090026855469,710.280029296875,721.289978027344,432100,715.38134765625
"2022-12-30",721.159973144531,722.159973144531,710.25,721.489990234375,364100,715.579711914062
