"Date","SPG.Open","SPG.High","SPG.Low","SPG.Close","SPG.Volume","SPG.Adjusted"
"2019-01-02",166.350006103516,167.289993286133,163.630004882812,165.009994506836,1439900,109.734436035156
"2019-01-03",164.339996337891,167.809997558594,164.309997558594,164.869995117188,1559100,109.641311645508
"2019-01-04",165.830001831055,168.860000610352,164.179992675781,167.380004882812,1056100,111.310493469238
"2019-01-07",167.839996337891,170.649993896484,167.570007324219,169.139999389648,1571100,112.480964660645
"2019-01-08",169.800003051758,173.589996337891,168.649993896484,173.179992675781,1616000,115.167625427246
"2019-01-09",173.669998168945,173.929992675781,171.800003051758,173.419998168945,1022700,115.327239990234
"2019-01-10",171.259994506836,173.919998168945,170.210006713867,173.350006103516,1563400,115.280654907227
"2019-01-11",173.179992675781,173.179992675781,170.570007324219,172.350006103516,1470600,114.61563873291
"2019-01-14",171.550003051758,172.419998168945,170.190002441406,170.740005493164,1093900,113.544960021973
"2019-01-15",170.839996337891,172.880004882812,170.619995117188,171.229995727539,1462900,113.870819091797
"2019-01-16",171.220001220703,173.059997558594,170.5,172.889999389648,1359800,114.974754333496
"2019-01-17",172.509994506836,173.880004882812,171.350006103516,173.270004272461,1183100,115.227470397949
"2019-01-18",175.520004272461,175.520004272461,172.169998168945,173.960006713867,1251700,115.686332702637
"2019-01-22",173.899993896484,174.050003051758,171.839996337891,173.259994506836,1192600,115.220825195312
"2019-01-23",173.289993286133,174.279998779297,172.399993896484,174.169998168945,1299800,115.825996398926
"2019-01-24",174,176.020004272461,173.039993286133,175.270004272461,1345400,116.557502746582
"2019-01-25",175.809997558594,177.399993896484,175.539993286133,177.110000610352,1228400,117.781150817871
"2019-01-28",176.660003662109,178.789993286133,175.550003051758,178.5,1432800,118.705505371094
"2019-01-29",178.110000610352,179.520004272461,177.690002441406,179.199996948242,1817200,119.171043395996
"2019-01-30",179.229995727539,182.619995117188,178.669998168945,181.25,2389700,120.534324645996
"2019-01-31",181,182.419998168945,179.589996337891,182.119995117188,2544400,121.112884521484
"2019-02-01",184.580001831055,185.220001220703,176.600006103516,179.210006713867,2204400,119.177719116211
"2019-02-04",179,181.899993896484,178.580001831055,181.869995117188,1531600,120.946594238281
"2019-02-05",182.339996337891,184.149993896484,181.119995117188,184,1322900,122.363098144531
"2019-02-06",184,184.970001220703,182.25,183.850006103516,973500,122.263343811035
"2019-02-07",182.570007324219,186.029998779297,181.380004882812,185.850006103516,1579900,123.593376159668
"2019-02-08",184.880004882812,186.440002441406,183.440002441406,184.100006103516,1363600,122.429626464844
"2019-02-11",184,185.479995727539,183.389999389648,185.300003051758,1124500,123.22762298584
"2019-02-12",185.929992675781,186.039993286133,183.610000610352,184.600006103516,1905100,122.762107849121
"2019-02-13",182.199996948242,184.5,181.639999389648,184,1281200,123.73722076416
"2019-02-14",184.050003051758,184.509994506836,182.169998168945,183.759994506836,1136100,123.575836181641
"2019-02-15",184.380004882812,184.380004882812,181.899993896484,183.360000610352,1727800,123.306823730469
"2019-02-19",183.470001220703,184.059997558594,181.710006713867,182.229995727539,1555700,122.546905517578
"2019-02-20",181.759994506836,181.949996948242,178.300003051758,179.220001220703,1727100,120.522720336914
"2019-02-21",178.690002441406,182.179992675781,178.509994506836,182.149993896484,1617700,122.493118286133
"2019-02-22",182.610000610352,185.220001220703,182.199996948242,183.630004882812,1259100,123.488410949707
"2019-02-25",184.369995117188,184.539993286133,182.520004272461,183.300003051758,1234600,123.266487121582
"2019-02-26",183.559997558594,183.949996948242,182.429992675781,183.279998779297,907300,123.252998352051
"2019-02-27",182.589996337891,182.899993896484,180.789993286133,181.240005493164,1244200,121.881156921387
"2019-02-28",181.160003662109,183.699996948242,180.210006713867,181.160003662109,2336300,121.827331542969
"2019-03-01",181.160003662109,181.490005493164,173.910003662109,175.570007324219,2587600,118.068199157715
"2019-03-04",177.380004882812,177.380004882812,173.160003662109,175.309997558594,1827500,117.893341064453
"2019-03-05",175.449996948242,177.169998168945,174.979995727539,176.399993896484,1259800,118.62629699707
"2019-03-06",176.479995727539,178.110000610352,176.089996337891,176.380004882812,1572400,118.612892150879
"2019-03-07",176.169998168945,177.619995117188,174.75,175.389999389648,1567700,117.947135925293
"2019-03-08",175,176.220001220703,173.380004882812,174.220001220703,1440500,117.160316467285
"2019-03-11",175,176,173.110000610352,175.880004882812,1351500,118.27661895752
"2019-03-12",176.279998779297,178.25,176.009994506836,177.919998168945,1094700,119.648498535156
"2019-03-13",179.039993286133,179.460006713867,178.050003051758,178.139999389648,1111000,119.796463012695
"2019-03-14",178.259994506836,179.979995727539,177.429992675781,179.789993286133,1691700,120.906051635742
"2019-03-15",179.369995117188,180.039993286133,175.240005493164,176.089996337891,2628600,118.41788482666
"2019-03-18",176.240005493164,176.570007324219,173.559997558594,174.330001831055,1345900,117.234313964844
"2019-03-19",174.289993286133,174.929992675781,172.899993896484,173.399993896484,1316200,116.608894348145
"2019-03-20",173.550003051758,175.25,172.020004272461,173.940002441406,1396300,116.972030639648
"2019-03-21",173.619995117188,178.240005493164,172.220001220703,178.179992675781,1445300,119.823333740234
"2019-03-22",178.25,179.970001220703,177.520004272461,177.600006103516,1480100,119.433296203613
"2019-03-25",178.190002441406,178.770004272461,176.669998168945,177.979995727539,739200,119.688858032227
"2019-03-26",178.839996337891,181.380004882812,177.889999389648,181.240005493164,1106400,121.881156921387
"2019-03-27",180.440002441406,181.699996948242,179.690002441406,181.110000610352,1448500,121.793716430664
"2019-03-28",181.350006103516,183.389999389648,180.639999389648,183.360000610352,1249400,123.306823730469
"2019-03-29",183.779998779297,183.919998168945,181.539993286133,182.210006713867,1613400,122.53345489502
"2019-04-01",182.679992675781,183.130004882812,180.970001220703,182.929992675781,1578700,123.017639160156
"2019-04-02",182.800003051758,183.479995727539,179.960006713867,183.289993286133,1253800,123.259750366211
"2019-04-03",183.470001220703,184.210006713867,181.380004882812,182.970001220703,861200,123.044563293457
"2019-04-04",183.539993286133,183.910003662109,182.369995117188,183.850006103516,813600,123.636360168457
"2019-04-05",183.860000610352,185.419998168945,183.199996948242,184.800003051758,762300,124.275238037109
"2019-04-08",185.009994506836,185.589996337891,183.009994506836,183.470001220703,623800,123.380790710449
"2019-04-09",183.279998779297,183.279998779297,182.029998779297,182.570007324219,709500,122.775604248047
"2019-04-10",183.690002441406,184.970001220703,182.660003662109,184.929992675781,707500,124.362640380859
"2019-04-11",185,186.399993896484,183.539993286133,184.210006713867,872400,123.878440856934
"2019-04-12",184.039993286133,185.529998779297,182.330001831055,185.520004272461,721000,124.759437561035
"2019-04-15",185.990005493164,186.240005493164,183.669998168945,184.5,651500,124.073471069336
"2019-04-16",184.149993896484,184.320007324219,176.089996337891,177.080001831055,1381500,119.08366394043
"2019-04-17",177.660003662109,178.800003051758,175.369995117188,177.440002441406,1916200,119.325721740723
"2019-04-18",177.490005493164,179.330001831055,177.270004272461,178.059997558594,1018200,119.742691040039
"2019-04-22",177.600006103516,177.600006103516,171.949996948242,173.710006713867,1297000,116.817352294922
"2019-04-23",174.580001831055,177.220001220703,173.970001220703,176.610000610352,982400,118.767555236816
"2019-04-24",177.029998779297,179.25,176.25,178.149993896484,828700,119.803207397461
"2019-04-25",177.389999389648,178.470001220703,176.110000610352,177.850006103516,905500,119.601425170898
"2019-04-26",178.429992675781,179.669998168945,177.490005493164,178.610000610352,834100,120.112533569336
"2019-04-29",178.919998168945,179.899993896484,175.559997558594,175.75,1183000,118.189208984375
"2019-04-30",174.899993896484,175.169998168945,168.5,173.699996948242,2193400,116.810646057129
"2019-05-01",173.369995117188,178.929992675781,172.259994506836,177.75,2256300,119.5341796875
"2019-05-02",178.020004272461,179.300003051758,177.059997558594,177.800003051758,1644600,119.567825317383
"2019-05-03",177.639999389648,180.059997558594,176.589996337891,179.410003662109,1069900,120.650497436523
"2019-05-06",178.589996337891,179.089996337891,177.320007324219,178.110000610352,851900,119.776268005371
"2019-05-07",177.660003662109,178.710006713867,172.619995117188,174.029998779297,2063200,117.032531738281
"2019-05-08",173.820007324219,175.5,172.619995117188,172.839996337891,1013300,116.232284545898
"2019-05-09",172.220001220703,173.979995727539,170.839996337891,173.770004272461,1421700,116.857727050781
"2019-05-10",173.770004272461,175.800003051758,172.199996948242,175.210006713867,1279700,117.826049804688
"2019-05-13",173.649993896484,176.190002441406,173.600006103516,175,1068100,117.684875488281
"2019-05-14",174.789993286133,176.339996337891,173.800003051758,176.25,1408400,118.525466918945
"2019-05-15",176.419998168945,177.929992675781,175.229995727539,177,906000,119.029846191406
"2019-05-16",175.139999389648,176.679992675781,174.710006713867,175.309997558594,900800,119.274742126465
"2019-05-17",173.699996948242,175.720001220703,173.380004882812,174.460006713867,1799400,118.696472167969
"2019-05-20",174.289993286133,174.539993286133,169.970001220703,170.559997558594,1255400,116.043022155762
"2019-05-21",171.130004882812,173.509994506836,170.350006103516,172.800003051758,1775700,117.567039489746
"2019-05-22",172.839996337891,173.229995727539,171.300003051758,171.679992675781,1540300,116.805000305176
"2019-05-23",170.830001831055,172.440002441406,169.029998779297,171.479995727539,1649700,116.668975830078
"2019-05-24",172.050003051758,172.389999389648,170.240005493164,171.330001831055,1148400,116.56689453125
"2019-05-28",171.100006103516,171.809997558594,167.990005493164,168.089996337891,2642600,114.36254119873
"2019-05-29",168.690002441406,168.690002441406,163.160003662109,163.960006713867,2067200,111.552604675293
"2019-05-30",163.960006713867,165.580001831055,163.029998779297,163.050003051758,1519200,110.933486938477
"2019-05-31",162.009994506836,162.869995117188,160.699996948242,162.089996337891,2379700,110.280319213867
"2019-06-03",162.130004882812,162.610000610352,159.690002441406,161.669998168945,1609700,109.994598388672
"2019-06-04",161.669998168945,163.070007324219,160.529998779297,162.110000610352,1702400,110.2939453125
"2019-06-05",163.449996948242,165.100006103516,162.690002441406,164.949996948242,1169400,112.226165771484
"2019-06-06",164.880004882812,165.070007324219,162.449996948242,163.630004882812,1386700,111.328117370605
"2019-06-07",164.889999389648,165,163.320007324219,163.389999389648,872400,111.164794921875
"2019-06-10",163.860000610352,164.179992675781,160.619995117188,161.389999389648,2257800,109.804069519043
"2019-06-11",162.100006103516,163.25,161.259994506836,162.669998168945,1071100,110.674942016602
"2019-06-12",163.289993286133,163.729995727539,162.020004272461,162.550003051758,1069700,110.593315124512
"2019-06-13",162.660003662109,163.820007324219,161.880004882812,163.820007324219,995900,111.457397460938
"2019-06-14",163.960006713867,164.339996337891,162.580001831055,162.919998168945,1175000,110.845016479492
"2019-06-17",163.300003051758,166.979995727539,162.960006713867,166.539993286133,1816500,113.307952880859
"2019-06-18",167.720001220703,168.520004272461,165.809997558594,166.130004882812,1389200,113.028999328613
"2019-06-19",165.740005493164,166.550003051758,163.029998779297,165.270004272461,1212300,112.443923950195
"2019-06-20",165.429992675781,166.190002441406,162.809997558594,164.850006103516,1722700,112.158134460449
"2019-06-21",164.809997558594,164.809997558594,162.110000610352,164.089996337891,2620200,111.641052246094
"2019-06-24",164.410003662109,165,161.619995117188,162.029998779297,1353500,110.23950958252
"2019-06-25",162.380004882812,164.130004882812,161.080001831055,161.490005493164,1151000,109.872100830078
"2019-06-26",161.5,162.080001831055,158.630004882812,159.270004272461,1716900,108.361709594727
"2019-06-27",159.699996948242,161,158.669998168945,159.929992675781,1199900,108.810752868652
"2019-06-28",160.320007324219,161.300003051758,159.300003051758,159.759994506836,1559200,108.695053100586
"2019-07-01",160.679992675781,161.520004272461,157.839996337891,158.639999389648,1568400,107.933082580566
"2019-07-02",159.419998168945,162.229995727539,158.600006103516,161.949996948242,1557400,110.185081481934
"2019-07-03",162.580001831055,165.160003662109,162.580001831055,165.029998779297,1109700,112.280616760254
"2019-07-05",163.779998779297,164.089996337891,160.559997558594,162.960006713867,959900,110.872253417969
"2019-07-08",163,165.210006713867,163,164.279998779297,1498500,111.770324707031
"2019-07-09",163.979995727539,165.270004272461,163.460006713867,164.529998779297,2712700,111.940406799316
"2019-07-10",165.190002441406,165.479995727539,163.289993286133,163.880004882812,1555200,111.498184204102
"2019-07-11",163.789993286133,164.860000610352,161.720001220703,162.550003051758,1011400,110.593315124512
"2019-07-12",162.809997558594,163.029998779297,162,162.259994506836,844800,110.396003723145
"2019-07-15",162.550003051758,163.910003662109,162.070007324219,162.600006103516,1019700,110.627319335938
"2019-07-16",162.300003051758,163.179992675781,161.699996948242,162.020004272461,1155400,110.232704162598
"2019-07-17",162.679992675781,163.100006103516,159.580001831055,160.139999389648,1109900,108.953636169434
"2019-07-18",160.360000610352,160.360000610352,158.869995117188,159.389999389648,2152500,108.443336486816
"2019-07-19",159.470001220703,160.220001220703,156.240005493164,156.440002441406,1790700,106.436279296875
"2019-07-22",156.449996948242,156.960006713867,155.039993286133,155.130004882812,1602900,105.545021057129
"2019-07-23",155.520004272461,158.389999389648,155.509994506836,158.25,2757700,107.667724609375
"2019-07-24",158.919998168945,159.600006103516,158.039993286133,159.169998168945,1054700,108.293678283691
"2019-07-25",158.919998168945,159.800003051758,157.210006713867,158.320007324219,1149000,107.715347290039
"2019-07-26",158.839996337891,159.410003662109,156.800003051758,158.330001831055,1556600,107.72216796875
"2019-07-29",158.779998779297,160.929992675781,158.779998779297,159.639999389648,1042800,108.613433837891
"2019-07-30",159.479995727539,160.75,159.449996948242,160.210006713867,1385600,109.001258850098
"2019-07-31",162.5,164.460006713867,160.559997558594,162.199996948242,2481600,110.355178833008
"2019-08-01",161.009994506836,161.410003662109,157.360000610352,157.479995727539,2441000,107.143859863281
"2019-08-02",157.389999389648,160.080001831055,156.75,159.25,1113600,108.348091125488
"2019-08-05",158,158.899993896484,152.830001831055,154.75,2052700,105.286476135254
"2019-08-06",155.050003051758,155.949996948242,153.149993896484,153.460006713867,1628300,104.408790588379
"2019-08-07",153,155.059997558594,150.800003051758,153.520004272461,1792900,104.449615478516
"2019-08-08",153.75,155.389999389648,152.419998168945,155.149993896484,1235500,105.558586120605
"2019-08-09",154.949996948242,155.809997558594,153.820007324219,154.949996948242,1229100,105.422515869141
"2019-08-12",154.559997558594,155.009994506836,152.199996948242,153.039993286133,1413900,104.123039245605
"2019-08-13",153.070007324219,155.720001220703,152.830001831055,155.360000610352,1549300,105.701469421387
"2019-08-14",153.949996948242,154.479995727539,151,152.119995117188,2976000,103.497093200684
"2019-08-15",150.020004272461,151.190002441406,147.210006713867,147.889999389648,2882100,102.027603149414
"2019-08-16",148.300003051758,151.190002441406,147.210006713867,148.610000610352,1899200,102.524353027344
"2019-08-19",149.100006103516,150.619995117188,148.850006103516,149.960006713867,1082600,103.455711364746
"2019-08-20",150.009994506836,150.589996337891,147.440002441406,147.520004272461,1295800,101.772369384766
"2019-08-21",149.020004272461,149.949996948242,146.25,147.380004882812,1525600,101.67578125
"2019-08-22",147.5,149.070007324219,146.449996948242,148.699996948242,1164100,102.586456298828
"2019-08-23",148.240005493164,148.669998168945,145.5,146.029998779297,1747200,100.744422912598
"2019-08-26",147,147.600006103516,146.070007324219,146.979995727539,1022300,101.399841308594
"2019-08-27",147.979995727539,148.199996948242,145.419998168945,145.470001220703,1855300,100.35807800293
"2019-08-28",145.600006103516,146.779998779297,145.449996948242,146.539993286133,1220800,101.09627532959
"2019-08-29",147,148.740005493164,146.520004272461,148.220001220703,1280500,102.255325317383
"2019-08-30",148.880004882812,149.619995117188,148.059997558594,148.940002441406,1420500,102.752021789551
"2019-09-03",148.399993896484,149.550003051758,148.100006103516,149.509994506836,943600,103.145278930664
"2019-09-04",150.210006713867,150.710006713867,149.539993286133,150.149993896484,1048100,103.586776733398
"2019-09-05",149.660003662109,150.440002441406,148.309997558594,150.059997558594,1055400,103.524696350098
"2019-09-06",150.160003662109,151.610000610352,150.119995117188,151.25,1021900,104.345657348633
"2019-09-09",151.600006103516,158.460006713867,150.789993286133,158.210006713867,2675900,109.147300720215
"2019-09-10",157.979995727539,163.600006103516,157.729995727539,161.220001220703,2190900,111.223846435547
"2019-09-11",159.270004272461,160.460006713867,156,157.869995117188,2704700,108.912742614746
"2019-09-12",158.25,158.259994506836,154.110000610352,155.270004272461,2739600,107.119026184082
"2019-09-13",156.210006713867,157.320007324219,153.720001220703,153.929992675781,1481700,106.194557189941
"2019-09-16",153.589996337891,154.490005493164,152.830001831055,154.389999389648,1303600,106.511894226074
"2019-09-17",154.679992675781,154.690002441406,152.440002441406,154.169998168945,989800,106.36011505127
"2019-09-18",155,156.520004272461,154.080001831055,155.820007324219,1254000,107.498458862305
"2019-09-19",156.070007324219,156.5,154.570007324219,154.619995117188,982400,106.670570373535
"2019-09-20",155.580001831055,157.869995117188,155.009994506836,155.039993286133,2128200,106.960357666016
"2019-09-23",152.419998168945,156.339996337891,151.110000610352,154.949996948242,1285900,106.898246765137
"2019-09-24",154.770004272461,155.380004882812,152.729995727539,154,1110500,106.24284362793
"2019-09-25",154.399993896484,155.460006713867,153.639999389648,153.759994506836,979400,106.077293395996
"2019-09-26",154.320007324219,155.669998168945,153.759994506836,155.619995117188,945000,107.360458374023
"2019-09-27",155.970001220703,158,155.800003051758,157.960006713867,1355000,108.974838256836
"2019-09-30",157.679992675781,158.240005493164,155.520004272461,155.649993896484,1255600,107.381126403809
"2019-10-01",155.910003662109,156.899993896484,151.690002441406,152.360000610352,1666000,105.11141204834
"2019-10-02",152.279998779297,152.279998779297,148.559997558594,149.169998168945,2144500,102.910667419434
"2019-10-03",149.25,149.809997558594,147.460006713867,147.5,1993300,101.758590698242
"2019-10-04",148.039993286133,149,146.800003051758,148,2070300,102.103515625
"2019-10-07",148.009994506836,149.080001831055,147.830001831055,148.220001220703,1510400,102.255325317383
"2019-10-08",147.809997558594,147.850006103516,145.509994506836,145.869995117188,1605700,100.634063720703
"2019-10-09",146.699996948242,147.029998779297,145.279998779297,145.979995727539,1209400,100.709953308105
"2019-10-10",146.199996948242,147.649993896484,145.759994506836,147.190002441406,1549700,101.544700622559
"2019-10-11",147.710006713867,151.100006103516,147.300003051758,148.600006103516,1295800,102.517448425293
"2019-10-14",148.350006103516,148.820007324219,146.369995117188,148.649993896484,1103200,102.551956176758
"2019-10-15",148.570007324219,149.229995727539,147.690002441406,148.889999389648,1072200,102.717491149902
"2019-10-16",148.800003051758,149.789993286133,147.820007324219,148.720001220703,911600,102.600234985352
"2019-10-17",148.619995117188,149.369995117188,148.360000610352,148.809997558594,902600,102.662330627441
"2019-10-18",148.899993896484,150.350006103516,147.610000610352,149.919998168945,1271100,103.428131103516
"2019-10-21",150.320007324219,153.259994506836,150.279998779297,153.169998168945,1417800,105.670249938965
"2019-10-22",153.169998168945,154.600006103516,151.770004272461,154.509994506836,1211600,106.594688415527
"2019-10-23",155,156.300003051758,154.029998779297,154.690002441406,1227100,106.718887329102
"2019-10-24",154.690002441406,154.830001831055,151.800003051758,154.440002441406,1176700,106.546409606934
"2019-10-25",154.410003662109,155.75,153.449996948242,155.559997558594,1171000,107.319068908691
"2019-10-28",155.130004882812,155.639999389648,152.729995727539,153.839996337891,1068200,106.132461547852
"2019-10-29",153.619995117188,155.199996948242,152.339996337891,152.869995117188,1313500,105.463272094727
"2019-10-30",154,154.75,146.660003662109,151.179992675781,1885600,104.297355651855
"2019-10-31",151.580001831055,152.429992675781,149.869995117188,150.679992675781,1559000,103.952445983887
"2019-11-01",151.729995727539,154.130004882812,151.179992675781,154.100006103516,1217400,106.311859130859
"2019-11-04",153.899993896484,158.399993896484,153.369995117188,158.059997558594,1810900,109.043807983398
"2019-11-05",158,158.369995117188,155.520004272461,156.410003662109,1824200,107.905479431152
"2019-11-06",156.470001220703,157.5,154.660003662109,155.080001831055,1942300,106.987930297852
"2019-11-07",155.539993286133,157.039993286133,154.940002441406,155.970001220703,1585700,107.601943969727
"2019-11-08",155.089996337891,155.869995117188,153.369995117188,154.490005493164,1164600,106.580909729004
"2019-11-11",154.119995117188,155.970001220703,153.380004882812,155.419998168945,1449200,107.222473144531
"2019-11-12",155.270004272461,156.929992675781,153.369995117188,153.600006103516,1514300,105.966888427734
"2019-11-13",153.589996337891,155.449996948242,153.539993286133,154.339996337891,1313100,106.477409362793
"2019-11-14",152.009994506836,154.389999389648,151.970001220703,153.570007324219,1120700,107.407623291016
"2019-11-15",153.889999389648,154.75,153.020004272461,154,1034100,107.708358764648
"2019-11-18",154.130004882812,154.449996948242,153.130004882812,153.710006713867,981100,107.505554199219
"2019-11-19",153.490005493164,153.490005493164,150.380004882812,150.839996337891,1124400,105.498252868652
"2019-11-20",150.320007324219,150.690002441406,145.869995117188,148.229995727539,1801400,103.672805786133
"2019-11-21",148.100006103516,148.309997558594,146.229995727539,146.509994506836,1506800,102.469818115234
"2019-11-22",147.080001831055,148.210006713867,144.520004272461,147.699996948242,1224800,103.302124023438
"2019-11-25",147.869995117188,149.830001831055,147.130004882812,149.240005493164,1513100,104.379203796387
"2019-11-26",149.75,151.029998779297,148.580001831055,150.740005493164,2012400,105.42830657959
"2019-11-27",150.740005493164,151.339996337891,149.5,151.220001220703,1088700,105.764022827148
"2019-11-29",150.809997558594,151.589996337891,150.059997558594,151.210006713867,789500,105.757034301758
"2019-12-02",151.369995117188,151.490005493164,147.869995117188,148.860000610352,1820800,104.113410949707
"2019-12-03",148.470001220703,149.100006103516,146.070007324219,148.119995117188,1729200,103.59587097168
"2019-12-04",147.139999389648,149.940002441406,146.960006713867,149.139999389648,1712800,104.309265136719
"2019-12-05",149.089996337891,149.509994506836,147.389999389648,148.5,1379300,103.86164855957
"2019-12-06",148.020004272461,149.779998779297,148,148.240005493164,1078400,103.679786682129
"2019-12-09",148.479995727539,150.119995117188,147.619995117188,149.789993286133,1045300,104.763854980469
"2019-12-10",149.899993896484,150.059997558594,147.970001220703,149.039993286133,1896000,104.239318847656
"2019-12-11",146.630004882812,147.440002441406,144.759994506836,145.399993896484,3609200,101.693481445312
"2019-12-12",145.580001831055,146.690002441406,142.399993896484,144.009994506836,3093100,100.721321105957
"2019-12-13",145.070007324219,146.169998168945,143.289993286133,144.350006103516,2403100,100.959098815918
"2019-12-16",145.059997558594,145.610000610352,142.899993896484,145.580001831055,2422300,101.819381713867
"2019-12-17",146.009994506836,146.009994506836,143.949996948242,144.660003662109,2263400,101.175933837891
"2019-12-18",143.75,145.5,143.75,144.350006103516,2007700,100.959098815918
"2019-12-19",144.220001220703,145.440002441406,143.75,145.350006103516,1765100,101.658500671387
"2019-12-20",146.270004272461,146.880004882812,144.630004882812,145.490005493164,2836500,101.756446838379
"2019-12-23",145.619995117188,146.25,144.300003051758,144.970001220703,1429600,101.392738342285
"2019-12-24",145.190002441406,146.220001220703,144.789993286133,145.770004272461,518600,101.952301025391
"2019-12-26",146.020004272461,147.309997558594,145.990005493164,146.619995117188,1043700,102.546752929688
"2019-12-27",147.029998779297,147.979995727539,146.820007324219,147.589996337891,1087200,103.225189208984
"2019-12-30",147.600006103516,148.809997558594,146.899993896484,147.589996337891,1070800,103.225189208984
"2019-12-31",147.309997558594,148.970001220703,147.009994506836,148.960006713867,1473900,104.183387756348
"2020-01-02",149.410003662109,149.759994506836,144.850006103516,145.089996337891,1849300,101.476654052734
"2020-01-03",144.289993286133,145.979995727539,144,145.350006103516,1308200,101.658500671387
"2020-01-06",145.089996337891,146.869995117188,144.490005493164,146.110000610352,1026700,102.190040588379
"2020-01-07",144.639999389648,145.490005493164,143.509994506836,144.449996948242,1621600,101.029052734375
"2020-01-08",144.910003662109,146.059997558594,144.029998779297,145.399993896484,1397600,101.693481445312
"2020-01-09",144.860000610352,145.070007324219,143.360000610352,144.229995727539,2236400,100.875152587891
"2020-01-10",144.25,144.949996948242,143.660003662109,144.789993286133,1912800,101.266845703125
"2020-01-13",144.570007324219,146.649993896484,144.199996948242,145.289993286133,2061300,101.616569519043
"2020-01-14",145.509994506836,147.240005493164,145.149993896484,147.130004882812,1584800,102.903427124023
"2020-01-15",147.050003051758,147.75,146.190002441406,147.100006103516,1357000,102.882476806641
"2020-01-16",147.350006103516,149.050003051758,147.029998779297,148.539993286133,1103900,103.889595031738
"2020-01-17",148.649993896484,149.490005493164,147.600006103516,147.770004272461,1436900,103.351058959961
"2020-01-21",147.729995727539,149.889999389648,147.429992675781,149.110000610352,1628800,104.288269042969
"2020-01-22",149.300003051758,149.649993896484,145.940002441406,146.009994506836,1582600,102.120109558105
"2020-01-23",145.899993896484,147.309997558594,144.419998168945,147.25,1561300,102.987373352051
"2020-01-24",147.210006713867,147.800003051758,144.639999389648,144.820007324219,1893300,101.28784942627
"2020-01-27",143.75,143.910003662109,141.630004882812,141.630004882812,2061600,99.0567321777344
"2020-01-28",141.830001831055,142.369995117188,139.949996948242,139.990005493164,1422400,97.9097137451172
"2020-01-29",140.279998779297,141.369995117188,139.809997558594,140.029998779297,1667500,97.9376754760742
"2020-01-30",139.029998779297,139.940002441406,136.100006103516,136.449996948242,2639600,95.4338150024414
"2020-01-31",136,136.220001220703,132.860000610352,133.149993896484,2920300,93.1257705688477
"2020-02-03",133.380004882812,135.800003051758,132.529998779297,132.800003051758,2812300,92.8810119628906
"2020-02-04",131.580001831055,139.240005493164,130.009994506836,137.289993286133,5060800,96.0213088989258
"2020-02-05",137.270004272461,140.630004882812,137.25,140.470001220703,2811900,98.2454223632812
"2020-02-06",141.779998779297,142.639999389648,140.020004272461,140.860000610352,2151300,98.5181732177734
"2020-02-07",140.320007324219,141.039993286133,139.289993286133,141.020004272461,1983500,98.6301040649414
"2020-02-10",142.110000610352,143.100006103516,139.830001831055,143.059997558594,2893300,100.05687713623
"2020-02-11",143.5,144.300003051758,139.869995117188,142.080001831055,3060400,99.3714599609375
"2020-02-12",141.990005493164,142.479995727539,137.979995727539,139.169998168945,4957300,97.3361892700195
"2020-02-13",136.929992675781,140.039993286133,136.509994506836,138.660003662109,2557100,98.4652709960938
"2020-02-14",138.860000610352,139.270004272461,137.869995117188,138.919998168945,1501100,98.6499176025391
"2020-02-18",138.960006713867,139.580001831055,137.850006103516,139.169998168945,1594300,98.8274154663086
"2020-02-19",138.869995117188,138.869995117188,135.419998168945,137.009994506836,2267800,97.2935791015625
"2020-02-20",137.020004272461,140.539993286133,136.649993896484,140.529998779297,2202300,99.7931976318359
"2020-02-21",139.850006103516,142.770004272461,139.850006103516,142.25,3180200,101.014610290527
"2020-02-24",140.389999389648,141.050003051758,139.369995117188,140.779998779297,3097400,99.9707336425781
"2020-02-25",140.779998779297,141.039993286133,134.809997558594,135.279998779297,4040700,96.0650863647461
"2020-02-26",136.339996337891,137.369995117188,132.199996948242,132.229995727539,2228300,93.8992004394531
"2020-02-27",130.039993286133,132.539993286133,125.019996643066,125.800003051758,3834700,89.3331527709961
"2020-02-28",123.819999694824,125.889999389648,119.910003662109,123.080001831055,5789400,87.401611328125
"2020-03-02",123.449996948242,127.330001831055,120.349998474121,127.220001220703,3437900,90.3415145874023
"2020-03-03",127.080001831055,130.300003051758,121.139999389648,122.470001220703,4913100,86.9684371948242
"2020-03-04",123.319999694824,124.440002441406,120.089996337891,123.48999786377,3673600,87.692756652832
"2020-03-05",121.400001525879,121.430000305176,117.599998474121,119.900001525879,3553600,85.1434326171875
"2020-03-06",116.959999084473,119.690002441406,115.050003051758,119.059997558594,3613100,84.5469207763672
"2020-03-09",112.5,112.529998779297,103,103.040000915527,6489400,73.1707992553711
"2020-03-10",107,112.48999786377,102.779998779297,111.440002441406,6009900,79.1358108520508
"2020-03-11",108.680000305176,109.550003051758,100,101.5,5926000,72.0772094726562
"2020-03-12",92.5199966430664,95.7399978637695,82.7600021362305,83.4899978637695,7611300,59.2879409790039
"2020-03-13",88.8499984741211,91.2699966430664,81.5999984741211,89.7699966430664,7038700,63.7474899291992
"2020-03-16",78.879997253418,78.8899993896484,65.3199996948242,65.7900009155273,5743600,46.7188110351562
"2020-03-17",66.5500030517578,67.4700012207031,53.9599990844727,58.8600006103516,10561600,41.797679901123
"2020-03-18",54.5,55.5400009155273,43.5200004577637,44.9199981689453,12166900,31.8986053466797
"2020-03-19",46.310001373291,59.5,45.5,55.7400016784668,10392200,39.5821075439453
"2020-03-20",58.9700012207031,63.4099998474121,46.1599998474121,48.1399993896484,9258400,34.185188293457
"2020-03-23",48.5,52.1199989318848,46.0499992370605,50.1599998474121,10694900,35.6196365356445
"2020-03-24",54.4500007629395,57.1800003051758,52.560001373291,54.7299995422363,7401800,38.8648872375488
"2020-03-25",55.7200012207031,69.5400009155273,54.7299995422363,62.3400001525879,8662200,44.2689018249512
"2020-03-26",62.689998626709,65.4899978637695,58.4000015258789,62.0999984741211,8730100,44.0984687805176
"2020-03-27",60.4199981689453,60.4599990844727,55.7000007629395,58.1699981689453,4837800,41.3076972961426
"2020-03-30",57.5699996948242,58,54.810001373291,56.2700004577637,4848900,39.9584732055664
"2020-03-31",56.6100006103516,57.3199996948242,52.7999992370605,54.8600006103516,6507700,38.957202911377
"2020-04-01",50.75,51.3300018310547,46,47.0400009155273,8728800,33.4040565490723
"2020-04-02",46.1199989318848,48.4799995422363,42.25,44.0099983215332,7679000,31.2523937225342
"2020-04-03",44.2099990844727,47.1199989318848,44.189998626709,46.7200012207031,6759100,33.1768226623535
"2020-04-06",50.5999984741211,55.439998626709,49.9599990844727,54.060001373291,8207200,38.389102935791
"2020-04-07",59,64.3399963378906,59,60.8800010681152,8424900,43.2321243286133
"2020-04-08",62,65.3499984741211,60.2999992370605,62.9099998474121,6692100,44.6736717224121
"2020-04-09",66,74.1699981689453,65.9100036621094,68.1699981689453,9095600,48.4088973999023
"2020-04-13",68.5999984741211,68.9199981689453,62.189998626709,65.3000030517578,4123200,46.3708610534668
"2020-04-14",66.1100006103516,69.4000015258789,65.6800003051758,67.75,5105100,48.1106567382812
"2020-04-15",63.7999992370605,64.3000030517578,59.7999992370605,61.2200012207031,5168400,43.4735679626465
"2020-04-16",62.0099983215332,62.3400001525879,52.1100006103516,53.0999984741211,8421600,37.7073860168457
"2020-04-17",58.3600006103516,61.3899993896484,55.5099983215332,56.1199989318848,9279000,39.8519477844238
"2020-04-20",54.0400009155273,57,52.2400016784668,53.8300018310547,6498400,38.2257843017578
"2020-04-21",52.2299995422363,54.9700012207031,51.7999992370605,53.560001373291,6130100,38.0340423583984
"2020-04-22",54.8899993896484,55.1500015258789,51.5,52.4599990844727,5913200,37.2529067993164
"2020-04-23",52.6300010681152,55.060001373291,51.4099998474121,53.1500015258789,5861000,37.7428970336914
"2020-04-24",53.3800010681152,53.6399993896484,48.6300010681152,51.4900016784668,10103600,36.5640983581543
"2020-04-27",52.25,58.0699996948242,51.5,57.189998626709,7038000,40.6117744445801
"2020-04-28",60.7799987792969,65.6600036621094,58.7299995422363,63.3300018310547,15427700,44.971923828125
"2020-04-29",66.370002746582,72.5800018310547,66.3099975585938,68.8000030517578,16205700,48.8562812805176
"2020-04-30",66.4199981689453,68.6399993896484,63.2599983215332,66.7699966430664,8992000,47.4147338867188
"2020-05-01",63.5,64.6500015258789,60.5900001525879,63.2000007629395,6430000,44.8796005249023
"2020-05-04",60.4000015258789,63.5099983215332,59.4000015258789,63.0099983215332,3763600,44.7446746826172
"2020-05-05",64.9400024414062,66.2799987792969,60.0900001525879,60.5499992370605,5189500,42.9977836608887
"2020-05-06",60.689998626709,61.8600006103516,55.25,55.7400016784668,7686400,39.5821075439453
"2020-05-07",55.9099998474121,58.7799987792969,55.2700004577637,57,6753600,40.4768600463867
"2020-05-08",58.6399993896484,60.5,57.810001373291,58.0200004577637,8335500,41.2011795043945
"2020-05-11",57.5999984741211,57.6699981689453,54.9099998474121,55.0800018310547,9361400,39.1134300231934
"2020-05-12",60.3400001525879,60.5400009155273,54.5,54.5400009155273,16602200,38.7299575805664
"2020-05-13",53.2000007629395,54.5,49.2200012207031,51.1699981689453,13982300,36.3368530273438
"2020-05-14",50,53.4900016784668,47.25,51.5499992370605,10654900,36.6066970825195
"2020-05-15",50.4500007629395,52.1399993896484,49.3800010681152,51.3199996948242,7579200,36.4433746337891
"2020-05-18",54.8499984741211,57.7099990844727,54.7799987792969,56.9099998474121,9214700,40.4129447937012
"2020-05-19",57.2599983215332,58.9199981689453,54.1599998474121,56.8699989318848,7025000,40.3845405578613
"2020-05-20",58.5900001525879,59.3600006103516,54.9599990844727,55.6699981689453,7010000,39.5324058532715
"2020-05-21",55.560001373291,57.310001373291,54.5999984741211,56,6061100,39.7667350769043
"2020-05-22",56.2299995422363,56.4000015258789,53.8800010681152,54.5900001525879,5301500,38.7654647827148
"2020-05-26",58,59.5200004577637,56.9000015258789,59.25,10442100,42.0746269226074
"2020-05-27",62.5499992370605,63.2999992370605,59.4300003051758,63.189998626709,9220000,44.872501373291
"2020-05-28",63.6500015258789,63.7900009155273,58.8600006103516,59.75,7862000,42.4296875
"2020-05-29",57.6800003051758,59.3800010681152,56.3600006103516,57.7000007629395,8489700,40.9739418029785
"2020-06-01",57.310001373291,61.7999992370605,56.8600006103516,61.5999984741211,6494900,43.7434158325195
"2020-06-02",62.9900016784668,64.4899978637695,62.439998626709,63.4500007629395,7797600,45.0571365356445
"2020-06-03",65.6999969482422,74.7900009155273,65.5,72.879997253418,17321700,51.7535629272461
"2020-06-04",75.120002746582,77.8499984741211,69.6399993896484,76.7300033569336,17516800,54.4875259399414
"2020-06-05",83.3899993896484,92.9599990844727,83.3600006103516,88.5999984741211,23237100,62.9166564941406
"2020-06-08",94.879997253418,95.5599975585938,89.129997253418,95.5,15401100,67.8164901733398
"2020-06-09",88,90.3199996948242,83.7399978637695,86.4700012207031,12537800,61.4041023254395
"2020-06-10",87.5599975585938,87.5599975585938,78,83.0100021362305,15585400,58.9470901489258
"2020-06-11",71.6900024414062,78.6500015258789,70.4000015258789,71.9199981689453,13082500,51.0718460083008
"2020-06-12",77.75,78.1999969482422,72.8199996948242,75.9800033569336,10647500,53.9549407958984
"2020-06-15",71.870002746582,75.8600006103516,70.8199996948242,74.3899993896484,9850000,52.825855255127
"2020-06-16",80.9499969482422,81.2900009155273,74.5899963378906,75.5199966430664,11006200,53.6282958984375
"2020-06-17",75.3099975585938,75.3499984741211,71.5100021362305,71.6699981689453,8312400,50.8943176269531
"2020-06-18",70.0100021362305,72.4499969482422,68.5800018310547,70.9599990844727,8103300,50.3901405334473
"2020-06-19",72.5,72.5100021362305,67,67.120002746582,13314800,47.6632766723633
"2020-06-22",66.3499984741211,68.8399963378906,65.0899963378906,68.5500030517578,6269600,48.6787528991699
"2020-06-23",69.3899993896484,72.1100006103516,69.379997253418,70.129997253418,6921700,49.8007392883301
"2020-06-24",67.9300003051758,68.1699981689453,62.6599998474121,65.1100006103516,10487700,46.2359352111816
"2020-06-25",63.2900009155273,66.629997253418,63.0299987792969,64.9400024414062,7432000,46.1152191162109
"2020-06-26",63.8400001525879,64.6900024414062,61.4500007629395,61.9000015258789,11016500,43.9564437866211
"2020-06-29",62.6399993896484,68.1800003051758,61.2900009155273,68.129997253418,9412900,48.380500793457
"2020-06-30",71.3600006103516,71.5,67.5699996948242,68.379997253418,10456500,48.5580253601074
"2020-07-01",69.8000030517578,72.9300003051758,69.2399978637695,69.8099975585938,7979600,49.5735054016113
"2020-07-02",71.8099975585938,72.9599990844727,68.6800003051758,68.8099975585938,6470600,48.8633804321289
"2020-07-06",69.7200012207031,70.5899963378906,67.0100021362305,68.9300003051758,6075600,48.9485855102539
"2020-07-07",67.5,67.6600036621094,65.5599975585938,65.9300003051758,5294900,46.818229675293
"2020-07-08",66,66.8000030517578,64.379997253418,65.7099990844727,6884900,46.6620063781738
"2020-07-09",64.25,64.4000015258789,59.8699989318848,61.0200004577637,9286300,44.2061157226562
"2020-07-10",60.5,64.2399978637695,60.310001373291,63.9799995422363,5824100,46.3504943847656
"2020-07-13",64.7799987792969,65.1399993896484,62.2000007629395,63.689998626709,5124300,46.1403999328613
"2020-07-14",63.0800018310547,63.9599990844727,61.3699989318848,61.9300003051758,5240500,44.865364074707
"2020-07-15",64.5400009155273,66.7200012207031,63.8300018310547,66.5899963378906,7163100,48.2413101196289
"2020-07-16",65,65.6100006103516,62.5999984741211,62.9000015258789,5227200,45.5680847167969
"2020-07-17",62.7900009155273,63.560001373291,62.0800018310547,62.4000015258789,4932300,45.2058639526367
"2020-07-20",62.1500015258789,62.3899993896484,60.1199989318848,60.4199981689453,5644400,43.7714424133301
"2020-07-21",60.9799995422363,62.3800010681152,60.3899993896484,60.9500007629395,5207900,44.1554069519043
"2020-07-22",61.060001373291,62.1399993896484,60.1199989318848,62.0299987792969,4059700,44.937801361084
"2020-07-23",61.0200004577637,62.689998626709,60.6100006103516,61.7999992370605,3274200,44.7711791992188
"2020-07-24",61.5999984741211,62.2799987792969,60.2999992370605,60.5699996948242,3115400,43.8801078796387
"2020-07-27",60.4700012207031,61.9799995422363,59.0299987792969,61.9599990844727,4299800,44.887092590332
"2020-07-28",61.5699996948242,65.0699996948242,61.3499984741211,64.1399993896484,5328400,46.4664077758789
"2020-07-29",64.5899963378906,65.629997253418,62.6500015258789,65.5899963378906,3809600,47.5168609619141
"2020-07-30",63.5,64.5999984741211,62.6199989318848,63.6199989318848,3311300,46.0896911621094
"2020-07-31",63.310001373291,63.9000015258789,61.5,62.3499984741211,5134400,45.1696357727051
"2020-08-03",61.2099990844727,61.7900009155273,59.9099998474121,61.0299987792969,4149800,44.2133483886719
"2020-08-04",61.2299995422363,63.6300010681152,61.0699996948242,62.9900016784668,4097700,45.6332778930664
"2020-08-05",63.8699989318848,64.5800018310547,62.2700004577637,62.5,3380800,45.2782974243164
"2020-08-06",62.7099990844727,62.7099990844727,61.189998626709,61.2000007629395,4865100,44.3365058898926
"2020-08-07",61.1800003051758,62.5400009155273,60.5099983215332,62.189998626709,6391300,45.0537223815918
"2020-08-10",65.2200012207031,69.1600036621094,63.8199996948242,65.4700012207031,18253800,47.4299278259277
"2020-08-11",68.1600036621094,70.9899978637695,66.8300018310547,67.1500015258789,13635300,48.6470146179199
"2020-08-12",67.8000030517578,68.9400024414062,65.620002746582,67.8300018310547,6873000,49.1396408081055
"2020-08-13",67.1699981689453,68.25,65.7300033569336,66.0199966430664,5499400,47.8283805847168
"2020-08-14",65.379997253418,68.4499969482422,65.1699981689453,68.1800003051758,5334300,49.393196105957
"2020-08-17",68.3499984741211,68.3899993896484,66.1800003051758,68.1800003051758,4441600,49.393196105957
"2020-08-18",67.370002746582,67.5,63.8800010681152,65.129997253418,8189200,47.1836090087891
"2020-08-19",65.120002746582,65.6399993896484,63.7400016784668,63.8800010681152,4962300,46.2780532836914
"2020-08-20",63.3300018310547,65.4499969482422,62.9000015258789,64.870002746582,4220400,46.9952583312988
"2020-08-21",64.8000030517578,65.5400009155273,63.9000015258789,64.5199966430664,3014100,46.74169921875
"2020-08-24",65.0500030517578,68.5199966430664,63.8600006103516,68.5,5515800,49.6250114440918
"2020-08-25",69.3600006103516,70.1399993896484,66.5199966430664,68.6500015258789,5053500,49.7336921691895
"2020-08-26",68.4800033569336,68.6100006103516,65.75,66.3099975585938,4363500,48.0384712219238
"2020-08-27",66.620002746582,69.0999984741211,66.620002746582,67.5699996948242,4207400,48.9512786865234
"2020-08-28",68.0999984741211,69.9000015258789,66.9499969482422,69.8399963378906,3676900,50.5957717895508
"2020-08-31",69.8099975585938,69.8300018310547,67.4400024414062,67.8499984741211,4089900,49.1541290283203
"2020-09-01",66.6500015258789,67.879997253418,65.9000015258789,67.1999969482422,3485200,48.683219909668
"2020-09-02",66.6399993896484,68.0299987792969,65.9599990844727,67.8399963378906,3595200,49.1468772888184
"2020-09-03",68.5,70.9800033569336,66.870002746582,68,5310100,49.2627983093262
"2020-09-04",69.5,72.4800033569336,68.8399963378906,70.2399978637695,6858400,50.885555267334
"2020-09-08",69.4599990844727,70.75,68.7900009155273,70.0500030517578,3899300,50.7479209899902
"2020-09-09",69.9400024414062,70.1699981689453,67.9599990844727,68.8600006103516,4332700,49.8858108520508
"2020-09-10",68.5899963378906,69.8300018310547,66,66.1900024414062,4586200,47.951530456543
"2020-09-11",66.4400024414062,66.4599990844727,63.3800010681152,64.1500015258789,5096600,46.4736442565918
"2020-09-14",65,67.9300003051758,64.5299987792969,67.8000030517578,3529100,49.1178970336914
"2020-09-15",68.0299987792969,71.8300018310547,67.6900024414062,71.0699996948242,6836300,51.4868583679199
"2020-09-16",71.0299987792969,75.1999969482422,70.0400009155273,74.120002746582,8906800,53.6964340209961
"2020-09-17",71.4700012207031,74.2399978637695,70.879997253418,71.879997253418,4973200,52.0736694335938
"2020-09-18",71.4400024414062,71.9000015258789,69.5899963378906,69.8300018310547,5821500,50.5885429382324
"2020-09-21",67.0699996948242,67.2200012207031,64.3499984741211,64.870002746582,7010300,46.9952583312988
"2020-09-22",65.0199966430664,67.0699996948242,64.75,65.1100006103516,6154600,47.1691207885742
"2020-09-23",65.5800018310547,66.8000030517578,62.7200012207031,62.8899993896484,4440600,45.5608406066895
"2020-09-24",62.0499992370605,64.1600036621094,59.5999984741211,62.8300018310547,5337500,45.5173721313477
"2020-09-25",62,63.9300003051758,62,63.5800018310547,2601500,46.0607032775879
"2020-09-28",65.8000030517578,66.5400009155273,64.8000030517578,65.7900009155273,3771800,47.661750793457
"2020-09-29",65.3300018310547,65.3399963378906,62.9000015258789,63.9900016784668,3816800,46.3577423095703
"2020-09-30",64.1500015258789,66.120002746582,63.7000007629395,64.6800003051758,4188200,46.8576011657715
"2020-10-01",64.8399963378906,66.5599975585938,64.25,66.5299987792969,3426200,48.1978569030762
"2020-10-02",64.129997253418,68.5,64.0500030517578,68.1999969482422,5346800,49.4076766967773
"2020-10-05",68.7099990844727,69.3300018310547,67.4199981689453,68.7600021362305,3688200,49.8133850097656
"2020-10-06",69.75,72.629997253418,69.0100021362305,69.9800033569336,6512200,50.6972045898438
"2020-10-07",70.3199996948242,72.1600036621094,69.8000030517578,71.0299987792969,4167200,51.4578895568848
"2020-10-08",70.8300018310547,71.2300033569336,69.4000015258789,70.0699996948242,3721700,51.7087898254395
"2020-10-09",70.1399993896484,70.3499984741211,67.5100021362305,67.7200012207031,3825400,49.9745903015137
"2020-10-12",67.6399993896484,68.1100006103516,66.6999969482422,68.0199966430664,3040800,50.1959686279297
"2020-10-13",66.9700012207031,67.3300018310547,65.4700012207031,65.8199996948242,3705400,48.5724754333496
"2020-10-14",65.8899993896484,66.5400009155273,65.2600021362305,65.7200012207031,2766800,48.4986763000488
"2020-10-15",64.7099990844727,66.5199966430664,64.5899963378906,65.120002746582,2900600,48.0558853149414
"2020-10-16",65.5299987792969,65.6999969482422,64.1500015258789,64.8199996948242,3939100,47.8345069885254
"2020-10-19",65,65.3499984741211,63.8400001525879,63.9099998474121,3587400,47.1629638671875
"2020-10-20",64.8899993896484,66.0800018310547,64.4300003051758,64.4599990844727,2902200,47.5688362121582
"2020-10-21",64.120002746582,65.0100021362305,63.3400001525879,64.2099990844727,3137900,47.3843612670898
"2020-10-22",64.0100021362305,66.5400009155273,63.9000015258789,66.3499984741211,2901400,48.9635810852051
"2020-10-23",66.75,67.8000030517578,65.9199981689453,66.879997253418,3194500,49.3546981811523
"2020-10-26",66.0100021362305,66.0999984741211,63.8699989318848,64.6800003051758,3852700,47.7311820983887
"2020-10-27",64.1100006103516,64.5800018310547,61.9500007629395,61.9799995422363,3795000,45.7387084960938
"2020-10-28",60.2700004577637,61.6300010681152,59.3499984741211,60.7599983215332,6595600,44.8383903503418
"2020-10-29",60.689998626709,64.1100006103516,60.1699981689453,63.4099998474121,5851500,46.7939872741699
"2020-10-30",62.9799995422363,63.6199989318848,60.8300018310547,62.810001373291,3704500,46.3512191772461
"2020-11-02",62.9599990844727,64.879997253418,62.5900001525879,64.7099990844727,3666000,47.7533187866211
"2020-11-03",65.5999984741211,66,64.4000015258789,64.9899978637695,3552600,47.9599571228027
"2020-11-04",64.9000015258789,64.9100036621094,62.1199989318848,62.2799987792969,4431700,45.9600944519043
"2020-11-05",62.9300003051758,64.0999984741211,62.4599990844727,63.4700012207031,3283400,46.838264465332
"2020-11-06",63.5,64.8300018310547,61.6399993896484,61.8600006103516,4872900,45.6501502990723
"2020-11-09",74.870002746582,82.5,73.0999984741211,79.0999984741211,24996200,58.37255859375
"2020-11-10",76.6999969482422,84.4899978637695,75.3099975585938,78.8399963378906,14440400,58.1806793212891
"2020-11-11",77.9800033569336,78.5,72.5199966430664,73.4100036621094,6844600,54.1735916137695
"2020-11-12",71.6600036621094,72.629997253418,68.0100021362305,69.1399993896484,8143000,51.0224876403809
"2020-11-13",71.629997253418,75.1500015258789,70.8000030517578,74.6999969482422,7732900,55.1255378723145
"2020-11-16",79.9499969482422,82.4199981689453,78.8499984741211,78.9599990844727,13224900,58.2692451477051
"2020-11-17",77.9499969482422,81.3300018310547,76.9800033569336,78.9599990844727,6171800,58.2692451477051
"2020-11-18",77.870002746582,81.0400009155273,76.5999984741211,76.6100006103516,7493300,56.535041809082
"2020-11-19",75.9899978637695,81.3300018310547,75.4899978637695,80.629997253418,16282200,59.5016403198242
"2020-11-20",80.4800033569336,81.7900009155273,79.2600021362305,81.120002746582,9733700,59.8632392883301
"2020-11-23",84.75,86.3000030517578,82.3000030517578,85.4100036621094,10874800,63.0291023254395
"2020-11-24",88.7399978637695,91.370002746582,88.4199981689453,88.7900009155273,9742200,65.5233917236328
"2020-11-25",88.4100036621094,88.879997253418,86.3000030517578,87.1900024414062,5973300,64.342643737793
"2020-11-27",87.9599990844727,88.5999984741211,85.5299987792969,85.5500030517578,2305900,63.1324043273926
"2020-11-30",85.3199996948242,86.9000015258789,82.4000015258789,82.5699996948242,6987300,60.9332733154297
"2020-12-01",84.6500015258789,86.2900009155273,83.8899993896484,84.9899978637695,4869700,62.7191429138184
"2020-12-02",83.7300033569336,87.9899978637695,82.5999984741211,87.25,4333200,64.3869171142578
"2020-12-03",87.8899993896484,91.6999969482422,87.2900009155273,89.629997253418,5490000,66.1432571411133
"2020-12-04",92.2399978637695,94.3600006103516,90.7099990844727,93.9100036621094,5268500,69.3017272949219
"2020-12-07",93.6999969482422,93.8000030517578,89,89.370002746582,6097000,65.9514007568359
"2020-12-08",89.7300033569336,91.9499969482422,88.5,90.1100006103516,4603100,66.4974899291992
"2020-12-09",90.620002746582,92.1600036621094,89.1900024414062,90.8399963378906,4596400,67.0361862182617
"2020-12-10",89.120002746582,90.9599990844727,89.0800018310547,90.4400024414062,3046000,66.7410278320312
"2020-12-11",89.2099990844727,89.9300003051758,86.2900009155273,87.9000015258789,4907600,64.8666152954102
"2020-12-14",90,90.1800003051758,86.7600021362305,87.3199996948242,4841400,64.438591003418
"2020-12-15",88.4400024414062,89.7600021362305,87.2200012207031,89.7399978637695,5295100,66.2244415283203
"2020-12-16",88.3399963378906,90.3000030517578,88.129997253418,88.2799987792969,3371600,65.1470336914062
"2020-12-17",89.1900024414062,89.2300033569336,87.4899978637695,89.0299987792969,3002000,65.7004928588867
"2020-12-18",88.7399978637695,89.0699996948242,84.9199981689453,85.4300003051758,6377100,63.0438690185547
"2020-12-21",83.9499969482422,84.5,82.25,83.6500015258789,4629100,61.7302856445312
"2020-12-22",85.5,85.5599975585938,82.0199966430664,83.7200012207031,4139900,61.7819366455078
"2020-12-23",83.3399963378906,85.25,83.2099990844727,83.6500015258789,2768600,62.7039222717285
"2020-12-24",84,84.5899963378906,83.0500030517578,84.370002746582,810700,63.24365234375
"2020-12-28",84.5299987792969,86.1500015258789,84.5100021362305,85.4800033569336,3105000,64.0757141113281
"2020-12-29",85.7900009155273,86.5699996948242,82.9400024414062,83.2900009155273,2281200,62.4340744018555
"2020-12-30",83.2099990844727,85.5500030517578,83.2099990844727,83.9700012207031,2791400,62.9438209533691
"2020-12-31",83.5199966430664,85.3499984741211,82.3600006103516,85.2799987792969,2488300,63.92578125
"2021-01-04",85.6600036621094,86.2399978637695,82.0599975585938,82.8099975585938,4299400,62.0742721557617
"2021-01-05",83.1500015258789,84.3199996948242,82.9300003051758,83.1699981689453,4647900,62.3441314697266
"2021-01-06",84,86.4800033569336,83.75,85.0699996948242,8356300,63.7683639526367
"2021-01-07",85.8399963378906,87.2399978637695,84.5100021362305,85.129997253418,4227800,63.8133392333984
"2021-01-08",85.3399963378906,86.5,83.6999969482422,86.4899978637695,3692500,64.8327865600586
"2021-01-11",85.5400009155273,85.5999984741211,82.8499984741211,83.1399993896484,3988200,62.321647644043
"2021-01-12",83.8399963378906,85.9899978637695,83.2099990844727,85.4300003051758,4103400,64.0382308959961
"2021-01-13",85.4000015258789,89.2799987792969,85.4000015258789,88.870002746582,4295600,66.6168518066406
"2021-01-14",89.4199981689453,95.75,89.3099975585938,94.9499969482422,7465800,71.1744003295898
"2021-01-15",94,94.2399978637695,92.3300018310547,93,4006500,69.7126998901367
"2021-01-19",93.0999984741211,93.7799987792969,90.7399978637695,92.6699981689453,3094500,69.4653244018555
"2021-01-20",92.3300018310547,96.0100021362305,92.0199966430664,95.2900009155273,3904100,71.4292755126953
"2021-01-21",94.9899978637695,95.7600021362305,93.6999969482422,94.5100021362305,3059400,70.8445739746094
"2021-01-22",93,96,92.0500030517578,95.4899978637695,3692700,71.5791702270508
"2021-01-25",94.6600036621094,100.169998168945,94,97.4800033569336,5322700,73.0708770751953
"2021-01-26",98.5,99.6600036621094,96.6399993896484,99.0500030517578,3720100,74.2477722167969
"2021-01-27",98.2300033569336,103.5,96.0899963378906,96.6399993896484,5775900,72.4412307739258
"2021-01-28",97.2399978637695,99.0299987792969,96.6900024414062,97.5100021362305,3124700,73.0933837890625
"2021-01-29",97.1900024414062,97.8300018310547,92.1100006103516,92.9300003051758,4517400,69.6602172851562
"2021-02-01",93.4300003051758,93.5999984741211,90.5599975585938,92.9400024414062,3774100,69.6677093505859
"2021-02-02",94.1100006103516,94.1100006103516,91.3600006103516,92.4599990844727,2987200,69.3079147338867
"2021-02-03",92.3600006103516,93.75,91.0199966430664,93.379997253418,2986900,69.99755859375
"2021-02-04",93.379997253418,96.2399978637695,93.379997253418,95.1600036621094,2794000,71.3318405151367
"2021-02-05",96.4100036621094,97.9000015258789,95.9199981689453,96.75,2547700,72.523681640625
"2021-02-08",97.5999984741211,99.4700012207031,96.6600036621094,98.9400024414062,4464400,74.1653137207031
"2021-02-09",102.5,105.01000213623,101.349998474121,102.550003051758,6002200,76.8713607788086
"2021-02-10",104.389999389648,108.650001525879,103.099998474121,106.220001220703,4318300,79.6223754882812
"2021-02-11",108.150001525879,111.419998168945,107.25,109.269996643066,4696700,81.9086608886719
"2021-02-12",108.529998779297,110.639999389648,107.709999084473,109.26000213623,2264400,81.9011611938477
"2021-02-16",108.940002441406,111.419998168945,108.629997253418,109.980003356934,3719700,82.4408798217773
"2021-02-17",109.5,110.48999786377,107.099998474121,108.230003356934,2752700,81.1290893554688
"2021-02-18",107.389999389648,108.639999389648,105.720001220703,106.519996643066,3314300,79.8472595214844
"2021-02-19",107.419998168945,109.930000305176,106.699996948242,109.430000305176,3073300,82.0286102294922
"2021-02-22",108.930000305176,115.330001831055,108.930000305176,112.769996643066,4256300,84.5322647094727
"2021-02-23",115.379997253418,115.940002441406,110.059997558594,115.120002746582,4174400,86.293830871582
"2021-02-24",115.040000915527,121.129997253418,114.5,119,4698100,89.202278137207
"2021-02-25",119.849998474121,121.309997558594,113.650001525879,114.819999694824,4935000,86.0689239501953
"2021-02-26",113.870002746582,116.459999084473,111.26000213623,112.919998168945,3964400,84.6446914672852
"2021-03-01",116.199996948242,117.849998474121,113.839996337891,113.919998168945,3604600,85.3942947387695
"2021-03-02",113.839996337891,114.110000610352,111.339996337891,111.680000305176,3371900,83.715202331543
"2021-03-03",112.099998474121,115.730003356934,112.050003051758,113.98999786377,4274600,85.4467620849609
"2021-03-04",114.029998779297,115.160003662109,106.75,110.110000610352,5024200,82.5383148193359
"2021-03-05",111.559997558594,112.290000915527,104.120002746582,111.169998168945,4576600,83.332893371582
"2021-03-08",112.389999389648,114.970001220703,111.169998168945,111.699996948242,3387300,83.7301864624023
"2021-03-09",112.199996948242,112.75,108.709999084473,111,2863400,83.2054672241211
"2021-03-10",110.940002441406,114.930000305176,110.690002441406,114.309997558594,2989700,85.6866455078125
"2021-03-11",114.459999084473,117.019996643066,113.269996643066,115.839996337891,5177900,86.8335189819336
"2021-03-12",115.75,118.029998779297,115.599998474121,117.849998474121,2619900,88.3402099609375
"2021-03-15",118.150001525879,121.919998168945,116.849998474121,121.01000213623,3816100,90.7089462280273
"2021-03-16",121,121.110000610352,116.75,117.190002441406,3633300,87.8454742431641
"2021-03-17",116.819999694824,118.660003662109,116.459999084473,118.23999786377,2232400,88.6325378417969
"2021-03-18",117.639999389648,120.819999694824,115.629997253418,116.819999694824,6079000,87.5681228637695
"2021-03-19",117.209999084473,118.459999084473,114.110000610352,116.690002441406,4471200,87.4706726074219
"2021-03-22",116.51000213623,116.879997253418,113.839996337891,115.25,2725900,86.3912582397461
"2021-03-23",114.660003662109,114.959999084473,109.519996643066,110.410003662109,3682200,82.7632141113281
"2021-03-24",111.120002746582,114.279998779297,109.389999389648,109.400001525879,3428000,82.006103515625
"2021-03-25",107.809997558594,114.150001525879,106.680000305176,113.639999389648,3852100,85.1844100952148
"2021-03-26",114.699996948242,116.660003662109,112.209999084473,114.669998168945,2674100,85.9565124511719
"2021-03-29",114.410003662109,115.23999786377,110.959999084473,113.809997558594,3331400,85.3118286132812
"2021-03-30",113.980003356934,116.449996948242,113.699996948242,115.389999389648,2087800,86.4962005615234
"2021-03-31",114.610000610352,115.650001525879,113.470001220703,113.769996643066,2507100,85.281852722168
"2021-04-01",114.98999786377,115.349998474121,112.629997253418,115.199996948242,2858600,86.3537979125977
"2021-04-05",116,116,113.269996643066,115.050003051758,2911900,86.2413482666016
"2021-04-06",114.730003356934,116.860000610352,114.51000213623,116.48999786377,2500000,87.3207550048828
"2021-04-07",117.050003051758,117.709999084473,115.120002746582,117.01000213623,2541100,87.710563659668
"2021-04-08",115.059997558594,115.639999389648,113.610000610352,114.330001831055,2364300,86.6644821166992
"2021-04-09",114.690002441406,116.209999084473,114.040000915527,115.910003662109,1669900,87.8621673583984
"2021-04-12",116.410003662109,116.870002746582,113.440002441406,114.73999786377,2994200,86.9752883911133
"2021-04-13",113.699996948242,114.099998474121,111.300003051758,113.379997253418,3681700,85.9443664550781
"2021-04-14",113.709999084473,115.75,113.559997558594,113.76000213623,2657400,86.2324371337891
"2021-04-15",115,115.559997558594,113.620002746582,114.569999694824,2314100,86.8464202880859
"2021-04-16",116.51000213623,118.5,115.930000305176,117.120002746582,3249500,88.7793731689453
"2021-04-19",116.599998474121,116.889999389648,114.949996948242,116.559997558594,1753600,88.3548812866211
"2021-04-20",115.51000213623,116.419998168945,113.120002746582,114.26000213623,2180100,86.6114349365234
"2021-04-21",113.970001220703,117.900001525879,112.610000610352,117.629997253418,2467900,89.1659698486328
"2021-04-22",117.779998779297,119.059997558594,115.569999694824,115.650001525879,2591400,87.6650848388672
"2021-04-23",116.309997558594,117.120002746582,115.410003662109,116.919998168945,2348000,88.6277618408203
"2021-04-26",118.900001525879,121.699996948242,118.430000305176,120.169998168945,3268400,91.0913391113281
"2021-04-27",120.959999084473,123.300003051758,119.459999084473,122.360000610352,3301100,92.7513885498047
"2021-04-28",122.669998168945,125.419998168945,122.650001525879,123.099998474121,2297900,93.3123321533203
"2021-04-29",124.269996643066,125.550003051758,121.769996643066,123.330001831055,2281400,93.4866714477539
"2021-04-30",122.930000305176,123.099998474121,120.930000305176,121.73999786377,2751900,92.2814102172852
"2021-05-03",122.690002441406,123.830001831055,121.639999389648,123.199996948242,2627800,93.3881378173828
"2021-05-04",123.040000915527,123.959999084473,120.400001525879,121.360000610352,2730600,91.9933700561523
"2021-05-05",120.959999084473,122.650001525879,120.339996337891,120.919998168945,2454000,91.6598587036133
"2021-05-06",121.139999389648,122.980003356934,120.279998779297,122.919998168945,2044200,93.1758880615234
"2021-05-07",122.330001831055,125,121.800003051758,124.940002441406,2686000,94.7070770263672
"2021-05-10",125.98999786377,128.25,125.639999389648,126.75,5105100,96.0791015625
"2021-05-11",121.769996643066,123.970001220703,119.569999694824,122.639999389648,5664400,92.9636459350586
"2021-05-12",122.639999389648,123.360000610352,117.209999084473,117.620002746582,3294000,89.1583709716797
"2021-05-13",117.620002746582,121.309997558594,116.529998779297,117.98999786377,3583900,89.4388427734375
"2021-05-14",118.75,122.949996948242,118.75,122.180000305176,2477500,92.6149520874023
"2021-05-17",122,123.180000305176,121.209999084473,122.23999786377,1609700,92.6604309082031
"2021-05-18",122.01000213623,123.849998474121,120.720001220703,122.569999694824,2552300,92.9105758666992
"2021-05-19",120.150001525879,122.319999694824,118.410003662109,122.269996643066,2048800,92.6831588745117
"2021-05-20",122.029998779297,123.089996337891,120.75,122.569999694824,1669800,92.9105758666992
"2021-05-21",122.839996337891,124.309997558594,121.949996948242,122.379997253418,1854500,92.7665405273438
"2021-05-24",123.199996948242,124.980003356934,122.309997558594,124.639999389648,1975800,94.4796905517578
"2021-05-25",125,126.690002441406,124.180000305176,124.400001525879,1671900,94.2977676391602
"2021-05-26",124.660003662109,127.019996643066,123.800003051758,126.699996948242,1765800,96.0411987304688
"2021-05-27",127.5,128.720001220703,127.099998474121,128.289993286133,3172100,97.246467590332
"2021-05-28",128.830001831055,129.199996948242,127.660003662109,128.490005493164,1929200,97.398063659668
"2021-06-01",129.699996948242,134.210006713867,129.699996948242,134.190002441406,3726900,101.718780517578
"2021-06-02",134.380004882812,135.509994506836,132.350006103516,135.190002441406,2685700,102.47679901123
"2021-06-03",134.380004882812,134.75,132.029998779297,134.059997558594,2060900,101.620239257812
"2021-06-04",134.649993896484,134.929992675781,131.619995117188,132.270004272461,1952200,100.263389587402
"2021-06-07",132.139999389648,134.25,131.770004272461,134,1796900,101.574737548828
"2021-06-08",134.610000610352,136.699996948242,133.899993896484,135.710006713867,2590900,102.870971679688
"2021-06-09",136.410003662109,136.630004882812,135.309997558594,135.589996337891,2075600,102.780006408691
"2021-06-10",135.759994506836,136.570007324219,132.699996948242,134.539993286133,2225700,101.984077453613
"2021-06-11",134.699996948242,134.839996337891,133.320007324219,134.229995727539,1976100,101.749099731445
"2021-06-14",134.190002441406,135.199996948242,132.089996337891,133.279998779297,1474600,101.02897644043
"2021-06-15",132.649993896484,133.610000610352,130.300003051758,131.289993286133,2453700,99.5205078125
"2021-06-16",130.979995727539,132.509994506836,130.039993286133,130.729995727539,1820700,99.0960311889648
"2021-06-17",130.369995117188,130.960006713867,126.050003051758,128.660003662109,2784300,97.5269470214844
"2021-06-18",127.050003051758,128.210006713867,125.279998779297,125.330001831055,4232300,95.0027236938477
"2021-06-21",126.919998168945,131.820007324219,126.400001525879,131.5,2335500,99.6797180175781
"2021-06-22",131.190002441406,131.399993896484,129.229995727539,130.25,1971400,98.7321929931641
"2021-06-23",131.339996337891,132.990005493164,130.809997558594,132.210006713867,1805300,100.217903137207
"2021-06-24",132.800003051758,132.880004882812,129.880004882812,130.619995117188,2019600,99.0126495361328
"2021-06-25",131.009994506836,131.600006103516,129.850006103516,131.070007324219,2322900,99.3537673950195
"2021-06-28",131,131.029998779297,128.25,130.199996948242,1904200,98.6942901611328
"2021-06-29",130.610000610352,132.220001220703,130.580001831055,130.990005493164,2201500,99.2931289672852
"2021-06-30",130.580001831055,132.279998779297,130.25,130.479995727539,2720200,98.9065170288086
"2021-07-01",129.399993896484,132.889999389648,129.070007324219,131.539993286133,2550400,100.791458129883
"2021-07-02",131.440002441406,132.070007324219,129.179992675781,129.630004882812,1529300,99.3279647827148
"2021-07-06",129.100006103516,129.350006103516,126.080001831055,127.639999389648,3143700,97.8031311035156
"2021-07-07",127.120002746582,127.309997558594,124.099998474121,125.790000915527,2607600,96.3855895996094
"2021-07-08",123.5,126.269996643066,122.01000213623,125.089996337891,2630900,95.8492126464844
"2021-07-09",127,129.779998779297,126.680000305176,129.690002441406,1790100,99.3739471435547
"2021-07-12",128.600006103516,130.779998779297,128.059997558594,130.270004272461,1263300,99.8183517456055
"2021-07-13",129.580001831055,130.039993286133,126.430000305176,126.610000610352,1742700,97.0139083862305
"2021-07-14",126.5,128.649993896484,126.150001525879,127.449996948242,1556800,97.6575317382812
"2021-07-15",126.830001831055,127.809997558594,125.290000915527,126.540000915527,1585200,96.9602737426758
"2021-07-16",127.620002746582,127.830001831055,124.319999694824,124.5,1741600,95.3971328735352
"2021-07-19",120.080001831055,120.569999694824,114.720001220703,117.190002441406,5454200,89.7958908081055
"2021-07-20",119,126.150001525879,118.26000213623,125.629997253418,3821600,96.2629699707031
"2021-07-21",126.830001831055,129.220001220703,126.699996948242,127.930000305176,2247900,98.0253372192383
"2021-07-22",127.529998779297,127.529998779297,124.410003662109,125.099998474121,1709600,95.8568725585938
"2021-07-23",126.059997558594,126.660003662109,122.849998474121,124.150001525879,1364500,95.1289596557617
"2021-07-26",124,127.23999786377,123.839996337891,127.029998779297,1905400,97.3357315063477
"2021-07-27",126.089996337891,126.830001831055,124.849998474121,125.870002746582,1960700,96.4468841552734
"2021-07-28",126.330001831055,126.910003662109,123.910003662109,125.220001220703,1642100,95.9488296508789
"2021-07-29",125.970001220703,128.300003051758,125.720001220703,125.919998168945,1793000,96.4851913452148
"2021-07-30",126.080001831055,128.119995117188,125.5,126.519996643066,2194700,96.944938659668
"2021-08-02",128.199996948242,130.839996337891,126.019996643066,126.319999694824,2285100,96.7916946411133
"2021-08-03",128.990005493164,130.970001220703,127.040000915527,129.539993286133,3366800,99.2589874267578
"2021-08-04",130.070007324219,132.330001831055,128.259994506836,128.699996948242,3112900,98.6153717041016
"2021-08-05",130.130004882812,134.75,129.490005493164,134.029998779297,3351300,102.699432373047
"2021-08-06",134.559997558594,136.050003051758,134.020004272461,135.199996948242,2285400,103.595916748047
"2021-08-09",134.380004882812,134.449996948242,132.710006713867,132.860000610352,1652300,101.802917480469
"2021-08-10",132.690002441406,133.529998779297,131.270004272461,132.110000610352,1688300,101.228240966797
"2021-08-11",132.949996948242,134.070007324219,131.169998168945,133.509994506836,1415800,102.300971984863
"2021-08-12",133.770004272461,134.279998779297,132.25,133.850006103516,1832800,102.5615234375
"2021-08-13",134.369995117188,134.839996337891,133.179992675781,133.669998168945,1441200,102.423568725586
"2021-08-16",132.800003051758,133.669998168945,130.550003051758,130.970001220703,1797800,100.354713439941
"2021-08-17",129.229995727539,129.330001831055,125.930000305176,128.110000610352,2164200,98.1632690429688
"2021-08-18",127.5,129.660003662109,126.089996337891,128,1489400,98.0789794921875
"2021-08-19",126.040000915527,129.220001220703,126,128.460006713867,1979000,98.4314651489258
"2021-08-20",127.300003051758,129.429992675781,126.610000610352,128.770004272461,1701600,98.6689910888672
"2021-08-23",129.619995117188,131.100006103516,128.929992675781,129.460006713867,2111900,99.1977081298828
"2021-08-24",130.410003662109,132.699996948242,130.229995727539,132.559997558594,1851600,101.573043823242
"2021-08-25",132.600006103516,134.520004272461,131.630004882812,132.539993286133,1746600,101.557708740234
"2021-08-26",132.410003662109,132.740005493164,130.639999389648,131.039993286133,1268800,100.408355712891
"2021-08-27",132.580001831055,135.149993896484,132.360000610352,133.690002441406,1691700,102.438896179199
"2021-08-30",133.800003051758,134.009994506836,131.929992675781,133.410003662109,1428200,102.224365234375
"2021-08-31",133.089996337891,135.199996948242,132.759994506836,134.449996948242,2326600,103.021263122559
"2021-09-01",134.449996948242,136.449996948242,134.259994506836,135.809997558594,1706100,104.06330871582
"2021-09-02",136.089996337891,137.380004882812,135.389999389648,136.419998168945,1859700,104.530731201172
"2021-09-03",136.169998168945,136.179992675781,134.25,135.75,1595800,104.017364501953
"2021-09-07",134.960006713867,135.699996948242,133.229995727539,134.580001831055,1788300,103.12084197998
"2021-09-08",132.5,133.839996337891,130.770004272461,132.139999389648,1695600,102.392463684082
"2021-09-09",130.75,132.139999389648,129.960006713867,130.639999389648,1598800,101.230140686035
"2021-09-10",131.270004272461,131.309997558594,127.889999389648,127.900001525879,1879800,99.1069793701172
"2021-09-13",129.669998168945,131.869995117188,128.350006103516,131.119995117188,1843600,101.602081298828
"2021-09-14",131.449996948242,131.990005493164,128.679992675781,129.559997558594,1291700,100.393272399902
"2021-09-15",129.479995727539,131.970001220703,128.690002441406,131.149993896484,1560900,101.625335693359
"2021-09-16",131.860000610352,133.779998779297,131.149993896484,132.669998168945,1297600,102.803131103516
"2021-09-17",132.220001220703,133.300003051758,131.149993896484,131.270004272461,3153700,101.718322753906
"2021-09-20",128.160003662109,130.360000610352,127.069999694824,129.520004272461,2525600,100.362274169922
"2021-09-21",130.740005493164,132.600006103516,130.350006103516,130.380004882812,1616300,101.028678894043
"2021-09-22",132.399993896484,134.899993896484,131.850006103516,133.639999389648,1955500,103.554779052734
"2021-09-23",134.5,136.470001220703,134.320007324219,135.119995117188,2364000,104.701583862305
"2021-09-24",134.649993896484,136.25,133.820007324219,133.850006103516,1362200,103.717529296875
"2021-09-27",134.649993896484,137.240005493164,134.009994506836,134.149993896484,1960700,103.94994354248
"2021-09-28",134.080001831055,135.119995117188,133.190002441406,133.710006713867,1641200,103.609031677246
"2021-09-29",134.029998779297,134.509994506836,133.199996948242,133.850006103516,1086100,103.717529296875
"2021-09-30",134.5,134.5,129.419998168945,129.970001220703,3053500,100.710983276367
"2021-10-01",131.559997558594,134.160003662109,130.149993896484,133.139999389648,2160400,103.167327880859
"2021-10-04",132.690002441406,134,131.589996337891,132.25,1487600,102.477699279785
"2021-10-05",132.240005493164,132.270004272461,130.419998168945,131.389999389648,1499700,101.811302185059
"2021-10-06",130.270004272461,132.649993896484,128.600006103516,132.610000610352,2199100,102.75666809082
"2021-10-07",133.020004272461,136.199996948242,132.949996948242,134.009994506836,1798500,103.841491699219
"2021-10-08",133.979995727539,135.100006103516,131.759994506836,132.080001831055,1715200,102.345970153809
"2021-10-11",131.759994506836,133.679992675781,131.020004272461,132.619995117188,1081800,102.76441192627
"2021-10-12",132.279998779297,135.25,131.330001831055,134.770004272461,1324400,104.430404663086
"2021-10-13",135,137.559997558594,134.220001220703,137.149993896484,2994100,106.274612426758
"2021-10-14",138.25,139.899993896484,137.509994506836,139.330001831055,2281500,107.963829040527
"2021-10-15",140,141.660003662109,139.330001831055,140.220001220703,2443400,108.653495788574
"2021-10-18",140.279998779297,144.789993286133,139.899993896484,144.529998779297,3335500,111.993194580078
"2021-10-19",145,145.009994506836,142.690002441406,142.839996337891,1709400,110.683670043945
"2021-10-20",142.199996948242,144.979995727539,142.070007324219,144.960006713867,1543800,112.326400756836
"2021-10-21",144.5,145.039993286133,143.380004882812,143.960006713867,1367500,111.551544189453
"2021-10-22",144.779998779297,145.600006103516,144,145.139999389648,1217800,112.465888977051
"2021-10-25",145,146.899993896484,143.75,146.830001831055,1537200,113.775451660156
"2021-10-26",147,147.770004272461,145.479995727539,146.369995117188,1973700,113.418975830078
"2021-10-27",146.350006103516,146.460006713867,143.699996948242,143.929992675781,1178000,111.528282165527
"2021-10-28",144.550003051758,147.229995727539,143.839996337891,147.119995117188,1627900,114.000144958496
"2021-10-29",146.449996948242,147.740005493164,145.679992675781,146.580001831055,2778300,113.58171081543
"2021-11-01",147.410003662109,149.410003662109,147.190002441406,149.360000610352,2605400,115.735877990723
"2021-11-02",157,159.970001220703,154.449996948242,158.990005493164,5642000,123.197937011719
"2021-11-03",158.940002441406,166.789993286133,158.740005493164,166.240005493164,4226300,128.815841674805
"2021-11-04",166.440002441406,167.669998168945,164.520004272461,165.710006713867,2282800,128.405166625977
"2021-11-05",168.429992675781,170.910003662109,167.270004272461,170.5,2501600,132.116836547852
"2021-11-08",170.649993896484,171.009994506836,166.259994506836,167.389999389648,1642700,129.706939697266
"2021-11-09",167.320007324219,167.580001831055,165.539993286133,167.490005493164,1383600,129.784408569336
"2021-11-10",166.690002441406,167.690002441406,163.779998779297,163.970001220703,1824700,127.056869506836
"2021-11-11",164.5,166.309997558594,163.910003662109,165.440002441406,1175700,128.195907592773
"2021-11-12",166.25,166.550003051758,163.899993896484,164.800003051758,1182600,127.700004577637
"2021-11-15",165.169998168945,166.320007324219,164.229995727539,166.289993286133,1677300,128.854553222656
"2021-11-16",165.75,166.289993286133,164.339996337891,164.869995117188,1221100,127.754249572754
"2021-11-17",164.229995727539,167.869995117188,162.839996337891,167.490005493164,1503100,129.784408569336
"2021-11-18",169.139999389648,171.119995117188,167.369995117188,169.380004882812,2459400,131.248947143555
"2021-11-19",167.910003662109,168.479995727539,165.860000610352,166.740005493164,1816500,129.203277587891
"2021-11-22",168.130004882812,170.649993896484,167.009994506836,167.990005493164,2039300,130.171859741211
"2021-11-23",167.889999389648,170.710006713867,167.199996948242,169.029998779297,1392500,130.977722167969
"2021-11-24",168.020004272461,169.240005493164,166.630004882812,169.029998779297,1358800,130.977722167969
"2021-11-26",160.320007324219,162.800003051758,158.279998779297,160.479995727539,2875400,124.352523803711
"2021-11-29",163.869995117188,164.679992675781,157.440002441406,159.940002441406,2890700,123.934097290039
"2021-11-30",157.649993896484,157.809997558594,151.75,152.839996337891,4264900,118.432441711426
"2021-12-01",156.559997558594,158.830001831055,147.639999389648,147.720001220703,3711400,114.465072631836
"2021-12-02",149.940002441406,153.979995727539,148.369995117188,151.860000610352,4506500,117.673080444336
"2021-12-03",152,152.789993286133,147.360000610352,149.190002441406,3639600,115.604133605957
"2021-12-06",152.130004882812,155.509994506836,151.520004272461,152.600006103516,2858400,118.246490478516
"2021-12-07",155.770004272461,158.699996948242,154.949996948242,156.25,2650100,121.074813842773
"2021-12-08",156.25,158.440002441406,155.380004882812,157.449996948242,2681300,122.004669189453
"2021-12-09",154.940002441406,155.580001831055,152.199996948242,152.240005493164,1946600,119.21688079834
"2021-12-10",153.479995727539,153.649993896484,150.039993286133,152.419998168945,1378300,119.35782623291
"2021-12-13",151.580001831055,152.070007324219,147.539993286133,151.100006103516,2416900,118.324165344238
"2021-12-14",151.089996337891,152.210006713867,149.850006103516,150.929992675781,2000300,118.191024780273
"2021-12-15",151.440002441406,152.190002441406,147.210006713867,152.039993286133,2121800,119.060249328613
"2021-12-16",152.75,154.839996337891,151.039993286133,151.660003662109,2750900,118.762687683105
"2021-12-17",151.509994506836,152.860000610352,148.429992675781,150.729995727539,4124800,118.034400939941
"2021-12-20",147.660003662109,148.690002441406,143.630004882812,146.270004272461,2665000,114.541839599609
"2021-12-21",148.199996948242,154.889999389648,148.070007324219,154.470001220703,2011200,120.96312713623
"2021-12-22",153.910003662109,156.009994506836,153.529998779297,155.529998779297,1077500,121.793212890625
"2021-12-23",156.5,157.380004882812,155.259994506836,155.460006713867,2259900,121.738395690918
"2021-12-27",155.449996948242,158.479995727539,154.479995727539,158.429992675781,994400,124.064147949219
"2021-12-28",157.559997558594,159.25,156.75,157.770004272461,966400,123.547317504883
"2021-12-29",158,159.300003051758,156.770004272461,158.759994506836,953000,124.322570800781
"2021-12-30",158.759994506836,161.869995117188,158.539993286133,160.039993286133,1085400,125.324928283691
"2021-12-31",159.990005493164,161.690002441406,159.509994506836,159.770004272461,1194700,125.113494873047
"2022-01-03",160.479995727539,162.600006103516,158.869995117188,160.300003051758,2128100,125.528549194336
"2022-01-04",162.229995727539,163.880004882812,161.800003051758,162.979995727539,1834100,127.627174377441
"2022-01-05",163.860000610352,165.830001831055,160.960006713867,161.029998779297,2324400,126.100135803223
"2022-01-06",161.830001831055,164.520004272461,160.759994506836,163.160003662109,1715700,127.768188476562
"2022-01-07",162.830001831055,163.899993896484,161.050003051758,161.270004272461,1457100,126.288131713867
"2022-01-10",160.300003051758,160.990005493164,157.089996337891,160.880004882812,1753600,125.98274230957
"2022-01-11",160.899993896484,162.610000610352,158.070007324219,161.830001831055,1267700,126.726638793945
"2022-01-12",162.589996337891,163.649993896484,161.759994506836,161.929992675781,931100,126.804954528809
"2022-01-13",162.429992675781,164.240005493164,162.25,162.990005493164,1246800,127.635032653809
"2022-01-14",162.089996337891,162.089996337891,152.479995727539,155.699996948242,2539700,121.926345825195
"2022-01-18",154.289993286133,154.300003051758,150.860000610352,153.889999389648,2753000,120.508918762207
"2022-01-19",154.889999389648,154.889999389648,148.529998779297,148.589996337891,2198900,116.358596801758
"2022-01-20",150.490005493164,152.75,147.190002441406,147.429992675781,1976000,115.450210571289
"2022-01-21",147.149993896484,147.539993286133,144.559997558594,146.960006713867,2515300,115.082176208496
"2022-01-24",142.880004882812,146.229995727539,137.75,146.100006103516,3755400,114.408721923828
"2022-01-25",142.699996948242,148.960006713867,140.839996337891,146.779998779297,2614100,114.941215515137
"2022-01-26",149.110000610352,151.869995117188,143.759994506836,145.580001831055,2029400,114.001502990723
"2022-01-27",147.710006713867,149.460006713867,143.100006103516,143.889999389648,1810000,112.678085327148
"2022-01-28",143.559997558594,146.440002441406,139.669998168945,146.399993896484,2631400,114.643646240234
"2022-01-31",144.860000610352,147.600006103516,143.610000610352,147.199996948242,2108000,115.27010345459
"2022-02-01",147.199996948242,148.660003662109,145.039993286133,147.360000610352,1510600,115.395385742188
"2022-02-02",148.009994506836,149.979995727539,146.910003662109,149.550003051758,1871200,117.110336303711
"2022-02-03",147.970001220703,149.190002441406,145.339996337891,145.559997558594,1539100,113.98583984375
"2022-02-04",144.229995727539,146.809997558594,141.75,145.179992675781,1934900,113.688270568848
"2022-02-07",145.539993286133,149.800003051758,144.889999389648,148.919998168945,3230700,116.617012023926
"2022-02-08",139.809997558594,144.600006103516,137.770004272461,142.039993286133,4550300,111.229370117188
"2022-02-09",143.25,144.039993286133,141.449996948242,143.089996337891,2604000,112.05158996582
"2022-02-10",142,147.5,141.259994506836,143.979995727539,2722300,112.748596191406
"2022-02-11",143.850006103516,146.389999389648,140.580001831055,141.830001831055,2157600,111.064949035645
"2022-02-14",141.789993286133,142.300003051758,139.059997558594,139.899993896484,2070800,109.553588867188
"2022-02-15",142.110000610352,142.899993896484,140.539993286133,141.320007324219,1619900,110.665565490723
"2022-02-16",142.039993286133,144.289993286133,141.309997558594,143.860000610352,1712500,112.65461730957
"2022-02-17",143.050003051758,146.770004272461,143.020004272461,143.669998168945,3546800,112.505836486816
"2022-02-18",143.240005493164,144.110000610352,140.490005493164,140.949996948242,1751100,110.375831604004
"2022-02-22",139.990005493164,140.389999389648,136.729995727539,138.050003051758,2314400,108.104866027832
"2022-02-23",139.119995117188,140.320007324219,133.429992675781,134.070007324219,1978500,104.988189697266
"2022-02-24",129.929992675781,138.179992675781,129.350006103516,137.820007324219,3105900,107.924781799316
"2022-02-25",138.649993896484,140.149993896484,137.669998168945,139.699996948242,1785600,109.396957397461
"2022-02-28",137.789993286133,139.899993896484,136.559997558594,137.559997558594,2381900,107.721160888672
"2022-03-01",137.839996337891,138.339996337891,133.440002441406,134.600006103516,2182100,105.403251647949
"2022-03-02",135.929992675781,139.729995727539,135.919998168945,138.770004272461,2096500,108.66870880127
"2022-03-03",140.059997558594,140.940002441406,137.559997558594,139.410003662109,1890100,109.169876098633
"2022-03-04",137.649993896484,137.910003662109,133.820007324219,136.889999389648,2315100,107.196495056152
"2022-03-07",135.839996337891,135.889999389648,128.199996948242,128.270004272461,3966300,100.446311950684
"2022-03-08",128.919998168945,133.889999389648,128.100006103516,131.389999389648,3123900,102.889533996582
"2022-03-09",133.399993896484,135.320007324219,132.440002441406,132.570007324219,1728000,105.133865356445
"2022-03-10",130.020004272461,132.929992675781,129.470001220703,132.610000610352,1565700,105.165573120117
"2022-03-11",134.009994506836,134.089996337891,130,130.050003051758,2548200,103.135375976562
"2022-03-14",131.130004882812,132.539993286133,126.76000213623,128.190002441406,2455800,101.66032409668
"2022-03-15",128.600006103516,130.029998779297,127.029998779297,128.880004882812,1883600,102.207527160645
"2022-03-16",131.139999389648,132.460006713867,128.289993286133,131.330001831055,2550300,104.150482177734
"2022-03-17",130.490005493164,132.410003662109,129.940002441406,131.649993896484,2045100,104.404258728027
"2022-03-18",129.630004882812,131.559997558594,129.470001220703,130.839996337891,4175500,103.761894226074
"2022-03-21",131.649993896484,131.820007324219,127.970001220703,129.059997558594,2679100,102.35026550293
"2022-03-22",131.149993896484,134.449996948242,130.860000610352,132.839996337891,2501100,105.347961425781
"2022-03-23",132.070007324219,132.699996948242,129.880004882812,130.009994506836,1206000,103.103668212891
"2022-03-24",130.029998779297,130.529998779297,129.050003051758,130.130004882812,1473800,103.198822021484
"2022-03-25",130.509994506836,131.179992675781,129.639999389648,130.169998168945,2055800,103.230545043945
"2022-03-28",130.809997558594,131.800003051758,129.660003662109,131.75,1631900,104.483543395996
"2022-03-29",133.929992675781,138.429992675781,133.589996337891,138.080001831055,2468200,109.503524780273
"2022-03-30",137.850006103516,138.649993896484,134.339996337891,134.789993286133,1346200,106.894401550293
"2022-03-31",134.630004882812,135.410003662109,131.550003051758,131.559997558594,2331900,104.332878112793
"2022-04-01",132.270004272461,133.259994506836,131.259994506836,133,1572800,105.474876403809
"2022-04-04",132.610000610352,134.889999389648,131.149993896484,134.529998779297,1722800,106.688201904297
"2022-04-05",134.5,135.630004882812,130.309997558594,130.580001831055,1719300,103.555709838867
"2022-04-06",130,130.179992675781,126.269996643066,127.860000610352,2327100,101.398612976074
"2022-04-07",127.419998168945,127.519996643066,123.480003356934,125.51000213623,2542700,99.5349578857422
"2022-04-08",126.089996337891,128.520004272461,125.48999786377,127.470001220703,1804800,101.089324951172
"2022-04-11",127.220001220703,129.100006103516,126.330001831055,126.779998779297,1084200,100.542129516602
"2022-04-12",126.379997253418,128.919998168945,125.709999084473,126.180000305176,1460000,100.066307067871
"2022-04-13",126,128.710006713867,125.76000213623,127.580001831055,1661400,101.176567077637
"2022-04-14",128,129.449996948242,127.690002441406,127.879997253418,1788800,101.41446685791
"2022-04-18",127.419998168945,129.110000610352,127.099998474121,127.889999389648,1206700,101.422401428223
"2022-04-19",128.770004272461,131.75,127.889999389648,131.320007324219,1470700,104.142562866211
"2022-04-20",131.720001220703,133.5,131.039993286133,132.589996337891,1645700,105.149726867676
"2022-04-21",134.25,134.800003051758,130.559997558594,130.850006103516,1499600,103.769821166992
"2022-04-22",130.839996337891,130.839996337891,125.720001220703,125.879997253418,1988500,99.8283843994141
"2022-04-25",125.879997253418,126.699996948242,123.930000305176,126.290000915527,2053600,100.15355682373
"2022-04-26",126.129997253418,126.959999084473,124.029998779297,124.129997253418,1889200,98.4405517578125
"2022-04-27",124.599998474121,125.199996948242,122.059997558594,122.129997253418,2032100,96.8544540405273
"2022-04-28",122.019996643066,125.050003051758,120.819999694824,124.410003662109,2313100,98.6626129150391
"2022-04-29",123.51000213623,123.980003356934,117.779998779297,118,3160500,93.5792083740234
"2022-05-02",118.680000305176,119.080001831055,113.410003662109,116.839996337891,2818500,92.6592712402344
"2022-05-03",117.730003356934,121.699996948242,116.25,120.870002746582,1894500,95.8552398681641
"2022-05-04",120.730003356934,125.180000305176,119.580001831055,124.580001831055,1623900,98.7974319458008
"2022-05-05",123.699996948242,124.290000915527,121.120002746582,122.339996337891,2037600,97.0210037231445
"2022-05-06",121.199996948242,122.959999084473,118.639999389648,121.419998168945,2366500,96.2914047241211
"2022-05-09",119.589996337891,120.779998779297,117.610000610352,118.190002441406,2810200,93.7298736572266
"2022-05-10",121.139999389648,125.98999786377,117.940002441406,119.069999694824,3139200,94.4277572631836
"2022-05-11",118.98999786377,120,112.779998779297,113.01000213623,3323500,89.6219177246094
"2022-05-12",112.73999786377,116.279998779297,111.169998168945,115.620002746582,2754300,91.6917572021484
"2022-05-13",117,117.680000305176,115.180000305176,116.779998779297,2662900,92.6116714477539
"2022-05-16",116.800003051758,118.129997253418,115.5,116.870002746582,1564700,92.6830673217773
"2022-05-17",118.879997253418,120.919998168945,118.180000305176,120.76000213623,1752000,95.7679977416992
"2022-05-18",119.319999694824,119.690002441406,113.160003662109,113.669998168945,2031800,90.1453170776367
"2022-05-19",112.519996643066,114.629997253418,109.910003662109,110.040000915527,2629100,87.2665786743164
"2022-05-20",111,111.199996948242,105.720001220703,108.839996337891,3296800,86.3149185180664
"2022-05-23",109.809997558594,110.459999084473,107.230003356934,107.769996643066,1842900,85.4663619995117
"2022-05-24",107.029998779297,108.129997253418,103.459999084473,107.849998474121,2605200,85.5297927856445
"2022-05-25",107.169998168945,110.269996643066,106.889999389648,109.190002441406,2324700,86.5924835205078
"2022-05-26",110,112.819999694824,110,112.029998779297,2086600,88.8447265625
"2022-05-27",112.919998168945,114.639999389648,112.410003662109,113.730003356934,1436500,90.1928939819336
"2022-05-31",113,115.290000915527,112.110000610352,114.650001525879,3700300,90.9225158691406
"2022-06-01",114.980003356934,115.290000915527,109.819999694824,111.169998168945,2685800,88.162727355957
"2022-06-02",110.75,112.330001831055,109.870002746582,112.319999694824,1531800,89.0747222900391
"2022-06-03",111.300003051758,111.610000610352,109.580001831055,109.949996948242,1392500,87.1952056884766
"2022-06-06",110.75,111.099998474121,109.110000610352,109.620002746582,1917800,86.9334869384766
"2022-06-07",108.839996337891,112.330001831055,108.559997558594,112.279998779297,2546800,89.0429840087891
"2022-06-08",109.190002441406,110.290000915527,107.620002746582,107.870002746582,1603500,86.8608016967773
"2022-06-09",107.300003051758,107.449996948242,103.839996337891,103.870002746582,2100900,83.6398468017578
"2022-06-10",102.220001220703,103.339996337891,101.220001220703,101.26000213623,2792100,81.5381851196289
"2022-06-13",98.3000030517578,98.75,95.4599990844727,97.1500015258789,3667000,78.2286758422852
"2022-06-14",97.25,98.3099975585938,95.7200012207031,96.5100021362305,2491000,77.7133255004883
"2022-06-15",97.5199966430664,98.9300003051758,95.9700012207031,97.5,2597900,78.5104904174805
"2022-06-16",95.3000030517578,95.7300033569336,93.5,94.620002746582,3000200,76.1914215087891
"2022-06-17",95.6399993896484,97.3499984741211,94.9400024414062,95.6900024414062,3631600,77.0530166625977
"2022-06-21",97.6900024414062,98.6399993896484,96.4700012207031,96.5899963378906,2221100,77.7777404785156
"2022-06-22",95.1399993896484,97.7200012207031,94.8300018310547,95.9499969482422,2730400,77.2623748779297
"2022-06-23",96.0899963378906,97.0400009155273,95.1900024414062,96.6999969482422,2372500,77.8663101196289
"2022-06-24",97.9199981689453,100.519996643066,97.4899978637695,99.620002746582,4455200,80.2176132202148
"2022-06-27",99.9400024414062,101.440002441406,98.75,100.120002746582,1783300,80.6202087402344
"2022-06-28",101.430000305176,102.480003356934,99.1399993896484,99.25,1497500,79.9196624755859
"2022-06-29",98.6999969482422,99,96.4199981689453,97.2600021362305,1866900,78.3172607421875
"2022-06-30",95,96.4300003051758,93.1999969482422,94.9199981689453,3121400,76.432991027832
"2022-07-01",94.3499984741211,95.9700012207031,93.7900009155273,95.6800003051758,1709200,77.0449752807617
"2022-07-05",95.0699996948242,97.5999984741211,93.5100021362305,97.5699996948242,1907200,78.5668716430664
"2022-07-06",97.7200012207031,98.4700012207031,96.0100021362305,96.4199981689453,1406000,77.6408386230469
"2022-07-07",97.0400009155273,98.2799987792969,96.6500015258789,97.879997253418,1378200,78.8164749145508
"2022-07-08",98,98.2200012207031,96.1800003051758,97.6900024414062,1423400,78.6634826660156
"2022-07-11",96.9800033569336,97.5100021362305,95.7300033569336,97.2200012207031,1032400,78.2850494384766
"2022-07-12",97.1999969482422,99.1399993896484,96.9800033569336,97.5999984741211,1660400,78.5910263061523
"2022-07-13",96.0199966430664,97.1500015258789,95.0400009155273,95.5599975585938,1821400,76.9483489990234
"2022-07-14",94.0100021362305,94.8899993896484,93.0599975585938,94,1692000,75.6921768188477
"2022-07-15",95.9199981689453,96.75,94.75,96.3600006103516,2034700,77.5925216674805
"2022-07-18",97.3099975585938,98.8300018310547,97.3000030517578,98.6399993896484,1727400,79.428466796875
"2022-07-19",99.9499969482422,102.559997558594,99.1399993896484,102.269996643066,1990100,82.3514785766602
"2022-07-20",101.830001831055,104.319999694824,101.540000915527,103.449996948242,2077800,83.3016510009766
"2022-07-21",102.440002441406,104.26000213623,102,104.23999786377,1552700,83.9377899169922
"2022-07-22",105.019996643066,105.379997253418,103.279998779297,103.680000305176,1627800,83.4868698120117
"2022-07-25",103.709999084473,104.629997253418,103.110000610352,104.029998779297,1172100,83.768684387207
"2022-07-26",103,103.779998779297,102.059997558594,102.580001831055,1376400,82.6011047363281
"2022-07-27",102.980003356934,104.610000610352,102.430000305176,104.120002746582,1275700,83.841178894043
"2022-07-28",104.919998168945,107.559997558594,104.779998779297,107.459999084473,1696300,86.5306549072266
"2022-07-29",107.709999084473,109.26000213623,107.459999084473,108.639999389648,2460200,87.480842590332
"2022-08-01",107.930000305176,109.199996948242,107.080001831055,108.629997253418,1650100,87.4727935791016
"2022-08-02",109.879997253418,110.959999084473,105.25,105.480003356934,2594000,84.9362869262695
"2022-08-03",106.680000305176,108.370002746582,106.589996337891,106.930000305176,2241800,86.103874206543
"2022-08-04",106.48999786377,107.410003662109,104.949996948242,105.819999694824,1416100,85.2100601196289
"2022-08-05",105.190002441406,106.620002746582,104.870002746582,106.5,1277500,85.7576370239258
"2022-08-08",107.610000610352,110.139999389648,107.610000610352,108.839996337891,1645700,87.6418838500977
"2022-08-09",108.699996948242,108.889999389648,107.099998474121,108.01000213623,1495700,86.9735260009766
"2022-08-10",110.51000213623,111.519996643066,109.709999084473,111.379997253418,1581500,89.6871643066406
"2022-08-11",112.769996643066,114.809997558594,112.699996948242,114.069999694824,1948600,91.8532485961914
"2022-08-12",114.819999694824,115.98999786377,114.139999389648,115.849998474121,1491100,93.2865982055664
"2022-08-15",115.230003356934,115.620002746582,113.099998474121,113.25,1989100,91.1929702758789
"2022-08-16",112.620002746582,115.319999694824,112.620002746582,114.519996643066,1567600,92.2156219482422
"2022-08-17",112.800003051758,113.620002746582,111.779998779297,112.839996337891,1579800,90.8628158569336
"2022-08-18",112.839996337891,113.480003356934,112.279998779297,113.330001831055,1146700,91.2573699951172
"2022-08-19",112.610000610352,112.860000610352,110.26000213623,111.01000213623,1459700,89.3892517089844
"2022-08-22",109.480003356934,110,105.940002441406,106.73999786377,1722100,85.9508743286133
"2022-08-23",107.150001525879,108.349998474121,106.730003356934,106.839996337891,1313900,86.0314025878906
"2022-08-24",106.610000610352,107.690002441406,105.919998168945,106.680000305176,1070000,85.9025650024414
"2022-08-25",107.160003662109,108.269996643066,106.889999389648,108.23999786377,1332100,87.1587448120117
"2022-08-26",108.5,108.550003051758,104.839996337891,104.849998474121,1538400,84.4289855957031
"2022-08-29",103.919998168945,105.099998474121,102.949996948242,103.650001525879,1771700,83.4627075195312
"2022-08-30",104.050003051758,105.050003051758,103.089996337891,103.790000915527,1592700,83.5754241943359
"2022-08-31",104.379997253418,104.730003356934,101.769996643066,101.980003356934,2294500,82.1179733276367
"2022-09-01",101.190002441406,101.430000305176,98.75,101.330001831055,2114600,81.5945663452148
"2022-09-02",102.919998168945,103.76000213623,100.169998168945,100.529998779297,1908300,80.9503631591797
"2022-09-06",101.349998474121,101.76000213623,98.8199996948242,101.040000915527,1839900,81.3610382080078
"2022-09-07",101.309997558594,103.48999786377,100.910003662109,103.459999084473,2056900,83.309700012207
"2022-09-08",100.699996948242,102.589996337891,99.75,102.540000915527,1868000,83.9895477294922
"2022-09-09",103.449996948242,104.099998474121,102.599998474121,103.769996643066,1441400,84.9970169067383
"2022-09-12",104.730003356934,105.819999694824,103.839996337891,105.25,1668300,86.2092819213867
"2022-09-13",102.150001525879,103.099998474121,100.040000915527,100.410003662109,2172100,82.2448959350586
"2022-09-14",99.8899993896484,100.199996948242,98.3399963378906,100.029998779297,1961600,81.9336242675781
"2022-09-15",100.540000915527,101.220001220703,99.4000015258789,99.5400009155273,2019200,81.5322647094727
"2022-09-16",99.2200012207031,99.8000030517578,97.6100006103516,99.6999969482422,2630700,81.663330078125
"2022-09-19",98.3099975585938,100.279998779297,98,100.279998779297,1288800,82.1383819580078
"2022-09-20",99.0400009155273,99.8099975585938,97.8899993896484,98.3199996948242,1525400,80.5329895019531
"2022-09-21",99.5,100.029998779297,95.6100006103516,95.6500015258789,1790000,78.3460159301758
"2022-09-22",95.5899963378906,95.7900009155273,91.7399978637695,92.1800003051758,2789000,75.5037689208984
"2022-09-23",90.7600021362305,91,88.5400009155273,90.1800003051758,3334500,73.8655853271484
"2022-09-26",89.3899993896484,89.4800033569336,86.0199966430664,87.3600006103516,3618400,71.5557479858398
"2022-09-27",88.4000015258789,89.9499969482422,87.9400024414062,89.0299987792969,2611900,72.9236450195312
"2022-09-28",90.5299987792969,92.9700012207031,89.4000015258789,92.5299987792969,2864600,75.7904739379883
"2022-09-29",91.25,91.4199981689453,88.4599990844727,89.129997253418,2924900,73.0055465698242
"2022-09-30",89.6500015258789,90.5100021362305,88.4100036621094,89.75,3000300,73.5133895874023
"2022-10-03",91.5400009155273,91.9100036621094,89.1100006103516,90.9800033569336,2247500,74.5208587646484
"2022-10-04",92.3300018310547,95.9300003051758,92.3300018310547,95.870002746582,2520100,78.5262222290039
"2022-10-05",93.2699966430664,96.1800003051758,91.8300018310547,95.7699966430664,2246500,78.4442901611328
"2022-10-06",95.2300033569336,96.3499984741211,94.1600036621094,94.6800003051758,1596100,77.5514984130859
"2022-10-07",93.4800033569336,94.3099975585938,92.0299987792969,92.5400009155273,1811700,75.7986297607422
"2022-10-10",93.4400024414062,94.0100021362305,92.0899963378906,92.5299987792969,1425700,75.7904739379883
"2022-10-11",92.7200012207031,95.9400024414062,91.3300018310547,94.8199996948242,2178100,77.6661834716797
"2022-10-12",94.5199966430664,94.75,92.7900009155273,93.6800003051758,1912200,76.7324142456055
"2022-10-13",91.8199996948242,96.629997253418,90.7699966430664,95.8300018310547,1788200,78.4934539794922
"2022-10-14",97.0199966430664,97.9899978637695,95.1399993896484,95.8600006103516,2161700,78.5180282592773
"2022-10-17",98,99.9300003051758,97.5999984741211,99.1500015258789,3178200,81.2128372192383
"2022-10-18",100.150001525879,101.069999694824,97.3300018310547,98.6600036621094,2307700,80.8114776611328
"2022-10-19",97.8899993896484,99.6500015258789,97.25,98.0299987792969,2128000,80.2954483032227
"2022-10-20",98.8399963378906,100.940002441406,98.1999969482422,98.3099975585938,2096500,80.5247955322266
"2022-10-21",98.120002746582,101.069999694824,97.2799987792969,101.040000915527,2364600,82.7609176635742
"2022-10-24",101.559997558594,102.860000610352,100.029998779297,102.389999389648,1470400,83.8666839599609
"2022-10-25",102.76000213623,106.269996643066,102.550003051758,105.839996337891,2379000,86.6925506591797
"2022-10-26",105.73999786377,106.699996948242,105.120002746582,105.529998779297,1650200,86.4386291503906
"2022-10-27",106.900001525879,107.720001220703,106.190002441406,106.389999389648,1463800,87.1430511474609
"2022-10-28",105.940002441406,109.110000610352,105.559997558594,108.959999084473,1454000,89.2481002807617
"2022-10-31",107.860000610352,109.559997558594,107.370002746582,108.980003356934,2144100,89.2644958496094
"2022-11-01",110,114.519996643066,109.459999084473,113.839996337891,2451000,93.2452697753906
"2022-11-02",113.419998168945,115.349998474121,111.480003356934,111.610000610352,3161100,91.4186935424805
"2022-11-03",110.190002441406,113.400001525879,108.809997558594,112.580001831055,1563000,92.2132339477539
"2022-11-04",114.150001525879,115.809997558594,112.620002746582,115.569999694824,1588700,94.6623001098633
"2022-11-07",116.5,117.150001525879,114.769996643066,116.870002746582,1522100,95.7271118164062
"2022-11-08",116.860000610352,117.470001220703,114.639999389648,115.419998168945,1848600,94.5394287109375
"2022-11-09",114.599998474121,116.059997558594,112.559997558594,112.919998168945,1740100,92.49169921875
"2022-11-10",117.730003356934,121.290000915527,117.480003356934,120.040000915527,2990900,98.3236312866211
"2022-11-11",120.110000610352,121.980003356934,119.930000305176,120.199996948242,1999000,98.4546813964844
"2022-11-14",118.949996948242,119.569999694824,117.51000213623,117.529998779297,1551600,96.2677307128906
"2022-11-15",119.51000213623,120.930000305176,118.459999084473,120.160003662109,1692200,98.4219284057617
"2022-11-16",118.98999786377,119.059997558594,115.519996643066,115.589996337891,1832500,94.6786880493164
"2022-11-17",113.980003356934,115.870002746582,113.459999084473,115.790000915527,1817200,94.8424987792969
"2022-11-18",118,118.480003356934,116.75,117.900001525879,1507700,96.5707855224609
"2022-11-21",117.139999389648,118.139999389648,116.059997558594,117.180000305176,1315200,95.9810409545898
"2022-11-22",117.930000305176,119.660003662109,117.470001220703,119.379997253418,1541600,97.7830352783203
"2022-11-23",119,120.180000305176,118.389999389648,119.610000610352,1116000,97.9714508056641
"2022-11-25",119.970001220703,120.699996948242,119.709999084473,120.699996948242,548200,98.8642349243164
"2022-11-28",119.800003051758,120.110000610352,115.5,115.76000213623,1735800,94.8179244995117
"2022-11-29",116.120002746582,117.669998168945,115.529998779297,117.459999084473,1765200,96.2103958129883
"2022-11-30",117.339996337891,119.690002441406,116.430000305176,119.440002441406,2503100,97.8321838378906
"2022-12-01",120.180000305176,120.800003051758,117.75,119.01000213623,1848600,97.4799652099609
"2022-12-02",117.610000610352,120.029998779297,117.5,119.339996337891,1738100,97.7502670288086
"2022-12-05",118.480003356934,119.360000610352,117.379997253418,117.690002441406,1455800,96.3987655639648
"2022-12-06",118.150001525879,119.050003051758,116.709999084473,118.26000213623,2218400,96.8656616210938
"2022-12-07",117.610000610352,120.349998474121,117.26000213623,119.050003051758,2318300,97.5127258300781
"2022-12-08",118.470001220703,118.650001525879,116.550003051758,117.120002746582,1976400,97.4046173095703
"2022-12-09",116.800003051758,117.559997558594,116.099998474121,116.75,1162600,97.0969009399414
"2022-12-12",116.75,118.730003356934,115.550003051758,118.620002746582,1698000,98.6521224975586
"2022-12-13",120.459999084473,121.949996948242,118.669998168945,120.23999786377,2386400,99.9994125366211
"2022-12-14",120.379997253418,121.809997558594,118.980003356934,119.709999084473,1779900,99.5586395263672
"2022-12-15",118.309997558594,118.809997558594,116.830001831055,118.209999084473,1928300,98.3111190795898
"2022-12-16",116.080001831055,116.919998168945,114.849998474121,116.319999694824,3919600,96.7392883300781
"2022-12-19",116.169998168945,116.830001831055,114.190002441406,115.620002746582,1368100,96.1571273803711
"2022-12-20",115,116.01000213623,113.800003051758,115.660003662109,1146300,96.1903915405273
"2022-12-21",117,118.099998474121,116.269996643066,116.550003051758,1335300,96.9305725097656
"2022-12-22",115.480003356934,116.440002441406,114.050003051758,116.360000610352,1081600,96.7725524902344
"2022-12-23",116.180000305176,117.949996948242,115.650001525879,117.910003662109,680200,98.0616455078125
"2022-12-27",118.059997558594,118.529998779297,117.139999389648,118.099998474121,1234200,98.2196578979492
"2022-12-28",118.339996337891,118.889999389648,114.830001831055,115.059997558594,983700,95.6913833618164
"2022-12-29",115.949996948242,117.660003662109,115.330001831055,117.319999694824,972800,97.5709686279297
"2022-12-30",116.559997558594,117.860000610352,115.720001220703,117.480003356934,1265300,97.7040328979492
