"Date","TSLA.Open","TSLA.High","TSLA.Low","TSLA.Close","TSLA.Volume","TSLA.Adjusted"
"2019-01-02",20.4066677093506,21.0086669921875,19.9200000762939,20.6746673583984,174879000,20.6746673583984
"2019-01-03",20.466667175293,20.6266670227051,19.8253326416016,20.0240001678467,104478000,20.0240001678467
"2019-01-04",20.3999996185303,21.2000007629395,20.181999206543,21.1793327331543,110911500,21.1793327331543
"2019-01-07",21.4479999542236,22.449333190918,21.1833324432373,22.3306674957275,113268000,22.3306674957275
"2019-01-08",22.7973327636719,22.9340000152588,21.8013324737549,22.3566665649414,105127500,22.3566665649414
"2019-01-09",22.3666667938232,22.8999996185303,22.0979995727539,22.5686664581299,81493500,22.5686664581299
"2019-01-10",22.2933330535889,23.0259990692139,22.1193332672119,22.9979991912842,90846000,22.9979991912842
"2019-01-11",22.8059997558594,23.2273330688477,22.5846672058105,23.1506671905518,75586500,23.1506671905518
"2019-01-14",22.8253326416016,22.8333320617676,22.2666664123535,22.2933330535889,78709500,22.2933330535889
"2019-01-15",22.3333320617676,23.2533321380615,22.2999992370605,22.9619998931885,90849000,22.9619998931885
"2019-01-16",22.9853324890137,23.466667175293,22.8999996185303,23.0699996948242,70375500,23.0699996948242
"2019-01-17",23.0806674957275,23.4333324432373,22.9433326721191,23.1539993286133,55150500,23.1539993286133
"2019-01-18",21.533332824707,21.808666229248,19.9820003509521,20.1506671905518,362262000,20.1506671905518
"2019-01-22",20.3213329315186,20.533332824707,19.7000007629395,19.92799949646,181000500,19.92799949646
"2019-01-23",19.5,19.6333332061768,18.779333114624,19.1726665496826,187950000,19.1726665496826
"2019-01-24",18.8686676025391,19.5786666870117,18.6186676025391,19.4340000152588,120183000,19.4340000152588
"2019-01-25",19.6259994506836,19.9013328552246,19.3033332824707,19.8026676177979,108744000,19.8026676177979
"2019-01-28",19.5273323059082,19.8306674957275,19.1833324432373,19.7586669921875,96349500,19.7586669921875
"2019-01-29",19.6846675872803,19.9039993286133,19.453332901001,19.8306674957275,69325500,19.8306674957275
"2019-01-30",20.0300006866455,20.6000003814697,19.8993320465088,20.5846672058105,168754500,20.5846672058105
"2019-01-31",20.0666675567627,20.7706661224365,19.6000003814697,20.4680004119873,188538000,20.4680004119873
"2019-02-01",20.3613338470459,21.0733337402344,20.2333335876465,20.8139991760254,109251000,20.8139991760254
"2019-02-04",20.8653335571289,21.0200004577637,20.1253337860107,20.8593330383301,110281500,20.8593330383301
"2019-02-05",20.8326663970947,21.496000289917,20.8166675567627,21.4233322143555,101142000,21.4233322143555
"2019-02-06",21.3059997558594,21.6159992218018,21.041332244873,21.1480007171631,75577500,21.1480007171631
"2019-02-07",20.8866672515869,20.9799995422363,20.2000007629395,20.5006675720215,97809000,20.5006675720215
"2019-02-08",20.4553337097168,20.4966678619385,19.8999996185303,20.3866672515869,87663000,20.3866672515869
"2019-02-11",20.7733325958252,21.2399997711182,20.7000007629395,20.8560009002686,106945500,20.8560009002686
"2019-02-12",21.0799999237061,21.21266746521,20.6413326263428,20.78733253479,82764000,20.78733253479
"2019-02-13",20.8233337402344,20.8500003814697,20.3713321685791,20.5446662902832,77124000,20.5446662902832
"2019-02-14",20.2253322601318,20.4513320922852,20.0666675567627,20.2513332366943,78012000,20.2513332366943
"2019-02-15",20.2999992370605,20.533332824707,20.2600002288818,20.525333404541,58573500,20.525333404541
"2019-02-19",20.4373321533203,20.7693328857422,20.3646678924561,20.3759994506836,62526000,20.3759994506836
"2019-02-20",20.2940006256104,20.4200000762939,19.9333324432373,20.1706676483154,107131500,20.1706676483154
"2019-02-21",20.1206665039062,20.2159996032715,19.3666667938232,19.4153327941895,133638000,19.4153327941895
"2019-02-22",19.6326675415039,19.7666664123535,19.4733333587646,19.6473331451416,86109000,19.6473331451416
"2019-02-25",19.8606662750244,20.1933326721191,19.7999992370605,19.9179992675781,99397500,19.9179992675781
"2019-02-26",19.4813327789307,20.1340007781982,19.2513332366943,19.8573322296143,128737500,19.8573322296143
"2019-02-27",20.1186676025391,21.0866661071777,20.0366668701172,20.9826679229736,167758500,20.9826679229736
"2019-02-28",21.2613334655762,21.3333320617676,20.720666885376,21.3253326416016,157810500,21.3253326416016
"2019-03-01",20.46266746521,20.4753322601318,19.4599990844727,19.6526660919189,343671000,19.6526660919189
"2019-03-04",19.8746662139893,19.9333324432373,18.8519992828369,19.0240001678467,256452000,19.0240001678467
"2019-03-05",18.7999992370605,18.9333324432373,18.0066661834717,18.4360008239746,281470500,18.4360008239746
"2019-03-06",18.431999206543,18.7673320770264,18.292667388916,18.4160003662109,155032500,18.4160003662109
"2019-03-07",18.5893325805664,18.9799995422363,18.283332824707,18.4393329620361,141637500,18.4393329620361
"2019-03-08",18.4606666564941,19.0393333435059,18.3926677703857,18.9426670074463,132294000,18.9426670074463
"2019-03-11",18.9013328552246,19.4186668395996,18.7000007629395,19.3946666717529,110884500,19.3946666717529
"2019-03-12",19.0993328094482,19.2046661376953,18.7373332977295,18.8906669616699,112561500,18.8906669616699
"2019-03-13",18.9266662597656,19.4659996032715,18.8466663360596,19.2639999389648,102670500,19.2639999389648
"2019-03-14",19.4966678619385,19.6926670074463,19.2193336486816,19.3306674957275,106551000,19.3306674957275
"2019-03-15",18.9006671905518,18.9146671295166,18.2933330535889,18.3619995117188,221782500,18.3619995117188
"2019-03-18",18.3999996185303,18.5366668701172,17.8199996948242,17.9659996032715,154215000,17.9659996032715
"2019-03-19",17.8333320617676,18.2199993133545,17.5639991760254,17.8313331604004,177009000,17.8313331604004
"2019-03-20",17.9793338775635,18.3313331604004,17.7533321380615,18.2399997711182,103623000,18.2399997711182
"2019-03-21",18.1733322143555,18.4300003051758,17.8966674804688,18.2679996490479,89206500,18.2679996490479
"2019-03-22",18.1720008850098,18.1866664886475,17.6000003814697,17.6353321075439,131184000,17.6353321075439
"2019-03-25",17.3139991760254,17.5453338623047,16.9640007019043,17.3613338470459,153225000,17.3613338470459
"2019-03-26",17.6293334960938,18.0173320770264,17.6286678314209,17.8513336181641,110263500,17.8513336181641
"2019-03-27",17.9166679382324,18.3579998016357,17.8786678314209,18.32200050354,131688000,18.32200050354
"2019-03-28",18.4773330688477,18.6886672973633,18.3400001525879,18.5746669769287,101611500,18.5746669769287
"2019-03-29",18.5799999237061,18.6773338317871,18.2999992370605,18.6573333740234,89869500,18.6573333740234
"2019-04-01",18.8413333892822,19.2800006866455,18.7520008087158,19.2786674499512,121656000,19.2786674499512
"2019-04-02",19.2199993133545,19.2959995269775,18.9253330230713,19.058666229248,82183500,19.058666229248
"2019-04-03",19.1546669006348,19.7446670532227,19.1446666717529,19.4540004730225,118791000,19.4540004730225
"2019-04-04",17.4593334197998,18.0799999237061,17.3726673126221,17.8519992828369,355810500,17.8519992828369
"2019-04-05",17.9906673431396,18.4066677093506,17.7406673431396,18.3306674957275,195574500,18.3306674957275
"2019-04-08",18.5126667022705,18.7439994812012,18.029333114624,18.2133331298828,156156000,18.2133331298828
"2019-04-09",18.1100006103516,18.3333320617676,17.9740009307861,18.1539993286133,88560000,18.1539993286133
"2019-04-10",18.449333190918,18.558666229248,18.1926670074463,18.4039993286133,105919500,18.4039993286133
"2019-04-11",17.8866672515869,18.033332824707,17.7066669464111,17.8946666717529,147538500,17.8946666717529
"2019-04-12",18.0146675109863,18.1299991607666,17.788667678833,17.8466663360596,101190000,17.8466663360596
"2019-04-15",17.9086666107178,17.9253330230713,17.242000579834,17.7586669921875,150579000,17.7586669921875
"2019-04-16",17.716667175293,18.3333320617676,17.6480007171631,18.2240009307861,109093500,18.2240009307861
"2019-04-17",18.3166675567627,18.3193321228027,17.9026660919189,18.0820007324219,76897500,18.0820007324219
"2019-04-18",18.0820007324219,18.3226661682129,17.9833335876465,18.2173328399658,88144500,18.2173328399658
"2019-04-22",17.9333324432373,17.978666305542,17.4986667633057,17.5166664123535,182206500,17.5166664123535
"2019-04-23",17.3433322906494,17.7066669464111,17.0499992370605,17.5933322906494,164158500,17.5933322906494
"2019-04-24",17.5900001525879,17.6879997253418,17.2000007629395,17.2439994812012,160912500,17.2439994812012
"2019-04-25",17,17.2666664123535,16.4046669006348,16.5086669921875,327741000,16.5086669921875
"2019-04-26",16.4333324432373,16.445333480835,15.4086666107178,15.6759996414185,335410500,15.6759996414185
"2019-04-29",15.7239999771118,16.2653331756592,15.4779996871948,16.0979995727539,250717500,16.0979995727539
"2019-04-30",16.1373329162598,16.2806663513184,15.8000001907349,15.9126672744751,141969000,15.9126672744751
"2019-05-01",15.9233331680298,16,15.4333333969116,15.6006669998169,160566000,15.6006669998169
"2019-05-02",16.3680000305176,16.4753322601318,15.8479995727539,16.2733325958252,272389500,16.2733325958252
"2019-05-03",16.2573337554932,17.1073322296143,16.2326679229736,17.0020008087158,355602000,17.0020008087158
"2019-05-06",16.6679992675781,17.2233333587646,16.5666675567627,17.0226669311523,162508500,17.0226669311523
"2019-05-07",17.1200008392334,17.1473331451416,16.3400001525879,16.470666885376,151971000,16.470666885376
"2019-05-08",16.46266746521,16.7066669464111,16.2800006866455,16.3226661682129,92646000,16.3226661682129
"2019-05-09",16.1333332061768,16.2453327178955,15.7959995269775,16.1319999694824,100671000,16.1319999694824
"2019-05-10",15.9833326339722,16.1326675415039,15.7346668243408,15.9680004119873,105124500,15.9680004119873
"2019-05-13",15.4673328399658,15.4980001449585,14.966667175293,15.1339998245239,162522000,15.1339998245239
"2019-05-14",15.2866668701172,15.6333332061768,15.1999998092651,15.4873332977295,108786000,15.4873332977295
"2019-05-15",15.2880001068115,15.496000289917,15.0166673660278,15.4633331298828,109440000,15.4633331298828
"2019-05-16",15.2993326187134,15.3999996185303,15.1000003814697,15.2220001220703,112249500,15.2220001220703
"2019-05-17",14.7973327636719,14.8159999847412,13.9280004501343,14.0686674118042,266800500,14.0686674118042
"2019-05-20",13.5200004577637,13.7333326339722,13.0166673660278,13.6906671524048,307893000,13.6906671524048
"2019-05-21",13.1840000152588,13.8266668319702,13.0693330764771,13.6719999313354,270058500,13.6719999313354
"2019-05-22",13.2733325958252,13.5959997177124,12.7853326797485,12.8486671447754,280278000,12.8486671447754
"2019-05-23",12.956000328064,13.2980003356934,12.4146671295166,13.0326671600342,398206500,13.0326671600342
"2019-05-24",13.3219995498657,13.3319997787476,12.5833330154419,12.7086668014526,212049000,12.7086668014526
"2019-05-28",12.7466669082642,13,12.5233325958252,12.5799999237061,154693500,12.5799999237061
"2019-05-29",12.4733333587646,12.826000213623,12.3360004425049,12.6573333740234,179529000,12.6573333740234
"2019-05-30",12.5833330154419,12.8173332214355,12.4680004119873,12.5480003356934,118897500,12.5480003356934
"2019-05-31",12.3400001525879,12.6613330841064,12.2733325958252,12.3439998626709,156100500,12.3439998626709
"2019-06-03",12.3673334121704,12.4453325271606,11.7993326187134,11.9313325881958,195966000,11.9313325881958
"2019-06-04",12.0733327865601,12.9320001602173,11.9739999771118,12.9066667556763,207112500,12.9066667556763
"2019-06-05",13.2453327178955,13.4186668395996,12.789999961853,13.1059999465942,202662000,13.1059999465942
"2019-06-06",13.6293325424194,14.0666666030884,13.453332901001,13.7299995422363,303633000,13.7299995422363
"2019-06-07",13.6666669845581,14.0559997558594,13.5666666030884,13.6333332061768,240052500,13.6333332061768
"2019-06-10",14.0166673660278,14.46266746521,13.9340000152588,14.1920003890991,158775000,14.1920003890991
"2019-06-11",14.6093330383301,14.7266674041748,14.2333326339722,14.4733333587646,174802500,14.4733333587646
"2019-06-12",14.8633327484131,14.8920001983643,13.9333333969116,13.9506673812866,227962500,13.9506673812866
"2019-06-13",14.025333404541,14.3266668319702,13.8339996337891,14.260666847229,122524500,14.260666847229
"2019-06-14",14.0833330154419,14.4433326721191,14.0266666412354,14.3280000686646,111501000,14.3280000686646
"2019-06-17",14.3653326034546,15.1333332061768,14.2846670150757,15.0019998550415,184752000,15.0019998550415
"2019-06-18",15.2480001449585,15.6493330001831,14.8373327255249,14.9826669692993,190737000,14.9826669692993
"2019-06-19",15.0073328018188,15.184666633606,14.7373332977295,15.0953330993652,98626500,15.0953330993652
"2019-06-20",14.8666667938232,15.1266670227051,14.4233331680298,14.6413326263428,177952500,14.6413326263428
"2019-06-21",14.4146671295166,14.8120002746582,14.3666667938232,14.7906665802002,123031500,14.7906665802002
"2019-06-24",14.8826665878296,15.0573329925537,14.7346668243408,14.9093332290649,86262000,14.9093332290649
"2019-06-25",14.9593334197998,15.0226669311523,14.6326665878296,14.6506671905518,92731500,14.6506671905518
"2019-06-26",14.6873331069946,15.1486673355103,14.539999961853,14.6180000305176,127608000,14.6180000305176
"2019-06-27",14.6300001144409,14.8599996566772,14.4899997711182,14.8559999465942,95095500,14.8559999465942
"2019-06-28",14.7326669692993,15.0113334655762,14.7200002670288,14.8973331451416,102771000,14.8973331451416
"2019-07-01",15.3473329544067,15.539999961853,15.0853328704834,15.1446666717529,123201000,15.1446666717529
"2019-07-02",15.2593326568604,15.2766666412354,14.8146667480469,14.9700002670288,138885000,14.9700002670288
"2019-07-03",15.9593334197998,16.1046676635742,15.6339998245239,15.6599998474121,213016500,15.6599998474121
"2019-07-05",15.6379995346069,15.6966667175293,15.3866672515869,15.539999961853,105985500,15.539999961853
"2019-07-08",15.4160003662109,15.4833326339722,15.2440004348755,15.3559999465942,88207500,15.3559999465942
"2019-07-09",15.264666557312,15.3999996185303,15.1520004272461,15.3373327255249,92862000,15.3373327255249
"2019-07-10",15.6099996566772,15.9293327331543,15.542667388916,15.9280004501343,137185500,15.9280004501343
"2019-07-11",15.8760004043579,16.1000003814697,15.7200002670288,15.9066667556763,112716000,15.9066667556763
"2019-07-12",15.9833326339722,16.3586673736572,15.9806671142578,16.3386669158936,138007500,16.3386669158936
"2019-07-15",16.533332824707,16.961332321167,16.3239994049072,16.8999996185303,165001500,16.8999996185303
"2019-07-16",16.6200008392334,16.9020004272461,16.5286674499512,16.8253326416016,122235000,16.8253326416016
"2019-07-17",17.0446662902832,17.220666885376,16.8899993896484,16.9906673431396,146470500,16.9906673431396
"2019-07-18",17.0033321380615,17.0499992370605,16.792667388916,16.9026660919189,71379000,16.9026660919189
"2019-07-19",17.0459995269775,17.3306674957275,16.974666595459,17.2119998931885,105726000,17.2119998931885
"2019-07-22",17.25,17.4766674041748,16.9459991455078,17.0453338623047,102636000,17.0453338623047
"2019-07-23",17.1140003204346,17.3653335571289,16.966667175293,17.3446674346924,75346500,17.3446674346924
"2019-07-24",17.2779998779297,17.738000869751,17.2106666564941,17.6586666107178,166092000,17.6586666107178
"2019-07-25",15.5666666030884,15.6333332061768,15.0366668701172,15.2546672821045,336274500,15.2546672821045
"2019-07-26",15.1280002593994,15.3506669998169,14.8166666030884,15.2026672363281,150415500,15.2026672363281
"2019-07-29",15.1393327713013,15.7293329238892,15.0686674118042,15.7180004119873,139099500,15.7180004119873
"2019-07-30",15.5266666412354,16.2240009307861,15.4786672592163,16.1506671905518,121635000,16.1506671905518
"2019-07-31",16.2000007629395,16.445333480835,15.7766666412354,16.1073322296143,137673000,16.1073322296143
"2019-08-01",16.1766662597656,16.300666809082,15.4513330459595,15.5900001525879,123892500,15.5900001525879
"2019-08-02",15.4233331680298,15.7513332366943,15.2819995880127,15.6226673126221,92047500,15.6226673126221
"2019-08-05",15.3066673278809,15.4246673583984,15.0520000457764,15.2213325500488,105424500,15.2213325500488
"2019-08-06",15.4586668014526,15.5,15.0500001907349,15.3833332061768,83463000,15.3833332061768
"2019-08-07",15.1000003814697,15.5713329315186,15.0533332824707,15.5613327026367,71647500,15.5613327026367
"2019-08-08",15.6300001144409,15.9866666793823,15.5100002288818,15.8866672515869,79114500,15.8866672515869
"2019-08-09",15.7366666793823,15.9306669235229,15.5873327255249,15.667332649231,58473000,15.667332649231
"2019-08-12",15.5326671600342,15.7180004119873,15.25,15.2673330307007,69958500,15.2673330307007
"2019-08-13",15.253999710083,15.7333326339722,15.1700000762939,15.6666669845581,72721500,15.6666669845581
"2019-08-14",15.4139995574951,15.4333333969116,14.4460000991821,14.6413326263428,143439000,14.6413326263428
"2019-08-15",14.7239999771118,14.7706670761108,14.1033334732056,14.3760004043579,122394000,14.3760004043579
"2019-08-16",14.4440002441406,14.8159999847412,14.4013328552246,14.6626672744751,76477500,14.6626672744751
"2019-08-19",14.9473333358765,15.1886672973633,14.7799997329712,15.1219997406006,79644000,15.1219997406006
"2019-08-20",15.1746673583984,15.2726669311523,14.9693326950073,15.0573329925537,61878000,15.0573329925537
"2019-08-21",14.800666809082,14.8813333511353,14.506667137146,14.7220001220703,116914500,14.7220001220703
"2019-08-22",14.8533334732056,15.0266666412354,14.5480003356934,14.8100004196167,98385000,14.8100004196167
"2019-08-23",14.6646671295166,14.7446670532227,14.0666666030884,14.0933332443237,128079000,14.0933332443237
"2019-08-26",14.2399997711182,14.3346672058105,14.1026668548584,14.3333330154419,75778500,14.3333330154419
"2019-08-27",14.3826665878296,14.5866670608521,14.1353330612183,14.2720003128052,81243000,14.2720003128052
"2019-08-28",14.246000289917,14.4833326339722,14.1540002822876,14.3726673126221,48382500,14.3726673126221
"2019-08-29",14.6000003814697,14.8933334350586,14.533332824707,14.7806673049927,77692500,14.7806673049927
"2019-08-30",15.2766666412354,15.496000289917,14.9473333358765,15.0406665802002,139809000,15.0406665802002
"2019-09-03",14.9386672973633,15.2633333206177,14.8773326873779,15.0006666183472,80311500,15.0006666183472
"2019-09-04",15.1260004043579,15.2306671142578,14.6140003204346,14.7119998931885,86415000,14.7119998931885
"2019-09-05",14.8333330154419,15.3199996948242,14.7233333587646,15.3053331375122,110929500,15.3053331375122
"2019-09-06",15.1466665267944,15.3093328475952,15.0113334655762,15.1633329391479,62841000,15.1633329391479
"2019-09-09",15.3333330154419,15.5839996337891,15.2819995880127,15.4526672363281,72040500,15.4526672363281
"2019-09-10",15.3866672515869,15.7026672363281,15.2626667022705,15.7026672363281,73255500,15.7026672363281
"2019-09-11",15.8253326416016,16.5446662902832,15.7333326339722,16.4733333587646,150642000,16.4733333587646
"2019-09-12",16.5133323669434,16.8999996185303,16.2933330535889,16.3913326263428,128718000,16.3913326263428
"2019-09-13",16.4640007019043,16.5633335113525,16.3246669769287,16.3466663360596,79696500,16.3466663360596
"2019-09-16",16.3999996185303,16.4953327178955,16.0779991149902,16.1873321533203,70921500,16.1873321533203
"2019-09-17",16.1646671295166,16.3733329772949,16.0246677398682,16.3193321228027,57981000,16.3193321228027
"2019-09-18",16.3333320617676,16.5446662902832,16.1580009460449,16.2326679229736,62553000,16.2326679229736
"2019-09-19",16.3999996185303,16.529333114624,16.3226661682129,16.4400005340576,71937000,16.4400005340576
"2019-09-20",16.4326667785645,16.4633331298828,15.8773326873779,16.041332244873,95295000,16.041332244873
"2019-09-23",16,16.3453330993652,15.9479999542236,16.0820007324219,65103000,16.0820007324219
"2019-09-24",16.1013336181641,16.1326675415039,14.8406667709351,14.8806667327881,193372500,14.8806667327881
"2019-09-25",14.970666885376,15.2653331756592,14.5573329925537,15.2466669082642,141406500,15.2466669082642
"2019-09-26",15.3773326873779,16.220666885376,15.1599998474121,16.1706676483154,178267500,16.1706676483154
"2019-09-27",16.1466674804688,16.5806674957275,15.9153327941895,16.1420001983643,166746000,16.1420001983643
"2019-09-30",16.2000007629395,16.2653331756592,15.7406673431396,16.0580005645752,88197000,16.0580005645752
"2019-10-01",16.1000003814697,16.3966674804688,15.9420003890991,16.3126678466797,92439000,16.3126678466797
"2019-10-02",16.2193336486816,16.3099994659424,15.9619998931885,16.208667755127,84471000,16.208667755127
"2019-10-03",15.457332611084,15.6319999694824,14.9519996643066,15.5353326797485,226267500,15.5353326797485
"2019-10-04",15.4406671524048,15.6520004272461,15.2046670913696,15.4286670684814,119925000,15.4286670684814
"2019-10-07",15.3199996948242,15.9040002822876,15.2366666793823,15.8479995727539,120963000,15.8479995727539
"2019-10-08",15.724666595459,16.2626667022705,15.6333332061768,16.0033321380615,130173000,16.0033321380615
"2019-10-09",16.0879993438721,16.4866676330566,16.0433330535889,16.3020000457764,103416000,16.3020000457764
"2019-10-10",16.3519992828369,16.6186676025391,16.1053333282471,16.3159999847412,94249500,16.3159999847412
"2019-10-11",16.4766674041748,16.7386665344238,16.4540004730225,16.5259990692139,127131000,16.5259990692139
"2019-10-14",16.5266666412354,17.2366676330566,16.4753322601318,17.1306667327881,153075000,17.1306667327881
"2019-10-15",17.1800003051758,17.3333320617676,16.941333770752,17.1926670074463,96492000,17.1926670074463
"2019-10-16",17.1593322753906,17.4733333587646,17.1280002593994,17.3166675567627,100261500,17.3166675567627
"2019-10-17",17.5,17.6520004272461,17.3446674346924,17.4646663665771,71539500,17.4646663665771
"2019-10-18",17.3799991607666,17.5200004577637,17.0066661834717,17.1299991607666,86247000,17.1299991607666
"2019-10-21",17.2220001220703,17.2999992370605,16.6786670684814,16.8999996185303,75304500,16.8999996185303
"2019-10-22",16.9546661376953,17.2220001220703,16.7233333587646,17.038667678833,69012000,17.038667678833
"2019-10-23",16.966667175293,17.076000213623,16.7566661834717,16.978666305542,78916500,16.978666305542
"2019-10-24",19.8913326263428,20.3286666870117,19.2800006866455,19.978666305542,445813500,19.978666305542
"2019-10-25",19.8479995727539,22,19.7406673431396,21.8753337860107,450091500,21.8753337860107
"2019-10-28",21.8360004425049,22.7226676940918,21.5066661834717,21.8473339080811,283054500,21.8473339080811
"2019-10-29",21.3326663970947,21.6200008392334,20.9833335876465,21.0813331604004,190264500,21.0813331604004
"2019-10-30",20.8666667938232,21.2526664733887,20.6646671295166,21.0006675720215,144627000,21.0006675720215
"2019-10-31",20.8733329772949,21.2666664123535,20.8666667938232,20.9946670532227,76005000,20.9946670532227
"2019-11-01",21.0879993438721,21.0986671447754,20.6533336639404,20.8873329162598,95758500,20.8873329162598
"2019-11-04",20.9866676330566,21.46266746521,20.6173324584961,21.1646671295166,131805000,21.1646671295166
"2019-11-05",21.3080005645752,21.5673332214355,21.0746669769287,21.1480007171631,104151000,21.1480007171631
"2019-11-06",21.2000007629395,21.7813339233398,20.966667175293,21.7719993591309,119113500,21.7719993591309
"2019-11-07",21.9426670074463,22.7666664123535,21.8680000305176,22.3693332672119,217009500,22.3693332672119
"2019-11-08",22.2999992370605,22.4973335266113,22.1666679382324,22.4759998321533,91038000,22.4759998321533
"2019-11-11",22.9300003051758,23.279333114624,22.7999992370605,23.0060005187988,149800500,23.0060005187988
"2019-11-12",23.1266670227051,23.3579998016357,22.9360008239746,23.3286666870117,110391000,23.3286666870117
"2019-11-13",23.6666679382324,23.7553329467773,23.011999130249,23.0739994049072,126301500,23.0739994049072
"2019-11-14",23.0739994049072,23.5893325805664,22.8606662750244,23.2900009155273,96973500,23.2900009155273
"2019-11-15",23.3759994506836,23.5200004577637,23.2240009307861,23.4780006408691,72135000,23.4780006408691
"2019-11-18",23.5279998779297,23.5433330535889,23.0733337402344,23.3326663970947,66006000,23.3326663970947
"2019-11-19",23.4500007629395,23.9993324279785,23.1866664886475,23.9680004119873,115872000,23.9680004119873
"2019-11-20",24,24.0799999237061,23.304666519165,23.4813327789307,100876500,23.4813327789307
"2019-11-21",23.6340007781982,24.0559997558594,23.6000003814697,23.6553325653076,91650000,23.6553325653076
"2019-11-22",22.6773338317871,22.7333335876465,22,22.2026672363281,253059000,22.2026672363281
"2019-11-25",22.9546661376953,22.9713325500488,22.2973327636719,22.4226665496826,185092500,22.4226665496826
"2019-11-26",22.3513336181641,22.3666667938232,21.8066673278809,21.92799949646,119211000,21.92799949646
"2019-11-27",22.0746669769287,22.261999130249,21.9046669006348,22.0860004425049,83334000,22.0860004425049
"2019-11-29",22.0739994049072,22.0839996337891,21.8333320617676,21.996000289917,36984000,21.996000289917
"2019-12-02",21.9599990844727,22.4253330230713,21.9126663208008,22.3246669769287,91117500,22.3246669769287
"2019-12-03",22.1746673583984,22.5273323059082,22.1459999084473,22.4133338928223,98605500,22.4133338928223
"2019-12-04",22.5166664123535,22.5240001678467,22.1900005340576,22.2019996643066,82995000,22.2019996643066
"2019-12-05",22.1886672973633,22.2946662902832,21.8166675567627,22.0246677398682,55869000,22.0246677398682
"2019-12-06",22.3333320617676,22.5906677246094,22.318000793457,22.3926677703857,114186000,22.3926677703857
"2019-12-09",22.4393329620361,22.9633331298828,22.3386669158936,22.6353321075439,135346500,22.6353321075439
"2019-12-10",22.6639995574951,23.3819999694824,22.6206665039062,23.2560005187988,132424500,23.2560005187988
"2019-12-11",23.458667755127,23.8126678466797,23.4060001373291,23.5133323669434,103467000,23.5133323669434
"2019-12-12",23.6613330841064,24.1826667785645,23.5486679077148,23.978666305542,116458500,23.978666305542
"2019-12-13",24.0699996948242,24.3473339080811,23.6426677703857,23.8926677703857,98563500,23.8926677703857
"2019-12-16",24.1700000762939,25.5739994049072,24.1666679382324,25.4333324432373,272613000,25.4333324432373
"2019-12-17",25.2660007476807,25.7000007629395,25.0599994659424,25.2660007476807,127452000,25.2660007476807
"2019-12-18",25.3753337860107,26.3479995727539,25.3719997406006,26.2099990844727,211815000,26.2099990844727
"2019-12-19",26.488000869751,27.1233329772949,26.4333324432373,26.9360008239746,271606500,26.9360008239746
"2019-12-20",27.3526668548584,27.533332824707,26.6793327331543,27.0393333435059,221290500,27.0393333435059
"2019-12-23",27.4519996643066,28.1340007781982,27.3333320617676,27.9479999542236,199794000,27.9479999542236
"2019-12-24",27.8906669616699,28.3646678924561,27.5126667022705,28.3500003814697,120820500,28.3500003814697
"2019-12-26",28.5273323059082,28.8986663818359,28.4233322143555,28.7293338775635,159508500,28.7293338775635
"2019-12-27",29,29.0206661224365,28.4073333740234,28.6919994354248,149185500,28.6919994354248
"2019-12-30",28.5860004425049,28.6000003814697,27.2840003967285,27.6466674804688,188796000,27.6466674804688
"2019-12-31",27,28.0860004425049,26.8053321838379,27.8886661529541,154285500,27.8886661529541
"2020-01-02",28.2999992370605,28.7133331298828,28.1140003204346,28.6840000152588,142981500,28.6840000152588
"2020-01-03",29.3666667938232,30.2666664123535,29.1280002593994,29.5340003967285,266677500,29.5340003967285
"2020-01-06",29.3646678924561,30.1040000915527,29.3333320617676,30.1026668548584,151995000,30.1026668548584
"2020-01-07",30.7600002288818,31.4419994354248,30.2240009307861,31.2706661224365,268231500,31.2706661224365
"2020-01-08",31.5799999237061,33.232666015625,31.2153339385986,32.8093338012695,467164500,32.8093338012695
"2020-01-09",33.1399993896484,33.2533340454102,31.5246677398682,32.0893325805664,426606000,32.0893325805664
"2020-01-10",32.1193313598633,32.3293342590332,31.5799999237061,31.8766670227051,194392500,31.8766670227051
"2020-01-13",32.9000015258789,35.0419998168945,32.7999992370605,34.990665435791,397764000,34.990665435791
"2020-01-14",36.2840003967285,36.4939994812012,34.9933319091797,35.8613319396973,434943000,35.8613319396973
"2020-01-15",35.3173332214355,35.8559989929199,34.4526672363281,34.5666656494141,260532000,34.5666656494141
"2020-01-16",32.9166679382324,34.2973327636719,32.8113327026367,34.232666015625,326050500,34.232666015625
"2020-01-17",33.8406677246094,34.3779983520508,33.5439987182617,34.033332824707,204436500,34.033332824707
"2020-01-21",35.3499984741211,36.5719985961914,35.2273330688477,36.4799995422363,267052500,36.4799995422363
"2020-01-22",38.1259994506836,39.6333312988281,37.2733345031738,37.9706687927246,470535000,37.9706687927246
"2020-01-23",37.6166687011719,38.7999992370605,37.0400009155273,38.1466674804688,294765000,38.1466674804688
"2020-01-24",38.0419998168945,38.2573318481445,36.9506683349609,37.6546669006348,215304000,37.6546669006348
"2020-01-27",36.1326675415039,37.6293334960938,35.9519996643066,37.2013320922852,204121500,37.2013320922852
"2020-01-28",37.8993339538574,38.4539985656738,37.2053337097168,37.7933311462402,176827500,37.7933311462402
"2020-01-29",38.3793334960938,39.3199996948242,37.8286666870117,38.732666015625,267022500,38.732666015625
"2020-01-30",42.1613311767578,43.3919982910156,41.2000007629395,42.7206687927246,435085500,42.7206687927246
"2020-01-31",42.6666679382324,43.533332824707,42.1679992675781,43.3713340759277,235789500,43.3713340759277
"2020-02-03",44.9126663208008,52.4093322753906,44.9013328552246,52,705975000,52
"2020-02-04",58.8639984130859,64.5993347167969,55.5919990539551,59.1373329162598,914082000,59.1373329162598
"2020-02-05",54.8839988708496,56.3986663818359,46.9406661987305,48.9799995422363,726357000,48.9799995422363
"2020-02-06",46.6613311767578,53.0553321838379,45.7999992370605,49.9306678771973,598212000,49.9306678771973
"2020-02-07",48.7033348083496,51.3166656494141,48.6666679382324,49.8713340759277,255952500,49.8713340759277
"2020-02-10",53.3333320617676,54.6660003662109,50.1599998474121,51.4186668395996,370338000,51.4186668395996
"2020-02-11",51.2526664733887,52.234001159668,50.533332824707,51.6253318786621,175462500,51.6253318786621
"2020-02-12",51.8580017089844,52.6500015258789,50.8913345336914,51.1526679992676,180337500,51.1526679992676
"2020-02-13",49.4560012817383,54.533332824707,49,53.5999984741211,394339500,53.5999984741211
"2020-02-14",52.4813346862793,54.1980018615723,52.3666687011719,53.335334777832,235405500,53.335334777832
"2020-02-18",56.1066665649414,57.3333320617676,55.490665435791,57.2266654968262,245725500,57.2266654968262
"2020-02-19",61.5666656494141,62.9853324890137,60.068000793457,61.1613311767578,381345000,61.1613311767578
"2020-02-20",60.7966651916504,60.7999992370605,57.3293342590332,59.9606666564941,264523500,59.9606666564941
"2020-02-21",60.46533203125,60.8706665039062,58.6966667175293,60.0666656494141,214722000,60.0666656494141
"2020-02-24",55.9333343505859,57.5666656494141,54.8133316040039,55.5859985351562,227883000,55.5859985351562
"2020-02-25",56.5999984741211,57.1066665649414,52.466667175293,53.3273315429688,259357500,53.3273315429688
"2020-02-26",52.1666679382324,54.2206687927246,51.740665435791,51.9199981689453,211282500,51.9199981689453
"2020-02-27",48.6666679382324,49.318000793457,44.5999984741211,45.2666664123535,364158000,45.2666664123535
"2020-02-28",41.9799995422363,46.03466796875,40.7680015563965,44.5326652526855,363343500,44.5326652526855
"2020-03-02",47.4173316955566,49.5793342590332,45.7779998779297,49.5746688842773,302925000,49.5746688842773
"2020-03-03",53.6666679382324,53.7986679077148,47.740665435791,49.7006683349609,386760000,49.7006683349609
"2020-03-04",50.9306678771973,51.1013336181641,48.3153343200684,49.966667175293,225735000,49.966667175293
"2020-03-05",48.2513313293457,49.716667175293,47.8713340759277,48.3026657104492,162790500,48.3026657104492
"2020-03-06",46,47.1333312988281,45.6180000305176,46.8986663818359,189943500,46.8986663818359
"2020-03-09",40.3593330383301,44.2000007629395,40.3333320617676,40.533332824707,256105500,40.533332824707
"2020-03-10",43.9620018005371,44.533332824707,40.533332824707,43.0219993591309,233916000,43.0219993591309
"2020-03-11",42.6800003051758,43.5719985961914,40.8666687011719,42.2820014953613,199837500,42.2820014953613
"2020-03-12",38.726001739502,39.6333312988281,36.4166679382324,37.3699989318848,283636500,37.3699989318848
"2020-03-13",39.6666679382324,40.5046653747559,33.466667175293,36.441333770752,339604500,36.441333770752
"2020-03-16",31.2999992370605,32.9913330078125,29.4780006408691,29.6713333129883,307342500,29.6713333129883
"2020-03-17",29.3339996337891,31.4566669464111,26.3999996185303,28.6800003051758,359919000,28.6800003051758
"2020-03-18",25.9333324432373,26.9906673431396,23.3673324584961,24.0813331604004,356793000,24.0813331604004
"2020-03-19",24.9799995422363,30.1333332061768,23.8973331451416,28.5093326568604,452932500,28.5093326568604
"2020-03-20",29.2133331298828,31.7999992370605,28.3859996795654,28.5020008087158,424282500,28.5020008087158
"2020-03-23",28.9066677093506,29.466667175293,27.3666667938232,28.9526672363281,246817500,28.9526672363281
"2020-03-24",31.8199996948242,34.2459983825684,31.6000003814697,33.6666679382324,343428000,33.6666679382324
"2020-03-25",36.3499984741211,37.1333312988281,34.0740013122559,35.9500007629395,318340500,35.9500007629395
"2020-03-26",36.4926681518555,37.3333320617676,34.1500015258789,35.2106666564941,260710500,35.2106666564941
"2020-03-27",33.6666679382324,35.0533332824707,32.9353332519531,34.2906684875488,215661000,34.2906684875488
"2020-03-30",34.017333984375,34.4433326721191,32.7486686706543,33.4753341674805,179971500,33.4753341674805
"2020-03-31",33.4166679382324,36.1973342895508,33.1333312988281,34.9333343505859,266572500,34.9333343505859
"2020-04-01",33.5999984741211,34.2633323669434,31.6733322143555,32.1040000915527,200298000,32.1040000915527
"2020-04-02",32.0686683654785,32.9506683349609,29.7600002288818,30.2980003356934,297876000,30.2980003356934
"2020-04-03",33.966667175293,34.3660011291504,31.2259998321533,32.0006675720215,338431500,32.0006675720215
"2020-04-06",34.0800018310547,34.7333335876465,33.1973342895508,34.4160003662109,223527000,34.4160003662109
"2020-04-07",36.3333320617676,37.6666679382324,35.4893341064453,36.3633346557617,268797000,36.3633346557617
"2020-04-08",36.9466667175293,37.147331237793,35.5553321838379,36.5893325805664,189840000,36.5893325805664
"2020-04-09",37.4726676940918,38.3453330993652,37.1406669616699,38.2000007629395,204750000,38.2000007629395
"2020-04-13",39.3440017700195,43.466667175293,38.7019996643066,43.3966674804688,337131000,43.3966674804688
"2020-04-14",46.5979995727539,49.458667755127,46.1619987487793,47.326000213623,458647500,47.326000213623
"2020-04-15",49.466667175293,50.208667755127,47.3333320617676,48.6553344726562,353655000,48.6553344726562
"2020-04-16",47.7960014343262,50.6300010681152,47.1146659851074,49.6806678771973,309868500,49.6806678771973
"2020-04-17",51.4853324890137,51.6633338928223,49.8440017700195,50.259334564209,196923000,50.259334564209
"2020-04-20",48.8466682434082,51.0379981994629,47.4806671142578,49.7573318481445,221199000,49.7573318481445
"2020-04-21",48.6746673583984,50.2220001220703,44.9193344116211,45.7813339233398,303136500,45.7813339233398
"2020-04-22",46.931999206543,48.9333343505859,45.9140014648438,48.8073348999023,212482500,48.8073348999023
"2020-04-23",48.5066680908203,48.9333343505859,46.8753318786621,47.0419998168945,198550500,47.0419998168945
"2020-04-24",47.3873329162598,48.71533203125,46.5453338623047,48.343334197998,198180000,48.343334197998
"2020-04-27",49.173999786377,53.2993316650391,49,53.25,310221000,53.25
"2020-04-28",53.042667388916,53.6666679382324,50.4459991455078,51.2746658325195,228330000,51.2746658325195
"2020-04-29",52.6780014038086,53.5466651916504,52.2106666564941,53.3673324584961,243240000,53.3673324584961
"2020-04-30",57.0126686096191,57.9879989624023,50.9000015258789,52.1253318786621,427078500,52.1253318786621
"2020-05-01",50.3333320617676,51.5180015563965,45.5359992980957,46.7546653747559,487977000,46.7546653747559
"2020-05-04",46.7333335876465,50.7999992370605,46.533332824707,50.7459983825684,288556500,50.7459983825684
"2020-05-05",52.6526679992676,53.2613334655762,50.8120002746582,51.2140007019043,254875500,51.2140007019043
"2020-05-06",51.7666664123535,52.6533317565918,50.740665435791,52.1720008850098,166848000,52.1720008850098
"2020-05-07",51.8139991760254,53.093334197998,51.4900016784668,52.0026664733887,172915500,52.0026664733887
"2020-05-08",52.9179992675781,54.9333343505859,52.4673347473145,54.6279983520508,241297500,54.6279983520508
"2020-05-11",52.7006683349609,54.9333343505859,52.3333320617676,54.0859985351562,247794000,54.0859985351562
"2020-05-12",55.1333312988281,56.2193336486816,53.8666687011719,53.9606666564941,238603500,53.9606666564941
"2020-05-13",54.7220001220703,55.0666656494141,50.8866653442383,52.7306671142578,285982500,52.7306671142578
"2020-05-14",52,53.5573348999023,50.9333343505859,53.5553321838379,205233000,53.5553321838379
"2020-05-15",52.689998626709,53.6699981689453,52.4366683959961,53.2779998779297,157776000,53.2779998779297
"2020-05-18",55.1853332519531,55.6479988098145,53.5919990539551,54.242000579834,174987000,54.242000579834
"2020-05-19",54.3446655273438,54.8046684265137,53.7386665344238,53.8673324584961,144547500,53.8673324584961
"2020-05-20",54.7000007629395,55.0666656494141,54.1199989318848,54.3706665039062,109639500,54.3706665039062
"2020-05-21",54.4000015258789,55.5,53.0666656494141,55.1733322143555,183819000,55.1733322143555
"2020-05-22",54.8113327026367,55.4519996643066,54.1333312988281,54.458667755127,149812500,54.458667755127
"2020-05-26",55.6333312988281,55.6399993896484,54.3806686401367,54.5913314819336,121345500,54.5913314819336
"2020-05-27",54.7239990234375,55.1806678771973,52.3333320617676,54.681999206543,173242500,54.681999206543
"2020-05-28",54.234001159668,54.9833335876465,53.4459991455078,53.7206687927246,108834000,53.7206687927246
"2020-05-29",53.9166679382324,55.6666679382324,53.6139984130859,55.6666679382324,176467500,55.6666679382324
"2020-06-01",57.2000007629395,59.9333343505859,56.939998626709,59.8733329772949,224092500,59.8733329772949
"2020-06-02",59.6466674804688,60.5773315429688,58.0666656494141,58.7706680297852,203484000,58.7706680297852
"2020-06-03",59.2080001831055,59.8626670837402,58.6733322143555,58.8639984130859,119242500,58.8639984130859
"2020-06-04",59.3253326416016,59.716667175293,57.2293319702148,57.6253318786621,133315500,57.6253318786621
"2020-06-05",58.5226669311523,59.1013336181641,57.7466659545898,59.0439987182617,117178500,59.0439987182617
"2020-06-08",61.2666664123535,63.3333320617676,60.610668182373,63.3279991149902,212620500,63.3279991149902
"2020-06-09",62.6673316955566,63.6293334960938,61.5953330993652,62.7113342285156,170823000,62.7113342285156
"2020-06-10",66.1253356933594,68.498664855957,65.5,68.336669921875,278451000,68.336669921875
"2020-06-11",66.0133361816406,67.9306640625,64.8000030517578,64.8560028076172,238747500,64.8560028076172
"2020-06-12",65.3333358764648,65.8653335571289,60.8400001525879,62.3520011901855,251451000,62.3520011901855
"2020-06-15",61.1860008239746,66.5893325805664,60.5666656494141,66.0599975585938,235458000,66.0599975585938
"2020-06-16",67.4566650390625,67.5253295898438,64.1593322753906,65.4753341674805,210766500,65.4753341674805
"2020-06-17",65.8473358154297,67,65.5046691894531,66.1193313598633,148362000,66.1193313598633
"2020-06-18",66.8666687011719,67.9466705322266,66.2979965209961,66.9306640625,146278500,66.9306640625
"2020-06-19",67.518669128418,67.731330871582,66.0893325805664,66.7266693115234,130195500,66.7266693115234
"2020-06-22",66.663330078125,67.2586669921875,66.001335144043,66.2880020141602,95436000,66.2880020141602
"2020-06-23",66.5920028686523,67.466667175293,66.267333984375,66.7853317260742,95479500,66.7853317260742
"2020-06-24",66.2740020751953,66.7253341674805,63.542667388916,64.0566635131836,164394000,64.0566635131836
"2020-06-25",63.6180000305176,65.7320022583008,62.4766654968262,65.7320022583008,138817500,65.7320022583008
"2020-06-26",66.3186645507812,66.3333358764648,63.6580009460449,63.982666015625,132823500,63.982666015625
"2020-06-29",64.6006698608398,67.3333358764648,63.2346687316895,67.2900009155273,135396000,67.2900009155273
"2020-06-30",67.0999984741211,72.5126647949219,66.9153366088867,71.9873352050781,253777500,71.9873352050781
"2020-07-01",72.1999969482422,75.6886672973633,72.033332824707,74.6419982910156,199903500,74.6419982910156
"2020-07-02",81.431999206543,81.8666687011719,79.0400009155273,80.5773315429688,258751500,80.5773315429688
"2020-07-06",85.112663269043,91.852668762207,84.4026641845703,91.4386672973633,308548500,91.4386672973633
"2020-07-07",93.6673355102539,95.3000030517578,89.1139984130859,92.6573333740234,322345500,92.6573333740234
"2020-07-08",93.6666641235352,94.484001159668,87.4226684570312,91.0586700439453,244669500,91.0586700439453
"2020-07-09",93.1326675415039,93.9039993286133,90.085334777832,92.9520034790039,175764000,92.9520034790039
"2020-07-10",93.0666656494141,103.261329650879,91.734001159668,102.976669311523,350064000,102.976669311523
"2020-07-13",110.599998474121,119.666000366211,98.0739974975586,99.8040008544922,584781000,99.8040008544922
"2020-07-14",103.733329772949,106,95.4000015258789,101.120002746582,351271500,101.120002746582
"2020-07-15",102.866668701172,103.333335876465,97.1333312988281,103.067329406738,245517000,103.067329406738
"2020-07-16",98.4773330688477,102.113998413086,97.7333297729492,100.042663574219,214512000,100.042663574219
"2020-07-17",100.896667480469,102.500663757324,99.3333358764648,100.055999755859,139950000,100.055999755859
"2020-07-20",101.267333984375,110,99.1999969482422,109.533332824707,256821000,109.533332824707
"2020-07-21",109.328666687012,111.666664123535,103.866668701172,104.557334899902,241608000,104.557334899902
"2020-07-22",106.599998474121,108.428001403809,104.133331298828,106.155334472656,212416500,106.155334472656
"2020-07-23",111.930000305176,112.599998474121,98.7180023193359,100.87133026123,364927500,100.87133026123
"2020-07-24",94.4006652832031,97.6666641235352,91.102668762207,94.466667175293,290949000,94.466667175293
"2020-07-27",95.6666641235352,103.195999145508,94.1999969482422,102.639999389648,240730500,102.639999389648
"2020-07-28",100.266670227051,104.313331604004,98.2946701049805,98.4326705932617,237130500,98.4326705932617
"2020-07-29",100.066665649414,102.320663452148,99.1333312988281,99.9406661987305,141403500,99.9406661987305
"2020-07-30",99.1999969482422,100.882667541504,98.0666656494141,99.1660003662109,114315000,99.1660003662109
"2020-07-31",101,101.136665344238,94.7320022583008,95.3840026855469,183123000,95.3840026855469
"2020-08-03",96.6133346557617,100.653999328613,96.2919998168945,99,132139500,99
"2020-08-04",99.6673355102539,101.827331542969,97.466667175293,99.1333312988281,126225000,99.1333312988281
"2020-08-05",99.5326690673828,99.9893341064453,97.887336730957,99.001335144043,74217000,99.001335144043
"2020-08-06",99.3886642456055,101.153999328613,98.484001159668,99.3053359985352,89884500,99.3053359985352
"2020-08-07",99.9693298339844,99.9833297729492,94.3339996337891,96.8473358154297,133446000,96.8473358154297
"2020-08-10",96.533332824707,97.1666641235352,92.3893356323242,94.5713348388672,112834500,94.5713348388672
"2020-08-11",93.0666656494141,94.6666641235352,91,91.6259994506836,129387000,91.6259994506836
"2020-08-12",98,105.666664123535,95.6666641235352,103.650665283203,327441000,103.650665283203
"2020-08-13",107.400001525879,110.078666687012,104.484001159668,108.066665649414,306379500,108.066665649414
"2020-08-14",110.999336242676,111.25333404541,108.442665100098,110.047332763672,188664000,110.047332763672
"2020-08-17",111.800003051758,123.057334899902,111.522003173828,122.375999450684,303634500,122.375999450684
"2020-08-18",126.599334716797,128.259994506836,123.007331848145,125.805999755859,247117500,125.805999755859
"2020-08-19",124.333335876465,127.400001525879,122.747329711914,125.235336303711,183079500,125.235336303711
"2020-08-20",124.045333862305,134.799331665039,123.804000854492,133.455337524414,309177000,133.455337524414
"2020-08-21",136.317337036133,139.699325561523,135.003326416016,136.665328979492,322344000,136.665328979492
"2020-08-24",141.751998901367,141.933334350586,128.501327514648,134.279998779297,300954000,134.279998779297
"2020-08-25",131.659332275391,135.196670532227,131.199996948242,134.88932800293,159883500,134.88932800293
"2020-08-26",137.33332824707,144.399993896484,136.908660888672,143.544662475586,213591000,143.544662475586
"2020-08-27",145.363998413086,153.039993286133,142.83332824707,149.25,355395000,149.25
"2020-08-28",153.007995605469,154.565994262695,145.768005371094,147.559997558594,301218000,147.559997558594
"2020-08-31",148.203338623047,166.713333129883,146.703338623047,166.106674194336,355123200,166.106674194336
"2020-09-01",167.380004882812,167.496673583984,156.836669921875,158.350006103516,269523300,158.350006103516
"2020-09-02",159.663330078125,159.679992675781,135.039993286133,149.123336791992,288528300,149.123336791992
"2020-09-03",135.74333190918,143.933334350586,134,135.66667175293,262788300,135.66667175293
"2020-09-04",134.270004272461,142.66667175293,124.00666809082,139.440002441406,330965700,139.440002441406
"2020-09-08",118.666664123535,122.913330078125,109.959999084473,110.069999694824,346397100,110.069999694824
"2020-09-09",118.866668701172,123,113.836669921875,122.093330383301,238397400,122.093330383301
"2020-09-10",128.736663818359,132.996673583984,120.186668395996,123.779998779297,254791800,123.779998779297
"2020-09-11",127.313331604004,127.5,120.166664123535,124.23999786377,182152500,124.23999786377
"2020-09-14",126.983329772949,140,124.433334350586,139.873336791992,249061800,139.873336791992
"2020-09-15",145.520004272461,153.979995727539,143.566665649414,149.919998168945,291894600,149.919998168945
"2020-09-16",146.623336791992,152.596664428711,145.103332519531,147.253326416016,216837900,147.253326416016
"2020-09-17",138.533340454102,145.929992675781,136,141.143325805664,230337600,141.143325805664
"2020-09-18",149.313339233398,150.33332824707,142.933334350586,147.383331298828,259220400,147.383331298828
"2020-09-21",151.043334960938,151.893325805664,135.690002441406,149.796661376953,328430400,149.796661376953
"2020-09-22",143.199996948242,145.919998168945,139.199996948242,141.410003662109,238742400,141.410003662109
"2020-09-23",135.053329467773,137.383331298828,125.293334960938,126.786666870117,285222600,126.786666870117
"2020-09-24",121.266670227051,133.16667175293,117.099998474121,129.263336181641,289683300,129.263336181641
"2020-09-25",131.156661987305,136.24333190918,130.433334350586,135.779998779297,201625500,135.779998779297
"2020-09-28",141.539993286133,142.693328857422,138.516662597656,140.399993896484,149158800,140.399993896484
"2020-09-29",138.66667175293,142.83332824707,137.199996948242,139.690002441406,150657900,139.690002441406
"2020-09-30",140.440002441406,144.643325805664,140.156661987305,143.003326416016,144436800,143.003326416016
"2020-10-01",146.919998168945,149.626663208008,144.806671142578,149.386672973633,152224500,149.386672973633
"2020-10-02",140.463333129883,146.376663208008,138.33332824707,138.363327026367,214290000,138.363327026367
"2020-10-05",141.116668701172,144.546661376953,139.776672363281,141.893325805664,134168400,141.893325805664
"2020-10-06",141.263336181641,142.926666259766,135.350006103516,137.99333190918,147438900,137.99333190918
"2020-10-07",139.956665039062,143.300003051758,137.949996948242,141.766662597656,129383100,141.766662597656
"2020-10-08",146.146667480469,146.33332824707,141.766662597656,141.973327636719,121263300,141.973327636719
"2020-10-09",143.376663208008,144.863327026367,142.153335571289,144.66667175293,86777100,144.66667175293
"2020-10-12",147.33332824707,149.580001831055,146.193328857422,147.433334350586,116373300,147.433334350586
"2020-10-13",147.783340454102,149.630004882812,145.533340454102,148.883331298828,103391100,148.883331298828
"2020-10-14",149.926666259766,155.300003051758,149.116668701172,153.766662597656,143639100,153.766662597656
"2020-10-15",150.103332519531,152.190002441406,147.5,149.626663208008,107017200,149.626663208008
"2020-10-16",151.479995727539,151.983337402344,146.283340454102,146.556671142578,98327700,146.556671142578
"2020-10-19",148.746673583984,149,142.956665039062,143.610000610352,108863400,143.610000610352
"2020-10-20",143.91667175293,143.91667175293,139.683334350586,140.646667480469,94968900,140.646667480469
"2020-10-21",140.899993896484,144.316665649414,140.41667175293,140.880004882812,97111500,140.880004882812
"2020-10-22",147.306671142578,148.410003662109,141.503326416016,141.929992675781,119979600,141.929992675781
"2020-10-23",140.613327026367,140.963333129883,135.793334960938,140.210006713867,101151000,140.210006713867
"2020-10-26",137.210006713867,141.919998168945,136.66667175293,140.093338012695,84717600,140.093338012695
"2020-10-27",141.253326416016,143.5,140.033340454102,141.559997558594,68059500,141.559997558594
"2020-10-28",138.82666015625,139.533340454102,135.33332824707,135.339996337891,76354200,135.339996337891
"2020-10-29",136.653335571289,139.353332519531,135.486663818359,136.943328857422,67965900,136.943328857422
"2020-10-30",135.633331298828,135.863327026367,126.370002746582,129.346664428711,127533900,129.346664428711
"2020-11-02",131.33332824707,135.660003662109,130.766662597656,133.503326416016,87063300,133.503326416016
"2020-11-03",136.57666015625,142.589996337891,135.563339233398,141.300003051758,103055100,141.300003051758
"2020-11-04",143.539993286133,145.133331298828,139.033340454102,140.32666015625,96429300,140.32666015625
"2020-11-05",142.766662597656,146.66667175293,141.33332824707,146.029998779297,85243500,146.029998779297
"2020-11-06",145.366668701172,145.523330688477,141.426666259766,143.316665649414,65118000,143.316665649414
"2020-11-09",146.5,150.83332824707,140.33332824707,140.419998168945,104499000,140.419998168945
"2020-11-10",140.029998779297,140.029998779297,132.009994506836,136.786666870117,90852600,136.786666870117
"2020-11-11",138.816665649414,139.566665649414,136.860000610352,139.043334960938,52073100,139.043334960938
"2020-11-12",138.350006103516,141,136.50666809082,137.253326416016,59565300,137.253326416016
"2020-11-13",136.949996948242,137.509994506836,133.886672973633,136.16667175293,59313300,136.16667175293
"2020-11-16",136.309997558594,137.483337402344,134.696670532227,136.029998779297,80515800,136.029998779297
"2020-11-17",153.389999389648,154,144.336669921875,147.203338623047,183564900,147.203338623047
"2020-11-18",149.449996948242,165.33332824707,147.83332824707,162.213333129883,234132000,162.213333129883
"2020-11-19",164,169.536666870117,162.523330688477,166.42333984375,187425900,166.42333984375
"2020-11-20",165.996673583984,167.5,163.020004272461,163.203338623047,98735700,163.203338623047
"2020-11-23",167.83332824707,175.33332824707,167.263336181641,173.949996948242,150780900,173.949996948242
"2020-11-24",180.133331298828,186.663330078125,175.399993896484,185.126663208008,160945500,185.126663208008
"2020-11-25",183.353332519531,191.33332824707,181.789993286133,191.33332824707,146790600,191.33332824707
"2020-11-27",193.720001220703,199.593338012695,192.816665649414,195.253326416016,112683300,195.253326416016
"2020-11-30",200.736663818359,202.600006103516,184.836669921875,189.199996948242,189009300,189.199996948242
"2020-12-01",199.196670532227,199.283340454102,190.683334350586,194.919998168945,120310500,194.919998168945
"2020-12-02",185.479995727539,190.513336181641,180.403335571289,189.606674194336,143327100,189.606674194336
"2020-12-03",196.67333984375,199.656661987305,194.143325805664,197.793334960938,127656000,197.793334960938
"2020-12-04",197.003326416016,199.679992675781,195.16667175293,199.679992675781,88203900,199.679992675781
"2020-12-07",201.639999389648,216.263336181641,201.016662597656,213.919998168945,168929100,213.919998168945
"2020-12-08",208.503326416016,217.093338012695,206.16667175293,216.626663208008,192795000,216.626663208008
"2020-12-09",217.896667480469,218.106674194336,196,201.49333190918,213873600,201.49333190918
"2020-12-10",191.456665039062,209.25,188.779998779297,209.023330688477,201249600,209.023330688477
"2020-12-11",205.003326416016,208,198.933334350586,203.330001831055,139425000,203.330001831055
"2020-12-14",206.33332824707,214.25,203.399993896484,213.276672363281,156121800,213.276672363281
"2020-12-15",214.426666259766,215.633331298828,207.933334350586,211.08332824707,135214500,211.08332824707
"2020-12-16",209.410003662109,210.83332824707,201.66667175293,207.589996337891,126287400,207.589996337891
"2020-12-17",209.396667480469,219.606674194336,206.5,218.633331298828,168810300,218.633331298828
"2020-12-18",222.966659545898,231.66667175293,209.513336181641,231.66667175293,666378600,231.66667175293
"2020-12-21",222.080001831055,222.83332824707,215.356674194336,216.619995117188,174135900,216.619995117188
"2020-12-22",216,216.626663208008,204.74333190918,213.446670532227,155148000,213.446670532227
"2020-12-23",210.733337402344,217.16667175293,207.523330688477,215.32666015625,99519000,215.32666015625
"2020-12-24",214.330001831055,222.029998779297,213.66667175293,220.589996337891,68596800,220.589996337891
"2020-12-28",224.836669921875,227.133331298828,220.266662597656,221.229995727539,96835800,221.229995727539
"2020-12-29",220.33332824707,223.300003051758,218.33332824707,221.996673583984,68732400,221.996673583984
"2020-12-30",224,232.199996948242,222.786666870117,231.593338012695,128538000,231.593338012695
"2020-12-31",233.330001831055,239.573333740234,230.373336791992,235.223327636719,148949700,235.223327636719
"2021-01-04",239.820007324219,248.163330078125,239.063339233398,243.25666809082,145914600,243.25666809082
"2021-01-05",241.220001220703,246.946670532227,239.733337402344,245.036666870117,96735600,245.036666870117
"2021-01-06",252.830001831055,258,249.699996948242,251.99333190918,134100000,251.99333190918
"2021-01-07",259.209991455078,272.329986572266,258.399993896484,272.013336181641,154496700,272.013336181641
"2021-01-08",285.333343505859,294.829986572266,279.463317871094,293.339996337891,225166500,293.339996337891
"2021-01-11",283.133331298828,284.809997558594,267.873321533203,270.396667480469,177904800,270.396667480469
"2021-01-12",277,289.333343505859,275.779998779297,283.146667480469,138812100,283.146667480469
"2021-01-13",284.253326416016,286.823333740234,277.333343505859,284.803344726562,99937500,284.803344726562
"2021-01-14",281.130004882812,287.666656494141,279.583343505859,281.666656494141,93798900,281.666656494141
"2021-01-15",284,286.633331298828,273.033325195312,275.386657714844,116332800,275.386657714844
"2021-01-19",279.266662597656,283.333343505859,277.666656494141,281.516662597656,76101000,281.516662597656
"2021-01-20",286.246673583984,286.5,279.093322753906,283.483337402344,76997700,283.483337402344
"2021-01-21",285,285.239990234375,280.473327636719,281.663330078125,61563300,281.663330078125
"2021-01-22",278.103332519531,282.666656494141,276.206665039062,282.213317871094,60199500,282.213317871094
"2021-01-25",285,300.133331298828,279.606658935547,293.600006103516,123520200,293.600006103516
"2021-01-26",297.126678466797,298.633331298828,290.533325195312,294.363342285156,69394800,294.363342285156
"2021-01-27",290.116668701172,297.166656494141,286.220001220703,288.053344726562,82002000,288.053344726562
"2021-01-28",273.333343505859,282.666656494141,267,278.476654052734,79134000,278.476654052734
"2021-01-29",276.666656494141,280.803344726562,260.033325195312,264.510009765625,104972400,264.510009765625
"2021-02-01",271.429992675781,280.666656494141,265.186676025391,279.936676025391,76174200,279.936676025391
"2021-02-02",281.559997558594,293.5,280.733337402344,290.929992675781,73038600,290.929992675781
"2021-02-03",292.339996337891,292.693328857422,284.353332519531,284.896667480469,55030500,284.896667480469
"2021-02-04",285,285.5,277.806671142578,283.329986572266,47438100,283.329986572266
"2021-02-05",281.666656494141,288.256652832031,279.656677246094,284.07666015625,55699800,284.07666015625
"2021-02-08",289.890014648438,292.589996337891,284.916656494141,287.806671142578,60485100,287.806671142578
"2021-02-09",285.040008544922,286.600006103516,280.583343505859,283.1533203125,45473100,283.1533203125
"2021-02-10",281.213317871094,281.606658935547,266.67333984375,268.273345947266,108648300,268.273345947266
"2021-02-11",270.813323974609,276.626678466797,267.243347167969,270.553344726562,64868400,270.553344726562
"2021-02-12",267.086669921875,272.443328857422,261.776672363281,272.040008544922,71304900,272.040008544922
"2021-02-16",272.666656494141,273.666656494141,264.146667480469,265.406677246094,59406900,265.406677246094
"2021-02-17",259.696655273438,266.613342285156,254.003326416016,266.049987792969,77989500,266.049987792969
"2021-02-18",260.299987792969,264.896667480469,258.756652832031,262.459991455078,53871300,262.459991455078
"2021-02-19",265,265.5966796875,259.123321533203,260.433319091797,56874900,260.433319091797
"2021-02-22",254.213333129883,256.166656494141,236.733337402344,238.16667175293,111809100,238.16667175293
"2021-02-23",220.710006713867,237.869995117188,206.33332824707,232.946670532227,199820700,232.946670532227
"2021-02-24",237.283340454102,248.33332824707,231.389999389648,247.339996337891,110301000,247.339996337891
"2021-02-25",242.050003051758,245.736663818359,223.526672363281,227.406661987305,117071700,227.406661987305
"2021-02-26",233.33332824707,235.566665649414,219.836669921875,225.16667175293,123267600,225.16667175293
"2021-03-01",230.036666870117,239.66667175293,228.350006103516,239.476669311523,81408600,239.476669311523
"2021-03-02",239.426666259766,240.369995117188,228.33332824707,228.813339233398,71196600,228.813339233398
"2021-03-03",229.330001831055,233.566665649414,217.236663818359,217.733337402344,90624000,217.733337402344
"2021-03-04",218.600006103516,222.816665649414,200,207.146667480469,197758500,207.146667480469
"2021-03-05",208.686660766602,209.279998779297,179.830001831055,199.316665649414,268189500,199.316665649414
"2021-03-08",200.183334350586,206.710006713867,186.263336181641,187.66667175293,155361000,187.66667175293
"2021-03-09",202.726669311523,226.029998779297,198.403335571289,224.526672363281,202569900,224.526672363281
"2021-03-10",233.433334350586,239.283340454102,218.353332519531,222.686660766602,181817100,222.686660766602
"2021-03-11",233.133331298828,234.16667175293,225.726669311523,233.199996948242,108761700,233.199996948242
"2021-03-12",223.33332824707,231.626663208008,222.046661376953,231.24333190918,100751400,231.24333190918
"2021-03-15",231.363327026367,237.726669311523,228.013336181641,235.979995727539,88006800,235.979995727539
"2021-03-16",234.449996948242,235.973327636719,223.66667175293,225.626663208008,96587100,225.626663208008
"2021-03-17",218.956665039062,234.57666015625,217.003326416016,233.936660766602,121117500,233.936660766602
"2021-03-18",228.096664428711,229.74333190918,217.33332824707,217.720001220703,99674400,217.720001220703
"2021-03-19",215.533340454102,219.07666015625,208.206665039062,218.289993286133,128682000,218.289993286133
"2021-03-22",228.196670532227,233.206665039062,222.91667175293,223.33332824707,118536600,223.33332824707
"2021-03-23",225.25666809082,225.933334350586,219.169998168945,220.720001220703,91475700,220.720001220703
"2021-03-24",222.636672973633,222.67333984375,210.036666870117,210.089996337891,101385600,210.089996337891
"2021-03-25",204.33332824707,215.16667175293,203.16667175293,213.463333129883,117674700,213.463333129883
"2021-03-26",213.956665039062,214.606674194336,199.963333129883,206.236663818359,101558400,206.236663818359
"2021-03-29",205.213333129883,205.49333190918,198.67333984375,203.763336181641,85911000,203.763336181641
"2021-03-30",200.58332824707,212.553329467773,197.003326416016,211.873336791992,118297200,211.873336791992
"2021-03-31",215.539993286133,224,213.703338623047,222.643325805664,100011900,222.643325805664
"2021-04-01",229.456665039062,230.806671142578,219.806671142578,220.58332824707,105895200,220.58332824707
"2021-04-05",235.903335571289,236.053329467773,228.233337402344,230.350006103516,125528400,230.350006103516
"2021-04-06",230.100006103516,232.183334350586,227.123336791992,230.539993286133,84815400,230.539993286133
"2021-04-07",229,230.460006713867,222.613327026367,223.656661987305,78928200,223.656661987305
"2021-04-08",225.793334960938,229.850006103516,223.883331298828,227.933334350586,71772900,227.933334350586
"2021-04-09",225.92333984375,226.990005493164,223.143325805664,225.67333984375,64311300,225.67333984375
"2021-04-12",228.566665649414,234.933334350586,227.363327026367,233.99333190918,87407100,233.99333190918
"2021-04-13",237.566665649414,254.33332824707,236.886672973633,254.106674194336,133958400,254.106674194336
"2021-04-14",256.899993896484,260.263336181641,242.676666259766,244.07666015625,147052200,244.07666015625
"2021-04-15",247.699996948242,247.896667480469,240.436660766602,246.283340454102,83546700,246.283340454102
"2021-04-16",242.883331298828,249.803329467773,241.533340454102,246.593338012695,83938500,246.593338012695
"2021-04-19",239.866668701172,241.800003051758,230.600006103516,238.210006713867,119058600,238.210006713867
"2021-04-20",239.139999389648,245.75,236.896667480469,239.663330078125,106827000,239.663330078125
"2021-04-21",234.92333984375,248.279998779297,232.66667175293,248.039993286133,93646500,248.039993286133
"2021-04-22",247.16667175293,251.25666809082,239.346664428711,239.896667480469,106770900,239.896667480469
"2021-04-23",239.933334350586,245.786666870117,238.486663818359,243.133331298828,85110000,243.133331298828
"2021-04-26",247,249.766662597656,244.203338623047,246.066665649414,93115500,246.066665649414
"2021-04-27",239.320007324219,241.33332824707,234.449996948242,234.913330078125,88311000,234.913330078125
"2021-04-28",232.136672973633,236.16667175293,231.199996948242,231.466659545898,66813000,231.466659545898
"2021-04-29",233.169998168945,234.08332824707,222.83332824707,225.66667175293,86536200,225.66667175293
"2021-04-30",222.529998779297,238.490005493164,222.046661376953,236.479995727539,122276100,236.479995727539
"2021-05-03",234.600006103516,235.33332824707,226.83332824707,228.300003051758,81129300,228.300003051758
"2021-05-04",226.313339233398,227.816665649414,219.233337402344,224.533340454102,89217900,224.533340454102
"2021-05-05",227.020004272461,228.433334350586,222.446670532227,223.646667480469,65705700,223.646667480469
"2021-05-06",226.919998168945,227.00666809082,216.66667175293,221.179992675781,83353800,221.179992675781
"2021-05-07",221.933334350586,230,220.073333740234,224.123336791992,70407600,224.123336791992
"2021-05-10",221.633331298828,221.683334350586,209.203338623047,209.679992675781,94177200,209.679992675781
"2021-05-11",199.746673583984,209.033340454102,198.533340454102,205.733337402344,139511700,205.733337402344
"2021-05-12",200.830001831055,206.803329467773,195.589996337891,196.630004882812,101470800,196.630004882812
"2021-05-13",200.513336181641,202.153335571289,186.550003051758,190.563339233398,132554700,190.563339233398
"2021-05-14",194.470001220703,197.623336791992,190.153335571289,196.580001831055,100112700,196.580001831055
"2021-05-17",191.850006103516,196.57666015625,187.066665649414,192.276672363281,97171200,192.276672363281
"2021-05-18",189.33332824707,198.75,187.793334960938,192.623336791992,110491800,192.623336791992
"2021-05-19",184.183334350586,188.736663818359,182.32666015625,187.820007324219,118735200,187.820007324219
"2021-05-20",191.66667175293,196.283340454102,190.356674194336,195.593338012695,92463300,195.593338012695
"2021-05-21",198.703338623047,198.893325805664,193.33332824707,193.626663208008,78091800,193.626663208008
"2021-05-24",193.866668701172,204.82666015625,191.216659545898,202.146667480469,103674300,202.146667480469
"2021-05-25",202.436660766602,204.663330078125,198.570007324219,201.563339233398,84017700,201.563339233398
"2021-05-26",202.520004272461,208.723327636719,200.5,206.376663208008,85917900,206.376663208008
"2021-05-27",206.746673583984,210.376663208008,205.403335571289,210.283340454102,79111800,210.283340454102
"2021-05-28",209.5,211.863327026367,207.460006713867,208.406661987305,68211000,208.406661987305
"2021-06-01",209.266662597656,211.266662597656,206.850006103516,207.966659545898,54254700,207.966659545898
"2021-06-02",206.710006713867,207.786666870117,199.713333129883,201.706665039062,69908400,201.706665039062
"2021-06-03",200.600006103516,201.516662597656,190.406661987305,190.946670532227,90335700,190.946670532227
"2021-06-04",193.236663818359,200.203338623047,192.399993896484,199.683334350586,72110700,199.683334350586
"2021-06-07",197.276672363281,203.33332824707,194.293334960938,201.710006713867,67631100,201.710006713867
"2021-06-08",207.669998168945,207.696670532227,198.5,201.196670532227,78160200,201.196670532227
"2021-06-09",200.723327636719,203.929992675781,199.210006713867,199.593338012695,49753800,199.593338012695
"2021-06-10",201.293334960938,205.529998779297,200.16667175293,203.373336791992,71758800,203.373336791992
"2021-06-11",203.410003662109,204.186660766602,200.50666809082,203.296661376953,48615900,203.296661376953
"2021-06-14",204.07666015625,208.496673583984,203.059997558594,205.896667480469,61272000,205.896667480469
"2021-06-15",205.563339233398,205.596664428711,199.410003662109,199.786666870117,53292300,199.786666870117
"2021-06-16",199.179992675781,202.83332824707,197.83332824707,201.623336791992,66432300,201.623336791992
"2021-06-17",200.630004882812,207.156661987305,200.446670532227,205.533340454102,68104200,205.533340454102
"2021-06-18",204.456665039062,209.449996948242,203.933334350586,207.770004272461,73682700,207.770004272461
"2021-06-21",208.160003662109,210.463333129883,202.960006713867,206.943328857422,74438100,206.943328857422
"2021-06-22",206.08332824707,209.523330688477,205.16667175293,207.903335571289,57476700,207.903335571289
"2021-06-23",210.66667175293,219.066665649414,210.013336181641,218.856674194336,93297600,218.856674194336
"2021-06-24",224.996673583984,232.539993286133,222.536666870117,226.606674194336,137947200,226.606674194336
"2021-06-25",229.860000610352,231.270004272461,222.899993896484,223.956665039062,97490100,223.956665039062
"2021-06-28",223.880004882812,231.566665649414,223.440002441406,229.573333740234,64884600,229.573333740234
"2021-06-29",228.216659545898,229.169998168945,225.296661376953,226.919998168945,52143900,226.919998168945
"2021-06-30",226.589996337891,230.936660766602,226.046661376953,226.566665649414,56774700,226.566665649414
"2021-07-01",227.973327636719,229.330001831055,224.266662597656,225.973327636719,55903500,225.973327636719
"2021-07-02",226.32666015625,233.33332824707,224.419998168945,226.300003051758,81163500,226.300003051758
"2021-07-06",227.236663818359,228,217.133331298828,219.860000610352,69853500,219.860000610352
"2021-07-07",221.42333984375,221.899993896484,212.773330688477,214.883331298828,56376000,214.883331298828
"2021-07-08",209.456665039062,218.143325805664,206.820007324219,217.603332519531,68319900,217.603332519531
"2021-07-09",217.726669311523,219.636672973633,214.896667480469,218.983337402344,54421500,218.983337402344
"2021-07-12",220.733337402344,229.080001831055,220.720001220703,228.566665649414,77781000,228.566665649414
"2021-07-13",228.773330688477,231.093338012695,222.100006103516,222.846664428711,62898300,222.846664428711
"2021-07-14",223.58332824707,226.203338623047,217.613327026367,217.793334960938,64923600,217.793334960938
"2021-07-15",219.463333129883,222.046661376953,212.626663208008,216.866668701172,60628800,216.866668701172
"2021-07-16",218.226669311523,218.899993896484,214.066665649414,214.740005493164,49113000,214.740005493164
"2021-07-19",209.963333129883,215.733337402344,207.096664428711,215.406661987305,63891300,215.406661987305
"2021-07-20",217.330001831055,220.796661376953,213.5,220.16667175293,46461300,220.16667175293
"2021-07-21",219.869995117188,221.619995117188,216.763336181641,218.429992675781,41859900,218.429992675781
"2021-07-22",218.813339233398,220.723327636719,214.866668701172,216.419998168945,45317100,216.419998168945
"2021-07-23",215.453338623047,216.266662597656,212.433334350586,214.460006713867,43814700,214.460006713867
"2021-07-26",216.990005493164,222.733337402344,215.703338623047,219.206665039062,76009800,219.206665039062
"2021-07-27",221.133331298828,222.16667175293,209.080001831055,214.926666259766,98439900,214.926666259766
"2021-07-28",215.66667175293,218.323333740234,213.133331298828,215.660003662109,48019800,215.660003662109
"2021-07-29",216.596664428711,227.896667480469,216.266662597656,225.783340454102,91183800,225.783340454102
"2021-07-30",223.919998168945,232.509994506836,223,229.066665649414,88969200,229.066665649414
"2021-08-02",233.33332824707,242.313339233398,232.800003051758,236.556671142578,100847400,236.556671142578
"2021-08-03",239.66667175293,240.883331298828,233.669998168945,236.580001831055,64860900,236.580001831055
"2021-08-04",237,241.633331298828,236.309997558594,236.973327636719,51007800,236.973327636719
"2021-08-05",238.66667175293,240.316665649414,237.136672973633,238.210006713867,38758800,238.210006713867
"2021-08-06",237.300003051758,238.776672363281,232.543334960938,233.033340454102,46869000,233.033340454102
"2021-08-09",236.723327636719,239.676666259766,235.043334960938,237.919998168945,44145900,237.919998168945
"2021-08-10",237.996673583984,238.863327026367,233.960006713867,236.663330078125,40296900,236.663330078125
"2021-08-11",237.570007324219,238.393325805664,234.736663818359,235.940002441406,29401800,235.940002441406
"2021-08-12",235.446670532227,240.933334350586,233.133331298828,240.75,52377300,240.75
"2021-08-13",241.236663818359,243.300003051758,238.113327026367,239.056671142578,50194500,239.056671142578
"2021-08-16",235.023330688477,236.5,225.466659545898,228.723327636719,68032200,228.723327636719
"2021-08-17",224.220001220703,224.860000610352,216.279998779297,221.903335571289,71163900,221.903335571289
"2021-08-18",223.25,231.92333984375,223.116668701172,229.663330078125,61048200,229.663330078125
"2021-08-19",226.070007324219,228.850006103516,222.529998779297,224.490005493164,42940500,224.490005493164
"2021-08-20",227.616668701172,230.710006713867,224.566665649414,226.753326416016,44525700,226.753326416016
"2021-08-23",228.479995727539,237.376663208008,226.91667175293,235.433334350586,60794700,235.433334350586
"2021-08-24",236.893325805664,238.406661987305,234.213333129883,236.163330078125,39249300,236.163330078125
"2021-08-25",235.676666259766,238.990005493164,234.66667175293,237.066665649414,37936800,237.066665649414
"2021-08-26",236.103332519531,238.466659545898,232.539993286133,233.720001220703,39642900,233.720001220703
"2021-08-27",235,238.33332824707,234.033340454102,237.306671142578,41501400,237.306671142578
"2021-08-30",238.240005493164,243.66667175293,237.57666015625,243.636672973633,55812600,243.636672973633
"2021-08-31",244.33332824707,246.796661376953,242.146667480469,245.240005493164,62566200,245.240005493164
"2021-09-01",244.693328857422,247.330001831055,243.75666809082,244.696670532227,39612900,244.696670532227
"2021-09-02",244.83332824707,246.990005493164,243.513336181641,244.130004882812,38331900,244.130004882812
"2021-09-03",244.08332824707,244.66667175293,241.399993896484,244.523330688477,45738300,244.523330688477
"2021-09-07",246.66667175293,253.399993896484,246.419998168945,250.973327636719,60119400,250.973327636719
"2021-09-08",253.860000610352,254.816665649414,246.92333984375,251.289993286133,56379000,251.289993286133
"2021-09-09",251.136672973633,254.033340454102,250.543334960938,251.619995117188,42233100,251.619995117188
"2021-09-10",253.199996948242,254.203338623047,244.839996337891,245.42333984375,45552600,245.42333984375
"2021-09-13",246.736663818359,248.259994506836,236.283340454102,247.66667175293,68857500,247.66667175293
"2021-09-14",247.523330688477,251.490005493164,245.466659545898,248.163330078125,55574700,248.163330078125
"2021-09-15",248.33332824707,252.286666870117,246.119995117188,251.943328857422,46073100,251.943328857422
"2021-09-16",250.943328857422,252.970001220703,249.203338623047,252.330001831055,41770200,252.330001831055
"2021-09-17",252.383331298828,253.679992675781,250,253.163330078125,84612600,253.163330078125
"2021-09-20",244.853332519531,247.33332824707,239.539993286133,243.389999389648,74273100,243.389999389648
"2021-09-21",244.929992675781,248.246673583984,243.479995727539,246.460006713867,48992100,246.460006713867
"2021-09-22",247.843338012695,251.223327636719,246.373336791992,250.646667480469,45378900,250.646667480469
"2021-09-23",251.66667175293,252.733337402344,249.306671142578,251.213333129883,35842500,251.213333129883
"2021-09-24",248.630004882812,258.266662597656,248.186660766602,258.130004882812,64119000,258.130004882812
"2021-09-27",257.706665039062,266.333343505859,256.436676025391,263.786682128906,84212100,263.786682128906
"2021-09-28",262.399993896484,265.213317871094,255.393325805664,259.186676025391,76144200,259.186676025391
"2021-09-29",259.933319091797,264.5,256.893341064453,260.436676025391,62828700,260.436676025391
"2021-09-30",260.333343505859,263.043334960938,258.333343505859,258.493347167969,53868000,258.493347167969
"2021-10-01",259.466674804688,260.260009765625,254.529998779297,258.406677246094,51094200,258.406677246094
"2021-10-04",265.5,268.989990234375,258.706665039062,260.510009765625,91449900,260.510009765625
"2021-10-05",261.600006103516,265.769989013672,258.066680908203,260.196655273438,55297800,260.196655273438
"2021-10-06",258.733337402344,262.220001220703,257.739990234375,260.916656494141,43898400,260.916656494141
"2021-10-07",261.820007324219,268.333343505859,261.126678466797,264.536682128906,57587400,264.536682128906
"2021-10-08",265.4033203125,265.459991455078,260.303344726562,261.829986572266,50215800,261.829986572266
"2021-10-11",262.549987792969,267.079986572266,261.833343505859,263.980010986328,42600900,263.980010986328
"2021-10-12",266.976654052734,270.773345947266,265.523345947266,268.573333740234,66060000,268.573333740234
"2021-10-13",270.156677246094,271.803344726562,268.593322753906,270.359985351562,42360300,270.359985351562
"2021-10-14",271.829986572266,273.416656494141,271.116668701172,272.773345947266,36741600,272.773345947266
"2021-10-15",274.579986572266,281.070007324219,274.116668701172,281.010009765625,56773800,281.010009765625
"2021-10-18",283.929992675781,291.753326416016,283.823333740234,290.036682128906,72621600,290.036682128906
"2021-10-19",292.510009765625,292.649993896484,287.503326416016,288.089996337891,52143300,288.089996337891
"2021-10-20",288.450012207031,289.829986572266,285.793334960938,288.600006103516,42096300,288.600006103516
"2021-10-21",285.333343505859,300,285.166656494141,298,94444500,298
"2021-10-22",298.5,303.333343505859,296.986663818359,303.226654052734,68642400,303.226654052734
"2021-10-25",316.843322753906,348.339996337891,314.733337402344,341.619995117188,188556300,341.619995117188
"2021-10-26",341.563323974609,364.980010986328,333.813323974609,339.476654052734,187245000,339.476654052734
"2021-10-27",346.553344726562,356.959991455078,343.593322753906,345.953338623047,115579500,345.953338623047
"2021-10-28",356.103332519531,360.333343505859,351.399993896484,359.013336181641,81639600,359.013336181641
"2021-10-29",360.619995117188,371.736663818359,357.736663818359,371.333343505859,89755200,371.333343505859
"2021-11-01",381.666656494141,403.25,372.886657714844,402.863342285156,168146100,402.863342285156
"2021-11-02",386.453338623047,402.863342285156,382,390.666656494141,128213400,390.666656494141
"2021-11-03",392.443328857422,405.130004882812,384.206665039062,404.619995117188,103885500,404.619995117188
"2021-11-04",411.470001220703,414.496673583984,405.666656494141,409.970001220703,76192200,409.970001220703
"2021-11-05",409.333343505859,413.290008544922,402.666656494141,407.363342285156,64886400,407.363342285156
"2021-11-08",383.263336181641,399,377.666656494141,387.646667480469,100337100,387.646667480469
"2021-11-09",391.200012207031,391.5,337.17333984375,341.166656494141,177317400,341.166656494141
"2021-11-10",336.803344726562,359.366668701172,329.103332519531,355.983337402344,128408100,355.983337402344
"2021-11-11",367.589996337891,368.323333740234,351.559997558594,354.503326416016,67189800,354.503326416016
"2021-11-12",349.166656494141,351.5,339.733337402344,344.473327636719,76719300,344.473327636719
"2021-11-15",339.209991455078,343.993347167969,326.200012207031,337.796661376953,104326800,337.796661376953
"2021-11-16",334.436676025391,352.399993896484,334.059997558594,351.57666015625,79627200,351.57666015625
"2021-11-17",354.503326416016,373.213317871094,351.833343505859,363.003326416016,94336200,363.003326416016
"2021-11-18",368.850006103516,370.666656494141,358.339996337891,365.459991455078,62696700,365.459991455078
"2021-11-19",366.290008544922,379.573333740234,364.233337402344,379.019989013672,64926900,379.019989013672
"2021-11-22",387.443328857422,400.649993896484,377.476654052734,385.623321533203,99217500,385.623321533203
"2021-11-23",389.170013427734,393.5,354.233337402344,369.676666259766,108515100,369.676666259766
"2021-11-24",360.130004882812,377.589996337891,354,372,67680600,372
"2021-11-26",366.489990234375,369.593322753906,360.333343505859,360.640014648438,35042700,360.640014648438
"2021-11-29",366.996673583984,380.890014648438,366.730010986328,378.996673583984,58393500,378.996673583984
"2021-11-30",381.456665039062,389.333343505859,372.666656494141,381.586669921875,81276000,381.586669921875
"2021-12-01",386.899993896484,390.946655273438,363.586669921875,365,68450400,365
"2021-12-02",366.353332519531,371,352.216674804688,361.533325195312,73114800,361.533325195312
"2021-12-03",361.5966796875,363.526672363281,333.4033203125,338.323333740234,92322000,338.323333740234
"2021-12-06",333.836669921875,340.546661376953,316.833343505859,336.336669921875,81663000,336.336669921875
"2021-12-07",348.066680908203,352.556671142578,342.269989013672,350.583343505859,56084700,350.583343505859
"2021-12-08",350.9033203125,357.459991455078,344.333343505859,356.320007324219,41906400,356.320007324219
"2021-12-09",353.546661376953,354.163330078125,334.119995117188,334.600006103516,59438400,334.600006103516
"2021-12-10",336.25,340.32666015625,327.510009765625,339.010009765625,59664300,339.010009765625
"2021-12-13",333.696655273438,335,317.140014648438,322.136657714844,78595500,322.136657714844
"2021-12-14",315,322.136657714844,310,319.503326416016,70806300,319.503326416016
"2021-12-15",317.736663818359,326.25,309.416656494141,325.329986572266,75169200,325.329986572266
"2021-12-16",331.5,331.660003662109,307.283325195312,308.973327636719,82771500,308.973327636719
"2021-12-17",304.92333984375,320.220001220703,303.013336181641,310.856658935547,100437300,310.856658935547
"2021-12-20",303.566680908203,307.230010986328,297.796661376953,299.980010986328,56480100,299.980010986328
"2021-12-21",305.623321533203,313.166656494141,295.373321533203,312.843322753906,71517900,312.843322753906
"2021-12-22",321.886657714844,338.553344726562,319.016662597656,336.290008544922,93634200,336.290008544922
"2021-12-23",335.600006103516,357.660003662109,332.519989013672,355.666656494141,92713200,355.666656494141
"2021-12-27",357.890014648438,372.333343505859,356.906677246094,364.646667480469,71145900,364.646667480469
"2021-12-28",369.829986572266,373,359.473327636719,362.823333740234,60324000,362.823333740234
"2021-12-29",366.213317871094,368,354.713317871094,362.063323974609,56154000,362.063323974609
"2021-12-30",353.776672363281,365.183319091797,351.049987792969,356.779998779297,47040900,356.779998779297
"2021-12-31",357.813323974609,360.666656494141,351.529998779297,352.260009765625,40733700,352.260009765625
"2022-01-03",382.583343505859,400.356658935547,378.679992675781,399.926666259766,103931400,399.926666259766
"2022-01-04",396.516662597656,402.666656494141,374.350006103516,383.196655273438,100248300,383.196655273438
"2022-01-05",382.216674804688,390.113342285156,360.336669921875,362.706665039062,80119800,362.706665039062
"2022-01-06",359,362.666656494141,340.166656494141,354.899993896484,90336600,354.899993896484
"2022-01-07",360.123321533203,360.309997558594,336.666656494141,342.320007324219,84164700,342.320007324219
"2022-01-10",333.333343505859,353.033325195312,326.666656494141,352.706665039062,91815000,352.706665039062
"2022-01-11",351.223327636719,358.616668701172,346.273345947266,354.799987792969,66063300,354.799987792969
"2022-01-12",359.616668701172,371.613342285156,357.529998779297,368.739990234375,83739000,368.739990234375
"2022-01-13",369.690002441406,371.866668701172,342.179992675781,343.853332519531,97209900,343.853332519531
"2022-01-14",339.959991455078,350.666656494141,337.793334960938,349.869995117188,72924300,349.869995117188
"2022-01-18",342.203338623047,356.929992675781,338.686676025391,343.503326416016,66743400,343.503326416016
"2022-01-19",347.236663818359,351.556671142578,331.666656494141,331.883331298828,75442500,331.883331298828
"2022-01-20",336.57666015625,347.220001220703,331.333343505859,332.089996337891,70488600,332.089996337891
"2022-01-21",332.113342285156,334.850006103516,313.5,314.633331298828,103416000,314.633331298828
"2022-01-24",301.586669921875,311.170013427734,283.823333740234,310,151565700,310
"2022-01-25",304.733337402344,317.086669921875,301.070007324219,306.133331298828,86595900,306.133331298828
"2022-01-26",317.476654052734,329.230010986328,302,312.470001220703,104867400,312.470001220703
"2022-01-27",311.119995117188,311.796661376953,276.333343505859,276.366668701172,147109500,276.366668701172
"2022-01-28",277.186676025391,285.833343505859,264.003326416016,282.116668701172,134789100,282.116668701172
"2022-01-31",290.9033203125,312.663330078125,287.350006103516,312.239990234375,104436000,312.239990234375
"2022-02-01",311.736663818359,314.566680908203,301.666656494141,310.416656494141,73138200,310.416656494141
"2022-02-02",309.393341064453,310.5,296.470001220703,301.886657714844,66792900,301.886657714844
"2022-02-03",294,312.333343505859,293.506652832031,297.046661376953,78855600,297.046661376953
"2022-02-04",299.073333740234,312.166656494141,293.723327636719,307.773345947266,73625400,307.773345947266
"2022-02-07",307.929992675781,315.92333984375,300.9033203125,302.446655273438,60994500,302.446655273438
"2022-02-08",301.843322753906,308.763336181641,298.266662597656,307.333343505859,50729100,307.333343505859
"2022-02-09",311.666656494141,315.42333984375,306.666656494141,310.666656494141,52259400,310.666656494141
"2022-02-10",302.790008544922,314.603332519531,298.899993896484,301.516662597656,66126900,301.516662597656
"2022-02-11",303.209991455078,305.320007324219,283.566680908203,286.666656494141,79645800,286.666656494141
"2022-02-14",287.190002441406,299.626678466797,284.383331298828,291.920013427734,67756500,291.920013427734
"2022-02-15",300,307.666656494141,297.793334960938,307.476654052734,57286200,307.476654052734
"2022-02-16",304.683319091797,308.809997558594,300.4033203125,307.796661376953,51294300,307.796661376953
"2022-02-17",304.420013427734,306.166656494141,291.366668701172,292.116668701172,55178400,292.116668701172
"2022-02-18",295.333343505859,295.623321533203,279.203338623047,285.660003662109,68501700,285.660003662109
"2022-02-22",278.043334960938,285.57666015625,267.033325195312,273.843322753906,83288100,273.843322753906
"2022-02-23",276.809997558594,278.433319091797,253.520004272461,254.679992675781,95256900,254.679992675781
"2022-02-24",233.463333129883,267.493347167969,233.33332824707,266.92333984375,135322200,266.92333984375
"2022-02-25",269.743347167969,273.166656494141,260.799987792969,269.956665039062,76067700,269.956665039062
"2022-02-28",271.670013427734,292.286682128906,271.570007324219,290.143341064453,99006900,290.143341064453
"2022-03-01",289.893341064453,296.626678466797,284.593322753906,288.123321533203,74766900,288.123321533203
"2022-03-02",290.709991455078,295.493347167969,281.42333984375,293.296661376953,74643300,293.296661376953
"2022-03-03",292.92333984375,295.480010986328,277.533325195312,279.763336181641,61623600,279.763336181641
"2022-03-04",283.033325195312,285.216674804688,275.053344726562,279.429992675781,66999600,279.429992675781
"2022-03-07",285.433319091797,288.713317871094,268.190002441406,268.193328857422,72494100,268.193328857422
"2022-03-08",265.176666259766,283.329986572266,260.723327636719,274.799987792969,80399100,274.799987792969
"2022-03-09",279.82666015625,286.853332519531,277.336669921875,286.323333740234,59184000,286.323333740234
"2022-03-10",283.816680908203,284.816680908203,270.119995117188,279.433319091797,58648500,279.433319091797
"2022-03-11",280.066680908203,281.266662597656,264.589996337891,265.116668701172,67037100,265.116668701172
"2022-03-14",260.203338623047,266.899993896484,252.013336181641,255.456665039062,71152200,255.456665039062
"2022-03-15",258.42333984375,268.523345947266,252.190002441406,267.296661376953,66841200,267.296661376953
"2022-03-16",269.666656494141,280.666656494141,267.420013427734,280.07666015625,84028800,280.07666015625
"2022-03-17",276.996673583984,291.666656494141,275.239990234375,290.533325195312,66582900,290.533325195312
"2022-03-18",291.496673583984,302.616668701172,289.130004882812,301.796661376953,100414200,301.796661376953
"2022-03-21",304.993347167969,314.283325195312,302.363342285156,307.053344726562,81981600,307.053344726562
"2022-03-22",310,332.619995117188,307.25,331.32666015625,105868500,331.32666015625
"2022-03-23",326.646667480469,346.899993896484,325.466674804688,333.036682128906,120676200,333.036682128906
"2022-03-24",336.57666015625,341.496673583984,329.600006103516,337.973327636719,68920800,337.973327636719
"2022-03-25",336,340.600006103516,332.440002441406,336.880004882812,62031600,336.880004882812
"2022-03-28",355.033325195312,365.959991455078,351.200012207031,363.946655273438,102506100,363.946655273438
"2022-03-29",369.329986572266,371.589996337891,357.703338623047,366.523345947266,73614900,366.523345947266
"2022-03-30",363.723327636719,371.316680908203,361.333343505859,364.663330078125,59865000,364.663330078125
"2022-03-31",364.856658935547,367.713317871094,358.880004882812,359.200012207031,48992700,359.200012207031
"2022-04-01",360.383331298828,364.916656494141,355.546661376953,361.529998779297,54263100,361.529998779297
"2022-04-04",363.126678466797,383.303344726562,357.510009765625,381.816680908203,82035900,381.816680908203
"2022-04-05",378.766662597656,384.290008544922,362.433319091797,363.753326416016,80075100,363.753326416016
"2022-04-06",357.823333740234,359.666656494141,342.566680908203,348.586669921875,89348400,348.586669921875
"2022-04-07",350.796661376953,358.863342285156,340.513336181641,352.420013427734,79447200,352.420013427734
"2022-04-08",347.736663818359,349.480010986328,340.813323974609,341.829986572266,55013700,341.829986572266
"2022-04-11",326.799987792969,336.156677246094,324.880004882812,325.309997558594,59357100,325.309997558594
"2022-04-12",332.546661376953,340.396667480469,325.533325195312,328.983337402344,65976000,328.983337402344
"2022-04-13",327.026672363281,342.079986572266,324.366668701172,340.790008544922,55121100,340.790008544922
"2022-04-14",333.0966796875,337.570007324219,327.396667480469,328.333343505859,58422300,328.333343505859
"2022-04-18",329.676666259766,338.306671142578,324.470001220703,334.763336181641,51715200,334.763336181641
"2022-04-19",335.019989013672,344.980010986328,331.776672363281,342.716674804688,49847700,342.716674804688
"2022-04-20",343.333343505859,344.666656494141,325.083343505859,325.733337402344,70711200,325.733337402344
"2022-04-21",358.243347167969,364.073333740234,332.140014648438,336.260009765625,105416400,336.260009765625
"2022-04-22",338.303344726562,344.950012207031,331.333343505859,335.016662597656,69696600,335.016662597656
"2022-04-25",326.323333740234,336.206665039062,325.100006103516,332.67333984375,68341200,332.67333984375
"2022-04-26",331.809997558594,333.333343505859,291.666656494141,292.140014648438,136133700,292.140014648438
"2022-04-27",299.526672363281,306,292.453338623047,293.836669921875,76956300,293.836669921875
"2022-04-28",299.993347167969,300,273.899993896484,292.503326416016,124948500,292.503326416016
"2022-04-29",300.75,311.466674804688,290,290.253326416016,88133100,290.253326416016
"2022-05-02",286.92333984375,302.119995117188,282.676666259766,300.980010986328,75781500,300.980010986328
"2022-05-03",301.059997558594,308.026672363281,296.196655273438,303.083343505859,63709500,303.083343505859
"2022-05-04",301.313323974609,318.5,295.093322753906,317.540008544922,81643800,317.540008544922
"2022-05-05",313.006652832031,315.200012207031,285.899993896484,291.093322753906,92519100,291.093322753906
"2022-05-06",295.666656494141,296,281.036682128906,288.549987792969,72903000,288.549987792969
"2022-05-09",278.816680908203,281.876678466797,260.383331298828,262.369995117188,90810300,262.369995117188
"2022-05-10",273.103332519531,275.119995117188,258.083343505859,266.679992675781,84401700,266.679992675781
"2022-05-11",265,269.92333984375,242.399993896484,244.66667175293,97224600,244.66667175293
"2022-05-12",233.66667175293,253.220001220703,226.66667175293,242.66667175293,140313000,242.66667175293
"2022-05-13",257.82666015625,262.450012207031,250.523330688477,256.529998779297,92150700,256.529998779297
"2022-05-16",255.720001220703,256.586669921875,239.696670532227,241.456665039062,86098500,241.456665039062
"2022-05-17",249.119995117188,254.82666015625,242.949996948242,253.869995117188,80236200,253.869995117188
"2022-05-18",248.17333984375,253.5,233.603332519531,236.603332519531,87811800,236.603332519531
"2022-05-19",235.66667175293,244.66667175293,231.369995117188,236.473327636719,90296700,236.473327636719
"2022-05-20",237.996673583984,240.526672363281,211,221.300003051758,144973200,221.300003051758
"2022-05-23",218.339996337891,226.653335571289,212.686660766602,224.966659545898,88903500,224.966659545898
"2022-05-24",217.843338012695,217.973327636719,206.856674194336,209.386672973633,89092500,209.386672973633
"2022-05-25",207.949996948242,223.106674194336,207.669998168945,219.600006103516,92139300,219.600006103516
"2022-05-26",220.473327636719,239.556671142578,217.886672973633,235.910003662109,106003200,235.910003662109
"2022-05-27",241.08332824707,253.266662597656,240.176666259766,253.210006713867,89295000,253.210006713867
"2022-05-31",257.946655273438,259.600006103516,244.74333190918,252.753326416016,101914500,252.753326416016
"2022-06-01",251.720001220703,257.32666015625,243.639999389648,246.789993286133,77247900,246.789993286133
"2022-06-02",244.156661987305,264.209991455078,242.066665649414,258.333343505859,93473100,258.333343505859
"2022-06-03",243.226669311523,247.796661376953,233.41667175293,234.516662597656,112393800,234.516662597656
"2022-06-06",244.353332519531,244.866668701172,234.350006103516,238.279998779297,84204600,238.279998779297
"2022-06-07",234,239.996673583984,230.093338012695,238.886672973633,72808500,238.886672973633
"2022-06-08",240.086669921875,249.963333129883,239.176666259766,241.866668701172,76210500,241.866668701172
"2022-06-09",249.339996337891,255.546661376953,239.32666015625,239.706665039062,96491400,239.706665039062
"2022-06-10",235.156661987305,239.5,227.913330078125,232.229995727539,97536600,232.229995727539
"2022-06-13",223.16667175293,226.633331298828,214.683334350586,215.736663818359,102767400,215.736663818359
"2022-06-14",218.286666870117,226.330001831055,211.736663818359,220.889999389648,97988700,220.889999389648
"2022-06-15",220.91667175293,235.663330078125,218.149993896484,233,119131800,233
"2022-06-16",222.736663818359,225.16667175293,208.693328857422,213.100006103516,107390700,213.100006103516
"2022-06-17",213.433334350586,220.970001220703,213.196670532227,216.759994506836,92641800,216.759994506836
"2022-06-21",224.603332519531,243.57666015625,224.33332824707,237.036666870117,122793000,237.036666870117
"2022-06-22",234.503326416016,246.83332824707,233.82666015625,236.086669921875,101107500,236.086669921875
"2022-06-23",237.906661987305,239.316665649414,228.636672973633,235.070007324219,104202600,235.070007324219
"2022-06-24",237.470001220703,246.066665649414,236.086669921875,245.706665039062,95770800,245.706665039062
"2022-06-27",249.366668701172,252.070007324219,242.566665649414,244.919998168945,89178300,244.919998168945
"2022-06-28",244.483337402344,249.970001220703,232.343338012695,232.663330078125,90391200,232.663330078125
"2022-06-29",230.5,231.17333984375,222.273330688477,228.490005493164,82897200,228.490005493164
"2022-06-30",224.509994506836,229.456665039062,218.863327026367,224.473327636719,94600500,224.473327636719
"2022-07-01",227,230.229995727539,222.119995117188,227.263336181641,74460300,227.263336181641
"2022-07-05",223,233.146667480469,216.16667175293,233.066665649414,84581100,233.066665649414
"2022-07-06",230.779998779297,234.563339233398,227.186660766602,231.733337402344,71853600,231.733337402344
"2022-07-07",233.919998168945,245.363327026367,232.210006713867,244.543334960938,81930600,244.543334960938
"2022-07-08",242.33332824707,254.979995727539,241.160003662109,250.763336181641,101854200,250.763336181641
"2022-07-11",252.103332519531,253.063339233398,233.626663208008,234.343338012695,99241200,234.343338012695
"2022-07-12",236.846664428711,239.773330688477,228.369995117188,233.070007324219,87930900,233.070007324219
"2022-07-13",225.5,242.059997558594,225.033340454102,237.039993286133,97954500,237.039993286133
"2022-07-14",234.896667480469,238.653335571289,229.33332824707,238.313339233398,78557400,238.313339233398
"2022-07-15",240,243.623336791992,236.889999389648,240.066665649414,69683100,240.066665649414
"2022-07-18",244.936660766602,250.516662597656,239.603332519531,240.546661376953,82537500,240.546661376953
"2022-07-19",245,247.139999389648,236.976669311523,245.529998779297,80890200,245.529998779297
"2022-07-20",246.783340454102,250.663330078125,243.483337402344,247.5,88864200,247.5
"2022-07-21",255.106674194336,273.266662597656,254.866668701172,271.706665039062,142032300,271.706665039062
"2022-07-22",276.220001220703,280.786682128906,270.713317871094,272.243347167969,103472700,272.243347167969
"2022-07-25",272.216674804688,274.146667480469,267.399993896484,268.433319091797,64073400,268.433319091797
"2022-07-26",266.513336181641,267.309997558594,256.263336181641,258.859985351562,66820800,258.859985351562
"2022-07-27",263.809997558594,275.926666259766,261.790008544922,274.820007324219,88110000,274.820007324219
"2022-07-28",280.066680908203,283.299987792969,272.799987792969,280.899993896484,84723000,280.899993896484
"2022-07-29",280.700012207031,298.320007324219,279.100006103516,297.149993896484,95313000,297.149993896484
"2022-08-01",301.276672363281,311.876678466797,295,297.276672363281,117042900,297.276672363281
"2022-08-02",294.003326416016,307.833343505859,292.666656494141,300.586669921875,95577600,300.586669921875
"2022-08-03",305,309.549987792969,301.149993896484,307.396667480469,80091000,307.396667480469
"2022-08-04",311,313.606658935547,305,308.633331298828,72256200,308.633331298828
"2022-08-05",302.670013427734,304.606658935547,285.543334960938,288.170013427734,113172900,288.170013427734
"2022-08-08",295,305.200012207031,289.086669921875,290.42333984375,98994000,290.42333984375
"2022-08-09",290.293334960938,292.396667480469,279.353332519531,283.333343505859,86244600,283.333343505859
"2022-08-10",297.066680908203,297.510009765625,283.369995117188,294.356658935547,94918800,294.356658935547
"2022-08-11",296.513336181641,298.236663818359,285.833343505859,286.630004882812,70155000,286.630004882812
"2022-08-12",289.416656494141,300.160003662109,285.033325195312,300.029998779297,79657200,300.029998779297
"2022-08-15",301.786682128906,313.133331298828,301.230010986328,309.320007324219,89359200,309.320007324219
"2022-08-16",311.666656494141,314.666656494141,302.883331298828,306.563323974609,88136400,306.563323974609
"2022-08-17",303.396667480469,309.656677246094,300.033325195312,303.996673583984,68766000,303.996673583984
"2022-08-18",306,306.5,301.853332519531,302.869995117188,47500500,302.869995117188
"2022-08-19",299,300.359985351562,292.5,296.666656494141,61395300,296.666656494141
"2022-08-22",291.913330078125,292.399993896484,286.296661376953,289.913330078125,55843200,289.913330078125
"2022-08-23",291.453338623047,298.82666015625,287.92333984375,296.453338623047,63984900,296.453338623047
"2022-08-24",297.563323974609,303.646667480469,296.5,297.0966796875,57259800,297.0966796875
"2022-08-25",302.359985351562,302.959991455078,291.600006103516,296.070007324219,53230000,296.070007324219
"2022-08-26",297.429992675781,302,287.470001220703,288.089996337891,57163900,288.089996337891
"2022-08-29",282.829986572266,287.739990234375,280.700012207031,284.820007324219,41864700,284.820007324219
"2022-08-30",287.869995117188,288.480010986328,272.649993896484,277.700012207031,50541800,277.700012207031
"2022-08-31",280.619995117188,281.25,271.809997558594,275.609985351562,52107300,275.609985351562
"2022-09-01",272.579986572266,277.579986572266,266.149993896484,277.160003662109,54287000,277.160003662109
"2022-09-02",281.070007324219,282.350006103516,269.079986572266,270.209991455078,50890100,270.209991455078
"2022-09-06",272.679992675781,275.989990234375,265.739990234375,274.420013427734,55860000,274.420013427734
"2022-09-07",273.100006103516,283.839996337891,272.269989013672,283.700012207031,50028900,283.700012207031
"2022-09-08",281.299987792969,289.5,279.760009765625,289.260009765625,53713100,289.260009765625
"2022-09-09",291.670013427734,299.850006103516,291.25,299.679992675781,54338100,299.679992675781
"2022-09-12",300.720001220703,305.489990234375,300.399993896484,304.420013427734,48674600,304.420013427734
"2022-09-13",292.899993896484,297.399993896484,290.399993896484,292.130004882812,68229600,292.130004882812
"2022-09-14",292.239990234375,306,291.640014648438,302.609985351562,72628700,302.609985351562
"2022-09-15",301.829986572266,309.119995117188,300.720001220703,303.75,64795500,303.75
"2022-09-16",299.609985351562,303.709991455078,295.600006103516,303.350006103516,87087800,303.350006103516
"2022-09-19",300.089996337891,309.839996337891,297.799987792969,309.070007324219,60231200,309.070007324219
"2022-09-20",306.910003662109,313.329986572266,305.579986572266,308.730010986328,61642800,308.730010986328
"2022-09-21",308.290008544922,313.799987792969,300.630004882812,300.799987792969,62555700,300.799987792969
"2022-09-22",299.859985351562,301.290008544922,285.820007324219,288.589996337891,70545400,288.589996337891
"2022-09-23",283.089996337891,284.5,272.820007324219,275.329986572266,63748400,275.329986572266
"2022-09-26",271.829986572266,284.089996337891,270.309997558594,276.010009765625,58076900,276.010009765625
"2022-09-27",283.839996337891,288.670013427734,277.510009765625,282.940002441406,61925200,282.940002441406
"2022-09-28",283.079986572266,289,277.570007324219,287.809997558594,54664800,287.809997558594
"2022-09-29",282.760009765625,283.649993896484,265.779998779297,268.209991455078,77620600,268.209991455078
"2022-09-30",266.149993896484,275.570007324219,262.470001220703,265.25,67726600,265.25
"2022-10-03",254.5,255.160003662109,241.009994506836,242.399993896484,98363500,242.399993896484
"2022-10-04",250.520004272461,257.5,242.009994506836,249.440002441406,109578500,249.440002441406
"2022-10-05",245.009994506836,246.669998168945,233.270004272461,240.809997558594,86982700,240.809997558594
"2022-10-06",239.440002441406,244.580001831055,235.350006103516,238.130004882812,69298400,238.130004882812
"2022-10-07",233.940002441406,234.570007324219,222.020004272461,223.070007324219,83916800,223.070007324219
"2022-10-10",223.929992675781,226.990005493164,218.360000610352,222.960006713867,67925000,222.960006713867
"2022-10-11",220.949996948242,225.75,215,216.5,77013200,216.5
"2022-10-12",215.330001831055,219.300003051758,211.509994506836,217.240005493164,66860700,217.240005493164
"2022-10-13",208.300003051758,222.990005493164,206.220001220703,221.720001220703,91483000,221.720001220703
"2022-10-14",224.009994506836,226.259994506836,204.160003662109,204.990005493164,94124500,204.990005493164
"2022-10-17",210.039993286133,221.860000610352,209.449996948242,219.350006103516,79428800,219.350006103516
"2022-10-18",229.5,229.820007324219,217.25,220.190002441406,75891900,220.190002441406
"2022-10-19",219.800003051758,222.929992675781,217.779998779297,222.039993286133,66571500,222.039993286133
"2022-10-20",208.279998779297,215.550003051758,202,207.279998779297,117798100,207.279998779297
"2022-10-21",206.419998168945,214.660003662109,203.800003051758,214.440002441406,75713800,214.440002441406
"2022-10-24",205.820007324219,213.5,198.589996337891,211.25,100446800,211.25
"2022-10-25",210.100006103516,224.350006103516,210,222.419998168945,96507900,222.419998168945
"2022-10-26",219.399993896484,230.600006103516,218.199996948242,224.639999389648,85012500,224.639999389648
"2022-10-27",229.770004272461,233.809997558594,222.850006103516,225.089996337891,61638800,225.089996337891
"2022-10-28",225.399993896484,228.860000610352,216.350006103516,228.520004272461,69152400,228.520004272461
"2022-10-31",226.190002441406,229.850006103516,221.940002441406,227.539993286133,61554300,227.539993286133
"2022-11-01",234.050003051758,237.399993896484,227.279998779297,227.820007324219,62688800,227.820007324219
"2022-11-02",226.039993286133,227.869995117188,214.820007324219,214.979995727539,63070300,214.979995727539
"2022-11-03",211.360000610352,221.199996948242,210.139999389648,215.309997558594,56538800,215.309997558594
"2022-11-04",222.600006103516,223.800003051758,203.080001831055,207.470001220703,98622200,207.470001220703
"2022-11-07",208.649993896484,208.899993896484,196.660003662109,197.080001831055,93916500,197.080001831055
"2022-11-08",194.020004272461,195.199996948242,186.75,191.300003051758,128803400,191.300003051758
"2022-11-09",190.779998779297,195.889999389648,177.119995117188,177.589996337891,127062700,177.589996337891
"2022-11-10",189.899993896484,191,180.029998779297,190.720001220703,132703000,190.720001220703
"2022-11-11",186,196.520004272461,182.589996337891,195.970001220703,114403600,195.970001220703
"2022-11-14",192.770004272461,195.729995727539,186.339996337891,190.949996948242,92226600,190.949996948242
"2022-11-15",195.880004882812,200.820007324219,192.059997558594,194.419998168945,91293800,194.419998168945
"2022-11-16",191.509994506836,192.570007324219,185.660003662109,186.919998168945,66567600,186.919998168945
"2022-11-17",183.960006713867,186.160003662109,180.899993896484,183.169998168945,64336000,183.169998168945
"2022-11-18",185.050003051758,185.190002441406,176.550003051758,180.190002441406,76048900,180.190002441406
"2022-11-21",175.850006103516,176.770004272461,167.539993286133,167.869995117188,92882700,167.869995117188
"2022-11-22",168.630004882812,170.919998168945,166.190002441406,169.910003662109,78452300,169.910003662109
"2022-11-23",173.570007324219,183.619995117188,172.5,183.199996948242,109536700,183.199996948242
"2022-11-25",185.059997558594,185.199996948242,180.630004882812,182.860000610352,50672700,182.860000610352
"2022-11-28",179.960006713867,188.5,179,182.919998168945,92905200,182.919998168945
"2022-11-29",184.990005493164,186.380004882812,178.75,180.830001831055,83357100,180.830001831055
"2022-11-30",182.429992675781,194.759994506836,180.630004882812,194.699996948242,109186400,194.699996948242
"2022-12-01",197.080001831055,198.919998168945,191.800003051758,194.699996948242,80046200,194.699996948242
"2022-12-02",191.779998779297,196.25,191.110000610352,194.860000610352,73645900,194.860000610352
"2022-12-05",189.440002441406,191.270004272461,180.550003051758,182.449996948242,93122700,182.449996948242
"2022-12-06",181.220001220703,183.649993896484,175.330001831055,179.820007324219,92150800,179.820007324219
"2022-12-07",175.029998779297,179.380004882812,172.220001220703,174.039993286133,84213300,174.039993286133
"2022-12-08",172.199996948242,175.199996948242,169.059997558594,173.440002441406,97624500,173.440002441406
"2022-12-09",173.839996337891,182.5,173.360000610352,179.050003051758,104872300,179.050003051758
"2022-12-12",176.100006103516,177.369995117188,167.520004272461,167.820007324219,109794500,167.820007324219
"2022-12-13",174.869995117188,175.050003051758,156.910003662109,160.949996948242,175862700,160.949996948242
"2022-12-14",159.25,161.619995117188,155.309997558594,156.800003051758,140682300,156.800003051758
"2022-12-15",153.440002441406,160.929992675781,153.279998779297,157.669998168945,122334500,157.669998168945
"2022-12-16",159.639999389648,160.990005493164,150.039993286133,150.229995727539,139032200,150.229995727539
"2022-12-19",154,155.25,145.820007324219,149.869995117188,139390600,149.869995117188
"2022-12-20",146.050003051758,148.470001220703,137.660003662109,137.800003051758,159563300,137.800003051758
"2022-12-21",139.339996337891,141.259994506836,135.889999389648,137.570007324219,145417400,137.570007324219
"2022-12-22",136,136.630004882812,122.26000213623,125.349998474121,210090300,125.349998474121
"2022-12-23",126.370002746582,128.619995117188,121.019996643066,123.150001525879,166989700,123.150001525879
"2022-12-27",117.5,119.669998168945,108.76000213623,109.099998474121,208643400,109.099998474121
"2022-12-28",110.349998474121,116.269996643066,108.23999786377,112.709999084473,221070500,112.709999084473
"2022-12-29",120.389999389648,123.569999694824,117.5,121.819999694824,221923300,121.819999694824
"2022-12-30",119.949996948242,124.480003356934,119.75,123.180000305176,157777300,123.180000305176
