"Date","UAL.Open","UAL.High","UAL.Low","UAL.Close","UAL.Volume","UAL.Adjusted"
"2019-01-02",81.6900024414062,84.2900009155273,81.4100036621094,84.1800003051758,2973400,84.1800003051758
"2019-01-03",83.2600021362305,83.2600021362305,78.379997253418,80,6426200,80
"2019-01-04",80.879997253418,83.9499969482422,80.7699966430664,82.6800003051758,3808300,82.6800003051758
"2019-01-07",82.5699996948242,83.9199981689453,81.4499969482422,83.2300033569336,2653000,83.2300033569336
"2019-01-08",83.3000030517578,84.620002746582,81.8899993896484,82.379997253418,3910000,82.379997253418
"2019-01-09",81.2300033569336,83.9199981689453,81.2300033569336,83.7600021362305,5332600,83.7600021362305
"2019-01-10",80.7300033569336,81.7900009155273,77.3899993896484,81.370002746582,7376200,81.370002746582
"2019-01-11",80.6800003051758,80.9700012207031,79.2300033569336,80.0699996948242,4325300,80.0699996948242
"2019-01-14",79.2799987792969,80.3899993896484,78.6800003051758,79.9100036621094,3951200,79.9100036621094
"2019-01-15",80.5899963378906,82.0999984741211,80,81.1999969482422,5971900,81.1999969482422
"2019-01-16",86.8499984741211,87.75,85.5599975585938,86.3600006103516,10840600,86.3600006103516
"2019-01-17",86.6500015258789,87.2600021362305,85.5299987792969,86.7399978637695,3571300,86.7399978637695
"2019-01-18",87.1399993896484,87.1900024414062,85.5500030517578,85.5899963378906,3797600,85.5899963378906
"2019-01-22",85.370002746582,85.4100036621094,82.8899993896484,83.3399963378906,3776300,83.3399963378906
"2019-01-23",83.6999969482422,84.9599990844727,82.629997253418,82.879997253418,3916500,82.879997253418
"2019-01-24",84.5,85.6900024414062,83.7200012207031,84.0299987792969,4740300,84.0299987792969
"2019-01-25",84.6999969482422,85.1699981689453,83.5500030517578,84.1399993896484,4745100,84.1399993896484
"2019-01-28",83.1699981689453,85.1999969482422,83.0999984741211,84.5999984741211,2762400,84.5999984741211
"2019-01-29",84.6999969482422,85.7600021362305,84.5999984741211,85.6699981689453,2273900,85.6699981689453
"2019-01-30",85.9000015258789,87.9700012207031,85.5500030517578,87.4700012207031,2541300,87.4700012207031
"2019-01-31",87.5599975585938,88.1500015258789,86.7900009155273,87.2699966430664,3762700,87.2699966430664
"2019-02-01",87.2099990844727,88.5699996948242,87.1699981689453,87.4899978637695,1824200,87.4899978637695
"2019-02-04",87.4700012207031,88.629997253418,87.2799987792969,88.620002746582,2377400,88.620002746582
"2019-02-05",88.7200012207031,89.8199996948242,88.620002746582,89.4599990844727,3083700,89.4599990844727
"2019-02-06",89.1399993896484,89.879997253418,88.4100036621094,89.75,2205400,89.75
"2019-02-07",89.3300018310547,89.8399963378906,87.6699981689453,87.8600006103516,3165300,87.8600006103516
"2019-02-08",87.3399963378906,88.1900024414062,86.6600036621094,88.1699981689453,2197500,88.1699981689453
"2019-02-11",88.8600006103516,89.4499969482422,88.1699981689453,89.1500015258789,2348900,89.1500015258789
"2019-02-12",89.8899993896484,90.2699966430664,87.879997253418,87.9700012207031,2798500,87.9700012207031
"2019-02-13",88.2799987792969,88.9000015258789,87.9400024414062,88.5800018310547,3680100,88.5800018310547
"2019-02-14",88.2699966430664,88.7399978637695,87.5,88.1500015258789,1482600,88.1500015258789
"2019-02-15",89.3499984741211,89.3499984741211,88.1100006103516,88.3099975585938,2230300,88.3099975585938
"2019-02-19",87.870002746582,89.8199996948242,87.8199996948242,89.2399978637695,2224200,89.2399978637695
"2019-02-20",88.2799987792969,89.2399978637695,87.2900009155273,88.5,3151000,88.5
"2019-02-21",88.370002746582,89.4499969482422,88.25,88.8399963378906,2132500,88.8399963378906
"2019-02-22",88.9400024414062,89.6500015258789,88.6500015258789,89.4300003051758,1907600,89.4300003051758
"2019-02-25",90.0500030517578,90.5999984741211,89.379997253418,89.5800018310547,2395000,89.5800018310547
"2019-02-26",89.5699996948242,90.9300003051758,89.0400009155273,89.5299987792969,4089400,89.5299987792969
"2019-02-27",88.9199981689453,89.2600021362305,86.8399963378906,87.5999984741211,2466700,87.5999984741211
"2019-02-28",87.9000015258789,88.6999969482422,87.2200012207031,87.8099975585938,2300000,87.8099975585938
"2019-03-01",88.4599990844727,88.620002746582,85.370002746582,86.9199981689453,3699400,86.9199981689453
"2019-03-04",87.0999984741211,87.2399978637695,83.2699966430664,84.3099975585938,4094500,84.3099975585938
"2019-03-05",84.6399993896484,85.7200012207031,83.8199996948242,85.0500030517578,2848200,85.0500030517578
"2019-03-06",84.8899993896484,85.6800003051758,84.2699966430664,84.3300018310547,2544100,84.3300018310547
"2019-03-07",83.9800033569336,84.1999969482422,81.9499969482422,82.6100006103516,4565700,82.6100006103516
"2019-03-08",81.9899978637695,82.9000015258789,81.620002746582,82.4000015258789,2316800,82.4000015258789
"2019-03-11",81.9400024414062,82.5299987792969,81.7399978637695,82.379997253418,5140500,82.379997253418
"2019-03-12",82.6699981689453,82.9100036621094,79.5899963378906,79.8499984741211,6055300,79.8499984741211
"2019-03-13",80.5,81.4000015258789,79.879997253418,81.2099990844727,3450300,81.2099990844727
"2019-03-14",81.1999969482422,82.0599975585938,81.0899963378906,81.4899978637695,1816200,81.4899978637695
"2019-03-15",81.7600021362305,82.4800033569336,81.379997253418,81.6900024414062,4860300,81.6900024414062
"2019-03-18",81.3899993896484,81.7399978637695,80.5,80.7300033569336,2780200,80.7300033569336
"2019-03-19",80.9300003051758,81.8600006103516,80.75,81.3399963378906,2390400,81.3399963378906
"2019-03-20",81.1800003051758,81.4000015258789,79.7900009155273,79.8300018310547,4660700,79.8300018310547
"2019-03-21",80.2900009155273,81.4599990844727,79.6900024414062,81,2330500,81
"2019-03-22",80.6399993896484,80.7699966430664,78.75,79.629997253418,3160000,79.629997253418
"2019-03-25",79.6800003051758,80.0100021362305,78.0899963378906,78.120002746582,4731400,78.120002746582
"2019-03-26",78.4599990844727,78.8199996948242,77.0199966430664,77.4899978637695,3061400,77.4899978637695
"2019-03-27",77.5400009155273,79.5699996948242,77.5,78.5299987792969,2371500,78.5299987792969
"2019-03-28",78.9899978637695,79.2900009155273,77.7799987792969,78.5999984741211,1563100,78.5999984741211
"2019-03-29",79.0500030517578,80.0500030517578,78.5800018310547,79.7799987792969,2449900,79.7799987792969
"2019-04-01",80.2099990844727,81.6900024414062,79.5599975585938,80.870002746582,2723200,80.870002746582
"2019-04-02",83.1900024414062,85.0999984741211,82.3399963378906,82.7699966430664,3795100,82.7699966430664
"2019-04-03",83.25,84.9199981689453,83.0999984741211,84.1999969482422,4047800,84.1999969482422
"2019-04-04",84.5100021362305,85.2699966430664,83.5400009155273,84.6399993896484,1748400,84.6399993896484
"2019-04-05",84.9499969482422,85.75,84.5199966430664,84.9100036621094,3018100,84.9100036621094
"2019-04-08",84.5999984741211,85.120002746582,83.8000030517578,84.5800018310547,1853000,84.5800018310547
"2019-04-09",84.0899963378906,84.6399993896484,83.4599990844727,84.25,2016700,84.25
"2019-04-10",85.3300018310547,85.5500030517578,83.6100006103516,84.5199966430664,3547300,84.5199966430664
"2019-04-11",84.5599975585938,86.4199981689453,84.5599975585938,85.75,2570200,85.75
"2019-04-12",86.1900024414062,86.5,85.3000030517578,85.4899978637695,4507500,85.4899978637695
"2019-04-15",85.3099975585938,85.4300003051758,84.0800018310547,84.5199966430664,2324200,84.5199966430664
"2019-04-16",84.8099975585938,85.6699981689453,84.3899993896484,85.1699981689453,3747800,85.1699981689453
"2019-04-17",87.9400024414062,89.7300033569336,87.2900009155273,89.2399978637695,6963700,89.2399978637695
"2019-04-18",89.6699981689453,89.8099975585938,87.4599990844727,88.2799987792969,3508300,88.2799987792969
"2019-04-22",87.7699966430664,88.5500030517578,87.1500015258789,87.5599975585938,2060600,87.5599975585938
"2019-04-23",87.4899978637695,88.5,87.2600021362305,87.9700012207031,2220800,87.9700012207031
"2019-04-24",88.0999984741211,88.9599990844727,87.6100006103516,88.0299987792969,2049900,88.0299987792969
"2019-04-25",87.5699996948242,89.1500015258789,86.6699981689453,86.8600006103516,2152800,86.8600006103516
"2019-04-26",86.5599975585938,88.4300003051758,86.4899978637695,87.9400024414062,1544900,87.9400024414062
"2019-04-29",88.0199966430664,89.879997253418,88.0199966430664,89.6100006103516,2561900,89.6100006103516
"2019-04-30",89.6600036621094,90.1600036621094,88.6399993896484,88.8600006103516,2688200,88.8600006103516
"2019-05-01",89.0599975585938,89.7099990844727,87.7799987792969,87.9400024414062,2239600,87.9400024414062
"2019-05-02",88.0599975585938,89.2900009155273,88.0100021362305,88.3099975585938,1868600,88.3099975585938
"2019-05-03",88.5,89.0599975585938,88.2699966430664,88.5,1165000,88.5
"2019-05-06",87.1399993896484,88.0299987792969,86.5199966430664,87.7900009155273,1620400,87.7900009155273
"2019-05-07",86.75,86.7600021362305,84.620002746582,85.6800003051758,2400000,85.6800003051758
"2019-05-08",85.25,86.0899963378906,84.25,84.6399993896484,1900500,84.6399993896484
"2019-05-09",83.8399963378906,84.1500015258789,81.8099975585938,84.120002746582,2329000,84.120002746582
"2019-05-10",83.5,85.1900024414062,80.9899978637695,84.7900009155273,2841900,84.7900009155273
"2019-05-13",83.0299987792969,83.1900024414062,81.4400024414062,82.0699996948242,3908100,82.0699996948242
"2019-05-14",82.2600021362305,83.7699966430664,81.9300003051758,83.4499969482422,1928500,83.4499969482422
"2019-05-15",82.4000015258789,83.2699966430664,81.3300018310547,82.3499984741211,2371000,82.3499984741211
"2019-05-16",82.4199981689453,83.6500015258789,82.0500030517578,82.5800018310547,1803300,82.5800018310547
"2019-05-17",82.129997253418,82.4700012207031,81.2300033569336,81.5,2857900,81.5
"2019-05-20",81.3899993896484,82.4800033569336,81,81.7399978637695,2355600,81.7399978637695
"2019-05-21",82.5,83.370002746582,82.4199981689453,82.9700012207031,2162600,82.9700012207031
"2019-05-22",82.4000015258789,83,81.6999969482422,81.879997253418,1505800,81.879997253418
"2019-05-23",81.3000030517578,81.9599990844727,79.7699966430664,80.9100036621094,2231100,80.9100036621094
"2019-05-24",81.25,81.75,80.4700012207031,80.7900009155273,2266300,80.7900009155273
"2019-05-28",80.5,80.7900009155273,79.6600036621094,79.9000015258789,2242100,79.9000015258789
"2019-05-29",79.5,79.5299987792969,78.0999984741211,79.25,3133100,79.25
"2019-05-30",79.2900009155273,80.4000015258789,79.0400009155273,79.4700012207031,1528900,79.4700012207031
"2019-05-31",78.5199966430664,79.5199966430664,77.4000015258789,77.6500015258789,3553800,77.6500015258789
"2019-06-03",77.379997253418,78.7300033569336,77.3499984741211,77.7200012207031,2065200,77.7200012207031
"2019-06-04",78.8600006103516,80.6699981689453,78.5500030517578,80.5199966430664,3026500,80.5199966430664
"2019-06-05",80.9400024414062,81.9800033569336,80.4899978637695,81.8499984741211,2002500,81.8499984741211
"2019-06-06",83.1399993896484,84.0100021362305,81.9300003051758,82.9599990844727,2390200,82.9599990844727
"2019-06-07",83.0899963378906,84.8499984741211,83.0899963378906,83.2699966430664,1475700,83.2699966430664
"2019-06-10",83.620002746582,84.5400009155273,82.5699996948242,82.6699981689453,1697800,82.6699981689453
"2019-06-11",83.3399963378906,83.7799987792969,82.0699996948242,82.7699966430664,1894400,82.7699966430664
"2019-06-12",82.8600006103516,84.2900009155273,82.8399963378906,83.7900009155273,1999800,83.7900009155273
"2019-06-13",84.0500030517578,87.7399978637695,84.0500030517578,87.1100006103516,3864900,87.1100006103516
"2019-06-14",87.0699996948242,87.9100036621094,86.0100021362305,87.120002746582,1652500,87.120002746582
"2019-06-17",87.2699966430664,87.5599975585938,86.3099975585938,86.7699966430664,1820600,86.7699966430664
"2019-06-18",87.4199981689453,88.6600036621094,87.1100006103516,87.4000015258789,1694100,87.4000015258789
"2019-06-19",87.7600021362305,88.879997253418,87.1399993896484,88.6600036621094,2091600,88.6600036621094
"2019-06-20",89.3199996948242,89.4100036621094,85.8899993896484,87.1399993896484,3261900,87.1399993896484
"2019-06-21",86.3099975585938,88.1600036621094,86.3099975585938,86.7200012207031,2461900,86.7200012207031
"2019-06-24",86.7799987792969,87.1100006103516,86.0599975585938,86.5500030517578,1507800,86.5500030517578
"2019-06-25",86.629997253418,87.2300033569336,84.8099975585938,85.0599975585938,2480900,85.0599975585938
"2019-06-26",85.379997253418,85.8099975585938,84.75,85.3300018310547,2034700,85.3300018310547
"2019-06-27",85.6500015258789,86.8600006103516,85.129997253418,86.4300003051758,1394800,86.4300003051758
"2019-06-28",86.6600036621094,87.7399978637695,86.6600036621094,87.5500030517578,3025400,87.5500030517578
"2019-07-01",88.8399963378906,89.7200012207031,87.7699966430664,88.4499969482422,4016500,88.4499969482422
"2019-07-02",89.2099990844727,90,87.9499969482422,88.870002746582,2237200,88.870002746582
"2019-07-03",89.1399993896484,91.0800018310547,89.1399993896484,90.6699981689453,1647100,90.6699981689453
"2019-07-05",90.3899993896484,90.9499969482422,89.0699996948242,90.5899963378906,3227300,90.5899963378906
"2019-07-08",90.1600036621094,91.4800033569336,90.0999984741211,90.6699981689453,2514600,90.6699981689453
"2019-07-09",90.379997253418,90.9300003051758,89.2099990844727,89.4599990844727,3912800,89.4599990844727
"2019-07-10",90.3099975585938,91.0699996948242,88.9199981689453,89.5100021362305,2395300,89.5100021362305
"2019-07-11",89.5100021362305,90.5999984741211,89,89.4800033569336,2262300,89.4800033569336
"2019-07-12",89.6999969482422,91.5199966430664,89.629997253418,91.2300033569336,2894800,91.2300033569336
"2019-07-15",91.5999984741211,92.4300003051758,91.1500015258789,91.3199996948242,2388300,91.3199996948242
"2019-07-16",91.8099975585938,94.5,91.8000030517578,93.9199981689453,4706100,93.9199981689453
"2019-07-17",94.0299987792969,95.25,92.3399963378906,94.7799987792969,6019500,94.7799987792969
"2019-07-18",94.3199996948242,95.4800033569336,93.879997253418,95.2799987792969,3299800,95.2799987792969
"2019-07-19",95.379997253418,96.0299987792969,93.5400009155273,93.8300018310547,3360700,93.8300018310547
"2019-07-22",94.0699996948242,95.0599975585938,93.7699966430664,93.8300018310547,2305100,93.8300018310547
"2019-07-23",94.1399993896484,94.9800033569336,93.75,94.9300003051758,2105100,94.9300003051758
"2019-07-24",94.9100036621094,95.4599990844727,94.2399978637695,95.1100006103516,2344400,95.1100006103516
"2019-07-25",94.1900024414062,95.1100006103516,92.9599990844727,93.9300003051758,3196100,93.9300003051758
"2019-07-26",94.0199966430664,94.4400024414062,93.2300033569336,93.3600006103516,1684800,93.3600006103516
"2019-07-29",93.4400024414062,94.0500030517578,93.129997253418,93.4400024414062,1957100,93.4400024414062
"2019-07-30",92.8300018310547,93.9700012207031,92.4800033569336,93.9300003051758,1717200,93.9300003051758
"2019-07-31",93.5599975585938,93.8199996948242,91.4800033569336,91.9100036621094,2125300,91.9100036621094
"2019-08-01",92.0299987792969,93.0400009155273,89.7300033569336,90.4899978637695,2518700,90.4899978637695
"2019-08-02",90.0100021362305,90.25,88.8300018310547,89.4300003051758,2281800,89.4300003051758
"2019-08-05",88.879997253418,88.879997253418,84.8000030517578,85.5899963378906,3721800,85.5899963378906
"2019-08-06",85.9100036621094,86.5699996948242,84.9700012207031,85.4599990844727,2369900,85.4599990844727
"2019-08-07",84.7200012207031,86.9599990844727,84.0299987792969,86.4800033569336,2380100,86.4800033569336
"2019-08-08",86.7099990844727,87.9800033569336,86.5899963378906,87.629997253418,1419900,87.629997253418
"2019-08-09",87.4599990844727,87.8300018310547,86.0999984741211,86.9800033569336,2078700,86.9800033569336
"2019-08-12",86.2399978637695,86.2399978637695,83.9499969482422,84.7099990844727,2185000,84.7099990844727
"2019-08-13",84.1500015258789,86.2799987792969,83.5299987792969,84.5599975585938,2662800,84.5599975585938
"2019-08-14",83.0500030517578,83.5800018310547,80.7799987792969,81.9499969482422,3250500,81.9499969482422
"2019-08-15",82.0400009155273,82.2300033569336,80.8300018310547,81.620002746582,3225800,81.620002746582
"2019-08-16",82.25,83.3099975585938,81.8399963378906,82.9400024414062,2260500,82.9400024414062
"2019-08-19",84.0199966430664,84.9300003051758,83.8099975585938,83.8899993896484,2268800,83.8899993896484
"2019-08-20",83.6500015258789,84.4300003051758,83.2099990844727,84.0299987792969,1495000,84.0299987792969
"2019-08-21",84.6699981689453,85.6699981689453,84.629997253418,85.2900009155273,1672600,85.2900009155273
"2019-08-22",85.3000030517578,85.870002746582,84.6900024414062,85.5599975585938,1310100,85.5599975585938
"2019-08-23",85.0599975585938,85.6500015258789,82.2200012207031,82.5299987792969,3674600,82.5299987792969
"2019-08-26",83.4199981689453,83.629997253418,82.4499969482422,83.5800018310547,1851400,83.5800018310547
"2019-08-27",84.2799987792969,84.7099990844727,81.75,81.9400024414062,2213800,81.9400024414062
"2019-08-28",81.5199966430664,82.9899978637695,81.1699981689453,82.4499969482422,2299500,82.4499969482422
"2019-08-29",83.2300033569336,85.129997253418,83.2300033569336,84.6900024414062,4085100,84.6900024414062
"2019-08-30",85.1999969482422,85.6800003051758,84.0899963378906,84.3099975585938,1928900,84.3099975585938
"2019-09-03",83.6399993896484,83.7600021362305,82.25,83.1500015258789,2350100,83.1500015258789
"2019-09-04",83,84.8600006103516,83,83.9100036621094,2737800,83.9100036621094
"2019-09-05",84.6900024414062,86.870002746582,84.6900024414062,85.8399963378906,2968900,85.8399963378906
"2019-09-06",86.370002746582,87.4400024414062,86.1999969482422,86.3000030517578,2345100,86.3000030517578
"2019-09-09",86.4899978637695,87.7300033569336,85.9100036621094,87.3300018310547,2123100,87.3300018310547
"2019-09-10",87.1999969482422,87.7900009155273,86.6100006103516,87.5599975585938,1711700,87.5599975585938
"2019-09-11",87.620002746582,88.870002746582,87.1699981689453,88.379997253418,2431500,88.379997253418
"2019-09-12",88.6800003051758,89.8300018310547,88.5500030517578,89.379997253418,2724700,89.379997253418
"2019-09-13",90.4100036621094,91.8399963378906,89.75,91.3499984741211,3000700,91.3499984741211
"2019-09-16",88.3000030517578,90.129997253418,88.1699981689453,88.7600021362305,3438200,88.7600021362305
"2019-09-17",89.379997253418,91.2600021362305,88.7900009155273,89.9800033569336,3553500,89.9800033569336
"2019-09-18",89.6999969482422,90.2900009155273,88.9400024414062,90.2300033569336,2153000,90.2300033569336
"2019-09-19",90.3499984741211,90.620002746582,89.1800003051758,89.4199981689453,2348800,89.4199981689453
"2019-09-20",89.4700012207031,90.0500030517578,88.9199981689453,89.0899963378906,2654900,89.0899963378906
"2019-09-23",88.620002746582,88.879997253418,87.4199981689453,88.2099990844727,3082500,88.2099990844727
"2019-09-24",88.9700012207031,89.1999969482422,87.5100021362305,88.3000030517578,1545100,88.3000030517578
"2019-09-25",88.2399978637695,89.879997253418,88.2399978637695,89.1699981689453,1729500,89.1699981689453
"2019-09-26",89.379997253418,89.5500030517578,87.7699966430664,88.4499969482422,1282400,88.4499969482422
"2019-09-27",88.8499984741211,90.3000030517578,87.8199996948242,88.1399993896484,1654400,88.1399993896484
"2019-09-30",88.4000015258789,88.9800033569336,87.9100036621094,88.4100036621094,1939400,88.4100036621094
"2019-10-01",89.1500015258789,90.1900024414062,87.2300033569336,87.8399963378906,2419800,87.8399963378906
"2019-10-02",86,86.8499984741211,82.0599975585938,83.6900024414062,4212200,83.6900024414062
"2019-10-03",83.6100006103516,83.6100006103516,80.870002746582,83.2699966430664,2727000,83.2699966430664
"2019-10-04",83.5299987792969,84.4700012207031,83.120002746582,84.2900009155273,1936000,84.2900009155273
"2019-10-07",83.6100006103516,85.2600021362305,83.6100006103516,84.8499984741211,2083900,84.8499984741211
"2019-10-08",84.25,86.120002746582,83.9000015258789,84.6900024414062,2548000,84.6900024414062
"2019-10-09",85.7399978637695,87.5100021362305,85.7300033569336,86.4599990844727,3124200,86.4599990844727
"2019-10-10",85.3899993896484,87.7600021362305,84.7300033569336,87.3399963378906,2701100,87.3399963378906
"2019-10-11",88.5199966430664,89.129997253418,87.120002746582,87.1500015258789,2455700,87.1500015258789
"2019-10-14",87.1100006103516,87.1500015258789,86.2399978637695,86.9700012207031,3421900,86.9700012207031
"2019-10-15",87.2799987792969,88.6600036621094,86.6800003051758,87.879997253418,4348500,87.879997253418
"2019-10-16",89.3499984741211,90.8399963378906,88.2200012207031,89.6999969482422,6780700,89.6999969482422
"2019-10-17",90.1999969482422,90.4100036621094,88.9300003051758,89.4599990844727,2482000,89.4599990844727
"2019-10-18",89.4300003051758,90.7600021362305,89.3300018310547,90.0899963378906,2722400,90.0899963378906
"2019-10-21",90.4899978637695,91.5,90.4899978637695,90.7799987792969,2045100,90.7799987792969
"2019-10-22",90.6800003051758,91.0500030517578,89.620002746582,89.7099990844727,1997000,89.7099990844727
"2019-10-23",89.6500015258789,90.1699981689453,88.9499969482422,89.9000015258789,1640600,89.9000015258789
"2019-10-24",90.5899963378906,91.5100021362305,89.2200012207031,89.8099975585938,2283500,89.8099975585938
"2019-10-25",89.6800003051758,91.8399963378906,89.6699981689453,91.6399993896484,2218500,91.6399993896484
"2019-10-28",91.8300018310547,92.8000030517578,91.7799987792969,92.1900024414062,1841000,92.1900024414062
"2019-10-29",91.879997253418,92.379997253418,90.9000015258789,91.0299987792969,1552500,91.0299987792969
"2019-10-30",91.0500030517578,91.8899993896484,90.4100036621094,91.6699981689453,1694800,91.6699981689453
"2019-10-31",91.120002746582,91.4000015258789,90.4100036621094,90.8399963378906,1997500,90.8399963378906
"2019-11-01",91.6500015258789,92.5199966430664,91.2900009155273,91.6500015258789,2248300,91.6500015258789
"2019-11-04",92.3099975585938,92.9599990844727,92.0299987792969,92.3899993896484,1905900,92.3899993896484
"2019-11-05",92.629997253418,93.620002746582,92.4599990844727,93.120002746582,2624000,93.120002746582
"2019-11-06",93.4199981689453,93.5999984741211,92.5800018310547,93.3399963378906,1179300,93.3399963378906
"2019-11-07",94,95.1600036621094,93.5599975585938,93.8000030517578,3014100,93.8000030517578
"2019-11-08",93.8099975585938,93.8600006103516,92.6100006103516,93.4400024414062,914900,93.4400024414062
"2019-11-11",92.8499984741211,93.8199996948242,92.6699981689453,93.5299987792969,1127100,93.5299987792969
"2019-11-12",93.4400024414062,93.879997253418,92.6600036621094,92.7200012207031,1542000,92.7200012207031
"2019-11-13",92.620002746582,92.9800033569336,92.0400009155273,92.4199981689453,1822600,92.4199981689453
"2019-11-14",92.75,92.9499969482422,91.9000015258789,92.5199966430664,1051800,92.5199966430664
"2019-11-15",93,93.5,92.3199996948242,92.5100021362305,1552700,92.5100021362305
"2019-11-18",92.4499969482422,92.7900009155273,91.4499969482422,92.7699966430664,1808700,92.7699966430664
"2019-11-19",93.129997253418,93.7200012207031,92.4199981689453,93.2900009155273,1606400,93.2900009155273
"2019-11-20",92.75,93.4599990844727,90.8499984741211,91.6999969482422,3133900,91.6999969482422
"2019-11-21",91.879997253418,92.1100006103516,90.7699966430664,90.9700012207031,1630900,90.9700012207031
"2019-11-22",91.0999984741211,91.9400024414062,90.9400024414062,91.7799987792969,1440400,91.7799987792969
"2019-11-25",92.1100006103516,93.129997253418,91.5500030517578,92.5199966430664,1941700,92.5199966430664
"2019-11-26",92.4800033569336,92.9199981689453,92.0199966430664,92.7600021362305,2042400,92.7600021362305
"2019-11-27",93.0599975585938,93.6699981689453,92.7699966430664,93.0500030517578,1602200,93.0500030517578
"2019-11-29",92.8000030517578,93.4899978637695,92.5100021362305,92.8000030517578,905800,92.8000030517578
"2019-12-02",93,93.620002746582,91.4400024414062,91.629997253418,1941600,91.629997253418
"2019-12-03",90.5999984741211,90.7799987792969,88.5,88.870002746582,3352800,88.870002746582
"2019-12-04",89.1600036621094,89.8099975585938,88.129997253418,88.1699981689453,2072400,88.1699981689453
"2019-12-05",89.0999984741211,89.3300018310547,87.5999984741211,87.8600006103516,1959700,87.8600006103516
"2019-12-06",88.7900009155273,89.5,88.5500030517578,88.5800018310547,1485300,88.5800018310547
"2019-12-09",88.4899978637695,88.5800018310547,87.3000030517578,87.6100006103516,2160900,87.6100006103516
"2019-12-10",87.5800018310547,87.9199981689453,86.3600006103516,86.5100021362305,1994800,86.5100021362305
"2019-12-11",86.4700012207031,87.1500015258789,86.0800018310547,87.0199966430664,2418200,87.0199966430664
"2019-12-12",87.6999969482422,89.9000015258789,87.3199996948242,88.4700012207031,2903600,88.4700012207031
"2019-12-13",88.1999969482422,89.4300003051758,87.4199981689453,87.5800018310547,1972800,87.5800018310547
"2019-12-16",87.9499969482422,89.4599990844727,87.9499969482422,88.629997253418,2090200,88.629997253418
"2019-12-17",88.5699996948242,89.9899978637695,88.3499984741211,89.3600006103516,2218400,89.3600006103516
"2019-12-18",89.5,89.9800033569336,88.3600006103516,88.8399963378906,1876900,88.8399963378906
"2019-12-19",89.2799987792969,89.7799987792969,89.0500030517578,89.2200012207031,2172500,89.2200012207031
"2019-12-20",89.370002746582,89.9000015258789,89.0500030517578,89.2799987792969,3025900,89.2799987792969
"2019-12-23",89.7200012207031,90.0999984741211,89.2799987792969,89.4400024414062,1905900,89.4400024414062
"2019-12-24",89.4599990844727,89.629997253418,88.6600036621094,89.1500015258789,771100,89.1500015258789
"2019-12-26",89.3000030517578,89.7200012207031,88.8000030517578,89.2600021362305,1039700,89.2600021362305
"2019-12-27",89.3099975585938,89.3899993896484,88.0100021362305,88.370002746582,1402100,88.370002746582
"2019-12-30",88.5100021362305,88.8600006103516,87.5100021362305,87.9599990844727,1799900,87.9599990844727
"2019-12-31",87.7099990844727,88.4599990844727,87.7099990844727,88.0899963378906,2073700,88.0899963378906
"2020-01-02",89.5699996948242,90.5699996948242,89.1100006103516,89.7399978637695,2769800,89.7399978637695
"2020-01-03",86.8000030517578,88.1600036621094,86.2600021362305,87.9000015258789,3562900,87.9000015258789
"2020-01-06",86.7200012207031,88.0699996948242,86.6500015258789,87.6999969482422,2652700,87.6999969482422
"2020-01-07",87.4100036621094,88.1600036621094,86.7399978637695,86.7699966430664,2581300,86.7699966430664
"2020-01-08",86.9000015258789,88.4499969482422,86.3000030517578,87.3000030517578,4152500,87.3000030517578
"2020-01-09",87.7200012207031,88.7200012207031,87.5,87.9499969482422,2252200,87.9499969482422
"2020-01-10",88.0400009155273,88.2600021362305,86.9700012207031,87.3099975585938,2035700,87.3099975585938
"2020-01-13",87.3099975585938,87.6699981689453,86.6999969482422,86.8899993896484,2707600,86.8899993896484
"2020-01-14",88.1699981689453,89.6399993896484,87.7099990844727,87.8499984741211,3243500,87.8499984741211
"2020-01-15",87.6100006103516,88.8000030517578,87.25,88.2900009155273,1878900,88.2900009155273
"2020-01-16",88.7900009155273,89.7200012207031,88.7799987792969,89.5400009155273,2427500,89.5400009155273
"2020-01-17",89.8000030517578,90.0999984741211,88.9599990844727,89.6999969482422,4221100,89.6999969482422
"2020-01-21",87.879997253418,88,84.5699996948242,85.7900009155273,9546700,85.7900009155273
"2020-01-22",86.75,87.5699996948242,83.1500015258789,83.3399963378906,8453200,83.3399963378906
"2020-01-23",83,85.1699981689453,81.0599975585938,84.879997253418,6194300,84.879997253418
"2020-01-24",84.3099975585938,84.7300033569336,80.2799987792969,81.9000015258789,6869800,81.9000015258789
"2020-01-27",78,78.4599990844727,76.5500030517578,77.629997253418,8671300,77.629997253418
"2020-01-28",78.25,78.4700012207031,77,77.0500030517578,7575600,77.0500030517578
"2020-01-29",77.4000015258789,77.4899978637695,75.0100021362305,75.2099990844727,5508200,75.2099990844727
"2020-01-30",74.6600036621094,77.9800033569336,74.4400024414062,77.75,5900400,77.75
"2020-01-31",77.1699981689453,77.2900009155273,74.5199966430664,74.8000030517578,5196600,74.8000030517578
"2020-02-03",75.4899978637695,77.120002746582,74.879997253418,74.9100036621094,3950600,74.9100036621094
"2020-02-04",76.6399993896484,79.5299987792969,76.5,78.8899993896484,6423900,78.8899993896484
"2020-02-05",80.7600021362305,82.3600006103516,80.0500030517578,81.8499984741211,6993700,81.8499984741211
"2020-02-06",82.4000015258789,82.7200012207031,79.7900009155273,80.5,5218800,80.5
"2020-02-07",80,80.2399978637695,78.6500015258789,79.4800033569336,3129700,79.4800033569336
"2020-02-10",78.9499969482422,79.6100006103516,77.7799987792969,79.4700012207031,3492700,79.4700012207031
"2020-02-11",80.0199966430664,81.4499969482422,79.9400024414062,80.5299987792969,2763600,80.5299987792969
"2020-02-12",81.0800018310547,82.5999984741211,81,82.1999969482422,2907100,82.1999969482422
"2020-02-13",81,81.7399978637695,80.370002746582,80.9899978637695,2998800,80.9899978637695
"2020-02-14",81.0199966430664,81.4400024414062,79.4000015258789,79.5500030517578,3119700,79.5500030517578
"2020-02-18",79,80.629997253418,78.6500015258789,80.2399978637695,4183400,80.2399978637695
"2020-02-19",80.9400024414062,80.9400024414062,79.1900024414062,79.4199981689453,3350300,79.4199981689453
"2020-02-20",79.3000030517578,81.6699981689453,79.3000030517578,79.9100036621094,2893900,79.9100036621094
"2020-02-21",79.4000015258789,79.4000015258789,77.3199996948242,78.0100021362305,4541400,78.0100021362305
"2020-02-24",75.0800018310547,76.0199966430664,73.6500015258789,75.4700012207031,6332900,75.4700012207031
"2020-02-25",75.7600021362305,76.1800003051758,70.3199996948242,70.5699996948242,8076200,70.5699996948242
"2020-02-26",71.75,71.9100036621094,65.8899993896484,66.5299987792969,9363900,66.5299987792969
"2020-02-27",62.9000015258789,69.0199966430664,61.2000007629395,64.9400024414062,10257100,64.9400024414062
"2020-02-28",62.8499984741211,64.879997253418,60.8300018310547,61.5900001525879,9930600,61.5900001525879
"2020-03-02",61.1300010681152,61.2700004577637,57.0400009155273,61.2599983215332,13015200,61.2599983215332
"2020-03-03",63.1399993896484,63.5299987792969,57.9599990844727,58.2900009155273,9208800,58.2900009155273
"2020-03-04",59.5099983215332,59.7400016784668,56.3199996948242,59.4700012207031,10671200,59.4700012207031
"2020-03-05",57.1100006103516,57.1599998474121,50.9300003051758,51.5900001525879,13974700,51.5900001525879
"2020-03-06",48.6100006103516,56,48.2599983215332,52.0999984741211,16492200,52.0999984741211
"2020-03-09",49.5900001525879,50.9900016784668,45.9199981689453,46.7799987792969,12307600,46.7799987792969
"2020-03-10",51,54.3300018310547,46.6199989318848,52.560001373291,15642900,52.560001373291
"2020-03-11",50.5299987792969,51.2299995422363,48.0499992370605,49.3400001525879,10899400,49.3400001525879
"2020-03-12",42.7700004577637,44.310001373291,37.0099983215332,37.0800018310547,19423600,37.0800018310547
"2020-03-13",41.3300018310547,42.4900016784668,34,41.6399993896484,24135300,41.6399993896484
"2020-03-16",34.3400001525879,39.3699989318848,30.3799991607666,35.4700012207031,28259500,35.4700012207031
"2020-03-17",36.4900016784668,38.1399993896484,30.0499992370605,30.6700000762939,21078900,30.6700000762939
"2020-03-18",28.8099994659424,28.9699993133545,17.7999992370605,21.3799991607666,35372700,21.3799991607666
"2020-03-19",21.3400001525879,23.9899997711182,18.0900001525879,21.2800006866455,31611200,21.2800006866455
"2020-03-20",23.3700008392334,30.7399997711182,22.2000007629395,24.5,37408000,24.5
"2020-03-23",25.9699993133545,26.6000003814697,23.3700008392334,26.25,25585800,26.25
"2020-03-24",31.9899997711182,34.1500015258789,30.0100002288818,33,31502500,33
"2020-03-25",38,39.4700012207031,33.2900009155273,36.5999984741211,32988800,36.5999984741211
"2020-03-26",38.3800010681152,39.7799987792969,34.5299987792969,35.5499992370605,29563600,35.5499992370605
"2020-03-27",35.0200004577637,35.2000007629395,32.0299987792969,32.8400001525879,18379600,32.8400001525879
"2020-03-30",30.6900005340576,31.7999992370605,28,30.1599998474121,18386400,30.1599998474121
"2020-03-31",31.3099994659424,33.5999984741211,30.5799999237061,31.5499992370605,16568800,31.5499992370605
"2020-04-01",29.5100002288818,29.6900005340576,25.3600006103516,25.6499996185303,27541600,25.6499996185303
"2020-04-02",25.2399997711182,26.0900001525879,23,23.4200000762939,25212800,23.4200000762939
"2020-04-03",24.2199993133545,24.9400005340576,21.5599994659424,22.8899993896484,28350300,22.8899993896484
"2020-04-06",23.8999996185303,24.7999992370605,21.7999992370605,24.0200004577637,32386700,24.0200004577637
"2020-04-07",28.2000007629395,28.6900005340576,23.7199993133545,24.4799995422363,43809300,24.4799995422363
"2020-04-08",25.6499996185303,27.5400009155273,24.5100002288818,27.5100002288818,32657700,27.5100002288818
"2020-04-09",29.9200000762939,34.0400009155273,29.5699996948242,31.5,54118500,31.5
"2020-04-13",32.6300010681152,32.7000007629395,27.5900001525879,28.9099998474121,36493700,28.9099998474121
"2020-04-14",30.5200004577637,32.2099990844727,30.3799991607666,30.8999996185303,28650600,30.8999996185303
"2020-04-15",31.9699993133545,32.5999984741211,29.8799991607666,31.8600006103516,46775200,31.8600006103516
"2020-04-16",30.3500003814697,30.4899997711182,27.9200000762939,28.2099990844727,44795600,28.2099990844727
"2020-04-17",29.8999996185303,30.1100006103516,28.8600006103516,29.0799999237061,26829600,29.0799999237061
"2020-04-20",27.9300003051758,28.6700000762939,26.6900005340576,27.7900009155273,37042200,27.7900009155273
"2020-04-21",27.0100002288818,28.3600006103516,26.7600002288818,27.8799991607666,28293200,27.8799991607666
"2020-04-22",27.2999992370605,27.6599998474121,25.0100002288818,25.8799991607666,90534500,25.8799991607666
"2020-04-23",26,26.5599994659424,25.6599998474121,25.7199993133545,35812500,25.7199993133545
"2020-04-24",25.9200000762939,26.1499996185303,24.6700000762939,25.5599994659424,34826700,25.5599994659424
"2020-04-27",25.9899997711182,26.3400001525879,24.8700008392334,25,35980000,25
"2020-04-28",25.8600006103516,28.4300003051758,25.5,27.8400001525879,59812100,27.8400001525879
"2020-04-29",29.5799999237061,31.8400001525879,29.4899997711182,31.2099990844727,52643500,31.2099990844727
"2020-04-30",29.6599998474121,31.0699996948242,28.3199996948242,29.5799999237061,44896800,29.5799999237061
"2020-05-01",28.1000003814697,29.25,26.1299991607666,26.6200008392334,47710300,26.6200008392334
"2020-05-04",23.9099998474121,25.5599994659424,22.7600002288818,25.2600002288818,63152400,25.2600002288818
"2020-05-05",26.0400009155273,26.3500003814697,23.9799995422363,24.1200008392334,35651700,24.1200008392334
"2020-05-06",23.9599990844727,24.3500003814697,22.3899993896484,22.9099998474121,43355300,22.9099998474121
"2020-05-07",22.9599990844727,24.4500007629395,22.4500007629395,22.75,44179300,22.75
"2020-05-08",23.5799999237061,25.4400005340576,23.3199996948242,25.4200000762939,54883500,25.4200000762939
"2020-05-11",24.5,24.6399993896484,23.4599990844727,23.9699993133545,47485800,23.9699993133545
"2020-05-12",23.9500007629395,24.4599990844727,22.7399997711182,22.7600002288818,40420900,22.7600002288818
"2020-05-13",22.5100002288818,22.6399993896484,20.3299999237061,20.7099990844727,59007900,20.7099990844727
"2020-05-14",19.7199993133545,20.4300003051758,18.1800003051758,20.2999992370605,74107800,20.2999992370605
"2020-05-15",19.6700000762939,20.9599990844727,19.2800006866455,19.9200000762939,39808000,19.9200000762939
"2020-05-18",21.7900009155273,24.2600002288818,21.4599990844727,24.1299991607666,72649600,24.1299991607666
"2020-05-19",25.6200008392334,25.6700000762939,23.3299999237061,23.6800003051758,81388000,23.6800003051758
"2020-05-20",24.3799991607666,25.3899993896484,24.2999992370605,24.9099998474121,56272000,24.9099998474121
"2020-05-21",25.0900001525879,26.5799999237061,25,25.8400001525879,53737300,25.8400001525879
"2020-05-22",26.3799991607666,26.5799999237061,24.6700000762939,25.3999996185303,45062100,25.3999996185303
"2020-05-26",27.4799995422363,29.8799991607666,27.4500007629395,29.5400009155273,88220700,29.5400009155273
"2020-05-27",32.25,32.75,28.5400009155273,30.6900005340576,89323200,30.6900005340576
"2020-05-28",30,30,28.5300006866455,28.8899993896484,57057500,28.8899993896484
"2020-05-29",27.1100006103516,28.8799991607666,26.6499996185303,28.0400009155273,64242000,28.0400009155273
"2020-06-01",28.1900005340576,30.2900009155273,27.9500007629395,29.4599990844727,57268700,29.4599990844727
"2020-06-02",30.1200008392334,30.9200000762939,29.3099994659424,29.9099998474121,47473400,29.9099998474121
"2020-06-03",30.75,33.9000015258789,30.3899993896484,33.6500015258789,85543700,33.6500015258789
"2020-06-04",35.7700004577637,39.8499984741211,34.1399993896484,39.0999984741211,142812800,39.0999984741211
"2020-06-05",48.9500007629395,48.9500007629395,41.2599983215332,42.4099998474121,135585100,42.4099998474121
"2020-06-08",45.8600006103516,48.8499984741211,44.5699996948242,48.689998626709,89957300,48.689998626709
"2020-06-09",45,46.0999984741211,41.5,44.6399993896484,79612800,44.6399993896484
"2020-06-10",42.0400009155273,42.5999984741211,38.2999992370605,39.7200012207031,105254900,39.7200012207031
"2020-06-11",33.2599983215332,36.3800010681152,32.2200012207031,33.3199996948242,104768800,33.3199996948242
"2020-06-12",37.5099983215332,39.6800003051758,36.1500015258789,39.6599998474121,98882600,39.6599998474121
"2020-06-15",36.0400009155273,39.8699989318848,35.5099983215332,39,102434800,39
"2020-06-16",42.5099983215332,42.75,39.5200004577637,40.2099990844727,71155200,40.2099990844727
"2020-06-17",39.0900001525879,39.7700004577637,38.2200012207031,39.25,60125900,39.25
"2020-06-18",37.6500015258789,40.2000007629395,37.5,39.3400001525879,64927100,39.3400001525879
"2020-06-19",39.939998626709,40.2599983215332,35.7599983215332,36.8400001525879,101013900,36.8400001525879
"2020-06-22",35.1800003051758,37.0999984741211,35,36.5400009155273,65256600,36.5400009155273
"2020-06-23",36.560001373291,36.8800010681152,34.3699989318848,36.0800018310547,63531800,36.0800018310547
"2020-06-24",34.6800003051758,35.2299995422363,32.6199989318848,33.0699996948242,65450800,33.0699996948242
"2020-06-25",31.3500003814697,34.7599983215332,31.0300006866455,34.689998626709,72479500,34.689998626709
"2020-06-26",34.5,34.6100006103516,32,32.8899993896484,58993300,32.8899993896484
"2020-06-29",33.2000007629395,35.5,31.8099994659424,35.2700004577637,64905800,35.2700004577637
"2020-06-30",34.5999984741211,35.3600006103516,33.2299995422363,34.6100006103516,54406400,34.6100006103516
"2020-07-01",36.9199981689453,38.3699989318848,34.0299987792969,34.4500007629395,87861300,34.4500007629395
"2020-07-02",35.8800010681152,36.0800018310547,33.9500007629395,34.1399993896484,53576600,34.1399993896484
"2020-07-06",34.7599983215332,35.4099998474121,33.5200004577637,35.2099990844727,46540300,35.2099990844727
"2020-07-07",34.0699996948242,34.1199989318848,32.3800010681152,32.5499992370605,47337600,32.5499992370605
"2020-07-08",31.6200008392334,33.0299987792969,31.3199996948242,32.5299987792969,55863900,32.5299987792969
"2020-07-09",32,32.4900016784668,29.9599990844727,30.1700000762939,53324000,30.1700000762939
"2020-07-10",29.3799991607666,32.9000015258789,29.2299995422363,32.6699981689453,80475500,32.6699981689453
"2020-07-13",33.2299995422363,33.3699989318848,31.0100002288818,31.7600002288818,56573000,31.7600002288818
"2020-07-14",30.7000007629395,32.3199996948242,30.4200000762939,31.7399997711182,44172200,31.7399997711182
"2020-07-15",34.1300010681152,36.7799987792969,33.1599998474121,36.3699989318848,84741900,36.3699989318848
"2020-07-16",34.5999984741211,35.3800010681152,33.8800010681152,34.4900016784668,53333200,34.4900016784668
"2020-07-17",34.2700004577637,34.9799995422363,33.4799995422363,33.9199981689453,37397500,33.9199981689453
"2020-07-20",33.9000015258789,34.3899993896484,32.1800003051758,32.3300018310547,36534200,32.3300018310547
"2020-07-21",32.6399993896484,33.7799987792969,32.4599990844727,33.0699996948242,45726100,33.0699996948242
"2020-07-22",32.8199996948242,33.2599983215332,31.6299991607666,31.6700000762939,48195800,31.6700000762939
"2020-07-23",31.3500003814697,35.1300010681152,30.9500007629395,33.2299995422363,82254200,33.2299995422363
"2020-07-24",32.8800010681152,33.689998626709,32.4700012207031,32.8800010681152,38446600,32.8800010681152
"2020-07-27",32.8899993896484,33.6599998474121,32.0499992370605,32.4199981689453,33062600,32.4199981689453
"2020-07-28",32.2700004577637,34.0400009155273,32.2700004577637,33.4599990844727,41625400,33.4599990844727
"2020-07-29",33.6100006103516,34.1500015258789,32.2200012207031,32.5699996948242,31122800,32.5699996948242
"2020-07-30",32.0299987792969,32.2799987792969,31.5499992370605,31.7399997711182,31536800,31.7399997711182
"2020-07-31",31.6900005340576,31.7700004577637,30.6900005340576,31.3799991607666,29584900,31.3799991607666
"2020-08-03",31.3299999237061,32.2799987792969,30.3199996948242,31.8700008392334,35214400,31.8700008392334
"2020-08-04",32.0099983215332,33.7000007629395,32.0099983215332,32.2900009155273,30010100,32.2900009155273
"2020-08-05",33.310001373291,34.5699996948242,32.1699981689453,33.7299995422363,48193200,33.7299995422363
"2020-08-06",34.25,35.0299987792969,33.2299995422363,34.4000015258789,51250700,34.4000015258789
"2020-08-07",33.9000015258789,34.4199981689453,33.4500007629395,34.3300018310547,30394500,34.3300018310547
"2020-08-10",34.6500015258789,37.5499992370605,34.6399993896484,37.5400009155273,48876400,37.5400009155273
"2020-08-11",39.6399993896484,39.8600006103516,36.6599998474121,36.8300018310547,56549300,36.8300018310547
"2020-08-12",37.5499992370605,37.7400016784668,35.4700012207031,36.4000015258789,34982400,36.4000015258789
"2020-08-13",35.7400016784668,37.5200004577637,35.5200004577637,35.810001373291,35460100,35.810001373291
"2020-08-14",35.3499984741211,36.5699996948242,35.2000007629395,36.1800003051758,28384100,36.1800003051758
"2020-08-17",36.2099990844727,36.2999992370605,34.3600006103516,34.4000015258789,22574300,34.4000015258789
"2020-08-18",34.3899993896484,34.8800010681152,33.5800018310547,33.9799995422363,19070300,33.9799995422363
"2020-08-19",34.3600006103516,36.560001373291,34.1300010681152,34.439998626709,40587900,34.439998626709
"2020-08-20",33.9199981689453,34.3899993896484,33.2000007629395,34.0499992370605,28197000,34.0499992370605
"2020-08-21",33.7999992370605,34.439998626709,32.9799995422363,33.0400009155273,22730300,33.0400009155273
"2020-08-24",33.6699981689453,36.3899993896484,33.2000007629395,36.3199996948242,50533600,36.3199996948242
"2020-08-25",36.439998626709,36.939998626709,34.4799995422363,35.2200012207031,39748300,35.2200012207031
"2020-08-26",35.2599983215332,35.5099983215332,34.1100006103516,34.25,23414500,34.25
"2020-08-27",35.5,37.9900016784668,35.1800003051758,36.2200012207031,51046500,36.2200012207031
"2020-08-28",37.1399993896484,37.439998626709,35.8899993896484,37.3400001525879,35228900,37.3400001525879
"2020-08-31",37.25,37.439998626709,35.7299995422363,36,27114200,36
"2020-09-01",35.25,37.2400016784668,34.9500007629395,36.0099983215332,29722200,36.0099983215332
"2020-09-02",36.0999984741211,37.0999984741211,35.2099990844727,36.8899993896484,26622800,36.8899993896484
"2020-09-03",37.1300010681152,39.7700004577637,36.1399993896484,37.4000015258789,53966400,37.4000015258789
"2020-09-04",38.1500015258789,38.7400016784668,36.4599990844727,38.2099990844727,33121600,38.2099990844727
"2020-09-08",37.2999992370605,38.4799995422363,36.4799995422363,37.2799987792969,33207100,37.2799987792969
"2020-09-09",36.9000015258789,37.0800018310547,35.5900001525879,36.0299987792969,25407600,36.0299987792969
"2020-09-10",36.3499984741211,37.3300018310547,36.1800003051758,36.4500007629395,24905300,36.4500007629395
"2020-09-11",36.6300010681152,36.7999992370605,35.4799995422363,36.0699996948242,19198700,36.0699996948242
"2020-09-14",36.2999992370605,36.8800010681152,35.8400001525879,36.7400016784668,18939900,36.7400016784668
"2020-09-15",36.8400001525879,37.8800010681152,36.3800010681152,36.7999992370605,21378200,36.7999992370605
"2020-09-16",36.9000015258789,38.9000015258789,36.3600006103516,38.2999992370605,33232400,38.2999992370605
"2020-09-17",37.689998626709,39.2799987792969,37.1399993896484,38.3499984741211,31339700,38.3499984741211
"2020-09-18",38.1599998474121,38.3400001525879,36.6800003051758,36.9700012207031,32772800,36.9700012207031
"2020-09-21",35.4000015258789,35.4700012207031,33.1800003051758,33.7900009155273,29900900,33.7900009155273
"2020-09-22",34.1500015258789,34.6500015258789,33.560001373291,34.0699996948242,16700600,34.0699996948242
"2020-09-23",34.2799987792969,35.0499992370605,33.0499992370605,33.0800018310547,21576900,33.0800018310547
"2020-09-24",32.7799987792969,33.4000015258789,31.2199993133545,32.7400016784668,24638800,32.7400016784668
"2020-09-25",32.560001373291,34.2700004577637,32.4900016784668,34.2000007629395,21461100,34.2000007629395
"2020-09-28",35.3199996948242,36.9000015258789,34.6599998474121,35.939998626709,34828100,35.939998626709
"2020-09-29",35.5499992370605,35.6100006103516,34.2400016784668,34.5099983215332,24979800,34.5099983215332
"2020-09-30",34.9500007629395,36.2200012207031,34.5400009155273,34.75,29441400,34.75
"2020-10-01",35.2299995422363,35.4900016784668,34.5699996948242,35.1800003051758,18972200,35.1800003051758
"2020-10-02",33.3600006103516,36.7700004577637,33.2700004577637,36.0099983215332,35081000,36.0099983215332
"2020-10-05",36.4300003051758,36.5800018310547,35.4199981689453,36.2000007629395,18046400,36.2000007629395
"2020-10-06",36.7299995422363,37.0900001525879,34.8400001525879,34.8800010681152,28719000,34.8800010681152
"2020-10-07",36.5099983215332,37.2200012207031,35.8800010681152,36.3800010681152,27677300,36.3800010681152
"2020-10-08",37.1599998474121,37.689998626709,35.8499984741211,37,28333500,37
"2020-10-09",37.0499992370605,37.7999992370605,36.2700004577637,37.1199989318848,25311800,37.1199989318848
"2020-10-12",36.7000007629395,36.9900016784668,36.2599983215332,36.3800010681152,20202600,36.3800010681152
"2020-10-13",35.6699981689453,35.9500007629395,35.2200012207031,35.2599983215332,17303000,35.2599983215332
"2020-10-14",35.2599983215332,36.3300018310547,35.1699981689453,35.6100006103516,14976500,35.6100006103516
"2020-10-15",35.1800003051758,35.3800010681152,33.6399993896484,34.25,23652000,34.25
"2020-10-16",34.310001373291,34.5800018310547,33.8199996948242,34.1599998474121,16210000,34.1599998474121
"2020-10-19",34.4500007629395,36.5499992370605,34.439998626709,35.5,33094400,35.5
"2020-10-20",36.1599998474121,36.5900001525879,35.2000007629395,36.060001373291,22578100,36.060001373291
"2020-10-21",35.9099998474121,36.1399993896484,35.2099990844727,35.5400009155273,16092700,35.5400009155273
"2020-10-22",35.9000015258789,37.4500007629395,35.6500015258789,37.2400016784668,24747800,37.2400016784668
"2020-10-23",37.0999984741211,38.0999984741211,36.5200004577637,38.0099983215332,20690300,38.0099983215332
"2020-10-26",37.3699989318848,37.4000015258789,34.6699981689453,35.3400001525879,25924500,35.3400001525879
"2020-10-27",35.1100006103516,35.6500015258789,34.1500015258789,34.1699981689453,17594200,34.1699981689453
"2020-10-28",33.1100006103516,33.6599998474121,32.1599998474121,32.5999984741211,21822900,32.5999984741211
"2020-10-29",32.6300010681152,33.75,32.4300003051758,33.5699996948242,17257400,33.5699996948242
"2020-10-30",33.1500015258789,34.0200004577637,32.8300018310547,33.8600006103516,18783200,33.8600006103516
"2020-11-02",34.0800018310547,34.0999984741211,32.9500007629395,33.7799987792969,13901000,33.7799987792969
"2020-11-03",34.3199996948242,34.6800003051758,33.7599983215332,34.0200004577637,16309000,34.0200004577637
"2020-11-04",34,34.25,32.9599990844727,33.3400001525879,14812300,33.3400001525879
"2020-11-05",33.7000007629395,35.4599990844727,33.5699996948242,35.3499984741211,16192100,35.3499984741211
"2020-11-06",34.9000015258789,35.1500015258789,34.2000007629395,34.6800003051758,13194100,34.6800003051758
"2020-11-09",41.9000015258789,44.060001373291,39.1300010681152,41.3199996948242,60942600,41.3199996948242
"2020-11-10",40.4500007629395,41.6300010681152,39.4799995422363,40.0499992370605,26596600,40.0499992370605
"2020-11-11",40.0699996948242,40.1599998474121,38.189998626709,38.5099983215332,20044100,38.5099983215332
"2020-11-12",37.4500007629395,38.7099990844727,36.560001373291,36.8499984741211,23503200,36.8499984741211
"2020-11-13",37.2400016784668,39.0999984741211,37.0800018310547,38.9900016784668,19977400,38.9900016784668
"2020-11-16",42.1800003051758,42.7799987792969,40.0499992370605,41,28722700,41
"2020-11-17",40,41.0999984741211,39.5800018310547,40.5999984741211,19661400,40.5999984741211
"2020-11-18",41.4900016784668,42.8899993896484,41.0499992370605,41.0499992370605,22482000,41.0499992370605
"2020-11-19",41,41.439998626709,40.189998626709,40.939998626709,18556300,40.939998626709
"2020-11-20",40.7099990844727,40.9700012207031,39.6699981689453,39.9000015258789,15604700,39.9000015258789
"2020-11-23",40.1699981689453,41.1800003051758,40.0499992370605,40.9300003051758,21730000,40.9300003051758
"2020-11-24",42.7099990844727,45,42.4500007629395,44.9599990844727,29934600,44.9599990844727
"2020-11-25",44.4900016784668,45.9099998474121,43.6500015258789,45.6399993896484,24250800,45.6399993896484
"2020-11-27",46.2000007629395,46.7599983215332,45.1399993896484,45.2999992370605,14103900,45.2999992370605
"2020-11-30",46.4700012207031,46.5,44.2000007629395,45.0499992370605,23401500,45.0499992370605
"2020-12-01",45.8300018310547,46.5699996948242,45.2299995422363,45.3199996948242,18811700,45.3199996948242
"2020-12-02",45.0999984741211,46.7299995422363,44.5200004577637,46.7299995422363,17745700,46.7299995422363
"2020-12-03",47.6699981689453,50.9700012207031,47.6599998474121,49.9099998474121,32545200,49.9099998474121
"2020-12-04",50.4900016784668,51.310001373291,48.7700004577637,49.2400016784668,26300600,49.2400016784668
"2020-12-07",49.2799987792969,50.3499984741211,48.7099990844727,49.2000007629395,22364600,49.2000007629395
"2020-12-08",49.0200004577637,50.4000015258789,48.7200012207031,49.0400009155273,17797900,49.0400009155273
"2020-12-09",49.8400001525879,50.0900001525879,46.7299995422363,48.0200004577637,23325100,48.0200004577637
"2020-12-10",46.7400016784668,49.7099990844727,46.5999984741211,49.6399993896484,19020500,49.6399993896484
"2020-12-11",49.1500015258789,49.8899993896484,47.6399993896484,48.3600006103516,14770600,48.3600006103516
"2020-12-14",49.5999984741211,49.6500015258789,46.7000007629395,46.7200012207031,15745000,46.7200012207031
"2020-12-15",47.2000007629395,47.560001373291,45.7999992370605,47.4599990844727,16803400,47.4599990844727
"2020-12-16",46.5,46.9099998474121,45.5499992370605,46,17369500,46
"2020-12-17",46.2999992370605,46.4000015258789,45.4599990844727,45.8800010681152,13785000,45.8800010681152
"2020-12-18",45.75,45.9500007629395,44.560001373291,44.7400016784668,16333200,44.7400016784668
"2020-12-21",43.3499984741211,44.4199981689453,42.6300010681152,44.060001373291,21879100,44.060001373291
"2020-12-22",44.6500015258789,44.7900009155273,42.4300003051758,42.9700012207031,16519200,42.9700012207031
"2020-12-23",43.0999984741211,44.689998626709,43.0800018310547,44.1100006103516,15284700,44.1100006103516
"2020-12-24",44.4000015258789,44.4199981689453,43.0099983215332,43.2599983215332,7230600,43.2599983215332
"2020-12-28",44.0400009155273,44.6300010681152,43.75,43.9199981689453,13693200,43.9199981689453
"2020-12-29",44.4500007629395,44.6500015258789,43.5499992370605,43.7400016784668,9927700,43.7400016784668
"2020-12-30",43.6399993896484,44.7599983215332,43.4599990844727,44.6500015258789,9473300,44.6500015258789
"2020-12-31",44.4099998474121,44.560001373291,43.1100006103516,43.25,12684000,43.25
"2021-01-04",43.6800003051758,43.7000007629395,41.4300003051758,41.6300010681152,14710200,41.6300010681152
"2021-01-05",41.5800018310547,43.5999984741211,41.5,43.4000015258789,12294500,43.4000015258789
"2021-01-06",43.5999984741211,44.2799987792969,42.8600006103516,43.5400009155273,12318900,43.5400009155273
"2021-01-07",43.7999992370605,44.8400001525879,43.6100006103516,43.6199989318848,9592900,43.6199989318848
"2021-01-08",43.5800018310547,44,43.0200004577637,43.2900009155273,9215300,43.2900009155273
"2021-01-11",42.6699981689453,43.2599983215332,42.25,42.7000007629395,8973200,42.7000007629395
"2021-01-12",42.810001373291,44.1699981689453,42.4599990844727,44.0800018310547,9053100,44.0800018310547
"2021-01-13",44.1699981689453,44.6399993896484,43.439998626709,44.4300003051758,11390200,44.4300003051758
"2021-01-14",45.3199996948242,46.7999992370605,45.3199996948242,46.2900009155273,16310500,46.2900009155273
"2021-01-15",45.8499984741211,45.9799995422363,43.8800010681152,43.8899993896484,13211500,43.8899993896484
"2021-01-19",44.5999984741211,44.9000015258789,43.7700004577637,44.75,9706300,44.75
"2021-01-20",45.0400009155273,45.6500015258789,44.4099998474121,45.1800003051758,11661300,45.1800003051758
"2021-01-21",43.7999992370605,43.9799995422363,41.7200012207031,42.5900001525879,32158200,42.5900001525879
"2021-01-22",41.9500007629395,42.2900009155273,41.6100006103516,42.1399993896484,13545000,42.1399993896484
"2021-01-25",41.5400009155273,41.7299995422363,39.9000015258789,40.3800010681152,20281900,40.3800010681152
"2021-01-26",40.7999992370605,41.3899993896484,40.560001373291,41.25,13388600,41.25
"2021-01-27",40.7400016784668,41.6500015258789,40.310001373291,40.9099998474121,15280000,40.9099998474121
"2021-01-28",42.8300018310547,44.2000007629395,41.6199989318848,42.5499992370605,22175000,42.5499992370605
"2021-01-29",42.1100006103516,42.5,39.7700004577637,39.9900016784668,24192600,39.9900016784668
"2021-02-01",40.3499984741211,40.4099998474121,39.1699981689453,39.939998626709,13143400,39.939998626709
"2021-02-02",40.6300010681152,40.9099998474121,39.939998626709,40.8300018310547,13118600,40.8300018310547
"2021-02-03",41.0200004577637,42.2000007629395,40.5200004577637,42.0400009155273,15174800,42.0400009155273
"2021-02-04",42.1500015258789,42.6100006103516,41.8400001525879,42.4099998474121,13633800,42.4099998474121
"2021-02-05",42.8800010681152,42.939998626709,41.939998626709,42.1399993896484,10764300,42.1399993896484
"2021-02-08",42.5,44.6399993896484,42.2200012207031,44.3499984741211,19794300,44.3499984741211
"2021-02-09",44.060001373291,44.0900001525879,42.8199996948242,43.3199996948242,11967200,43.3199996948242
"2021-02-10",43.8600006103516,44.2200012207031,43.3600006103516,43.7799987792969,9772500,43.7799987792969
"2021-02-11",43.6399993896484,43.8400001525879,42.9900016784668,43.439998626709,8478100,43.439998626709
"2021-02-12",43.1100006103516,44.4700012207031,42.9000015258789,43.939998626709,8987500,43.939998626709
"2021-02-16",45.0699996948242,45.810001373291,44.560001373291,45.7099990844727,13954900,45.7099990844727
"2021-02-17",45.4099998474121,46.4799995422363,44.7200012207031,46.0800018310547,12821500,46.0800018310547
"2021-02-18",45.2000007629395,45.439998626709,44.2999992370605,44.9599990844727,10250400,44.9599990844727
"2021-02-19",45.5200004577637,48.3600006103516,45.439998626709,48.0299987792969,21112000,48.0299987792969
"2021-02-22",49.2599983215332,51.8199996948242,48.3499984741211,49.7000007629395,27547900,49.7000007629395
"2021-02-23",50.2000007629395,51.1800003051758,46.9599990844727,50.6100006103516,20125000,50.6100006103516
"2021-02-24",51.1100006103516,55.8699989318848,50.8699989318848,54.9599990844727,27482100,54.9599990844727
"2021-02-25",54.8499984741211,55,50.4199981689453,51.7799987792969,25950000,51.7799987792969
"2021-02-26",51.5099983215332,53.4099998474121,51.2000007629395,52.6800003051758,18330200,52.6800003051758
"2021-03-01",55.439998626709,55.9300003051758,52.7799987792969,53.310001373291,19500600,53.310001373291
"2021-03-02",53.6599998474121,54.0499992370605,52.75,53.2099990844727,12371000,53.2099990844727
"2021-03-03",53.6100006103516,55.2000007629395,53.2799987792969,54.5699996948242,18438900,54.5699996948242
"2021-03-04",54.6399993896484,54.8499984741211,49.9500007629395,52.0499992370605,19937500,52.0499992370605
"2021-03-05",52.6500015258789,52.7299995422363,46.560001373291,50.5200004577637,21503200,50.5200004577637
"2021-03-08",51.3499984741211,54.3300018310547,51.3400001525879,54.060001373291,17589000,54.060001373291
"2021-03-09",53.810001373291,54.1599998474121,51.7999992370605,53.4300003051758,15292800,53.4300003051758
"2021-03-10",53.4000015258789,54.3699989318848,52.8499984741211,53.9199981689453,13438900,53.9199981689453
"2021-03-11",54.2999992370605,55.8699989318848,53.3699989318848,54.060001373291,17140800,54.060001373291
"2021-03-12",54,56.439998626709,53.6100006103516,56.2900009155273,19762500,56.2900009155273
"2021-03-15",58.25,61.689998626709,57.9199981689453,60.939998626709,35290100,60.939998626709
"2021-03-16",61.1100006103516,61.2000007629395,59.2099990844727,59.810001373291,18306400,59.810001373291
"2021-03-17",59.1100006103516,62.560001373291,58.8600006103516,62.4500007629395,18338000,62.4500007629395
"2021-03-18",62.1699981689453,63.7000007629395,60.5800018310547,60.8199996948242,19105700,60.8199996948242
"2021-03-19",60.9000015258789,60.9500007629395,58.6399993896484,60.7700004577637,19643800,60.7700004577637
"2021-03-22",59.75,60.2000007629395,58.2099990844727,58.3300018310547,12958300,58.3300018310547
"2021-03-23",57.1100006103516,58.0800018310547,53.8499984741211,54.3600006103516,21698200,54.3600006103516
"2021-03-24",55.6599998474121,56.9599990844727,53.7799987792969,53.8300018310547,18015800,53.8300018310547
"2021-03-25",52.9099998474121,56.2900009155273,52.0299987792969,56.0499992370605,21500100,56.0499992370605
"2021-03-26",57.0900001525879,57.3699989318848,55.2200012207031,56.8300018310547,15432400,56.8300018310547
"2021-03-29",56.7999992370605,57.310001373291,55.4099998474121,56.2000007629395,12083000,56.2000007629395
"2021-03-30",56.7799987792969,58.5,56.4799995422363,58.2099990844727,12708900,58.2099990844727
"2021-03-31",58,58.0099983215332,57.060001373291,57.5400009155273,11023800,57.5400009155273
"2021-04-01",57.6599998474121,58.5499992370605,57.2799987792969,57.8199996948242,10932200,57.8199996948242
"2021-04-05",59.3400001525879,60.8899993896484,58.939998626709,59.2900009155273,17175700,59.2900009155273
"2021-04-06",59.8800010681152,60.4199981689453,58.8699989318848,59.4799995422363,11917200,59.4799995422363
"2021-04-07",59.7900009155273,61.3400001525879,59.189998626709,59.5699996948242,13772600,59.5699996948242
"2021-04-08",59.1399993896484,59.4700012207031,57.75,59.4300003051758,13655800,59.4300003051758
"2021-04-09",59.0200004577637,59.3600006103516,57.7900009155273,58.4300003051758,10896100,58.4300003051758
"2021-04-12",57.5699996948242,57.7099990844727,55.2900009155273,56.1599998474121,18714700,56.1599998474121
"2021-04-13",54.4099998474121,56.8600006103516,53.9000015258789,56.6599998474121,15349400,56.6599998474121
"2021-04-14",57.4599990844727,58.5200004577637,56.5400009155273,56.9199981689453,12971100,56.9199981689453
"2021-04-15",57.7900009155273,57.8499984741211,55.5699996948242,56.1199989318848,12123400,56.1199989318848
"2021-04-16",56.4700012207031,57.1500015258789,55.7099990844727,55.8699989318848,10620400,55.8699989318848
"2021-04-19",55.7900009155273,55.9700012207031,54.7400016784668,54.9900016784668,13984400,54.9900016784668
"2021-04-20",53.4700012207031,53.7900009155273,49.4700012207031,50.2999992370605,44364800,50.2999992370605
"2021-04-21",49.8800010681152,51.8899993896484,48.9000015258789,51.8600006103516,21085600,51.8600006103516
"2021-04-22",52.3400001525879,53.0900001525879,50.8800010681152,51.0299987792969,20538200,51.0299987792969
"2021-04-23",51.2099990844727,53.3499984741211,50.6399993896484,53.1100006103516,13841100,53.1100006103516
"2021-04-26",54.0499992370605,54.4700012207031,53.2200012207031,53.7799987792969,12358800,53.7799987792969
"2021-04-27",53.7799987792969,54.1199989318848,53.189998626709,53.4799995422363,10331500,53.4799995422363
"2021-04-28",53.25,54.0400009155273,52.9700012207031,53.5499992370605,11536000,53.5499992370605
"2021-04-29",54.0999984741211,54.3199996948242,53.1199989318848,53.689998626709,9804800,53.689998626709
"2021-04-30",53.2200012207031,54.9099998474121,53.1300010681152,54.4000015258789,11144000,54.4000015258789
"2021-05-03",54.6699981689453,54.8699989318848,53.6100006103516,54.4599990844727,9912900,54.4599990844727
"2021-05-04",54.0900001525879,54.4700012207031,51.7299995422363,52.7999992370605,13673200,52.7999992370605
"2021-05-05",52.75,53.9599990844727,52.439998626709,53.2700004577637,11151300,53.2700004577637
"2021-05-06",53.4300003051758,53.7700004577637,52.0999984741211,53.0499992370605,10524400,53.0499992370605
"2021-05-07",52.9300003051758,54.9599990844727,52.689998626709,54.7299995422363,11819900,54.7299995422363
"2021-05-10",54.9500007629395,55.6100006103516,54,54.0299987792969,10852900,54.0299987792969
"2021-05-11",52.0400009155273,53.1699981689453,51.2000007629395,52.7000007629395,15065900,52.7000007629395
"2021-05-12",52.1199989318848,53.0800018310547,50.9000015258789,51.0099983215332,12728700,51.0099983215332
"2021-05-13",51.4199981689453,52.7299995422363,51.0699996948242,52.4300003051758,13363900,52.4300003051758
"2021-05-14",53.4000015258789,55.5099983215332,53.2900009155273,55.2799987792969,14499200,55.2799987792969
"2021-05-17",55.0099983215332,56.7299995422363,54.2599983215332,56.5699996948242,17529900,56.5699996948242
"2021-05-18",57.0800018310547,57.75,55.9500007629395,56.3800010681152,13706200,56.3800010681152
"2021-05-19",55.0800018310547,56.2700004577637,54.4799995422363,55.7900009155273,15121600,55.7900009155273
"2021-05-20",56,56,54.2099990844727,55.0900001525879,11702500,55.0900001525879
"2021-05-21",55.4500007629395,55.9700012207031,55.1199989318848,55.2999992370605,10527400,55.2999992370605
"2021-05-24",56,56.3400001525879,54.9199981689453,56.1399993896484,9470700,56.1399993896484
"2021-05-25",57.6500015258789,59.2900009155273,56.7799987792969,56.9799995422363,23605700,56.9799995422363
"2021-05-26",57.75,58.4300003051758,57.2299995422363,58.0099983215332,11697300,58.0099983215332
"2021-05-27",58.5900001525879,59.2299995422363,57.8699989318848,59.1300010681152,12307500,59.1300010681152
"2021-05-28",58.9500007629395,59.2000007629395,57.9599990844727,58.3499984741211,14357300,58.3499984741211
"2021-06-01",59.1199989318848,60.4099998474121,58.9599990844727,59.6699981689453,14321100,59.6699981689453
"2021-06-02",60.1500015258789,60.5900001525879,59.6100006103516,60.2900009155273,12089200,60.2900009155273
"2021-06-03",59.5999984741211,59.5999984741211,57.6800003051758,57.7299995422363,13746500,57.7299995422363
"2021-06-04",58.2999992370605,58.4000015258789,56.7200012207031,56.9300003051758,13622800,56.9300003051758
"2021-06-07",57.3400001525879,57.9700012207031,57.0200004577637,57.2999992370605,8915000,57.2999992370605
"2021-06-08",57.9000015258789,58.1199989318848,56.8300018310547,57.7299995422363,10778000,57.7299995422363
"2021-06-09",57.9900016784668,58.0099983215332,57.1699981689453,57.2299995422363,8151500,57.2299995422363
"2021-06-10",57.5999984741211,58.0699996948242,55.9300003051758,56.2599983215332,11664000,56.2599983215332
"2021-06-11",56.1599998474121,56.8300018310547,56.0999984741211,56.5200004577637,9780500,56.5200004577637
"2021-06-14",56.6300010681152,57,55.5400009155273,55.7400016784668,8248500,55.7400016784668
"2021-06-15",55.7400016784668,56.0200004577637,54.9199981689453,55.2900009155273,7542000,55.2900009155273
"2021-06-16",55.1800003051758,56.0999984741211,54.9799995422363,55.5999984741211,9952000,55.5999984741211
"2021-06-17",55.7700004577637,56.4099998474121,53.4799995422363,54.2400016784668,12509900,54.2400016784668
"2021-06-18",53.8699989318848,55.3800010681152,53.5400009155273,54.9199981689453,12490700,54.9199981689453
"2021-06-21",55.2400016784668,55.8800010681152,54.5499992370605,55.689998626709,10891600,55.689998626709
"2021-06-22",55.4900016784668,55.5699996948242,54.0999984741211,55.1699981689453,9819700,55.1699981689453
"2021-06-23",55.1300010681152,55.4900016784668,54.9000015258789,55.1199989318848,9957500,55.1199989318848
"2021-06-24",55.1100006103516,55.3899993896484,53.9599990844727,54.3400001525879,11548600,54.3400001525879
"2021-06-25",54.5200004577637,54.5699996948242,53.7200012207031,53.8800010681152,12256400,53.8800010681152
"2021-06-28",53.5,53.5099983215332,51.6699981689453,52.4900016784668,19098800,52.4900016784668
"2021-06-29",52.6599998474121,53.0800018310547,52.0299987792969,52.1500015258789,12598300,52.1500015258789
"2021-06-30",52.2700004577637,52.9599990844727,51.8699989318848,52.2900009155273,9244500,52.2900009155273
"2021-07-01",52.7900009155273,53.7599983215332,52.689998626709,53.0800018310547,8577600,53.0800018310547
"2021-07-02",53.1699981689453,53.1699981689453,52.0900001525879,52.7700004577637,9205500,52.7700004577637
"2021-07-06",52.6800003051758,53.2099990844727,51.0200004577637,51.439998626709,10652300,51.439998626709
"2021-07-07",51.0400009155273,51.8699989318848,49.7799987792969,50.2999992370605,12719100,50.2999992370605
"2021-07-08",49.0800018310547,50.5200004577637,48.5699996948242,49.6599998474121,13207800,49.6599998474121
"2021-07-09",50.3300018310547,51.3199996948242,49.9700012207031,51.0999984741211,9914700,51.0999984741211
"2021-07-12",50.3300018310547,51.0200004577637,49.439998626709,50.6199989318848,11567200,50.6199989318848
"2021-07-13",49.7599983215332,50.0400009155273,48.3800010681152,48.5,14287200,48.5
"2021-07-14",49.0400009155273,49.9599990844727,47.8699989318848,48.1599998474121,14949300,48.1599998474121
"2021-07-15",47.9000015258789,48.6300010681152,46.9599990844727,47.7099990844727,12331800,47.7099990844727
"2021-07-16",48.4500007629395,48.4799995422363,45.8300018310547,46.0099983215332,13760700,46.0099983215332
"2021-07-19",43.7000007629395,44.6500015258789,42.560001373291,43.4599990844727,26444000,43.4599990844727
"2021-07-20",43.5499992370605,46.4599990844727,43.0699996948242,46.3199996948242,21894000,46.3199996948242
"2021-07-21",47.1199989318848,48.939998626709,46.9900016784668,48.0999984741211,23048300,48.0999984741211
"2021-07-22",47.689998626709,48.7000007629395,46.7999992370605,47.9500007629395,12922300,47.9500007629395
"2021-07-23",48.1399993896484,48.4799995422363,47.1599998474121,47.5299987792969,9491300,47.5299987792969
"2021-07-26",47.5,49.5299987792969,47.4000015258789,49.4599990844727,10775300,49.4599990844727
"2021-07-27",49.1100006103516,49.5699996948242,48.0900001525879,48.6500015258789,10559900,48.6500015258789
"2021-07-28",49.0800018310547,49.5099983215332,48.0400009155273,49.1399993896484,9772500,49.1399993896484
"2021-07-29",49.5800018310547,49.5999984741211,48.4599990844727,48.4900016784668,7643600,48.4900016784668
"2021-07-30",47.689998626709,48.2299995422363,46.4900016784668,46.7200012207031,12123500,46.7200012207031
"2021-08-02",46.8499984741211,48.2299995422363,45.9500007629395,46.0699996948242,10995900,46.0699996948242
"2021-08-03",46.1199989318848,46.5699996948242,44.6100006103516,46.5400009155273,12597000,46.5400009155273
"2021-08-04",45.5200004577637,46.6500015258789,44.9000015258789,45.2799987792969,12205000,45.2799987792969
"2021-08-05",45.5200004577637,47.6699981689453,45.3800010681152,47.2400016784668,12644600,47.2400016784668
"2021-08-06",47.7200012207031,48.1300010681152,46.5800018310547,47.6199989318848,9919300,47.6199989318848
"2021-08-09",46.9900016784668,47,45.5299987792969,46.4500007629395,13064800,46.4500007629395
"2021-08-10",46.3699989318848,48.2400016784668,46.1699981689453,47.6800003051758,12551700,47.6800003051758
"2021-08-11",47.1399993896484,48.4099998474121,46.4599990844727,48.2099990844727,12779300,48.2099990844727
"2021-08-12",47.9099998474121,48.0099983215332,46.5499992370605,47.2400016784668,9307300,47.2400016784668
"2021-08-13",47.0800018310547,47.3800010681152,46.2700004577637,46.4900016784668,7572400,46.4900016784668
"2021-08-16",45.6199989318848,46.5499992370605,45.1599998474121,46.2999992370605,8402500,46.2999992370605
"2021-08-17",45.439998626709,45.7999992370605,44.5200004577637,45.2900009155273,9745500,45.2900009155273
"2021-08-18",45.1199989318848,45.9900016784668,44.7099990844727,45.0400009155273,9460700,45.0400009155273
"2021-08-19",44.7700004577637,44.9000015258789,43.1699981689453,43.9300003051758,12360700,43.9300003051758
"2021-08-20",43.7900009155273,44.3199996948242,43.4799995422363,44.0299987792969,9867000,44.0299987792969
"2021-08-23",44.6399993896484,45.6300010681152,44.3199996948242,45.5299987792969,8269200,45.5299987792969
"2021-08-24",46.3400001525879,47.560001373291,46.2799987792969,47.1199989318848,10048000,47.1199989318848
"2021-08-25",47.2999992370605,47.939998626709,46.5400009155273,47.5900001525879,9772300,47.5900001525879
"2021-08-26",47.2999992370605,48.0200004577637,46.4000015258789,47.0099983215332,8604000,47.0099983215332
"2021-08-27",47.1699981689453,48.2200012207031,47.0299987792969,47.7099990844727,6824300,47.7099990844727
"2021-08-30",48.0099983215332,48.0099983215332,45.7099990844727,45.9099998474121,11376100,45.9099998474121
"2021-08-31",45.7299995422363,46.8300018310547,45.6100006103516,46.5099983215332,8884200,46.5099983215332
"2021-09-01",46.75,46.9300003051758,45.9500007629395,46.189998626709,8608000,46.189998626709
"2021-09-02",46.2799987792969,47.4900016784668,45.8699989318848,46.7599983215332,9780100,46.7599983215332
"2021-09-03",46.5999984741211,47.3600006103516,45.9199981689453,46.2200012207031,7705300,46.2200012207031
"2021-09-07",46.0200004577637,46.7799987792969,45.6800003051758,46.5699996948242,7802500,46.5699996948242
"2021-09-08",46.7000007629395,47.189998626709,45.4199981689453,45.5299987792969,9053400,45.5299987792969
"2021-09-09",45.2400016784668,47.7400016784668,45.0699996948242,46.5800018310547,12872300,46.5800018310547
"2021-09-10",46.8199996948242,46.8199996948242,44.1800003051758,44.3400001525879,17498600,44.3400001525879
"2021-09-13",44.7299995422363,45.1800003051758,43.5699996948242,44.8400001525879,14173600,44.8400001525879
"2021-09-14",44.6300010681152,44.9300003051758,43.5800018310547,43.8699989318848,10762800,43.8699989318848
"2021-09-15",43.6500015258789,43.9099998474121,43.0200004577637,43.8600006103516,10321600,43.8600006103516
"2021-09-16",43.8600006103516,45.4099998474121,43.8499984741211,44.4700012207031,12204300,44.4700012207031
"2021-09-17",44.7799987792969,45.5,44.1100006103516,44.5400009155273,11743900,44.5400009155273
"2021-09-20",44.7599983215332,45.3400001525879,43.5900001525879,45.2700004577637,14700300,45.2700004577637
"2021-09-21",45.5,46.2599983215332,44.2799987792969,44.4500007629395,12217700,44.4500007629395
"2021-09-22",44.8499984741211,46.2900009155273,44.8300018310547,45.6800003051758,13783000,45.6800003051758
"2021-09-23",46.1800003051758,47.8300018310547,46.0999984741211,47.4700012207031,13703500,47.4700012207031
"2021-09-24",47.3800010681152,48.9500007629395,47.3800010681152,48.7900009155273,12236400,48.7900009155273
"2021-09-27",49.5099983215332,50.560001373291,48.9799995422363,49.0800018310547,14094300,49.0800018310547
"2021-09-28",49.0200004577637,49.6699981689453,48.3499984741211,48.6800003051758,9820600,48.6800003051758
"2021-09-29",48.8800010681152,49.4099998474121,47.7799987792969,48.7099990844727,9791600,48.7099990844727
"2021-09-30",48.3800010681152,48.4000015258789,47.1800003051758,47.5699996948242,12016500,47.5699996948242
"2021-10-01",48.9000015258789,51.4799995422363,48.8800010681152,51.3400001525879,21464900,51.3400001525879
"2021-10-04",51.7599983215332,52.4300003051758,50.9799995422363,51.2999992370605,13986700,51.2999992370605
"2021-10-05",51.3600006103516,51.8600006103516,50.3699989318848,50.8800010681152,9828100,50.8800010681152
"2021-10-06",49.8499984741211,50.2799987792969,49.060001373291,50.2200012207031,9995900,50.2200012207031
"2021-10-07",50.8699989318848,50.9000015258789,49.2099990844727,49.5200004577637,10812100,49.5200004577637
"2021-10-08",49.5,49.6500015258789,48.6500015258789,49.1599998474121,7349300,49.1599998474121
"2021-10-11",48.75,49.9799995422363,48.2299995422363,49.1800003051758,8145100,49.1800003051758
"2021-10-12",49.0900001525879,50.1399993896484,48.6699981689453,49.6699981689453,7402300,49.6699981689453
"2021-10-13",49.3699989318848,49.4099998474121,47.4599990844727,47.8800010681152,13271500,47.8800010681152
"2021-10-14",48.3300018310547,48.6500015258789,47.8300018310547,47.9099998474121,7435000,47.9099998474121
"2021-10-15",48.6300010681152,49.2900009155273,47.939998626709,48,8528000,48
"2021-10-18",47.7000007629395,48.1300010681152,47.1500015258789,47.1699981689453,9126800,47.1699981689453
"2021-10-19",47.2000007629395,47.25,46.0800018310547,46.2200012207031,14646400,46.2200012207031
"2021-10-20",46.9000015258789,46.9000015258789,45.5800018310547,45.9500007629395,19751200,45.9500007629395
"2021-10-21",46.1800003051758,47.1800003051758,45.9799995422363,46.7200012207031,13252600,46.7200012207031
"2021-10-22",46.1199989318848,47.3800010681152,46.1199989318848,46.7299995422363,8565800,46.7299995422363
"2021-10-25",46.5400009155273,47.1800003051758,46.2400016784668,46.6500015258789,7494200,46.6500015258789
"2021-10-26",47.0999984741211,47.6300010681152,46.5400009155273,46.7900009155273,9345500,46.7900009155273
"2021-10-27",47.1199989318848,47.4300003051758,45.7900009155273,45.8199996948242,7896600,45.8199996948242
"2021-10-28",46,46.2599983215332,45.439998626709,46.0099983215332,7376800,46.0099983215332
"2021-10-29",45.8600006103516,46.4500007629395,45.4799995422363,46.1399993896484,9674900,46.1399993896484
"2021-11-01",46.1800003051758,48.1500015258789,45.8199996948242,48.0499992370605,13566900,48.0499992370605
"2021-11-02",47.9199981689453,48.0800018310547,47.189998626709,47.9799995422363,8764900,47.9799995422363
"2021-11-03",47.7799987792969,49.2299995422363,47.189998626709,49.0499992370605,11270800,49.0499992370605
"2021-11-04",49.2999992370605,49.4700012207031,48.3800010681152,49.1399993896484,8659200,49.1399993896484
"2021-11-05",52.3899993896484,52.8699989318848,50.8800010681152,52.7099990844727,21551800,52.7099990844727
"2021-11-08",53.8699989318848,54.5200004577637,52.810001373291,53.1100006103516,14923100,53.1100006103516
"2021-11-09",52.9099998474121,53.0999984741211,51.6599998474121,52.810001373291,7623900,52.810001373291
"2021-11-10",51.9300003051758,52.810001373291,51.5299987792969,51.7700004577637,7155800,51.7700004577637
"2021-11-11",51.5699996948242,52.1500015258789,51.310001373291,51.3400001525879,5878800,51.3400001525879
"2021-11-12",51.3499984741211,51.4099998474121,49.2799987792969,49.8300018310547,10277100,49.8300018310547
"2021-11-15",50.2000007629395,50.8300018310547,50.0699996948242,50.4799995422363,6506800,50.4799995422363
"2021-11-16",50.2000007629395,50.3600006103516,48.9199981689453,49.2000007629395,9333100,49.2000007629395
"2021-11-17",48.6800003051758,49.5,48.2599983215332,48.7400016784668,8291600,48.7400016784668
"2021-11-18",48.6800003051758,48.8499984741211,46.9099998474121,47.4300003051758,9883600,47.4300003051758
"2021-11-19",46.5400009155273,46.5400009155273,45.2200012207031,46.1100006103516,17014000,46.1100006103516
"2021-11-22",46.6800003051758,47.3300018310547,45.7999992370605,46.4799995422363,10954000,46.4799995422363
"2021-11-23",46.75,47.5800018310547,46.4599990844727,46.7000007629395,7006900,46.7000007629395
"2021-11-24",46.2000007629395,47.1300010681152,45.7999992370605,46.7299995422363,5595600,46.7299995422363
"2021-11-26",43.6699981689453,43.7099990844727,40.1100006103516,42.2599983215332,36386900,42.2599983215332
"2021-11-29",43.1800003051758,44.1100006103516,41.6800003051758,42.5400009155273,18487100,42.5400009155273
"2021-11-30",41.4500007629395,42.3400001525879,40.6699981689453,42.2599983215332,14919000,42.2599983215332
"2021-12-01",43.0299987792969,43.5699996948242,38.8800010681152,39.060001373291,27503000,39.060001373291
"2021-12-02",39.7700004577637,42.0400009155273,38.9000015258789,41.6399993896484,24005600,41.6399993896484
"2021-12-03",41.2200012207031,41.5900001525879,39.7000007629395,40.6100006103516,17327300,40.6100006103516
"2021-12-06",41.6100006103516,45.4099998474121,41.5299987792969,43.9900016784668,27543800,43.9900016784668
"2021-12-07",44.9799995422363,45.4599990844727,42.9799995422363,43.4099998474121,17781000,43.4099998474121
"2021-12-08",43.7400016784668,46.5999984741211,43.5900001525879,45.25,22497300,45.25
"2021-12-09",44.7999992370605,45.25,43.9799995422363,44.439998626709,12453100,44.439998626709
"2021-12-10",44.1599998474121,44.2900009155273,43.1199989318848,44.0499992370605,11038400,44.0499992370605
"2021-12-13",42.8400001525879,42.9900016784668,41.0499992370605,41.7400016784668,16089500,41.7400016784668
"2021-12-14",41.1599998474121,42.5900001525879,41.1599998474121,41.3800010681152,12280300,41.3800010681152
"2021-12-15",41.0999984741211,41.6399993896484,39.7400016784668,41.5,14853300,41.5
"2021-12-16",42.3300018310547,42.6500015258789,39.8800010681152,40.0499992370605,12724200,40.0499992370605
"2021-12-17",40.3300018310547,41.6199989318848,39.4799995422363,40.7799987792969,14993800,40.7799987792969
"2021-12-20",39.4599990844727,41.7099990844727,39.1100006103516,41.0999984741211,14567200,41.0999984741211
"2021-12-21",41.6199989318848,44.2299995422363,41.5800018310547,43.9300003051758,19615800,43.9300003051758
"2021-12-22",43.9500007629395,45.2099990844727,43.5099983215332,44.5699996948242,13013100,44.5699996948242
"2021-12-23",45.2200012207031,45.4799995422363,44.3400001525879,44.8699989318848,10323000,44.8699989318848
"2021-12-27",43.560001373291,44.7799987792969,43.0800018310547,44.5800018310547,11239300,44.5800018310547
"2021-12-28",44.3199996948242,45.7999992370605,44.0499992370605,45.2700004577637,9256200,45.2700004577637
"2021-12-29",44.8199996948242,45.1699981689453,44.3300018310547,44.4300003051758,8341000,44.4300003051758
"2021-12-30",44.2900009155273,45.2000007629395,44.0699996948242,44.1300010681152,9854600,44.1300010681152
"2021-12-31",44.1399993896484,44.7099990844727,43.7200012207031,43.7799987792969,7398900,43.7799987792969
"2022-01-03",44.6699981689453,46.4000015258789,44.6100006103516,45.4900016784668,13869100,45.4900016784668
"2022-01-04",46.5499992370605,47.0200004577637,45.9000015258789,46.25,11254900,46.25
"2022-01-05",46.7000007629395,47.0999984741211,45.5400009155273,45.7799987792969,10987900,45.7799987792969
"2022-01-06",46.4599990844727,46.9000015258789,45.2099990844727,45.7700004577637,8225800,45.7700004577637
"2022-01-07",46.310001373291,47.7700004577637,45.9900016784668,47.310001373291,11643900,47.310001373291
"2022-01-10",47.5299987792969,47.7700004577637,46.1800003051758,46.5800018310547,9204500,46.5800018310547
"2022-01-11",46.4099998474121,47.5499992370605,46.1500015258789,46.9000015258789,8589900,46.9000015258789
"2022-01-12",46.9500007629395,47.5099983215332,46.2799987792969,46.5400009155273,8995700,46.5400009155273
"2022-01-13",47.2099990844727,49.2700004577637,46.7799987792969,48.1699981689453,14671200,48.1699981689453
"2022-01-14",47.2400016784668,47.5400009155273,46.0900001525879,46.7400016784668,11204800,46.7400016784668
"2022-01-18",45.9199981689453,46.9799995422363,45.4500007629395,45.6100006103516,11110800,45.6100006103516
"2022-01-19",45.5200004577637,45.7000007629395,44.3499984741211,44.4000015258789,10365300,44.4000015258789
"2022-01-20",44.3499984741211,44.8400001525879,42.810001373291,42.8800010681152,15589600,42.8800010681152
"2022-01-21",42.6699981689453,43.0200004577637,41.2700004577637,41.6500015258789,16065200,41.6500015258789
"2022-01-24",40.1500015258789,41.4900016784668,38.8400001525879,41.3899993896484,20952000,41.3899993896484
"2022-01-25",40.7999992370605,42.1100006103516,40.560001373291,41.7799987792969,11304600,41.7799987792969
"2022-01-26",42.4599990844727,43.060001373291,41.0200004577637,41.4300003051758,13585700,41.4300003051758
"2022-01-27",41.8499984741211,42.7799987792969,40.7099990844727,40.9300003051758,12936400,40.9300003051758
"2022-01-28",40.6500015258789,40.9300003051758,38.7900009155273,40.9099998474121,14042700,40.9099998474121
"2022-01-31",40.5200004577637,42.9099998474121,40.2000007629395,42.8800010681152,11871000,42.8800010681152
"2022-02-01",43.0099983215332,44.2299995422363,42.7200012207031,43.9599990844727,9614300,43.9599990844727
"2022-02-02",43.9500007629395,45.3499984741211,43.2000007629395,44.1199989318848,12135300,44.1199989318848
"2022-02-03",43.5900001525879,44.4799995422363,43.0400009155273,43.0800018310547,8016500,43.0800018310547
"2022-02-04",42.7400016784668,43.1300010681152,41.9799995422363,42.8199996948242,8956900,42.8199996948242
"2022-02-07",43.3699989318848,44.9900016784668,43.2099990844727,44.439998626709,10462900,44.439998626709
"2022-02-08",44.9900016784668,46.9099998474121,44.5699996948242,46.8300018310547,12211700,46.8300018310547
"2022-02-09",47.2700004577637,49.2900009155273,47.2000007629395,48.9300003051758,15867900,48.9300003051758
"2022-02-10",48.2299995422363,50.1599998474121,47.9799995422363,49.2400016784668,16295800,49.2400016784668
"2022-02-11",49.2999992370605,50.25,46.5900001525879,46.9700012207031,15711600,46.9700012207031
"2022-02-14",47.4799995422363,48.7299995422363,46.5999984741211,46.9300003051758,10641700,46.9300003051758
"2022-02-15",48.5999984741211,50.5099983215332,48.4700012207031,50.4799995422363,17771600,50.4799995422363
"2022-02-16",50.0699996948242,50.939998626709,49.6199989318848,50.2099990844727,10118900,50.2099990844727
"2022-02-17",49.2799987792969,49.7200012207031,47.939998626709,48.3600006103516,9932300,48.3600006103516
"2022-02-18",48.2200012207031,48.9099998474121,47.2299995422363,47.4300003051758,10238300,47.4300003051758
"2022-02-22",46.5999984741211,47.5400009155273,45.939998626709,46.3199996948242,11015100,46.3199996948242
"2022-02-23",46.8499984741211,47.0499992370605,43.7799987792969,43.8499984741211,12835900,43.8499984741211
"2022-02-24",40.75,44.2200012207031,40.4300003051758,44.060001373291,19073500,44.060001373291
"2022-02-25",45.0099983215332,46.4900016784668,44.5699996948242,45.8499984741211,15838200,45.8499984741211
"2022-02-28",44.1100006103516,44.7999992370605,43.2400016784668,44.4000015258789,14839900,44.4000015258789
"2022-03-01",43.6399993896484,43.8800010681152,41.0099983215332,41.8499984741211,18149000,41.8499984741211
"2022-03-02",42.6500015258789,43.3499984741211,42.3300018310547,42.4199981689453,12915800,42.4199981689453
"2022-03-03",42.9199981689453,43.2900009155273,40.0999984741211,40.3699989318848,15663900,40.3699989318848
"2022-03-04",39.2599983215332,39.4799995422363,36.1599998474121,36.7099990844727,36645600,36.7099990844727
"2022-03-07",36.1399993896484,36.5,30.8700008392334,31.2000007629395,45172400,31.2000007629395
"2022-03-08",31.7999992370605,34.2400016784668,30.5400009155273,32.2400016784668,34172800,32.2400016784668
"2022-03-09",34.439998626709,36.4599990844727,34.2799987792969,34.9000015258789,34309000,34.9000015258789
"2022-03-10",33.7000007629395,35.7599983215332,33.0499992370605,35.2000007629395,18456400,35.2000007629395
"2022-03-11",35.939998626709,36.1399993896484,34.6699981689453,34.8699989318848,15575900,34.8699989318848
"2022-03-14",34.8699989318848,36.4300003051758,34.25,35.0200004577637,16023200,35.0200004577637
"2022-03-15",37.2599983215332,38.7799987792969,37,38.2400016784668,23183200,38.2400016784668
"2022-03-16",39.0699996948242,41.2299995422363,38.9700012207031,41.189998626709,22511200,41.189998626709
"2022-03-17",39.8699989318848,41.4199981689453,39.4500007629395,41.4199981689453,17002100,41.4199981689453
"2022-03-18",40.9700012207031,42.3899993896484,40.5999984741211,42.3499984741211,15842600,42.3499984741211
"2022-03-21",41.6199989318848,41.7099990844727,40.4599990844727,40.8499984741211,14758100,40.8499984741211
"2022-03-22",41.25,42.7200012207031,41.1699981689453,42.2000007629395,13179200,42.2000007629395
"2022-03-23",41.7599983215332,42.1100006103516,41.3400001525879,41.5299987792969,9409900,41.5299987792969
"2022-03-24",41.7599983215332,42.8600006103516,41.0299987792969,42.7799987792969,11308400,42.7799987792969
"2022-03-25",42.6800003051758,43.9500007629395,42.6199989318848,43.1800003051758,12831200,43.1800003051758
"2022-03-28",43.6500015258789,43.9099998474121,42.5900001525879,43.8600006103516,12507800,43.8600006103516
"2022-03-29",45.3699989318848,46.2799987792969,44.8400001525879,45.6699981689453,15886500,45.6699981689453
"2022-03-30",45.189998626709,46.1199989318848,44.939998626709,45.8600006103516,9884300,45.8600006103516
"2022-03-31",46.1300010681152,46.8600006103516,45.6199989318848,46.3600006103516,11832100,46.3600006103516
"2022-04-01",46.5099983215332,46.7999992370605,45.5699996948242,45.7799987792969,9768900,45.7799987792969
"2022-04-04",45.4300003051758,46.0099983215332,44.3300018310547,45.5299987792969,8870800,45.5299987792969
"2022-04-05",45.689998626709,46.0400009155273,44.0800018310547,44.7099990844727,12020400,44.7099990844727
"2022-04-06",43.2599983215332,43.7000007629395,41.4599990844727,43.0699996948242,15403100,43.0699996948242
"2022-04-07",42.8300018310547,42.8600006103516,41.0800018310547,42.4000015258789,11385900,42.4000015258789
"2022-04-08",42.2700004577637,42.7700004577637,41.5999984741211,41.9599990844727,9124100,41.9599990844727
"2022-04-11",41.2200012207031,43.4599990844727,41.2099990844727,42.4199981689453,10624300,42.4199981689453
"2022-04-12",42.5699996948242,43.3199996948242,41.7900009155273,42.7299995422363,9933300,42.7299995422363
"2022-04-13",44.7099990844727,45.3800010681152,44.0099983215332,45.1399993896484,16966600,45.1399993896484
"2022-04-14",45.4900016784668,46.5099983215332,45.0400009155273,45.1300010681152,12314900,45.1300010681152
"2022-04-18",44.1800003051758,44.9599990844727,43.4599990844727,43.9700012207031,12677400,43.9700012207031
"2022-04-19",44.5200004577637,46.1399993896484,44.4799995422363,45.9500007629395,13667400,45.9500007629395
"2022-04-20",46.3699989318848,46.939998626709,45.75,46.5200004577637,19528700,46.5200004577637
"2022-04-21",50.439998626709,52.4599990844727,50.2299995422363,50.8499984741211,42225000,50.8499984741211
"2022-04-22",52.0099983215332,53.1199989318848,51.1199989318848,51.4599990844727,23701400,51.4599990844727
"2022-04-25",51.0099983215332,51.6800003051758,49.7299995422363,51.2999992370605,16254000,51.2999992370605
"2022-04-26",50.7400016784668,51.060001373291,48.6100006103516,48.8600006103516,16046100,48.8600006103516
"2022-04-27",48.75,50.5099983215332,48.1800003051758,50.2799987792969,13381900,50.2799987792969
"2022-04-28",50.7000007629395,51.9599990844727,49.9300003051758,51.8199996948242,12786700,51.8199996948242
"2022-04-29",51.3899993896484,52.4799995422363,50.310001373291,50.5,10699200,50.5
"2022-05-02",50.4900016784668,50.8300018310547,48.7000007629395,50.189998626709,13391900,50.189998626709
"2022-05-03",50.3899993896484,51.7999992370605,49.6500015258789,51.3800010681152,12214900,51.3800010681152
"2022-05-04",51.0099983215332,52.1300010681152,50.0699996948242,51.9000015258789,12953200,51.9000015258789
"2022-05-05",50.9799995422363,51.7299995422363,48.4700012207031,48.9000015258789,15536300,48.9000015258789
"2022-05-06",48.810001373291,48.9500007629395,46.5,47.5200004577637,13824500,47.5200004577637
"2022-05-09",46.560001373291,46.8800010681152,42.9199981689453,43.310001373291,16391900,43.310001373291
"2022-05-10",44.2000007629395,44.8499984741211,43.0800018310547,44.1199989318848,14104700,44.1199989318848
"2022-05-11",43.9099998474121,45.9799995422363,42.939998626709,43.1800003051758,15388000,43.1800003051758
"2022-05-12",42.25,42.8199996948242,40.1100006103516,41.5,19112400,41.5
"2022-05-13",42.3499984741211,43.6399993896484,42.189998626709,43.2700004577637,13874700,43.2700004577637
"2022-05-16",43.1699981689453,44.5999984741211,42.9799995422363,43.5400009155273,9832100,43.5400009155273
"2022-05-17",45.4199981689453,47.0999984741211,45.4000015258789,46.9700012207031,13756400,46.9700012207031
"2022-05-18",46.2099990844727,47.1599998474121,44.2700004577637,44.6300010681152,12138100,44.6300010681152
"2022-05-19",43.939998626709,45.3600006103516,43.8699989318848,44.2099990844727,10157800,44.2099990844727
"2022-05-20",45,45.2700004577637,42.2599983215332,43.5499992370605,12924300,43.5499992370605
"2022-05-23",44.1399993896484,45.1100006103516,43.3600006103516,44.7599983215332,10144100,44.7599983215332
"2022-05-24",43.6500015258789,43.9900016784668,41,41.5699996948242,13328500,41.5699996948242
"2022-05-25",41.4099998474121,43.2400016784668,41.2299995422363,43.0800018310547,11007500,43.0800018310547
"2022-05-26",43.7299995422363,46.6399993896484,43.6399993896484,46.0699996948242,13896000,46.0699996948242
"2022-05-27",46.4199981689453,48.6300010681152,46.4000015258789,48.4099998474121,10995200,48.4099998474121
"2022-05-31",46.7900009155273,48.5,46.310001373291,47.6300010681152,16931800,47.6300010681152
"2022-06-01",48.2299995422363,48.310001373291,44.5800018310547,45.4900016784668,12460200,45.4900016784668
"2022-06-02",45.439998626709,46.0900001525879,44,45.7700004577637,8383500,45.7700004577637
"2022-06-03",44.8400001525879,44.9099998474121,43.4199981689453,44.4300003051758,10413100,44.4300003051758
"2022-06-06",45.0200004577637,45.3800010681152,44.1300010681152,44.7599983215332,7860200,44.7599983215332
"2022-06-07",44.5,46.5800018310547,44.1699981689453,46.4500007629395,10441700,46.4500007629395
"2022-06-08",45.4199981689453,46.2999992370605,44.5,44.5999984741211,8219300,44.5999984741211
"2022-06-09",44.310001373291,44.560001373291,42.6699981689453,42.7000007629395,10364600,42.7000007629395
"2022-06-10",41.6800003051758,43.3199996948242,40.7700004577637,41.1599998474121,16474700,41.1599998474121
"2022-06-13",39.8400001525879,39.9000015258789,36.7700004577637,37.0200004577637,17493500,37.0200004577637
"2022-06-14",37.4799995422363,37.7599983215332,36.0499992370605,36.9900016784668,12608800,36.9900016784668
"2022-06-15",37.5299987792969,38.8199996948242,37.0999984741211,37.8899993896484,16355300,37.8899993896484
"2022-06-16",36.4300003051758,36.5900001525879,34.3499984741211,34.7799987792969,15128000,34.7799987792969
"2022-06-17",34.8699989318848,36.560001373291,33.8600006103516,36.2799987792969,19451800,36.2799987792969
"2022-06-21",37.3499984741211,37.4500007629395,35.7799987792969,36.5,10584200,36.5
"2022-06-22",35.8499984741211,37.310001373291,35.7000007629395,36.7200012207031,9030200,36.7200012207031
"2022-06-23",36.5,36.7000007629395,34.7700004577637,35.810001373291,11778700,35.810001373291
"2022-06-24",35.5299987792969,38.6300010681152,35.5299987792969,38.5099983215332,13245300,38.5099983215332
"2022-06-27",38.8199996948242,38.8199996948242,37.1199989318848,37.2000007629395,9770100,37.2000007629395
"2022-06-28",38.1399993896484,39.8800010681152,36.8699989318848,36.9700012207031,12406400,36.9700012207031
"2022-06-29",36.25,36.3400001525879,35.189998626709,35.6800003051758,10245100,35.6800003051758
"2022-06-30",34.4599990844727,35.6399993896484,33.7299995422363,35.4199981689453,12620400,35.4199981689453
"2022-07-01",35.5099983215332,36.5,34.8600006103516,36.439998626709,10923100,36.439998626709
"2022-07-05",35.1500015258789,37.1399993896484,34.439998626709,36.9700012207031,15445700,36.9700012207031
"2022-07-06",36.560001373291,37.1699981689453,35.8800010681152,36.6599998474121,9664600,36.6599998474121
"2022-07-07",36.5999984741211,37.0999984741211,35.8899993896484,36.689998626709,11752100,36.689998626709
"2022-07-08",36.7200012207031,37.5999984741211,36.3300018310547,36.4700012207031,9955700,36.4700012207031
"2022-07-11",36.2099990844727,36.4900016784668,35.1800003051758,35.3699989318848,7558000,35.3699989318848
"2022-07-12",35.5299987792969,38.6500015258789,35.5299987792969,38.2299995422363,14459300,38.2299995422363
"2022-07-13",36.8899993896484,38.1699981689453,36.4500007629395,37.9099998474121,11847700,37.9099998474121
"2022-07-14",37.3300018310547,39.0200004577637,37.0400009155273,37.8499984741211,9181800,37.8499984741211
"2022-07-15",38.3800010681152,38.8300018310547,37.439998626709,38.7799987792969,7702500,38.7799987792969
"2022-07-18",39.7900009155273,40.560001373291,39.1599998474121,39.3400001525879,11729800,39.3400001525879
"2022-07-19",40.2200012207031,41.5699996948242,40.2000007629395,41.4700012207031,10518100,41.4700012207031
"2022-07-20",41.5,41.9700012207031,40.8499984741211,41.6800003051758,12822100,41.6800003051758
"2022-07-21",38.8199996948242,38.9700012207031,37.2400016784668,37.439998626709,29856100,37.439998626709
"2022-07-22",37.7999992370605,38.25,36.0200004577637,36.3300018310547,14579700,36.3300018310547
"2022-07-25",36.0299987792969,36.4099998474121,35.189998626709,36.3400001525879,10186900,36.3400001525879
"2022-07-26",35.7599983215332,36.1399993896484,35.2799987792969,35.3400001525879,8151700,35.3400001525879
"2022-07-27",36.1800003051758,36.7400016784668,35.2900009155273,36.4199981689453,10580700,36.4199981689453
"2022-07-28",35.8600006103516,36.8499984741211,35.4000015258789,36.7400016784668,10248700,36.7400016784668
"2022-07-29",36.4900016784668,37.1199989318848,36.2400016784668,36.75,7801500,36.75
"2022-08-01",36.689998626709,37.9500007629395,36.3600006103516,37.689998626709,9471800,37.689998626709
"2022-08-02",37.2200012207031,38.1199989318848,36.7599983215332,37.2299995422363,8624900,37.2299995422363
"2022-08-03",37.6699981689453,38.7200012207031,37.5,38.6300010681152,10166200,38.6300010681152
"2022-08-04",38.6199989318848,39.060001373291,37.8499984741211,38.6300010681152,8985800,38.6300010681152
"2022-08-05",38.0099983215332,38.7900009155273,37.7599983215332,37.8199996948242,6889300,37.8199996948242
"2022-08-08",38.0099983215332,39.4099998474121,38.0099983215332,38.6500015258789,7352600,38.6500015258789
"2022-08-09",38.2099990844727,38.3499984741211,37.2400016784668,37.7999992370605,7627200,37.7999992370605
"2022-08-10",38.8400001525879,39.5499992370605,38.6100006103516,38.689998626709,8655400,38.689998626709
"2022-08-11",39.4599990844727,39.8600006103516,38.4900016784668,38.6699981689453,8371000,38.6699981689453
"2022-08-12",39.0999984741211,39.4900016784668,38.6699981689453,39.3400001525879,6797000,39.3400001525879
"2022-08-15",39.4199981689453,40.3199996948242,39.4000015258789,39.8600006103516,7341000,39.8600006103516
"2022-08-16",39.7900009155273,40.7700004577637,39.439998626709,40.2900009155273,6924700,40.2900009155273
"2022-08-17",39.560001373291,39.689998626709,38.4300003051758,38.9599990844727,8557800,38.9599990844727
"2022-08-18",38.9599990844727,39.1500015258789,38.3800010681152,39.060001373291,6725400,39.060001373291
"2022-08-19",38.2400016784668,38.5999984741211,37.2200012207031,37.5,8143000,37.5
"2022-08-22",36.5,36.5299987792969,35.6300010681152,36.3600006103516,8481900,36.3600006103516
"2022-08-23",36.5699996948242,37.1199989318848,36.4000015258789,36.9099998474121,6775000,36.9099998474121
"2022-08-24",36.9500007629395,37.7000007629395,36.6100006103516,37.3899993896484,5387600,37.3899993896484
"2022-08-25",37.6300010681152,38.5200004577637,37.5200004577637,38.2700004577637,6296600,38.2700004577637
"2022-08-26",38.2599983215332,38.6199989318848,36.560001373291,36.5699996948242,6130200,36.5699996948242
"2022-08-29",36.0099983215332,36.5900001525879,35.8499984741211,36.0200004577637,6334500,36.0200004577637
"2022-08-30",36.4900016784668,36.7099990844727,35.560001373291,35.939998626709,6660200,35.939998626709
"2022-08-31",36.2599983215332,36.3199996948242,34.9700012207031,35.0099983215332,8595600,35.0099983215332
"2022-09-01",34.6699981689453,35.2200012207031,33.7400016784668,35.1800003051758,9399700,35.1800003051758
"2022-09-02",35.6800003051758,36.1399993896484,34.9599990844727,35.310001373291,9496400,35.310001373291
"2022-09-06",35.8199996948242,36.7299995422363,35.2799987792969,36.5800018310547,10468400,36.5800018310547
"2022-09-07",36.8499984741211,38.7200012207031,36.75,38.5999984741211,11802600,38.5999984741211
"2022-09-08",38.0999984741211,39.5400009155273,37.9300003051758,38.8800010681152,10188000,38.8800010681152
"2022-09-09",39.3600006103516,39.6100006103516,39.0400009155273,39.2599983215332,7405000,39.2599983215332
"2022-09-12",39.5999984741211,40.2599983215332,39.1100006103516,39.2200012207031,7832900,39.2200012207031
"2022-09-13",37.7400016784668,38.5200004577637,37.6199989318848,37.7900009155273,7532800,37.7900009155273
"2022-09-14",37.560001373291,38.4700012207031,36.7099990844727,38.4300003051758,7990000,38.4300003051758
"2022-09-15",38.2000007629395,39.6699981689453,38.1500015258789,38.9000015258789,8411000,38.9000015258789
"2022-09-16",37.9300003051758,37.9900016784668,37.0099983215332,37.4799995422363,10788100,37.4799995422363
"2022-09-19",37.189998626709,39.0200004577637,37.1800003051758,38.7000007629395,7951100,38.7000007629395
"2022-09-20",38.5999984741211,39.3899993896484,37.6300010681152,38.1699981689453,9607800,38.1699981689453
"2022-09-21",37.4799995422363,37.7400016784668,36.0900001525879,36.1199989318848,14719700,36.1199989318848
"2022-09-22",36.2000007629395,36.2999992370605,34.0099983215332,34.4500007629395,12081000,34.4500007629395
"2022-09-23",33.6699981689453,33.9199981689453,32.2700004577637,33.0699996948242,13273100,33.0699996948242
"2022-09-26",32.7299995422363,33.2099990844727,31.7999992370605,31.8999996185303,10792000,31.8999996185303
"2022-09-27",32.6599998474121,33.2400016784668,31.9099998474121,32.8300018310547,12247300,32.8300018310547
"2022-09-28",32.5999984741211,34.0900001525879,32.1699981689453,33.9199981689453,10074500,33.9199981689453
"2022-09-29",33.3400001525879,33.4500007629395,32.4099998474121,32.9099998474121,9418200,32.9099998474121
"2022-09-30",32.7200012207031,33.1399993896484,32.3199996948242,32.5299987792969,9136400,32.5299987792969
"2022-10-03",32.3600006103516,33.0999984741211,31.5799999237061,32.810001373291,8905200,32.810001373291
"2022-10-04",33.9900016784668,35.4199981689453,33.9500007629395,35.3300018310547,12024900,35.3300018310547
"2022-10-05",34.5900001525879,35.6199989318848,34.310001373291,35.4199981689453,8573500,35.4199981689453
"2022-10-06",35.2000007629395,35.6800003051758,34.25,34.9599990844727,9808700,34.9599990844727
"2022-10-07",34.7000007629395,34.7000007629395,33.4300003051758,33.8600006103516,9386400,33.8600006103516
"2022-10-10",34.1599998474121,34.5200004577637,33.6500015258789,34.2000007629395,9607400,34.2000007629395
"2022-10-11",35.6500015258789,35.8699989318848,32.7099990844727,33.9300003051758,12083100,33.9300003051758
"2022-10-12",33.5099983215332,34.5,33.0499992370605,34.2299995422363,8886500,34.2299995422363
"2022-10-13",34.1599998474121,35.8800010681152,33.0800018310547,35.4000015258789,13375300,35.4000015258789
"2022-10-14",36.5099983215332,36.8300018310547,35.3300018310547,35.4700012207031,11108400,35.4700012207031
"2022-10-17",36.5,36.6800003051758,35.25,36.0999984741211,9615800,36.0999984741211
"2022-10-18",37.189998626709,37.4300003051758,36.3699989318848,37.25,14113100,37.25
"2022-10-19",39.3199996948242,40.3499984741211,38.4099998474121,39.0999984741211,28314600,39.0999984741211
"2022-10-20",39.3199996948242,40.189998626709,38.9500007629395,39.0499992370605,13004300,39.0499992370605
"2022-10-21",38.9500007629395,40.9700012207031,38.5999984741211,40.439998626709,13232500,40.439998626709
"2022-10-24",40.5900001525879,42.0200004577637,40.2200012207031,41.8800010681152,11935400,41.8800010681152
"2022-10-25",41.7400016784668,42.7400016784668,41.4000015258789,42.5999984741211,9671100,42.5999984741211
"2022-10-26",42.439998626709,43.5999984741211,42.3499984741211,42.4500007629395,9601700,42.4500007629395
"2022-10-27",42.9799995422363,43.9599990844727,42.9300003051758,42.9900016784668,7599700,42.9900016784668
"2022-10-28",43.2700004577637,43.7700004577637,42.810001373291,43.7200012207031,9134300,43.7200012207031
"2022-10-31",43.6500015258789,44.1699981689453,43.060001373291,43.0800018310547,7777800,43.0800018310547
"2022-11-01",43.5999984741211,43.8699989318848,42.5200004577637,42.6599998474121,8536100,42.6599998474121
"2022-11-02",42.189998626709,42.7799987792969,41.0699996948242,41.1100006103516,10264200,41.1100006103516
"2022-11-03",40.5699996948242,41.810001373291,40.0699996948242,40.9500007629395,7724400,40.9500007629395
"2022-11-04",41.8800010681152,43.0400009155273,41.8300018310547,42.6199989318848,9718500,42.6199989318848
"2022-11-07",43.0499992370605,43.4500007629395,41.8699989318848,42.7799987792969,6055600,42.7799987792969
"2022-11-08",42.7000007629395,43.0299987792969,41.7200012207031,42.1800003051758,7091900,42.1800003051758
"2022-11-09",41.5800018310547,42.7999992370605,41.4199981689453,42.3699989318848,6343500,42.3699989318848
"2022-11-10",43.9500007629395,44.5099983215332,43.0200004577637,44.3300018310547,9378700,44.3300018310547
"2022-11-11",44.6399993896484,45.4099998474121,44.2200012207031,44.7099990844727,8173400,44.7099990844727
"2022-11-14",44.1500015258789,44.9799995422363,44,44.0299987792969,5912400,44.0299987792969
"2022-11-15",44.8899993896484,45.5699996948242,43.4099998474121,44.0400009155273,7062900,44.0400009155273
"2022-11-16",43.5,43.9300003051758,43.0699996948242,43.2900009155273,4851900,43.2900009155273
"2022-11-17",42.5299987792969,43.3499984741211,42.2799987792969,43.25,4288700,43.25
"2022-11-18",43.939998626709,44.810001373291,43.2799987792969,43.8199996948242,4883400,43.8199996948242
"2022-11-21",43.8699989318848,44.2999992370605,43.2200012207031,43.4300003051758,4047100,43.4300003051758
"2022-11-22",43.560001373291,43.9099998474121,42.8300018310547,43.4300003051758,3249700,43.4300003051758
"2022-11-23",43.5299987792969,44.0200004577637,43.1599998474121,43.689998626709,3380500,43.689998626709
"2022-11-25",43.5999984741211,44.5900001525879,43.5400009155273,44.4199981689453,2398400,44.4199981689453
"2022-11-28",43.9300003051758,43.9599990844727,42.9900016784668,43.0200004577637,6022900,43.0200004577637
"2022-11-29",42.9799995422363,43.8400001525879,42.9700012207031,43.689998626709,4434100,43.689998626709
"2022-11-30",43.6599998474121,44.1800003051758,43.0900001525879,44.1699981689453,4549000,44.1699981689453
"2022-12-01",44.2999992370605,44.6199989318848,43.6300010681152,43.8899993896484,3906100,43.8899993896484
"2022-12-02",43.2999992370605,44.2700004577637,43.1100006103516,43.8899993896484,4529000,43.8899993896484
"2022-12-05",44.4799995422363,45.8600006103516,44.2900009155273,45.0299987792969,11174100,45.0299987792969
"2022-12-06",45.2099990844727,45.9700012207031,44.9199981689453,45.9199981689453,7601800,45.9199981689453
"2022-12-07",45.689998626709,45.689998626709,43.9000015258789,44.060001373291,8126500,44.060001373291
"2022-12-08",44.3800010681152,44.8800010681152,42.2999992370605,42.7999992370605,8779400,42.7999992370605
"2022-12-09",42.2999992370605,43.1100006103516,42.2099990844727,43.0400009155273,5791800,43.0400009155273
"2022-12-12",43,44.3400001525879,42.7599983215332,44.2400016784668,5297100,44.2400016784668
"2022-12-13",45.5,45.5699996948242,40.9199981689453,41.1699981689453,18385100,41.1699981689453
"2022-12-14",41.6699981689453,41.9900016784668,39.6399993896484,40.0999984741211,13887300,40.0999984741211
"2022-12-15",39.6500015258789,40.0699996948242,38.1500015258789,38.5499992370605,10398300,38.5499992370605
"2022-12-16",38.5200004577637,39.1199989318848,37.8400001525879,38.4300003051758,11429900,38.4300003051758
"2022-12-19",38.6699981689453,38.8600006103516,37.8899993896484,37.9799995422363,5432500,37.9799995422363
"2022-12-20",37.9599990844727,38.6199989318848,37.8499984741211,38.5499992370605,5512600,38.5499992370605
"2022-12-21",38.5900001525879,39.439998626709,38.5900001525879,39,6047300,39
"2022-12-22",38.7799987792969,38.9799995422363,37.1699981689453,38.2799987792969,7246400,38.2799987792969
"2022-12-23",38.3600006103516,38.4799995422363,37.7700004577637,38.3899993896484,4262500,38.3899993896484
"2022-12-27",38.2000007629395,38.9900016784668,37.7200012207031,38.2000007629395,6654000,38.2000007629395
"2022-12-28",38.3400001525879,38.5499992370605,37.2200012207031,37.2900009155273,6402600,37.2900009155273
"2022-12-29",37.3800010681152,38.2400016784668,37.3199996948242,37.9199981689453,5890600,37.9199981689453
"2022-12-30",37.5900001525879,38.060001373291,37.4599990844727,37.7000007629395,6295800,37.7000007629395
