"Date","WMT.Open","WMT.High","WMT.Low","WMT.Close","WMT.Volume","WMT.Adjusted"
"2019-01-02",30.546667098999,31.216667175293,30.546667098999,31.1133327484131,24458100,27.9137744903564
"2019-01-03",31.0699996948242,31.5699996948242,30.8999996185303,30.953332901001,24831900,27.7702312469482
"2019-01-04",31.0699996948242,31.2199993133545,30.8966674804688,31.1466674804688,24087300,27.9436874389648
"2019-01-07",31.2066669464111,31.7233333587646,31.0599994659424,31.5133323669434,23369100,28.2726383209229
"2019-01-08",31.6866664886475,31.9200000762939,31.3033332824707,31.7333335876465,21602700,28.4700202941895
"2019-01-09",31.9033336639404,32.0466651916504,31.5900001525879,31.6299991607666,18816900,28.3773136138916
"2019-01-10",31.2933330535889,31.6599998474121,31.0400009155273,31.6533336639404,28188900,28.3982486724854
"2019-01-11",31.6633338928223,31.7633323669434,31.5166664123535,31.6133327484131,16183800,28.3623580932617
"2019-01-14",31.4933338165283,31.8166675567627,31.4266662597656,31.6499996185303,21255300,28.3952503204346
"2019-01-15",31.8233337402344,32.2000007629395,31.7933330535889,32.0833320617676,21174600,28.7840232849121
"2019-01-16",31.9766674041748,32.2866668701172,31.9433326721191,32.1166687011719,16230000,28.8139381408691
"2019-01-17",32.1066665649414,32.4033317565918,32.0533332824707,32.2466659545898,16843500,28.9305591583252
"2019-01-18",32.3166656494141,32.7333335876465,32.283332824707,32.5766677856445,18361800,29.2266368865967
"2019-01-22",32.3833312988281,32.810001373291,32.2599983215332,32.4966659545898,24189600,29.1548595428467
"2019-01-23",32.9566688537598,33.1166687011719,32.5099983215332,32.9033317565918,25037400,29.5196990966797
"2019-01-24",32.7333335876465,32.8199996948242,32.1433334350586,32.7866668701172,22829100,29.4150333404541
"2019-01-25",32.9166679382324,32.9700012207031,32.25,32.3133316040039,21654600,28.9903717041016
"2019-01-28",32.1766662597656,32.3566665649414,32.026668548584,32.3533325195312,17627400,29.0262622833252
"2019-01-29",32.2566680908203,32.3866653442383,32.1699981689453,32.2366676330566,15760200,28.9215965270996
"2019-01-30",32.2266654968262,32.2666664123535,31.4200000762939,31.6000003814697,35547900,28.3503932952881
"2019-01-31",31.5433330535889,32.2900009155273,31.5433330535889,31.9433326721191,44169000,28.6584224700928
"2019-02-01",31.9733333587646,32,31.0366668701172,31.2866668701172,37775700,28.0692863464355
"2019-02-04",31.2866668701172,31.5900001525879,31.1166667938232,31.5900001525879,21805800,28.3414287567139
"2019-02-05",31.75,31.9799995422363,31.6733322143555,31.8666667938232,18299700,28.5896434783936
"2019-02-06",31.8099994659424,32.0033340454102,31.7399997711182,31.8799991607666,12794700,28.6016006469727
"2019-02-07",31.703332901001,32.2733345031738,31.6666679382324,32.2433319091797,21030300,28.9275703430176
"2019-02-08",32.1133346557617,32.2299995422363,31.7133331298828,31.8600006103516,18507600,28.5836620330811
"2019-02-11",31.8833332061768,32.1166687011719,31.8799991607666,32.0666656494141,16628400,28.769079208374
"2019-02-12",32.2733345031738,32.3899993896484,32.1666679382324,32.3233337402344,17643900,28.9993419647217
"2019-02-13",32.4333343505859,32.6666679382324,32.3633346557617,32.6466674804688,16375500,29.2894325256348
"2019-02-14",32.560001373291,33.0666656494141,32.3400001525879,32.8400001525879,21602400,29.4628829956055
"2019-02-15",32.9933319091797,33.3333320617676,32.9533348083496,33.3300018310547,28443000,29.902494430542
"2019-02-19",34.1266670227051,34.7266654968262,34.0233345031738,34.0666656494141,62091900,30.5633945465088
"2019-02-20",33.9366683959961,34.1133346557617,32.8833312988281,33.2933311462402,52895400,29.8695945739746
"2019-02-21",33.2200012207031,33.3066673278809,32.9700012207031,33.1300010681152,19239600,29.7230644226074
"2019-02-22",33.2733345031738,33.3866653442383,33.0466651916504,33.1833343505859,24260700,29.7709064483643
"2019-02-25",33.3733329772949,33.3766670227051,33.0166664123535,33.0400009155273,27705000,29.6423149108887
"2019-02-26",33.0066680908203,33.0200004577637,32.6233329772949,32.8966674804688,25464300,29.5137214660645
"2019-02-27",32.7066688537598,32.7966651916504,32.5299987792969,32.7033348083496,23706900,29.3402709960938
"2019-02-28",32.7033348083496,33.156665802002,32.5900001525879,32.9966659545898,34127700,29.6034374237061
"2019-03-01",33.156665802002,33.1866683959961,32.3733329772949,32.6433334350586,31057500,29.2864322662354
"2019-03-04",32.7066688537598,32.8633346557617,32.4566688537598,32.6166687011719,23051400,29.2625141143799
"2019-03-05",32.7099990844727,33.0633316040039,32.6966667175293,32.7799987792969,18357900,29.4090480804443
"2019-03-06",32.7566680908203,33,32.6199989318848,32.7533340454102,14089800,29.3851280212402
"2019-03-07",32.5699996948242,32.7333335876465,32.4133338928223,32.4833335876465,18379800,29.1428928375244
"2019-03-08",32.5166664123535,32.8066673278809,32.3333320617676,32.5299987792969,16977000,29.1847610473633
"2019-03-11",32.6800003051758,32.8600006103516,32.6066665649414,32.8266677856445,16035900,29.4509143829346
"2019-03-12",32.843334197998,32.9133338928223,32.6833343505859,32.7900009155273,15211500,29.418025970459
"2019-03-13",32.9000015258789,33.1166687011719,32.7966651916504,33.0099983215332,16446900,29.6153869628906
"2019-03-14",32.8033332824707,32.810001373291,32.5299987792969,32.7400016784668,14777400,29.5312156677246
"2019-03-15",32.7599983215332,32.8366661071777,32.533332824707,32.8066673278809,43800000,29.5913524627686
"2019-03-18",32.7666664123535,33.2566680908203,32.7533340454102,33.2200012207031,17310300,29.9641761779785
"2019-03-19",33.3300018310547,33.4966659545898,33.189998626709,33.283332824707,16243200,30.0212936401367
"2019-03-20",33.0666656494141,33.1833343505859,32.8466682434082,32.8800010681152,18969300,29.6574897766113
"2019-03-21",32.75,33.0433311462402,32.7000007629395,33.0200004577637,19653000,29.7837734222412
"2019-03-22",32.8600006103516,33.1766662597656,32.6466674804688,32.7599983215332,20124300,29.549259185791
"2019-03-25",32.5999984741211,32.8733329772949,32.5433311462402,32.723331451416,16222200,29.5161800384521
"2019-03-26",32.7866668701172,32.9500007629395,32.6766662597656,32.7733345031738,14837700,29.5612716674805
"2019-03-27",32.7133331298828,32.9533348083496,31.6666679382324,32.4033317565918,25413600,29.2275409698486
"2019-03-28",32.5299987792969,32.6233329772949,32.1766662597656,32.3766670227051,24162900,29.2034950256348
"2019-03-29",32.5299987792969,32.5566673278809,32.3466682434082,32.5099983215332,22319700,29.3237590789795
"2019-04-01",32.656665802002,32.7866668701172,32.5200004577637,32.6066665649414,25517400,29.4109477996826
"2019-04-02",32.5866661071777,32.7700004577637,32.2999992370605,32.3133316040039,18822000,29.1463623046875
"2019-04-03",32.3733329772949,32.466667175293,32.2633323669434,32.3966674804688,17062500,29.2215328216553
"2019-04-04",32.4166679382324,32.7599983215332,32.4133338928223,32.7033348083496,12078900,29.4981441497803
"2019-04-05",32.75,33.0666656494141,32.7200012207031,32.9433326721191,13968000,29.71462059021
"2019-04-08",32.8166656494141,33.0833320617676,32.7533340454102,33.0766677856445,16267200,29.834888458252
"2019-04-09",32.9333343505859,33.0766677856445,32.716667175293,32.8966674804688,13102500,29.6725215911865
"2019-04-10",32.8366661071777,33.2400016784668,32.8333320617676,33.2000007629395,12273300,29.9461364746094
"2019-04-11",33.2333335876465,33.6100006103516,33.156665802002,33.5999984741211,16820700,30.3069305419922
"2019-04-12",33.6666679382324,34.0066680908203,33.6666679382324,33.8533325195312,15486000,30.5354270935059
"2019-04-15",33.7666664123535,34.3033332824707,33.7533340454102,34.1433334350586,15335700,30.7970123291016
"2019-04-16",34.2966651916504,34.4633331298828,34.1800003051758,34.310001373291,14485200,30.9473457336426
"2019-04-17",34.3333320617676,34.466667175293,34.1366653442383,34.3866653442383,11187600,31.0164909362793
"2019-04-18",34.3699989318848,34.5999984741211,34.2966651916504,34.3933334350586,11183400,31.0225067138672
"2019-04-22",34.2599983215332,34.5133323669434,34.0566673278809,34.1233329772949,15238200,30.7789649963379
"2019-04-23",34.1766662597656,34.4300003051758,33.9799995422363,34.3566665649414,15152400,30.989429473877
"2019-04-24",34.3800010681152,34.6166687011719,34.3633346557617,34.5099983215332,14093400,31.1277313232422
"2019-04-25",34.4133338928223,34.716667175293,34.276668548584,34.5066680908203,11883300,31.12473487854
"2019-04-26",33.4833335876465,34.1133346557617,33.2200012207031,33.843334197998,24323100,30.5264129638672
"2019-04-29",33.9599990844727,34,33.593334197998,33.8533325195312,19139100,30.5354270935059
"2019-04-30",33.9233322143555,34.3066673278809,33.8166656494141,34.2799987792969,18400800,30.9202785491943
"2019-05-01",34.2566680908203,34.2700004577637,33.7599983215332,33.7866668701172,16011600,30.4752960205078
"2019-05-02",33.810001373291,34.0200004577637,33.4133338928223,33.716667175293,15021000,30.4121608734131
"2019-05-03",34.1066665649414,34.25,33.9333343505859,34.026668548584,15950700,30.6917762756348
"2019-05-06",33.5833320617676,34.1833343505859,33.5133323669434,34.1533317565918,13841100,30.8060321807861
"2019-05-07",33.9333343505859,34.0566673278809,33.5866661071777,33.7666664123535,13726800,30.4572601318359
"2019-05-08",33.4166679382324,33.6800003051758,33.2866668701172,33.4333343505859,17646000,30.1565914154053
"2019-05-09",33.0900001525879,33.3133316040039,32.9500007629395,33.1800003051758,18720300,30.0870780944824
"2019-05-10",33.2533340454102,34.0366668701172,33.2333335876465,33.9700012207031,26228100,30.8034343719482
"2019-05-13",33.4833335876465,33.716667175293,33.0033340454102,33.2966651916504,22084500,30.1928615570068
"2019-05-14",33.3800010681152,33.6233329772949,33.2966651916504,33.4300003051758,19061100,30.313777923584
"2019-05-15",33.4000015258789,33.4533348083496,33.0433311462402,33.2933311462402,20220900,30.1898403167725
"2019-05-16",34.276668548584,34.6533317565918,33.6133346557617,33.7700004577637,51366000,30.6220779418945
"2019-05-17",33.4133338928223,33.9833335876465,33.3033332824707,33.6199989318848,37113900,30.4860553741455
"2019-05-20",33.4633331298828,33.9933319091797,33.4166679382324,33.8400001525879,21582300,30.6855525970459
"2019-05-21",33.8366661071777,33.8833312988281,33.466667175293,33.7066688537598,20667300,30.5646457672119
"2019-05-22",33.8666687011719,34.1433334350586,33.6866683959961,34.0766677856445,22022700,30.9001655578613
"2019-05-23",33.939998626709,33.9766654968262,33.5499992370605,33.9533348083496,19363800,30.7883205413818
"2019-05-24",34.060001373291,34.2966651916504,34.026668548584,34.223331451416,13449600,31.0331478118896
"2019-05-28",34.1866683959961,34.5233345031738,34.1333312988281,34.1399993896484,30815100,30.957576751709
"2019-05-29",34.0366668701172,34.2933311462402,33.8233337402344,34.0400009155273,19560600,30.8669090270996
"2019-05-30",34.1633338928223,34.4966659545898,33.9700012207031,34.0633316040039,15058800,30.8880653381348
"2019-05-31",33.783332824707,34.0066680908203,33.533332824707,33.8133316040039,17782500,30.6613712310791
"2019-06-03",33.8766670227051,34.2266654968262,33.7999992370605,33.9866676330566,19844100,30.8185520172119
"2019-06-04",34.2033348083496,34.216667175293,33.8133316040039,34.1866683959961,17894700,30.999906539917
"2019-06-05",34.25,34.9266662597656,34.2000007629395,34.8066673278809,20708700,31.5621109008789
"2019-06-06",34.8300018310547,35.2200012207031,34.7333335876465,35.0366668701172,24191100,31.7706680297852
"2019-06-07",35.0766677856445,35.4533348083496,35.0166664123535,35.3533325195312,20428200,32.0578193664551
"2019-06-10",35.4933319091797,35.9266662597656,35.4566688537598,35.8400001525879,18977100,32.4991149902344
"2019-06-11",36,36.3233337402344,35.9166679382324,35.9799995422363,20241900,32.6260719299316
"2019-06-12",35.973331451416,36.3033332824707,35.973331451416,36.2733345031738,13905300,32.8920555114746
"2019-06-13",36.3333320617676,36.526668548584,36.0566673278809,36.216667175293,16455000,32.8406753540039
"2019-06-14",36.2599983215332,36.5299987792969,36.1533317565918,36.3566665649414,13577700,32.9676246643066
"2019-06-17",36.3733329772949,36.5166664123535,36.0866661071777,36.3866653442383,12441000,32.9948196411133
"2019-06-18",36.5999984741211,36.6533317565918,36.3033332824707,36.5499992370605,14733600,33.1429290771484
"2019-06-19",36.5999984741211,36.6133346557617,36.2900009155273,36.5400009155273,11773800,33.1338691711426
"2019-06-20",36.6066665649414,36.8300018310547,36.4266662597656,36.7733345031738,15004500,33.3454475402832
"2019-06-21",36.7799987792969,37.3966674804688,36.7533340454102,37.0433311462402,39535800,33.5902786254883
"2019-06-24",37.1633338928223,37.406665802002,37.0099983215332,37.0800018310547,18098400,33.6235427856445
"2019-06-25",36.9599990844727,37.1433334350586,36.7999992370605,36.906665802002,18315000,33.4663505554199
"2019-06-26",36.9500007629395,37.026668548584,36.7000007629395,36.7200012207031,12485100,33.2970809936523
"2019-06-27",36.6866683959961,36.8366661071777,36.2866668701172,36.7000007629395,16443900,33.2789535522461
"2019-06-28",36.8499984741211,37.1699981689453,36.7466659545898,36.8300018310547,19520100,33.3968391418457
"2019-07-01",37.0999984741211,37.3233337402344,36.6733322143555,36.8733329772949,16544100,33.4361305236816
"2019-07-02",36.9433326721191,37.2033348083496,36.7799987792969,37.2000007629395,12188700,33.7323455810547
"2019-07-03",37.060001373291,37.466667175293,37,37.439998626709,9621900,33.9499702453613
"2019-07-05",37.3333320617676,37.4133338928223,37.0699996948242,37.3266677856445,10738200,33.8471984863281
"2019-07-08",37.3066673278809,37.6433334350586,37.2333335876465,37.5733337402344,14147100,34.0708694458008
"2019-07-09",37.6300010681152,37.7933311462402,37.533332824707,37.6266670227051,16270200,34.1192321777344
"2019-07-10",37.7066688537598,37.8699989318848,37.4633331298828,37.6599998474121,13737000,34.1494598388672
"2019-07-11",37.7799987792969,37.9799995422363,37.6733322143555,37.973331451416,11689800,34.4335975646973
"2019-07-12",38.0299987792969,38.2566680908203,37.8733329772949,38.2000007629395,11229900,34.6391220092773
"2019-07-15",38.223331451416,38.3600006103516,38.1500015258789,38.3266677856445,10038000,34.753978729248
"2019-07-16",38.4433326721191,38.4966659545898,38.0133323669434,38.2533340454102,10464600,34.6874847412109
"2019-07-17",38.2700004577637,38.3899993896484,38.0666656494141,38.2000007629395,8065500,34.6391220092773
"2019-07-18",38.1166687011719,38.2599983215332,37.9133338928223,38.2400016784668,9670800,34.6753959655762
"2019-07-19",38.3333320617676,38.4366683959961,37.9533348083496,37.966667175293,11388900,34.4275436401367
"2019-07-22",38.033332824707,38.1133346557617,37.439998626709,37.6066665649414,13550700,34.1011009216309
"2019-07-23",37.7066688537598,37.7333335876465,37.189998626709,37.3633346557617,17262600,33.880443572998
"2019-07-24",37.343334197998,37.5966682434082,37.189998626709,37.3333320617676,12531900,33.8532409667969
"2019-07-25",37.3933334350586,37.4633331298828,37.2200012207031,37.406665802002,11554500,33.9197463989258
"2019-07-26",37.3733329772949,37.7799987792969,37.2733345031738,37.6733322143555,14187000,34.1615562438965
"2019-07-29",37.6133346557617,37.6599998474121,37.2533340454102,37.4233322143555,11239800,33.9348564147949
"2019-07-30",37.3533325195312,37.466667175293,37.223331451416,37.3533325195312,9105600,33.8713722229004
"2019-07-31",37.3033332824707,37.4466667175293,36.5433311462402,36.7933311462402,18633900,33.3635864257812
"2019-08-01",36.7733345031738,37.3899993896484,36.439998626709,36.4599990844727,22365000,33.0613174438477
"2019-08-02",36.5800018310547,36.7133331298828,36.0499992370605,36.466667175293,16970100,33.0673751831055
"2019-08-05",36,36,35.1966667175293,35.2733345031738,22710000,31.9852676391602
"2019-08-06",35.3966674804688,35.9466667175293,35.1966667175293,35.7566680908203,21049200,32.4235649108887
"2019-08-07",35.6733322143555,36.2133331298828,35.3066673278809,36.0666656494141,21835500,32.7046585083008
"2019-08-08",36.0033340454102,36.2799987792969,35.9233322143555,36.1733322143555,13123200,32.9628448486328
"2019-08-09",36.0200004577637,36.1533317565918,35.5699996948242,35.7599983215332,12580500,32.5861778259277
"2019-08-12",35.5733337402344,35.6133346557617,34.9466667175293,35.0733337402344,17605200,31.9604740142822
"2019-08-13",35.0833320617676,36.0366668701172,34.9500007629395,35.8033332824707,20025900,32.6256790161133
"2019-08-14",35.1599998474121,36.0200004577637,35.0466651916504,35.4000015258789,27938400,32.2581443786621
"2019-08-15",37.5099983215332,37.8800010681152,36.7200012207031,37.5633316040039,59438700,34.2294769287109
"2019-08-16",38.026668548584,38.310001373291,37.3533325195312,37.6633338928223,32895600,34.3205909729004
"2019-08-19",38.1166687011719,38.2599983215332,37.8666687011719,37.9366683959961,21534300,34.5696868896484
"2019-08-20",37.9533348083496,38.0133323669434,37.3366661071777,37.3499984741211,18336900,34.0350761413574
"2019-08-21",37.9933319091797,38.0233345031738,37.2933311462402,37.3400001525879,24469200,34.0259666442871
"2019-08-22",37.4000015258789,37.5966682434082,37.1166687011719,37.3033332824707,17986200,33.9925575256348
"2019-08-23",37.2066688537598,37.3033332824707,36.7099990844727,36.9433326721191,18710100,33.6645088195801
"2019-08-26",37.1866683959961,37.4233322143555,37.0733337402344,37.3300018310547,17807100,34.0168533325195
"2019-08-27",37.473331451416,37.6033325195312,37.1699981689453,37.473331451416,17201100,34.1474685668945
"2019-08-28",37.4266662597656,37.6933326721191,37.2266654968262,37.5733337402344,16113000,34.2385864257812
"2019-08-29",38.0666656494141,38.1966667175293,37.7700004577637,38.026668548584,15811500,34.651683807373
"2019-08-30",38.3333320617676,38.4599990844727,37.966667175293,38.0866661071777,17115900,34.706356048584
"2019-09-03",37.8933334350586,38.4366683959961,37.8300018310547,38.2133331298828,17828100,34.8217849731445
"2019-09-04",38.5633316040039,38.6533317565918,38.2733345031738,38.6366653442383,17348700,35.2075500488281
"2019-09-05",39.223331451416,39.3199996948242,38.4233322143555,38.4799995422363,17479200,35.0647850036621
"2019-09-06",38.4799995422363,38.5833320617676,38.2066688537598,38.2433319091797,13039200,34.8491249084473
"2019-09-09",38.1666679382324,38.8699989318848,38.1333312988281,38.776668548584,17921100,35.335132598877
"2019-09-10",38.6633338928223,38.9866676330566,38.4933319091797,38.6833343505859,14572200,35.250072479248
"2019-09-11",38.6666679382324,38.9000015258789,38.406665802002,38.6733322143555,15852300,35.2409553527832
"2019-09-12",38.8833312988281,39.0233345031738,38.6333312988281,38.973331451416,13422900,35.514331817627
"2019-09-13",39.0533332824707,39.3966674804688,38.9833335876465,39.1433334350586,16915800,35.669246673584
"2019-09-16",38.8466682434082,39.0566673278809,38.4599990844727,38.5233345031738,18270900,35.1042747497559
"2019-09-17",38.439998626709,38.8966674804688,38.4166679382324,38.8366661071777,13813500,35.3897933959961
"2019-09-18",38.9700012207031,39.0766677856445,38.7266654968262,39.0533332824707,11868000,35.5872268676758
"2019-09-19",39.1333312988281,39.2700004577637,38.9233322143555,39.0366668701172,10141800,35.5720443725586
"2019-09-20",39.1166687011719,39.2133331298828,38.9333343505859,38.9933319091797,33997200,35.5325584411621
"2019-09-23",38.8699989318848,39.4700012207031,38.8533325195312,39.2066688537598,15487500,35.7269592285156
"2019-09-24",39.4166679382324,39.9533348083496,39.3366661071777,39.466667175293,21819300,35.9638824462891
"2019-09-25",39.4900016784668,39.5733337402344,39.2700004577637,39.4900016784668,13840800,35.9851455688477
"2019-09-26",39.5999984741211,39.8499984741211,39.3966674804688,39.4333343505859,11960700,35.9335136413574
"2019-09-27",39.7366676330566,39.7433319091797,39.25,39.4833335876465,10304100,35.9790840148926
"2019-09-30",39.5566673278809,39.8133316040039,39.5200004577637,39.560001373291,10204200,36.0489234924316
"2019-10-01",39.6166687011719,39.7033348083496,39.2400016784668,39.283332824707,11187900,35.796817779541
"2019-10-02",39.1333312988281,39.1833343505859,38.5366668701172,38.7066688537598,17833500,35.2713356018066
"2019-10-03",38.6266670227051,38.9333343505859,38.1933326721191,38.7700004577637,15619500,35.329044342041
"2019-10-04",38.7999992370605,39.4333343505859,38.7299995422363,39.3866653442383,13881000,35.8909759521484
"2019-10-07",39.3666687011719,39.4333343505859,38.9599990844727,39.0766677856445,14085000,35.608512878418
"2019-10-08",38.9366683959961,39.5566673278809,38.8866653442383,39.1933326721191,15375300,35.7148132324219
"2019-10-09",39.3933334350586,39.7666664123535,39.3400001525879,39.6433334350586,11710200,36.1248741149902
"2019-10-10",39.6333312988281,39.9599990844727,39.533332824707,39.8699989318848,13024500,36.3314094543457
"2019-10-11",39.973331451416,40.2366676330566,39.5733337402344,40.0800018310547,18383700,36.522777557373
"2019-10-14",39.9500007629395,40.1533317565918,39.7000007629395,39.723331451416,13719900,36.1977729797363
"2019-10-15",39.776668548584,39.9966659545898,39.6233329772949,39.843334197998,13550100,36.30712890625
"2019-10-16",39.7700004577637,40.0366668701172,39.7000007629395,39.8066673278809,11344800,36.2736968994141
"2019-10-17",39.8899993896484,40.0833320617676,39.7866668701172,39.9466667175293,11732700,36.4012756347656
"2019-10-18",40.1500015258789,40.2000007629395,39.7099990844727,39.7133331298828,16776900,36.1886596679688
"2019-10-21",39.7666664123535,39.9433326721191,39.6066665649414,39.9133338928223,10230300,36.3709030151367
"2019-10-22",39.9166679382324,40.0566673278809,39.7966651916504,39.8600006103516,7634100,36.3223075866699
"2019-10-23",39.723331451416,39.9500007629395,39.5633316040039,39.783332824707,8520000,36.25244140625
"2019-10-24",39.716667175293,39.8566665649414,39.5033340454102,39.7000007629395,8700900,36.1765022277832
"2019-10-25",39.6666679382324,39.776668548584,39.4000015258789,39.6800003051758,7692900,36.158275604248
"2019-10-28",39.75,39.9000015258789,39.5099983215332,39.7400016784668,10213800,36.212963104248
"2019-10-29",39.5,39.5766677856445,39.026668548584,39.0499992370605,14373300,35.5841941833496
"2019-10-30",39.060001373291,39.4566688537598,39.0166664123535,39.3666687011719,8988600,35.8727607727051
"2019-10-31",39.310001373291,39.4266662597656,38.9433326721191,39.0866661071777,14643900,35.617618560791
"2019-11-01",39.3066673278809,39.3233337402344,39.0766677856445,39.2066688537598,11287800,35.7269592285156
"2019-11-04",39.466667175293,39.7033348083496,39.0566673278809,39.189998626709,13938000,35.7117614746094
"2019-11-05",39.2266654968262,39.7133331298828,39.026668548584,39.6199989318848,12651300,36.1036071777344
"2019-11-06",39.6100006103516,39.8733329772949,39.5699996948242,39.8333320617676,10843200,36.2980041503906
"2019-11-07",40,40.3066673278809,39.8466682434082,40.0766677856445,13324200,36.5197486877441
"2019-11-08",40.1033325195312,40.2933311462402,39.6466674804688,39.8133316040039,11498100,36.2797889709473
"2019-11-11",39.5666656494141,39.8766670227051,39.4266662597656,39.6800003051758,13317000,36.158275604248
"2019-11-12",39.8666687011719,40,39.6033325195312,39.7066688537598,15189300,36.1825866699219
"2019-11-13",39.7200012207031,40.4533348083496,39.5533332824707,40.3266677856445,23135400,36.7475547790527
"2019-11-14",41.533332824707,41.7933311462402,39.8366661071777,40.216667175293,67512600,36.6473121643066
"2019-11-15",40.2266654968262,40.3333320617676,39.4599990844727,39.6233329772949,30413100,36.1066474914551
"2019-11-18",39.4833335876465,40.2900009155273,39.4133338928223,40.0833320617676,19644000,36.5258140563965
"2019-11-19",40.0366668701172,40.1199989318848,39.9033317565918,39.9633331298828,11146200,36.4164657592773
"2019-11-20",40.0699996948242,40.1599998474121,39.466667175293,39.7099990844727,15227700,36.185619354248
"2019-11-21",39.6100006103516,40,39.5566673278809,39.9533348083496,12908400,36.4073486328125
"2019-11-22",40.0499992370605,40.0999984741211,39.7566680908203,39.7866668701172,11529300,36.2554817199707
"2019-11-25",40,40.0066680908203,39.2999992370605,39.6399993896484,17644500,36.121826171875
"2019-11-26",39.6533317565918,39.7666664123535,39.4833335876465,39.7299995422363,18877500,36.2038421630859
"2019-11-27",39.7966651916504,39.9333343505859,39.5766677856445,39.5866661071777,10302300,36.0732307434082
"2019-11-29",39.7133331298828,39.9900016784668,39.6666679382324,39.6966667175293,9471900,36.1734619140625
"2019-12-02",39.716667175293,39.7933311462402,39.2799987792969,39.7599983215332,17012700,36.2311744689941
"2019-12-03",39.466667175293,39.6533317565918,39.2566680908203,39.5566673278809,19784400,36.0459022521973
"2019-12-04",39.7066688537598,39.7333335876465,39.4333343505859,39.5633316040039,16669800,36.0519714355469
"2019-12-05",39.4533348083496,39.593334197998,39.1399993896484,39.5533332824707,13058400,36.2045249938965
"2019-12-06",39.6933326721191,39.9333343505859,39.6399993896484,39.9266662597656,13022400,36.5462455749512
"2019-12-09",39.8566665649414,39.9533348083496,39.7266654968262,39.7866668701172,14448000,36.4181022644043
"2019-12-10",39.783332824707,39.8533325195312,39.6733322143555,39.7133331298828,12846900,36.3509750366211
"2019-12-11",39.7999992370605,39.8833312988281,39.5099983215332,39.6666679382324,10519200,36.3082542419434
"2019-12-12",39.6666679382324,40.0366668701172,39.560001373291,39.9199981689453,12447000,36.5401420593262
"2019-12-13",39.7200012207031,40.216667175293,39.6733322143555,40.0966682434082,16098900,36.7018585205078
"2019-12-16",40.1399993896484,40.4500007629395,40.1399993896484,40.1800003051758,16052100,36.7781410217285
"2019-12-17",40.3166656494141,40.5666656494141,40.2333335876465,40.4266662597656,13727400,37.0039100646973
"2019-12-18",40.5033340454102,40.560001373291,39.9466667175293,39.9533348083496,15309000,36.5706520080566
"2019-12-19",39.9799995422363,40.1699981689453,39.9266662597656,40.026668548584,13392300,36.6377868652344
"2019-12-20",40.4933319091797,40.7066688537598,40.0066680908203,40.0966682434082,23863200,36.7018585205078
"2019-12-23",40.0666656494141,40.2299995422363,39.6699981689453,39.6766662597656,13457400,36.3174133300781
"2019-12-24",39.7099990844727,39.8666687011719,39.6699981689453,39.8366661071777,6682200,36.4638786315918
"2019-12-26",39.8699989318848,39.9500007629395,39.6500015258789,39.8400001525879,12671400,36.466926574707
"2019-12-27",39.9799995422363,39.9799995422363,39.75,39.8633346557617,10632000,36.4882698059082
"2019-12-30",39.9333343505859,39.9366683959961,39.7099990844727,39.7999992370605,8837400,36.4303131103516
"2019-12-31",39.8333320617676,39.9333343505859,39.3966674804688,39.6133346557617,14736000,36.259449005127
"2020-01-02",39.6199989318848,39.9633331298828,39.5666656494141,39.6466674804688,20294700,36.2899475097656
"2020-01-03",39.4233322143555,39.5966682434082,39.1966667175293,39.2966651916504,16197600,35.9696006774902
"2020-01-06",39.1333312988281,39.3633346557617,38.9233322143555,39.216667175293,19336500,35.896369934082
"2020-01-07",39.0866661071777,39.1733322143555,38.7333335876465,38.8533325195312,20540700,35.5637893676758
"2020-01-08",38.7666664123535,38.9099998474121,38.560001373291,38.7200012207031,17627400,35.4417495727539
"2020-01-09",38.716667175293,39.1233329772949,38.6933326721191,39.1199989318848,16691100,35.8078765869141
"2020-01-10",39.0800018310547,39.1133346557617,38.6599998474121,38.7933311462402,18164400,35.5088653564453
"2020-01-13",38.7933311462402,38.8499984741211,38.4566688537598,38.6266670227051,18337800,35.356315612793
"2020-01-14",38.4900016784668,38.7366676330566,38.3766670227051,38.7266654968262,19757400,35.4478378295898
"2020-01-15",38.2099990844727,38.6233329772949,38.1733322143555,38.4266662597656,22362600,35.1732482910156
"2020-01-16",38.5,38.6433334350586,38.4266662597656,38.6333312988281,16108200,35.3624153137207
"2020-01-17",38.6833343505859,38.7666664123535,38.2133331298828,38.3199996948242,30135000,35.0756149291992
"2020-01-21",38.1966667175293,38.5633316040039,38.1733322143555,38.5299987792969,22061100,35.2678413391113
"2020-01-22",38.406665802002,38.843334197998,38.3933334350586,38.7000007629395,14778300,35.4234390258789
"2020-01-23",38.7366676330566,38.7700004577637,38.3466682434082,38.6033325195312,12915300,35.3349609375
"2020-01-24",38.6666679382324,38.6766662597656,38.0499992370605,38.1233329772949,13150200,34.8955917358398
"2020-01-27",37.7299995422363,38.7433319091797,37.560001373291,38.6199989318848,21055200,35.3502159118652
"2020-01-28",38.6599998474121,38.966667175293,38.6500015258789,38.8666687011719,15810600,35.5759963989258
"2020-01-29",38.8533325195312,39.0400009155273,38.6300010681152,38.6300010681152,11326500,35.359375
"2020-01-30",38.5366668701172,38.906665802002,38.4433326721191,38.8600006103516,13744500,35.5699043273926
"2020-01-31",38.5999984741211,38.7533340454102,37.966667175293,38.1633338928223,23327400,34.9322090148926
"2020-02-03",38.2999992370605,38.4633331298828,38.033332824707,38.0900001525879,13041300,34.8650894165039
"2020-02-04",38.4133338928223,38.7466659545898,38.2966651916504,38.4233322143555,15696600,35.1701965332031
"2020-02-05",38.533332824707,38.9833335876465,38.283332824707,38.9366683959961,17048700,35.640079498291
"2020-02-06",38.9433326721191,39.0766677856445,38.6866683959961,38.7700004577637,16058700,35.4875106811523
"2020-02-07",38.7033348083496,38.9199981689453,38.5866661071777,38.8166656494141,11068800,35.5302276611328
"2020-02-10",38.5833320617676,38.9933319091797,38.3499984741211,38.4166679382324,18434700,35.1640968322754
"2020-02-11",38.4766654968262,38.5,38.1466674804688,38.466667175293,17390400,35.2098655700684
"2020-02-12",38.5,38.8066673278809,38.4700012207031,38.6166687011719,14206800,35.3471603393555
"2020-02-13",38.6166687011719,39.1800003051758,38.526668548584,39.1466674804688,15999600,35.8322868347168
"2020-02-14",39.223331451416,39.5233345031738,39.0533332824707,39.2966651916504,24391800,35.9696006774902
"2020-02-18",39.4900016784668,39.9833335876465,39.1199989318848,39.8766670227051,34539600,36.5004768371582
"2020-02-19",39.8333320617676,39.9799995422363,39.2266654968262,39.2266654968262,21563400,35.9055099487305
"2020-02-20",39.0699996948242,39.3699989318848,38.9533348083496,39.2299995422363,15068700,35.9085578918457
"2020-02-21",39.1466674804688,39.5833320617676,39.1033325195312,39.526668548584,18726300,36.180118560791
"2020-02-24",39.1533317565918,39.4866676330566,38.6500015258789,38.7733345031738,19848000,35.4905586242676
"2020-02-25",38.783332824707,39.0233345031738,38.0166664123535,38.1300010681152,23292900,34.9016990661621
"2020-02-26",38.2333335876465,38.3899993896484,37.8833312988281,37.9266662597656,20019900,34.7155876159668
"2020-02-27",37.5200004577637,38.0233345031738,36.783332824707,36.7999992370605,28476900,33.6843109130859
"2020-02-28",35.8966674804688,36.1733322143555,34.7900009155273,35.8933334350586,52369200,32.8543930053711
"2020-03-02",35.8666687011719,38.7999992370605,35.7633323669434,38.6266670227051,51222600,35.356315612793
"2020-03-03",38.6933326721191,39.1766662597656,37.4466667175293,37.6366653442383,33340800,34.4501342773438
"2020-03-04",38.0800018310547,38.9466667175293,37.8233337402344,38.9233322143555,24625200,35.6278648376465
"2020-03-05",38.1333312988281,39.0833320617676,37.9700012207031,38.6399993896484,25638300,35.3685188293457
"2020-03-06",37.9566688537598,39.3033332824707,37.6699981689453,39.0766677856445,29411100,35.7682266235352
"2020-03-09",37.939998626709,40.2099990844727,37.5766677856445,39.0533332824707,59243400,35.7468490600586
"2020-03-10",39.3666687011719,40.2266654968262,38.3066673278809,39.9300003051758,37797300,36.5493049621582
"2020-03-11",39.1699981689453,39.6766662597656,37.5999984741211,38.1433334350586,31620000,34.9139137268066
"2020-03-12",35.3400001525879,37.1633338928223,34.3266677856445,34.6833343505859,56323200,31.7468566894531
"2020-03-13",36.0800018310547,38.1966667175293,34.6266670227051,38.033332824707,42962100,34.8132209777832
"2020-03-16",35.0666656494141,37.1100006103516,34,35.5866661071777,36753900,32.5736923217773
"2020-03-17",37.5900001525879,39.7566680908203,36.8199996948242,39.7533340454102,52806000,36.3875961303711
"2020-03-18",38.3333320617676,42.6933326721191,38.1666679382324,40.8600006103516,77355900,37.400562286377
"2020-03-19",41.4866676330566,42.3333320617676,39.2099990844727,39.8166656494141,57100500,36.6068305969238
"2020-03-20",39.8333320617676,40.9300003051758,37.2966651916504,37.9900016784668,55423500,34.927417755127
"2020-03-23",38.0566673278809,39.1800003051758,37.4033317565918,38.093334197998,39366000,35.0224151611328
"2020-03-24",38.6233329772949,39.1233329772949,37.1033325195312,38.343334197998,42705000,35.2522659301758
"2020-03-25",37.656665802002,38,36.0166664123535,36.466667175293,53287500,33.5268936157227
"2020-03-26",36.466667175293,36.9566688537598,35.6166687011719,36.6066665649414,58250700,33.6556015014648
"2020-03-27",36.7033348083496,37.4266662597656,36.2000007629395,36.526668548584,36160500,33.5820541381836
"2020-03-30",37.2866668701172,38.5999984741211,36.9799995422363,38.3966674804688,29212500,35.3012962341309
"2020-03-31",38.1033325195312,38.7299995422363,37.5466651916504,37.8733329772949,26258400,34.8201446533203
"2020-04-01",37.3833312988281,38.5099983215332,37.2666664123535,38.0466651916504,28269600,34.9795188903809
"2020-04-02",37.7266654968262,39.7033348083496,37.4466667175293,39.5499992370605,29515500,36.3616485595703
"2020-04-03",39.0699996948242,39.9700012207031,39.0099983215332,39.8266677856445,28625100,36.6160125732422
"2020-04-06",39.6866683959961,42.1300010681152,39.6466674804688,42.0233345031738,47768700,38.6356010437012
"2020-04-07",41.3266677856445,42.1633338928223,40.5466651916504,40.6633338928223,41369700,37.3852424621582
"2020-04-08",41.2299995422363,41.2700004577637,40.1966667175293,40.6133346557617,27876600,37.3392753601074
"2020-04-09",39.406665802002,40.9566688537598,39.2200012207031,40.5999984741211,32828700,37.3270072937012
"2020-04-13",40.4233322143555,41.8899993896484,40.3899993896484,41.7666664123535,24194100,38.3996200561523
"2020-04-14",42.3666687011719,43.2633323669434,42.0133323669434,43,34098900,39.5335311889648
"2020-04-15",43,43.2933311462402,42.3733329772949,42.9199981689453,22435200,39.4599761962891
"2020-04-16",43,44.3066673278809,42.75,44.1100006103516,31882200,40.5540580749512
"2020-04-17",43.8266677856445,44.3233337402344,43.2433319091797,44.0400009155273,30915300,40.4896965026855
"2020-04-20",44.1300010681152,44.4599990844727,43.2533340454102,43.283332824707,24401700,39.7940254211426
"2020-04-21",43.3566665649414,43.6766662597656,42.7200012207031,43.0699996948242,27900600,39.5978927612305
"2020-04-22",43.3333320617676,44.1266670227051,42.966667175293,43.8633346557617,19448100,40.3272705078125
"2020-04-23",43.283332824707,43.6966667175293,42.5766677856445,42.843334197998,28839900,39.3895034790039
"2020-04-24",43.1166687011719,43.2966651916504,42.8533325195312,43.1466674804688,17343600,39.6683769226074
"2020-04-27",43.3333320617676,43.4366683959961,42.723331451416,42.7666664123535,17923800,39.3190116882324
"2020-04-28",42.7599983215332,43.4133338928223,42.5666656494141,42.6666679382324,20732100,39.2270736694336
"2020-04-29",41.8566665649414,41.9199981689453,40.8499984741211,41.2000007629395,44612100,37.8786392211914
"2020-04-30",41.026668548584,41.1466674804688,40.3466682434082,40.5166664123535,40497900,37.2503929138184
"2020-05-01",40.4933319091797,41.2299995422363,40.2599983215332,40.973331451416,31143900,37.6702423095703
"2020-05-04",41.2799987792969,41.466667175293,40.5699996948242,41.2333335876465,17807700,37.9092864990234
"2020-05-05",41.2666664123535,41.7533340454102,41.0866661071777,41.5766677856445,19337400,38.2249412536621
"2020-05-06",41.7366676330566,41.8300018310547,40.9500007629395,41.0999984741211,17309100,37.7866973876953
"2020-05-07",41.1533317565918,41.3266677856445,40.5,40.6300010681152,27345600,37.5189094543457
"2020-05-08",40.9166679382324,41.0033340454102,40.5400009155273,40.9799995422363,20830800,37.842098236084
"2020-05-11",41.0133323669434,41.4366683959961,41.0033340454102,41.223331451416,25341900,38.0668106079102
"2020-05-12",41.4933319091797,41.8866653442383,41.2599983215332,41.2599983215332,19100100,38.1006622314453
"2020-05-13",41.1666679382324,42.0800018310547,41.0299987792969,41.2366676330566,29175300,38.0791282653809
"2020-05-14",41.6166687011719,41.7099990844727,40.4333343505859,41.1399993896484,22233000,37.9898529052734
"2020-05-15",41.156665802002,41.9799995422363,41.0299987792969,41.9799995422363,31770000,38.7655448913574
"2020-05-18",42.5,42.8533325195312,42.033332824707,42.5533332824707,38633700,39.2949600219727
"2020-05-19",43.9166679382324,43.9966659545898,41.6033325195312,41.6500015258789,74746200,38.4608039855957
"2020-05-20",42.1633338928223,42.1966667175293,41.5433311462402,41.8166656494141,32246400,38.6147079467773
"2020-05-21",41.6300010681152,42.0466651916504,41.4166679382324,41.6633338928223,22448100,38.4731216430664
"2020-05-22",41.7000007629395,41.783332824707,41.2566680908203,41.4433326721191,22359600,38.2699661254883
"2020-05-26",41.4466667175293,41.8366661071777,41.2099990844727,41.2866668701172,23730600,38.125301361084
"2020-05-27",41.3233337402344,41.4966659545898,40.343334197998,40.8266677856445,31073700,37.7005081176758
"2020-05-28",41.2400016784668,41.6500015258789,41.0533332824707,41.2299995422363,24424800,38.0729598999023
"2020-05-29",41.4133338928223,41.5699996948242,40.6433334350586,41.3533325195312,29311200,38.1868591308594
"2020-06-01",41.1466674804688,41.4700012207031,40.7866668701172,41.3199996948242,20550300,38.1560707092285
"2020-06-02",41.1966667175293,41.3833312988281,40.9366683959961,41.3133316040039,19187700,38.1499137878418
"2020-06-03",41.2999992370605,41.3300018310547,40.8866653442383,41.156665802002,20262900,38.0052337646484
"2020-06-04",40.9333343505859,41.2966651916504,40.6066665649414,40.7033348083496,24015000,37.5866394042969
"2020-06-05",40.8566665649414,40.8933334350586,39.9700012207031,40.5200004577637,39337200,37.4173431396484
"2020-06-08",39.8600006103516,40.4133338928223,39.8199996948242,40.4133338928223,28344300,37.3188362121582
"2020-06-09",40.533332824707,40.6666679382324,40.1866683959961,40.4500007629395,20746200,37.3526954650879
"2020-06-10",40.5200004577637,40.8333320617676,40.3766670227051,40.3866653442383,28141500,37.2941970825195
"2020-06-11",40.3300018310547,40.8600006103516,39.8266677856445,40.0299987792969,34162800,36.9648513793945
"2020-06-12",40.1699981689453,40.25,39.0200004577637,39.2466659545898,32359200,36.2414970397949
"2020-06-15",39.466667175293,39.560001373291,39.0033340454102,39.3600006103516,32703300,36.3461570739746
"2020-06-16",39.9333343505859,40.0766677856445,39.5133323669434,39.8833312988281,25167600,36.8294105529785
"2020-06-17",39.9533348083496,40.0433311462402,39.466667175293,39.6766662597656,20166900,36.6385726928711
"2020-06-18",39.5133323669434,39.6866683959961,39.2200012207031,39.3300018310547,20070000,36.3184509277344
"2020-06-19",39.6300010681152,40.0999984741211,39.25,39.9500007629395,40078800,36.8909683227539
"2020-06-22",40.3233337402344,40.6966667175293,40.1333312988281,40.560001373291,27338400,37.454273223877
"2020-06-23",40.9166679382324,40.9500007629395,40.3199996948242,40.3566665649414,19727700,37.2665061950684
"2020-06-24",40.2466659545898,40.3733329772949,39.8600006103516,40.0999984741211,20614800,37.0294799804688
"2020-06-25",39.9199981689453,40.0533332824707,39.4599990844727,39.9033317565918,20569800,36.8478813171387
"2020-06-26",39.8666687011719,40.2799987792969,39.3400001525879,39.439998626709,26991600,36.4200248718262
"2020-06-29",39.5,39.8933334350586,39.406665802002,39.6866683959961,16511400,36.6478080749512
"2020-06-30",39.7400016784668,40.0433311462402,39.5133323669434,39.9266662597656,20509200,36.8694343566895
"2020-07-01",39.8166656494141,39.973331451416,39.5533332824707,39.8966674804688,19733700,36.8417282104492
"2020-07-02",40.0299987792969,40.2933311462402,39.6199989318848,39.7366676330566,17695800,36.6939697265625
"2020-07-06",39.9333343505859,39.9566688537598,39.406665802002,39.6300010681152,21695100,36.5954818725586
"2020-07-07",39.4833335876465,42.5166664123535,39.406665802002,42.3166656494141,93458100,39.076416015625
"2020-07-08",42.6666679382324,42.7099990844727,41.466667175293,41.4799995422363,52217100,38.3038330078125
"2020-07-09",41.8699989318848,42.7266654968262,41.6500015258789,42.5833320617676,42771600,39.3226699829102
"2020-07-10",42.9133338928223,43.7900009155273,42.4199981689453,43.560001373291,44236800,40.2245559692383
"2020-07-13",43.776668548584,44.5433311462402,42.9633331298828,43.1733322143555,42338400,39.8674926757812
"2020-07-14",43.093334197998,44.1666679382324,43.0099983215332,44.0033340454102,26455800,40.6339416503906
"2020-07-15",44.0900001525879,44.7099990844727,43.5999984741211,44,31731300,40.6308670043945
"2020-07-16",44.0166664123535,44.2433319091797,43.7466659545898,44.0666656494141,17676600,40.6924209594727
"2020-07-17",44.4566688537598,44.4566688537598,43.8233337402344,43.9133338928223,18189600,40.550838470459
"2020-07-20",43.9866676330566,44.2466659545898,43.7133331298828,43.8233337402344,18342600,40.467716217041
"2020-07-21",43.8533325195312,44.6633338928223,43.8166656494141,44.1100006103516,21712500,40.7324485778809
"2020-07-22",44.189998626709,44.343334197998,43.7299995422363,44.2200012207031,16164600,40.8340339660645
"2020-07-23",44.3333320617676,44.3833312988281,43.7700004577637,43.8800010681152,16796400,40.5200424194336
"2020-07-24",43.6500015258789,44.1333312988281,43.5033340454102,43.7466659545898,13037400,40.3969345092773
"2020-07-27",43.6199989318848,43.9933319091797,43.6199989318848,43.7366676330566,14045700,40.3876953125
"2020-07-28",43.8333320617676,44.1266670227051,43.6399993896484,43.9199981689453,14414100,40.5569953918457
"2020-07-29",43.8533325195312,43.9533348083496,43.283332824707,43.5633316040039,14223300,40.2276306152344
"2020-07-30",43.1399993896484,43.473331451416,42.906665802002,43.3733329772949,13788300,40.0521774291992
"2020-07-31",43.216667175293,43.3633346557617,42.5400009155273,43.1333312988281,21631500,39.8305473327637
"2020-08-03",43.3033332824707,43.3733329772949,42.7566680908203,43.0999984741211,14971500,39.7997703552246
"2020-08-04",43.216667175293,43.9033317565918,42.9799995422363,43.8800010681152,18219600,40.5200424194336
"2020-08-05",43.4833335876465,43.5833320617676,42.9433326721191,43.2700004577637,25483500,39.9567642211914
"2020-08-06",43.0433311462402,43.4099998474121,43.0099983215332,43.1166687011719,14496300,39.8151779174805
"2020-08-07",43.1933326721191,43.4866676330566,43.0366668701172,43.3233337402344,16558500,40.0060081481934
"2020-08-10",43.4133338928223,44.1133346557617,43.216667175293,43.9599990844727,17683200,40.5939254760742
"2020-08-11",44.1966667175293,44.2900009155273,43.2433319091797,43.4000015258789,25360200,40.0768165588379
"2020-08-12",43.4900016784668,44.0766677856445,43.026668548584,43.9633331298828,19094400,40.596996307373
"2020-08-13",43.7366676330566,43.9866676330566,43.5766677856445,43.9500007629395,19867200,40.7515411376953
"2020-08-14",44.1133346557617,44.3233337402344,43.8766670227051,44.2000007629395,20106300,40.9833602905273
"2020-08-17",44.783332824707,45.3766670227051,44.6166687011719,45.2000007629395,39465000,41.9105682373047
"2020-08-18",45.3899993896484,45.8766670227051,44.3899993896484,44.9033317565918,80232600,41.6354827880859
"2020-08-19",44.7366676330566,44.8866653442383,43.9500007629395,44.1366653442383,38155200,40.9246253967285
"2020-08-20",43.7366676330566,44.0233345031738,43.3499984741211,43.5233345031738,26810700,40.3559341430664
"2020-08-21",43.5166664123535,44.223331451416,43.3666687011719,43.8766670227051,24864000,40.6835441589355
"2020-08-24",44.0833320617676,44.1599998474121,43.4433326721191,43.776668548584,19813800,40.5908126831055
"2020-08-25",43.5999984741211,43.7466659545898,43.223331451416,43.5433311462402,21722400,40.3744697570801
"2020-08-26",43.4033317565918,43.6266670227051,43.2333335876465,43.5666656494141,18814800,40.3960990905762
"2020-08-27",43.6933326721191,46.4500007629395,43.6333312988281,45.5433311462402,119018700,42.2289047241211
"2020-08-28",47,47.0233345031738,45.9466667175293,46.7666664123535,64050900,43.363224029541
"2020-08-31",45.8266677856445,46.2966651916504,45.1766662597656,46.283332824707,45236400,42.9150619506836
"2020-09-01",47.0666656494141,49.8633346557617,46.6833343505859,49.1966667175293,106798200,45.6163864135742
"2020-09-02",50.4166679382324,50.4433326721191,48.5366668701172,49.2266654968262,51666000,45.6441955566406
"2020-09-03",48.9000015258789,49.8666687011719,47.2700004577637,48.1800003051758,48015000,44.6737060546875
"2020-09-04",48.0066680908203,48.3466682434082,46.7000007629395,47.6100006103516,33982200,44.1451835632324
"2020-09-08",47.1366653442383,47.2999992370605,46.0866661071777,46.1500015258789,33966900,42.7914428710938
"2020-09-09",46.6966667175293,47.5366668701172,46.4833335876465,46.6300010681152,33669000,43.2365036010742
"2020-09-10",46.6866683959961,46.8466682434082,45.5299987792969,45.6033325195312,33709200,42.2845497131348
"2020-09-11",45.6833343505859,46.1466674804688,45.1833343505859,45.5666656494141,28879800,42.2505569458008
"2020-09-14",45.3800010681152,47.033332824707,45.2933311462402,45.7733345031738,45733800,42.4421806335449
"2020-09-15",46.0766677856445,46.3600006103516,45.560001373291,45.7866668701172,30427800,42.4545440673828
"2020-09-16",46.1366653442383,46.2266654968262,45.3499984741211,45.4199981689453,27860400,42.114559173584
"2020-09-17",45.1433334350586,45.8566665649414,45.0066680908203,45.5633316040039,37245000,42.2474708557129
"2020-09-18",45.4799995422363,45.843334197998,44.9166679382324,45.0966682434082,54709200,41.8147583007812
"2020-09-21",45.5,45.7466659545898,45.0966682434082,45.689998626709,47275500,42.3649063110352
"2020-09-22",45.689998626709,46.3300018310547,45.5233345031738,46.1033325195312,33102000,42.7481803894043
"2020-09-23",46.3333320617676,46.4133338928223,45.2733345031738,45.3300018310547,23133300,42.0311164855957
"2020-09-24",45.2433319091797,45.9300003051758,45.0233345031738,45.5666656494141,29453100,42.2505569458008
"2020-09-25",45.5066680908203,45.8466682434082,45.3199996948242,45.7566680908203,22618800,42.4267387390137
"2020-09-28",45.7200012207031,46.0166664123535,45.5733337402344,45.75,21197100,42.420539855957
"2020-09-29",45.75,46.0466651916504,45.4633331298828,45.7133331298828,27702900,42.386547088623
"2020-09-30",45.7966651916504,47.2466659545898,45.7333335876465,46.6366653442383,34826400,43.2426872253418
"2020-10-01",46.9333343505859,48.1266670227051,46.7533340454102,47.6933326721191,43290900,44.2224502563477
"2020-10-02",47.4466667175293,47.7000007629395,46.7099990844727,46.8333320617676,24585000,43.4250373840332
"2020-10-05",47.0966682434082,47.3966674804688,47.0233345031738,47.2666664123535,14259000,43.8268356323242
"2020-10-06",47.2900009155273,47.6466674804688,46.75,46.8766670227051,21475500,43.4652214050293
"2020-10-07",47.0866661071777,47.1833343505859,46.75,46.9633331298828,16949100,43.5455780029297
"2020-10-08",47.1699981689453,47.3633346557617,47.0400009155273,47.1199989318848,14676900,43.6908416748047
"2020-10-09",47.2200012207031,47.7799987792969,47.1866683959961,47.593334197998,14494800,44.1297264099121
"2020-10-12",47.6733322143555,48.4633331298828,47.6733322143555,48.0833320617676,18402300,44.5840721130371
"2020-10-13",48.2266654968262,48.8666687011719,48.1199989318848,48.7433319091797,23800200,45.1960334777832
"2020-10-14",48.7999992370605,48.843334197998,47.9199981689453,47.9799995422363,19710900,44.4882621765137
"2020-10-15",47.6966667175293,48.3199996948242,47.6133346557617,48.1766662597656,13692600,44.6706123352051
"2020-10-16",48.466667175293,48.716667175293,48.156665802002,48.2366676330566,16935000,44.7262535095215
"2020-10-19",48.3666687011719,48.4566688537598,47.5833320617676,47.6500015258789,14643300,44.1822738647461
"2020-10-20",48.0366668701172,48.5099983215332,47.8733329772949,47.966667175293,14523000,44.4758987426758
"2020-10-21",47.9466667175293,48.5766677856445,47.9466667175293,48.1333312988281,13114200,44.6304321289062
"2020-10-22",48.0633316040039,48.1866683959961,47.5633316040039,47.8499984741211,13344000,44.3677177429199
"2020-10-23",47.9900016784668,48.0466651916504,47.6166687011719,47.9500007629395,10540500,44.4604415893555
"2020-10-26",47.6133346557617,47.7066688537598,46.9799995422363,47.3866653442383,16111800,43.9381065368652
"2020-10-27",47.3499984741211,47.9000015258789,47.3233337402344,47.6233329772949,11831100,44.1575546264648
"2020-10-28",46.9866676330566,47.3766670227051,46.6266670227051,46.6800003051758,16849200,43.2828636169434
"2020-10-29",46.6666679382324,47.0366668701172,46.2333335876465,46.6399993896484,15153900,43.2457695007324
"2020-10-30",46.3933334350586,46.6966667175293,45.7900009155273,46.25,18601800,42.884162902832
"2020-11-02",46.8633346557617,46.9366683959961,46.343334197998,46.7999992370605,16575600,43.3941268920898
"2020-11-03",47.216667175293,48.0533332824707,47.189998626709,47.593334197998,15413100,44.1297264099121
"2020-11-04",47.189998626709,48.1300010681152,47.1133346557617,47.3199996948242,17927400,43.8762855529785
"2020-11-05",48,48.0766677856445,47.6466674804688,47.8233337402344,14202600,44.3429946899414
"2020-11-06",48.1199989318848,48.7400016784668,47.8499984741211,48.5900001525879,16198500,45.0538711547852
"2020-11-09",49.3333320617676,49.4000015258789,47.8266677856445,47.8466682434082,28198500,44.364631652832
"2020-11-10",47.9166679382324,48.8133316040039,47.843334197998,48.5200004577637,18199200,44.9889602661133
"2020-11-11",48.973331451416,49.6533317565918,48.7999992370605,49.3266677856445,18805800,45.7369232177734
"2020-11-12",49.4933319091797,49.5699996948242,49.033332824707,49.4099998474121,12564300,45.8141899108887
"2020-11-13",49.6466674804688,50.3133316040039,49.1733322143555,50.1800003051758,19738200,46.5281524658203
"2020-11-16",50.1766662597656,51.1333312988281,49.7599983215332,50.8133316040039,34560300,47.1153984069824
"2020-11-17",50.1666679382324,51.0800018310547,49.7266654968262,49.7900009155273,42711600,46.1665344238281
"2020-11-18",49.9533348083496,50.5566673278809,49.6833343505859,49.6966667175293,24936900,46.0799903869629
"2020-11-19",49.8199996948242,50.8166656494141,49.7733345031738,50.7066688537598,18590700,47.0164909362793
"2020-11-20",50.3899993896484,50.9199981689453,49.9366683959961,50.0800018310547,21937200,46.4354362487793
"2020-11-23",50.1233329772949,50.466667175293,49.7900009155273,50.310001373291,18557100,46.6486968994141
"2020-11-24",50.5800018310547,50.6599998474121,50.0900001525879,50.4533348083496,17155200,46.7815971374512
"2020-11-25",50.4166679382324,50.7966651916504,50.4033317565918,50.6100006103516,13833300,46.9268569946289
"2020-11-27",50.716667175293,50.906665802002,50.3666687011719,50.533332824707,10999500,46.8557662963867
"2020-11-30",50.533332824707,50.9833335876465,50.033332824707,50.9300003051758,32695500,47.2235641479492
"2020-12-01",51.2000007629395,51.2200012207031,50.5533332824707,50.8800010681152,22935300,47.1772079467773
"2020-12-02",50.6666679382324,50.8733329772949,49.843334197998,50.1733322143555,23547000,46.5219650268555
"2020-12-03",50.093334197998,50.093334197998,49.4633331298828,49.7666664123535,25725900,46.1449012756348
"2020-12-04",49.8366661071777,49.8366661071777,49.1933326721191,49.6366653442383,20889300,46.024356842041
"2020-12-07",49.4866676330566,49.6633338928223,49.0533332824707,49.3699989318848,18479100,45.777099609375
"2020-12-08",49.1199989318848,49.9500007629395,49.060001373291,49.8166656494141,20716500,46.1912612915039
"2020-12-09",50,50,49.2966651916504,49.4233322143555,20139600,45.8265533447266
"2020-12-10",49.25,49.3833312988281,48.8566665649414,49.0133323669434,20652300,45.6125183105469
"2020-12-11",48.973331451416,49.1699981689453,48.6466674804688,49,16860900,45.6001052856445
"2020-12-14",49.2333335876465,49.2400016784668,48.466667175293,48.5499992370605,25088100,45.181324005127
"2020-12-15",48.5066680908203,48.7866668701172,48.2866668701172,48.526668548584,31871400,45.159610748291
"2020-12-16",48.7466659545898,48.9633331298828,48.3600006103516,48.4766654968262,25650900,45.1130828857422
"2020-12-17",48.6866683959961,48.8133316040039,48.3833312988281,48.7000007629395,30679500,45.320915222168
"2020-12-18",48.8733329772949,49.060001373291,48.3866653442383,48.6500015258789,41384100,45.2743949890137
"2020-12-21",48.5,48.8899993896484,48.3533325195312,48.656665802002,25553100,45.2805976867676
"2020-12-22",48.3833312988281,48.7433319091797,47.7133331298828,48.0666656494141,37599000,44.7315254211426
"2020-12-23",47.8466682434082,48.0733337402344,47.4333343505859,47.7400016784668,20430600,44.4275360107422
"2020-12-24",47.8466682434082,48.1300010681152,47.7266654968262,47.8333320617676,9054600,44.5143890380859
"2020-12-28",48.0133323669434,48.4333343505859,47.776668548584,48.406665802002,19344900,45.0479393005371
"2020-12-29",48.5466651916504,48.6166687011719,47.8633346557617,48.0999984741211,17938200,44.7625465393066
"2020-12-30",48.2933311462402,48.3833312988281,47.9799995422363,48.060001373291,18751200,44.7253227233887
"2020-12-31",48.0666656494141,48.0900001525879,47.6166687011719,48.0499992370605,17814000,44.7160148620605
"2021-01-04",48.0999984741211,48.9633331298828,48.093334197998,48.843334197998,32182200,45.4543075561523
"2021-01-05",48.8666687011719,49.0233345031738,48.1633338928223,48.5833320617676,26498100,45.212345123291
"2021-01-06",48.3633346557617,49.3666687011719,48.3366661071777,48.8866653442383,21918900,45.4946250915527
"2021-01-07",49.2066688537598,49.2533340454102,48.6800003051758,48.8833312988281,20538000,45.4915351867676
"2021-01-08",48.9599990844727,49,48.6033325195312,48.8766670227051,24478200,45.4853248596191
"2021-01-11",48.6666679382324,49.3300018310547,48.6666679382324,49.0966682434082,26264400,45.690071105957
"2021-01-12",49.6666679382324,49.9766654968262,49.439998626709,49.656665802002,23373300,46.2112121582031
"2021-01-13",49.5833320617676,49.689998626709,49.1433334350586,49.1500015258789,16069500,45.7396926879883
"2021-01-14",49.2733345031738,49.3333320617676,48.6800003051758,48.9900016784668,23017200,45.5907974243164
"2021-01-15",48.3800010681152,48.6333312988281,47.8899993896484,48.2133331298828,35920500,44.8680191040039
"2021-01-19",48.2133331298828,48.3566665649414,47.5566673278809,47.7966651916504,24123600,44.4802665710449
"2021-01-20",47.8633346557617,48.5533332824707,47.6300010681152,48.5033340454102,23775600,45.1378974914551
"2021-01-21",48.4533348083496,48.5766677856445,48.0699996948242,48.283332824707,14325900,44.933162689209
"2021-01-22",48.533332824707,49.1133346557617,48.3733329772949,48.776668548584,19219500,45.3922653198242
"2021-01-25",48.4533348083496,48.75,48.0900001525879,48.7333335876465,19031100,45.3519477844238
"2021-01-26",48.5433311462402,49.2700004577637,48.4900016784668,49.1699981689453,15031500,45.7583045959473
"2021-01-27",48.9866676330566,49.2866668701172,47.8499984741211,47.9466667175293,29910300,44.6198577880859
"2021-01-28",48.1533317565918,48.7533340454102,47.8766670227051,47.9166679382324,22301700,44.5919418334961
"2021-01-29",47.7266654968262,47.9166679382324,46.783332824707,46.8300018310547,32509200,43.5806732177734
"2021-02-01",46.9700012207031,47.1633338928223,46.3966674804688,46.4233322143555,25945200,43.2022247314453
"2021-02-02",46.5866661071777,47.3833312988281,46.4799995422363,46.9233322143555,27002400,43.6675300598145
"2021-02-03",46.8866653442383,47.3499984741211,46.8766670227051,47.0666656494141,14966700,43.8009185791016
"2021-02-04",47.2633323669434,47.7266654968262,47.0866661071777,47.5099983215332,17346300,44.2134857177734
"2021-02-05",47.8199996948242,48.283332824707,47.5099983215332,48.1199989318848,20451600,44.7811698913574
"2021-02-08",48.2700004577637,48.526668548584,48.1533317565918,48.343334197998,15825300,44.9890060424805
"2021-02-09",48.1933326721191,48.7733345031738,48.1933326721191,48.6100006103516,15906900,45.2371635437012
"2021-02-10",48.6100006103516,48.6333312988281,47.8466682434082,48.0433311462402,18576900,44.7098121643066
"2021-02-11",48.0466651916504,48.3166656494141,47.9033317565918,48.0066680908203,12791400,44.6756973266602
"2021-02-12",48.0533332824707,48.2033348083496,47.8899993896484,48.156665802002,13423500,44.8152885437012
"2021-02-16",48.6466674804688,48.7966651916504,48.310001373291,48.5533332824707,27891000,45.1844253540039
"2021-02-17",48.216667175293,49.1666679382324,48.1666679382324,49.0666656494141,25571100,45.6621475219727
"2021-02-18",46.3333320617676,46.9000015258789,45.8333320617676,45.8866653442383,96927300,42.7027854919434
"2021-02-19",45.9333343505859,46.473331451416,45.8899993896484,46.1133346557617,36606000,42.9137344360352
"2021-02-22",45.9133338928223,46.1133346557617,45.4166679382324,45.8966674804688,32106600,42.712100982666
"2021-02-23",45.7033348083496,45.7966651916504,45.0200004577637,45.156665802002,31300200,42.0234527587891
"2021-02-24",45.2900009155273,45.3866653442383,44.3499984741211,44.4033317565918,46565700,41.322380065918
"2021-02-25",44.3666687011719,44.6699981689453,43.8266677856445,43.9833335876465,33324600,40.9315147399902
"2021-02-26",43.8266677856445,43.9366683959961,43.2866668701172,43.3066673278809,42470700,40.3018074035645
"2021-03-01",43.8600006103516,44.189998626709,43.7099990844727,43.7900009155273,34634400,40.7516021728516
"2021-03-02",43.8366661071777,44.25,43.3366661071777,43.3699989318848,29230800,40.3607444763184
"2021-03-03",43.1666679382324,43.310001373291,42.5166664123535,42.5299987792969,41837400,39.5790328979492
"2021-03-04",42.6199989318848,43.1933326721191,42.093334197998,42.5099983215332,45348000,39.560417175293
"2021-03-05",42.276668548584,43.25,42.25,43.0400009155273,34073700,40.053638458252
"2021-03-08",43.1100006103516,43.2799987792969,42.6033325195312,42.6266670227051,40988400,39.6689834594727
"2021-03-09",42.9333343505859,43.2933311462402,42.7733345031738,42.9633331298828,31988700,39.982292175293
"2021-03-10",42.9533348083496,44.3499984741211,42.8233337402344,44.060001373291,44929200,41.0028686523438
"2021-03-11",44.4533348083496,44.4966659545898,43.843334197998,44.0433311462402,35489700,40.987361907959
"2021-03-12",44.1733322143555,44.8400001525879,44.026668548584,44.7066688537598,28437600,41.6046714782715
"2021-03-15",44.9133338928223,44.9166679382324,44.2733345031738,44.4766654968262,25071900,41.3906288146973
"2021-03-16",44.2733345031738,44.7599983215332,44.2733345031738,44.4633331298828,19881000,41.3782119750977
"2021-03-17",44.1666679382324,44.3800010681152,43.9933319091797,44.093334197998,24156300,41.0338897705078
"2021-03-18",43.7200012207031,43.9833335876465,43.310001373291,43.3366661071777,29815500,40.4981002807617
"2021-03-19",43.3766670227051,44.1666679382324,43.2999992370605,43.9133338928223,57703500,41.0370063781738
"2021-03-22",43.6666679382324,44.1500015258789,43.6633338928223,44.1233329772949,24654000,41.2332496643066
"2021-03-23",43.9033317565918,44.7666664123535,43.8766670227051,44.6466674804688,29154900,41.7223052978516
"2021-03-24",44.810001373291,44.810001373291,44.3499984741211,44.3699989318848,23547300,41.4637565612793
"2021-03-25",44.4199981689453,44.843334197998,44.2900009155273,44.6699981689453,28125900,41.7441101074219
"2021-03-26",44.6666679382324,45.0666656494141,44.473331451416,45.0433311462402,28653600,42.0929870605469
"2021-03-29",45,45.6699981689453,44.8666687011719,45.5566673278809,30146400,42.5727005004883
"2021-03-30",45.4433326721191,45.8633346557617,45.156665802002,45.2466659545898,27230100,42.2830085754395
"2021-03-31",45.1833343505859,45.6199989318848,44.9866676330566,45.276668548584,24546000,42.3110389709473
"2021-04-01",45.3133316040039,45.6300010681152,45.1100006103516,45.2066688537598,25595100,42.2456245422363
"2021-04-05",45.5733337402344,46.7200012207031,45.4000015258789,46.4766654968262,40043100,43.4324417114258
"2021-04-06",46.3699989318848,46.9833335876465,46.1733322143555,46.7000007629395,31044600,43.6411476135254
"2021-04-07",46.7666664123535,46.9166679382324,46.5499992370605,46.5999984741211,20361600,43.5476875305176
"2021-04-08",46.8166656494141,47.0400009155273,46.5533332824707,46.5699996948242,19095600,43.519660949707
"2021-04-09",46.5433311462402,46.6966667175293,46.2366676330566,46.593334197998,20676600,43.5414619445801
"2021-04-12",46.689998626709,46.7933311462402,46.4466667175293,46.5999984741211,18723000,43.5476875305176
"2021-04-13",46.5999984741211,46.6666679382324,46.2900009155273,46.4566688537598,17397900,43.4137496948242
"2021-04-14",46.3733329772949,46.4866676330566,46.1399993896484,46.439998626709,21924600,43.3981666564941
"2021-04-15",46.466667175293,46.8233337402344,46.4000015258789,46.7200012207031,21710400,43.6598434448242
"2021-04-16",46.9633331298828,46.9866676330566,46.5699996948242,46.8699989318848,26488500,43.8000068664551
"2021-04-19",46.7633323669434,46.8566665649414,46.5366668701172,46.5699996948242,19281000,43.519660949707
"2021-04-20",46.473331451416,47.2566680908203,46.2733345031738,46.9300003051758,24452100,43.8560829162598
"2021-04-21",46.9233322143555,47.2333335876465,46.843334197998,47.0666656494141,17335200,43.9837989807129
"2021-04-22",47.026668548584,47.1500015258789,46.473331451416,46.5566673278809,19705200,43.5071983337402
"2021-04-23",46.3666687011719,46.7799987792969,46.343334197998,46.6333312988281,22971000,43.5788383483887
"2021-04-26",46.6366653442383,46.6666679382324,45.8800010681152,45.9700012207031,22846200,42.9589614868164
"2021-04-27",46,46.3166656494141,45.8499984741211,46.1266670227051,16151400,43.1053657531738
"2021-04-28",46.1166687011719,46.1966667175293,45.9566688537598,45.9633331298828,14286600,42.9527282714844
"2021-04-29",45.966667175293,46.6666679382324,45.966667175293,46.5433311462402,19596000,43.4947319030762
"2021-04-30",46.5699996948242,46.6633338928223,46.3699989318848,46.6366653442383,19680000,43.5819549560547
"2021-05-03",46.560001373291,47.5800018310547,46.560001373291,47.3733329772949,27139500,44.270378112793
"2021-05-04",47.1800003051758,47.343334197998,46.7000007629395,46.906665802002,19084200,43.8342781066895
"2021-05-05",46.9033317565918,47.0666656494141,46.75,46.8666687011719,18351000,43.7968940734863
"2021-05-06",46.6666679382324,47.1199989318848,46.4833335876465,47.0166664123535,16302000,44.1096153259277
"2021-05-07",47.2099990844727,47.2400016784668,46.439998626709,46.7333335876465,23408400,43.8437995910645
"2021-05-10",46.8166656494141,47.3600006103516,46.7700004577637,46.939998626709,26307600,44.0376815795898
"2021-05-11",46.9566688537598,46.9566688537598,46.1066665649414,46.5166664123535,26464200,43.6405334472656
"2021-05-12",46.2900009155273,46.3266677856445,45.3033332824707,45.3133316040039,25998300,42.5115966796875
"2021-05-13",45.4099998474121,46.3266677856445,45.2533340454102,46.0800018310547,21475200,43.2308692932129
"2021-05-14",46.2700004577637,46.7466659545898,46.1433334350586,46.5066680908203,16091700,43.6311531066895
"2021-05-17",46.6666679382324,46.7999992370605,46.2566680908203,46.2966651916504,19675800,43.4341354370117
"2021-05-18",47.8366661071777,48.1933326721191,47.0699996948242,47.3033332824707,58183800,44.3785552978516
"2021-05-19",46.9033317565918,47.906665802002,46.8333320617676,47.3066673278809,34874700,44.3816871643066
"2021-05-20",47.1666679382324,47.6233329772949,46.9000015258789,47.473331451416,30540900,44.5380516052246
"2021-05-21",47.5066680908203,47.6933326721191,47.2000007629395,47.25,22927500,44.3285331726074
"2021-05-24",47.2533340454102,47.473331451416,47.1199989318848,47.2533340454102,18945900,44.3316612243652
"2021-05-25",47.2666664123535,47.5466651916504,47.0233345031738,47.4466667175293,21505200,44.5130271911621
"2021-05-26",47.4633331298828,47.6266670227051,47.2533340454102,47.3899993896484,19294200,44.4598617553711
"2021-05-27",47.783332824707,47.8933334350586,47.2299995422363,47.2299995422363,56577000,44.3097610473633
"2021-05-28",47.310001373291,47.4833335876465,47.2133331298828,47.343334197998,21186300,44.4160842895508
"2021-06-01",47.4033317565918,47.5999984741211,47.0900001525879,47.2200012207031,20767500,44.3003768920898
"2021-06-02",47.1300010681152,47.2366676330566,46.6966667175293,47.1166687011719,23298000,44.2034301757812
"2021-06-03",47.1300010681152,47.283332824707,46.9166679382324,47.2000007629395,18374400,44.2816200256348
"2021-06-04",47.1533317565918,47.4300003051758,47.0833320617676,47.283332824707,13635900,44.3597946166992
"2021-06-07",47.283332824707,47.3233337402344,46.7966651916504,46.966667175293,16630800,44.0627174377441
"2021-06-08",46.8366661071777,46.966667175293,46.6033325195312,46.6100006103516,20120700,43.7280921936035
"2021-06-09",46.4466667175293,46.6699981689453,46.343334197998,46.3600006103516,17085300,43.4935493469238
"2021-06-10",46.3600006103516,46.7299995422363,46.3600006103516,46.6266670227051,16378500,43.7437324523926
"2021-06-11",46.7433319091797,46.9500007629395,46.6199989318848,46.9166679382324,25232400,44.0158042907715
"2021-06-14",46.9766654968262,46.9766654968262,46.6766662597656,46.8533325195312,15140700,43.9563865661621
"2021-06-15",46.9466667175293,46.9700012207031,46.5533332824707,46.6666679382324,19327200,43.7812652587891
"2021-06-16",46.6166687011719,46.6800003051758,45.656665802002,45.716667175293,28794900,42.8899993896484
"2021-06-17",45.6666679382324,46.1166687011719,45.5699996948242,45.906665802002,19341900,43.0682411193848
"2021-06-18",45.1466674804688,45.4633331298828,44.7999992370605,45.0566673278809,44812800,42.2708129882812
"2021-06-21",45.2200012207031,45.5833320617676,45.1166687011719,45.466667175293,20775000,42.6554527282715
"2021-06-22",45.4099998474121,45.906665802002,45.4099998474121,45.6766662597656,19107000,42.8524742126465
"2021-06-23",45.5,45.6633338928223,45.310001373291,45.3199996948242,19390500,42.5178527832031
"2021-06-24",45.3899993896484,45.7466659545898,45.3666687011719,45.6366653442383,23444100,42.81494140625
"2021-06-25",45.7099990844727,46.2866668701172,45.6399993896484,46.1766662597656,28640700,43.3215484619141
"2021-06-28",46.0133323669434,46.2133331298828,45.533332824707,46.033332824707,15549000,43.1870803833008
"2021-06-29",45.966667175293,46.156665802002,45.7433319091797,45.7666664123535,35962500,42.9369010925293
"2021-06-30",46.5200004577637,47.526668548584,46.2299995422363,47.0066680908203,45511200,44.1002311706543
"2021-07-01",46.8033332824707,47.0833320617676,46.3366661071777,46.439998626709,26348700,43.5685997009277
"2021-07-02",46.4500007629395,47.026668548584,46.4500007629395,46.7033348083496,26280600,43.8156585693359
"2021-07-06",46.6333312988281,46.9166679382324,46.5033340454102,46.6466674804688,18279300,43.7624893188477
"2021-07-07",46.5866661071777,47.0633316040039,46.4533348083496,46.5699996948242,25607400,43.6905746459961
"2021-07-08",46.1133346557617,46.8833312988281,46.0733337402344,46.5299987792969,21267000,43.6530303955078
"2021-07-09",46.8033332824707,46.9466667175293,46.6433334350586,46.7666664123535,15185400,43.8750801086426
"2021-07-12",46.8966674804688,46.9300003051758,46.4433326721191,46.6833343505859,19515000,43.7969017028809
"2021-07-13",46.6633338928223,47.060001373291,46.6466674804688,46.8600006103516,18947700,43.9626350402832
"2021-07-14",46.9033317565918,47.2666664123535,46.6100006103516,47.1833343505859,18812100,44.265983581543
"2021-07-15",47.3333320617676,47.5466651916504,47.0299987792969,47.2200012207031,17974800,44.3003768920898
"2021-07-16",47.2333335876465,47.3766670227051,46.9833335876465,47.1866683959961,18095400,44.2691040039062
"2021-07-19",47.1366653442383,47.6599998474121,46.5900001525879,47.0766677856445,27383100,44.1659088134766
"2021-07-20",46.9900016784668,47.4900016784668,46.9266662597656,47.2900009155273,19020300,44.3660583496094
"2021-07-21",47.5,47.5133323669434,46.9033317565918,47.0566673278809,18591900,44.1471481323242
"2021-07-22",47.0433311462402,47.3733329772949,46.9333343505859,47.0900001525879,13013400,44.178409576416
"2021-07-23",47.1733322143555,47.5733337402344,47.0033340454102,47.4766654968262,15947400,44.5411720275879
"2021-07-26",47.4533348083496,47.9533348083496,47.1533317565918,47.5433311462402,18517200,44.6037178039551
"2021-07-27",47.6666679382324,47.6666679382324,47.3199996948242,47.5466651916504,15395700,44.6068572998047
"2021-07-28",47.4933319091797,47.75,47.2200012207031,47.3533325195312,14071500,44.4254722595215
"2021-07-29",47.5466651916504,47.6166687011719,47.3400001525879,47.4133338928223,11063100,44.4817581176758
"2021-07-30",47.0666656494141,47.6533317565918,47.0666656494141,47.5166664123535,16332300,44.5787010192871
"2021-08-02",47.6100006103516,47.6233329772949,47.223331451416,47.406665802002,19958400,44.4755096435547
"2021-08-03",47.4799995422363,47.966667175293,47.4533348083496,47.939998626709,18915300,44.9758567810059
"2021-08-04",47.7933311462402,47.9799995422363,47.5800018310547,47.6133346557617,15301500,44.6693916320801
"2021-08-05",48.0766677856445,48.5133323669434,47.9966659545898,48.4966659545898,27005400,45.498104095459
"2021-08-06",48.7366676330566,48.8233337402344,48.3166656494141,48.4099998474121,19263600,45.4168014526367
"2021-08-09",48.6366653442383,48.8266677856445,48.466667175293,48.526668548584,15811800,45.526252746582
"2021-08-10",48.9900016784668,49.6500015258789,48.75,49.560001373291,38262000,46.4956970214844
"2021-08-11",49.8366661071777,50.526668548584,49.7200012207031,50.0033340454102,41455800,46.9116249084473
"2021-08-12",49.6666679382324,50.0699996948242,49.6033325195312,49.6866683959961,18269100,46.7860717773438
"2021-08-13",49.7933311462402,50.1199989318848,49.7200012207031,49.843334197998,15981300,46.9335899353027
"2021-08-16",49.8933334350586,50.5766677856445,49.6800003051758,50.25,47791500,47.3165054321289
"2021-08-17",50.1333312988281,50.8333320617676,49.7000007629395,50.2333335876465,50950200,47.3008232116699
"2021-08-18",50.1833343505859,50.8566665649414,49.6733322143555,49.7000007629395,28211700,46.7986259460449
"2021-08-19",49.4433326721191,50.2200012207031,49.3333320617676,50.0366668701172,22630500,47.1156349182129
"2021-08-20",50.1599998474121,50.5733337402344,49.9166679382324,50.4833335876465,19400400,47.5362205505371
"2021-08-23",50.5099983215332,50.5966682434082,50.1366653442383,50.1500015258789,16166100,47.2223510742188
"2021-08-24",50.1666679382324,50.1666679382324,49.5666656494141,49.6333312988281,18828900,46.73583984375
"2021-08-25",49.4700012207031,49.7599983215332,49.343334197998,49.6533317565918,21921300,46.7546882629395
"2021-08-26",49.156665802002,49.4233322143555,48.8899993896484,49.1166687011719,23466900,46.2493438720703
"2021-08-27",49.1699981689453,49.2299995422363,48.7266654968262,48.8400001525879,23088600,45.9888153076172
"2021-08-30",48.8066673278809,49.3333320617676,48.6733322143555,49.2333335876465,16440600,46.3591957092285
"2021-08-31",49.3300018310547,49.4799995422363,49.0800018310547,49.3666687011719,25078500,46.4847526550293
"2021-09-01",49.1866683959961,49.310001373291,48.8566665649414,49.2599983215332,19056600,46.3843040466309
"2021-09-02",49.3733329772949,49.5966682434082,49.2299995422363,49.5200004577637,20018100,46.6291275024414
"2021-09-03",49.4000015258789,49.8833312988281,49.2999992370605,49.75,17211900,46.845703125
"2021-09-07",49.656665802002,49.723331451416,49.0200004577637,49.0900001525879,25345200,46.224235534668
"2021-09-08",48.9833335876465,49.439998626709,48.9099998474121,49.1533317565918,19508400,46.2838706970215
"2021-09-09",49.1533317565918,49.2033348083496,48.6133346557617,48.8066673278809,22328700,45.9574356079102
"2021-09-10",49.0666656494141,49.0800018310547,48.4766654968262,48.6300010681152,15775200,45.791088104248
"2021-09-13",48.8400001525879,49.0499992370605,48.2133331298828,48.3533325195312,19529400,45.5305671691895
"2021-09-14",48.4933319091797,48.6266670227051,47.973331451416,48.0999984741211,16533900,45.2920303344727
"2021-09-15",48.0233345031738,48.25,47.9300003051758,48.1833343505859,14850000,45.3704948425293
"2021-09-16",48.1466674804688,48.4366683959961,47.8966674804688,48.343334197998,18428400,45.5211563110352
"2021-09-17",48.0466651916504,48.7200012207031,48.0066680908203,48.2433319091797,73032600,45.4269866943359
"2021-09-20",47.8333320617676,48.3966674804688,47.2066688537598,47.5800018310547,25054500,44.8023872375488
"2021-09-21",47.5666656494141,48.1933326721191,47.5566673278809,47.6733322143555,17437500,44.8902626037598
"2021-09-22",47.8233337402344,47.8666687011719,47.4300003051758,47.5633316040039,15044400,44.7866821289062
"2021-09-23",47.7400016784668,47.8766670227051,47.4833335876465,47.5900001525879,15585300,44.8118133544922
"2021-09-24",47.5,47.8966674804688,47.4966659545898,47.723331451416,13360500,44.9373474121094
"2021-09-27",47.6233329772949,47.8499984741211,47.2799987792969,47.4166679382324,21250800,44.6485786437988
"2021-09-28",47.2933311462402,47.3566665649414,46.6633338928223,46.8333320617676,20580900,44.0993003845215
"2021-09-29",46.8833312988281,47.276668548584,46.7733345031738,46.8133316040039,21375600,44.0804786682129
"2021-09-30",46.8800010681152,47.2433319091797,46.4166679382324,46.4599990844727,22457700,43.7477645874023
"2021-10-01",46.4199981689453,46.5433311462402,45.3066673278809,45.6833343505859,30014400,43.0164451599121
"2021-10-04",45.6966667175293,46.0766677856445,44.9033317565918,45.2433319091797,29970300,42.6021194458008
"2021-10-05",45.3166656494141,45.9033317565918,45.2999992370605,45.5400009155273,20597400,42.8814697265625
"2021-10-06",45.4133338928223,45.9300003051758,45.3766670227051,45.8733329772949,19376700,43.1953468322754
"2021-10-07",46.2599983215332,46.9000015258789,46.2533340454102,46.4133338928223,21068100,43.7038269042969
"2021-10-08",46.5533332824707,46.6966667175293,46.3366661071777,46.5533332824707,13847400,43.8356513977051
"2021-10-11",46.5066680908203,46.9266662597656,46.4799995422363,46.5099983215332,13048200,43.794849395752
"2021-10-12",46.4466667175293,46.8033332824707,46.3566665649414,46.4599990844727,15789300,43.7477645874023
"2021-10-13",46.5,46.6699981689453,46.0433311462402,46.1233329772949,17937900,43.4307518005371
"2021-10-14",46.1666679382324,46.689998626709,46.1666679382324,46.6233329772949,19783500,43.9015617370605
"2021-10-15",46.8733329772949,47.033332824707,46.6533317565918,46.8499984741211,20737200,44.1149940490723
"2021-10-18",46.6666679382324,47.3366661071777,46.6100006103516,47.2266654968262,19887000,44.4696731567383
"2021-10-19",48.2099990844727,48.5366668701172,47.8866653442383,48.2299995422363,33444300,45.4144287109375
"2021-10-20",48.2966651916504,48.8300018310547,48.2966651916504,48.6666679382324,17453700,45.8256072998047
"2021-10-21",48.8600006103516,48.973331451416,48.6033325195312,48.9366683959961,13954500,46.0798454284668
"2021-10-22",49.033332824707,49.8966674804688,49.033332824707,49.4466667175293,21195600,46.5600852966309
"2021-10-25",49.593334197998,50.1733322143555,49.3366661071777,50.0200004577637,19287900,47.0999488830566
"2021-10-26",50,50.1833343505859,49.4866676330566,49.5833320617676,17418600,46.6887626647949
"2021-10-27",49.6533317565918,49.6733322143555,49.1300010681152,49.1766662597656,14565600,46.305850982666
"2021-10-28",49.4466667175293,49.6599998474121,49.2366676330566,49.4833335876465,12598500,46.5946044921875
"2021-10-29",49.3033332824707,50.033332824707,49.1866683959961,49.8066673278809,22022700,46.899055480957
"2021-11-01",49.9933319091797,50.25,49.783332824707,49.9300003051758,12549600,47.0151901245117
"2021-11-02",49.9900016784668,50.060001373291,49.7599983215332,49.906665802002,13638900,46.9932250976562
"2021-11-03",49.8666687011719,50.0966682434082,49.6766662597656,50.060001373291,14209500,47.1376037597656
"2021-11-04",50.060001373291,50.6166687011719,49.9433326721191,50.4266662597656,15149100,47.4828720092773
"2021-11-05",50.6666679382324,50.6666679382324,49.8733329772949,50.0766677856445,15081900,47.1532897949219
"2021-11-08",50.0733337402344,50.1699981689453,49.5766677856445,49.7566680908203,15373200,46.851978302002
"2021-11-09",49.8400001525879,49.9566688537598,49.6233329772949,49.9300003051758,15001800,47.0151901245117
"2021-11-10",49.5766677856445,49.8733329772949,49.3266677856445,49.4799995422363,16803600,46.5914649963379
"2021-11-11",49.5900001525879,49.6633338928223,49.3966674804688,49.5,13603200,46.6102981567383
"2021-11-12",49.6666679382324,49.7466659545898,49.1800003051758,49.2533340454102,18313800,46.3780288696289
"2021-11-15",49.3833312988281,49.4833335876465,48.7999992370605,48.9700012207031,28896000,46.1112403869629
"2021-11-16",48.3666687011719,48.8933334350586,47.4333343505859,47.723331451416,73986600,44.9373474121094
"2021-11-17",47.7200012207031,48.2400016784668,47.2733345031738,47.3133316040039,33116100,44.5512847900391
"2021-11-18",47.3800010681152,47.7633323669434,46.9533348083496,47.7200012207031,24394200,44.934211730957
"2021-11-19",47.8733329772949,48,47.3133316040039,47.4633331298828,28119300,44.6925315856934
"2021-11-22",47.5533332824707,48.4533348083496,47.3333320617676,48.2599983215332,29126400,45.442684173584
"2021-11-23",48.0833320617676,48.6599998474121,47.75,48.6033325195312,29907900,45.7659721374512
"2021-11-24",48.5766677856445,49.0200004577637,48.5466651916504,48.8466682434082,18089400,45.9951095581055
"2021-11-26",48.8133316040039,49.2933311462402,48.1399993896484,48.2999992370605,21039600,45.4803504943848
"2021-11-29",48.3333320617676,48.4166679382324,47.4099998474121,47.5433311462402,33039600,44.7678527832031
"2021-11-30",47.1599998474121,47.5,46.6699981689453,46.8766670227051,64818900,44.1401023864746
"2021-12-01",46.8366661071777,46.906665802002,45.6800003051758,45.7133331298828,36621300,43.0446929931641
"2021-12-02",45.8766670227051,46.1466674804688,45.0800018310547,45.156665802002,39805800,42.5205268859863
"2021-12-03",45.2866668701172,45.9599990844727,45.0966682434082,45.8366661071777,44142600,43.1608200073242
"2021-12-06",45.8533325195312,46.4533348083496,45.7000007629395,46.3333320617676,32589300,43.6285018920898
"2021-12-07",46.533332824707,46.6100006103516,46.0299987792969,46.1833343505859,37739100,43.4872550964355
"2021-12-08",46.0200004577637,46.1666679382324,45.3366661071777,45.716667175293,34496400,43.0478210449219
"2021-12-09",45.5433311462402,46.189998626709,45.2366676330566,46.1666679382324,32351700,43.6465873718262
"2021-12-10",46.1133346557617,47.0999984741211,45.8566665649414,47.0099983215332,38575500,44.4438858032227
"2021-12-13",46.7466659545898,47.9166679382324,46.6699981689453,47.8566665649414,54039300,45.2443351745605
"2021-12-14",47.7666664123535,48.4266662597656,47.3833312988281,48.3133316040039,46721400,45.6760711669922
"2021-12-15",48.4033317565918,48.8233337402344,47.7999992370605,48.5900001525879,33489900,45.9376411437988
"2021-12-16",48.5900001525879,48.843334197998,47.6300010681152,47.7799987792969,39069600,45.1718559265137
"2021-12-17",47.5833320617676,47.9833335876465,46.1300010681152,46.25,78581100,43.7253684997559
"2021-12-20",46.0400009155273,46.5833320617676,45.8666687011719,46.4000015258789,31017900,43.8671875
"2021-12-21",46.2999992370605,46.6199989318848,46.0033340454102,46.5400009155273,24620400,43.9995498657227
"2021-12-22",46.6333312988281,46.6633338928223,46.1766662597656,46.5999984741211,17028000,44.0562629699707
"2021-12-23",46.5999984741211,46.7200012207031,46.283332824707,46.4966659545898,17592600,43.9585762023926
"2021-12-27",46.533332824707,46.9566688537598,46.5233345031738,46.9199981689453,16040700,44.3588027954102
"2021-12-28",46.8666687011719,47.656665802002,46.8666687011719,47.593334197998,15783000,44.9953804016113
"2021-12-29",47.5533332824707,47.843334197998,47.439998626709,47.5699996948242,13045200,44.9733238220215
"2021-12-30",47.7533340454102,47.9000015258789,47.4933319091797,47.723331451416,14949000,45.1182861328125
"2021-12-31",47.7333335876465,48.3466682434082,47.6399993896484,48.2299995422363,17947800,45.5972900390625
"2022-01-03",48,48.2633323669434,47.6699981689453,48.216667175293,20706600,45.5846862792969
"2022-01-04",48.0133323669434,48.3800010681152,47.2533340454102,47.3333320617676,33930000,44.749568939209
"2022-01-05",47.6166687011719,48.6500015258789,47.5800018310547,47.973331451416,35418000,45.3546371459961
"2022-01-06",47.8733329772949,48.2133331298828,47.466667175293,47.8400001525879,21828900,45.2285842895508
"2022-01-07",47.8333320617676,48.4533348083496,47.6533317565918,48.2966651916504,19723500,45.6603164672852
"2022-01-10",48.4799995422363,48.5299987792969,47.7066688537598,48.2033348083496,22731600,45.5720863342285
"2022-01-11",48.0699996948242,48.2066688537598,47.7266654968262,48.0666656494141,21668700,45.44287109375
"2022-01-12",47.8933334350586,47.9866676330566,47.6666679382324,47.8133316040039,18946800,45.203369140625
"2022-01-13",47.810001373291,48.560001373291,47.7033348083496,48.4900016784668,24252600,45.8431015014648
"2022-01-14",48.0733337402344,48.8766670227051,48.0733337402344,48.3533325195312,26867400,45.7138862609863
"2022-01-18",48.1366653442383,48.2333335876465,47.3766670227051,47.5066680908203,21123900,44.913444519043
"2022-01-19",47.5133323669434,48.3300018310547,47.3066673278809,47.9799995422363,22674000,45.3609428405762
"2022-01-20",47.4500007629395,48.1533317565918,47.0233345031738,47.0733337402344,22387200,44.5037574768066
"2022-01-21",47.0733337402344,47.4199981689453,46.6866683959961,46.7299995422363,27508200,44.1791725158691
"2022-01-24",46.3566665649414,46.843334197998,45.7700004577637,46.7333335876465,28699200,44.1823196411133
"2022-01-25",46.6633338928223,46.7900009155273,45.6033325195312,45.716667175293,29479500,43.2211532592773
"2022-01-26",45.7799987792969,46.2633323669434,45.0533332824707,45.25,26185500,42.779956817627
"2022-01-27",45.6399993896484,46.3600006103516,45.1233329772949,45.2799987792969,27759000,42.8083190917969
"2022-01-28",45.3333320617676,45.8566665649414,44.6500015258789,45.8400001525879,25131900,43.337760925293
"2022-01-31",45.6966667175293,46.6800003051758,45.5666656494141,46.6033325195312,20193600,44.0594139099121
"2022-02-01",46.4033317565918,47.0499992370605,46.3300018310547,46.9700012207031,20323200,44.406063079834
"2022-02-02",47,47.2133331298828,46.716667175293,46.9500007629395,18149700,44.3871536254883
"2022-02-03",46.7533340454102,47.3300018310547,46.5900001525879,46.9966659545898,20741100,44.4312705993652
"2022-02-04",46.9633331298828,47,46.1166687011719,46.4433326721191,22036500,43.9081535339355
"2022-02-07",46.6866683959961,46.689998626709,45.8699989318848,45.9866676330566,20010300,43.4764099121094
"2022-02-08",46.1066665649414,46.4133338928223,45.8366661071777,45.9966659545898,19458900,43.4858779907227
"2022-02-09",46.1666679382324,46.2633323669434,45.8233337402344,45.8966674804688,21473700,43.3913269042969
"2022-02-10",45.5166664123535,45.6699981689453,45.1533317565918,45.3600006103516,27810600,42.8839530944824
"2022-02-11",45.6066665649414,45.7266654968262,44.723331451416,45.1100006103516,23733300,42.6476058959961
"2022-02-14",45.1100006103516,45.3199996948242,44.2366676330566,44.6500015258789,29363400,42.212703704834
"2022-02-15",44.9133338928223,45.223331451416,44.5966682434082,44.7900009155273,21824400,42.3450660705566
"2022-02-16",44.776668548584,44.9599990844727,44.2333335876465,44.5099983215332,28490700,42.0803604125977
"2022-02-17",44.6666679382324,46.4900016784668,44.593334197998,46.2933311462402,53831400,43.7663345336914
"2022-02-18",46.033332824707,46.5299987792969,45.7200012207031,45.9966659545898,31103400,43.4858779907227
"2022-02-22",45.9233322143555,46.0800018310547,45.3133316040039,45.4833335876465,25380900,43.0005569458008
"2022-02-23",45.6199989318848,45.7299995422363,44.9466667175293,45.0166664123535,21030900,42.5593605041504
"2022-02-24",44.6366653442383,45.0033340454102,44.0033340454102,44.843334197998,31717500,42.3954963684082
"2022-02-25",44.9366683959961,45.593334197998,44.6966667175293,45.4599990844727,24997800,42.9784965515137
"2022-02-28",45,45.3566665649414,44.5900001525879,45.0533332824707,26286600,42.5940284729004
"2022-03-01",45.2900009155273,45.9633331298828,45.0066680908203,45.3300018310547,24024900,42.8556022644043
"2022-03-02",45.2200012207031,45.6100006103516,45.060001373291,45.3866653442383,23863800,42.9091644287109
"2022-03-03",45.7633323669434,46.8233337402344,45.5166664123535,46.4300003051758,29885100,43.8955535888672
"2022-03-04",45.9366683959961,47.6466674804688,45.8633346557617,47.6066665649414,35576400,45.0079689025879
"2022-03-07",47.0999984741211,47.8766670227051,46.8166656494141,47.223331451416,45870000,44.6455764770508
"2022-03-08",47.1666679382324,47.4866676330566,46.1933326721191,46.2466659545898,28305600,43.7222175598145
"2022-03-09",46.6666679382324,46.7466659545898,46.0466651916504,46.4866676330566,22122900,43.9491195678711
"2022-03-10",46.4966659545898,47.6666679382324,46.3366661071777,47.5433311462402,27512700,44.9481010437012
"2022-03-11",47.4333343505859,48.0166664123535,47.2933311462402,47.3566665649414,19162200,44.7716331481934
"2022-03-14",47.3400001525879,48.283332824707,47.3300018310547,48.0166664123535,22646400,45.3955993652344
"2022-03-15",48.1766662597656,48.716667175293,47.9500007629395,48.593334197998,22872600,45.9407920837402
"2022-03-16",48.4633331298828,48.9799995422363,47.9000015258789,48.4500007629395,24615900,45.8052825927734
"2022-03-17",48.1500015258789,48.4333343505859,47.5499992370605,48.3366661071777,19023000,45.874885559082
"2022-03-18",48.3933334350586,48.5233345031738,48.0366668701172,48.4799995422363,31233300,46.0109176635742
"2022-03-21",48.4766654968262,49.0966682434082,47.8733329772949,48.0766677856445,21350700,45.628116607666
"2022-03-22",48.2033348083496,48.3233337402344,47.6599998474121,47.9333343505859,20235000,45.4920997619629
"2022-03-23",47.7133331298828,47.9099998474121,47.1733322143555,47.3166656494141,19625400,44.9068222045898
"2022-03-24",47.4633331298828,47.9700012207031,47.2933311462402,47.6100006103516,13440900,45.1852264404297
"2022-03-25",47.8166656494141,47.9766654968262,47.4199981689453,47.8166656494141,14085300,45.3813705444336
"2022-03-28",47.8333320617676,48.6866683959961,47.7666664123535,48.6666679382324,20105700,46.1880798339844
"2022-03-29",48.8666687011719,49.3666687011719,48.75,49.0766677856445,19934400,46.5771942138672
"2022-03-30",49.0433311462402,50.060001373291,49.0133323669434,49.9566688537598,24991500,47.4123802185059
"2022-03-31",49.5966682434082,50.1800003051758,49.3933334350586,49.6399993896484,27163800,47.1118354797363
"2022-04-01",49.8866653442383,50.4233322143555,49.6133346557617,50.3366661071777,20939700,47.773021697998
"2022-04-04",50.3033332824707,51.0666656494141,50.026668548584,50.3466682434082,25332600,47.7825088500977
"2022-04-05",50.2933311462402,51.1100006103516,50.2933311462402,50.4900016784668,18657900,47.9185409545898
"2022-04-06",50.3400001525879,51.8066673278809,50.1666679382324,51.6633338928223,28018500,49.0321273803711
"2022-04-07",51.7000007629395,52.5133323669434,51.4799995422363,52.1800003051758,27088200,49.5224685668945
"2022-04-08",52.3033332824707,52.8033332824707,52.0699996948242,52.4700012207031,23294400,49.7977066040039
"2022-04-11",52.3233337402344,52.7466659545898,51.2099990844727,51.4300003051758,24712800,48.810676574707
"2022-04-12",51.4133338928223,51.7999992370605,50.8499984741211,51.0766677856445,26761200,48.4753341674805
"2022-04-13",51.1500015258789,52.5966682434082,51.1166687011719,52.406665802002,29284500,49.7375907897949
"2022-04-14",52.3699989318848,52.7633323669434,52.1433334350586,52.3600006103516,22360500,49.6933174133301
"2022-04-18",52.25,52.6599998474121,51.7366676330566,51.9599990844727,14671800,49.3136825561523
"2022-04-19",52.223331451416,52.6500015258789,52.0133323669434,52.5499992370605,15855000,49.8736305236816
"2022-04-20",52.783332824707,53.4500007629395,52.7633323669434,53.2099990844727,19821600,50.5000114440918
"2022-04-21",53.3066673278809,53.5900001525879,53.0233345031738,53.2900009155273,18168300,50.5759391784668
"2022-04-22",53.4166679382324,53.4533348083496,52.2200012207031,52.2866668701172,21046200,49.623706817627
"2022-04-25",52.1233329772949,52.4900016784668,51.4500007629395,52.3133316040039,18057600,49.6490211486816
"2022-04-26",52.1233329772949,52.7099990844727,51.7333335876465,51.7666664123535,19601100,49.1301879882812
"2022-04-27",51.843334197998,52.0666656494141,51.3400001525879,51.4133338928223,17496900,48.7948570251465
"2022-04-28",51.7433319091797,52.3266677856445,51.3666687011719,52.0699996948242,14955900,49.4180717468262
"2022-04-29",51.9366683959961,52.0733337402344,50.9033317565918,50.9966659545898,21088800,48.3994064331055
"2022-05-02",51.6533317565918,51.6633338928223,50.1066665649414,50.6599998474121,20016000,48.079891204834
"2022-05-03",50.810001373291,51.4266662597656,50.593334197998,50.8366661071777,17950500,48.2475547790527
"2022-05-04",50.6766662597656,51.6066665649414,50.5033340454102,51.5400009155273,20022600,48.9150695800781
"2022-05-05",51.2133331298828,51.276668548584,50.466667175293,50.9133338928223,23234400,48.495964050293
"2022-05-06",50.5699996948242,51.3166656494141,49.4233322143555,49.8533325195312,34258200,47.4862937927246
"2022-05-09",49.4900016784668,51.033332824707,49.3966674804688,50.4366683959961,28207200,48.0419273376465
"2022-05-10",50.4766654968262,50.7633323669434,49.5200004577637,49.7266654968262,24861300,47.3656311035156
"2022-05-11",49.7999992370605,50.25,48.9700012207031,49.2066688537598,27878700,46.8703269958496
"2022-05-12",49.2866668701172,50.0499992370605,48.8400001525879,49.1599998474121,25244400,46.8258819580078
"2022-05-13",49.2366676330566,49.4599990844727,48.7133331298828,49.3499984741211,19962300,47.0068550109863
"2022-05-16",49.7933311462402,49.9099998474121,48.8199996948242,49.4033317565918,21449100,47.0576591491699
"2022-05-17",45.4766654968262,45.8133316040039,43.5466651916504,43.783332824707,132940200,41.7044982910156
"2022-05-18",42.6766662597656,42.7566680908203,40.5099983215332,40.810001373291,104253000,38.8723373413086
"2022-05-19",40.2900009155273,40.5966682434082,39.533332824707,39.689998626709,71008500,37.8055152893066
"2022-05-20",39.8800010681152,40.2799987792969,39.0900001525879,39.7333335876465,49356000,37.8467903137207
"2022-05-23",39.973331451416,41.2566680908203,39.9533348083496,40.8666687011719,43680900,38.9263114929199
"2022-05-24",40.4033317565918,41.5166664123535,40.3600006103516,41.3766670227051,34584900,39.4121055603027
"2022-05-25",41.3333320617676,41.5566673278809,40.8666687011719,41.1233329772949,27121800,39.1707954406738
"2022-05-26",41.7666664123535,42.1333312988281,41.466667175293,42,28197600,40.0058364868164
"2022-05-27",41.8300018310547,42.8733329772949,41.7700004577637,42.8266677856445,25299900,40.7932586669922
"2022-05-31",42.4866676330566,43.2999992370605,42.473331451416,42.8766670227051,36912300,40.8408737182617
"2022-06-01",42.8333320617676,42.973331451416,41.560001373291,41.8166656494141,28534800,39.8312072753906
"2022-06-02",41.8566665649414,42.5099983215332,41.4433326721191,42.5033340454102,23214300,40.4852752685547
"2022-06-03",42.223331451416,42.473331451416,41.6966667175293,41.7733345031738,18302700,39.7899284362793
"2022-06-06",41.939998626709,42.0999984741211,41.5299987792969,41.6233329772949,19855500,39.6470527648926
"2022-06-07",40.4133338928223,41.1633338928223,40.2933311462402,41.1233329772949,47707800,39.1707954406738
"2022-06-08",40.783332824707,41.3033332824707,40.6500015258789,40.7666664123535,22522800,38.8310661315918
"2022-06-09",40.6666679382324,41.4500007629395,40.3300018310547,40.3400001525879,19880100,38.4246597290039
"2022-06-10",39.9166679382324,40.9133338928223,39.7799987792969,40.5666656494141,25238100,38.6405563354492
"2022-06-13",39.9133338928223,40.4133338928223,39.6966667175293,39.8033332824707,24897900,37.9134635925293
"2022-06-14",39.7099990844727,40,39.3899993896484,39.8199996948242,21544200,37.9293441772461
"2022-06-15",39.9900016784668,40.1366653442383,39.2999992370605,39.7933311462402,25914000,37.903938293457
"2022-06-16",39.4500007629395,40.5866661071777,39.4099998474121,40.2066688537598,30706800,38.2976531982422
"2022-06-17",40.0066680908203,40.2933311462402,39.3233337402344,39.4300003051758,36838800,37.5578575134277
"2022-06-21",39.4333343505859,40.9266662597656,39.406665802002,40.723331451416,23916600,38.7897720336914
"2022-06-22",40.7000007629395,41.0833320617676,40.1966667175293,40.2299995422363,20235000,38.3198738098145
"2022-06-23",40.5833320617676,41.3199996948242,40.4000015258789,41.2066688537598,18040800,39.250171661377
"2022-06-24",41.3633346557617,41.7700004577637,41.0533332824707,41.2400016784668,31845900,39.2819290161133
"2022-06-27",41.2599983215332,41.5800018310547,40.9300003051758,41.3733329772949,19889100,39.4089164733887
"2022-06-28",41.5533332824707,41.8566665649414,40.7633323669434,40.7900009155273,15399000,38.8532867431641
"2022-06-29",40.9633331298828,41.1166687011719,40.3233337402344,40.6399993896484,19111500,38.7104072570801
"2022-06-30",40.2933311462402,40.6866683959961,39.9633331298828,40.526668548584,19166100,38.6024627685547
"2022-07-01",40.6466674804688,40.973331451416,40.3866653442383,40.8766670227051,17460900,38.9358367919922
"2022-07-05",40.7366676330566,41.5033340454102,40.5366668701172,41.4166679382324,18218100,39.4501991271973
"2022-07-06",41.4933319091797,42.093334197998,41.4333343505859,41.7099990844727,21300000,39.7295989990234
"2022-07-07",41.7299995422363,41.843334197998,41.3733329772949,41.7733345031738,17487300,39.7899284362793
"2022-07-08",41.939998626709,42.2033348083496,41.716667175293,41.7999992370605,14751000,39.8153266906738
"2022-07-11",41.6733322143555,42.1100006103516,41.5400009155273,41.8166656494141,11532900,39.8312072753906
"2022-07-12",41.7033348083496,42.3766670227051,41.5733337402344,41.689998626709,13732200,39.7105522155762
"2022-07-13",41.4799995422363,42.1533317565918,41.3033332824707,41.7900009155273,12689100,39.8058013916016
"2022-07-14",41.3866653442383,42.7733345031738,41.3800010681152,42.6066665649414,20905500,40.5836982727051
"2022-07-15",42.9333343505859,43.4233322143555,42.6833343505859,43.0233345031738,21184200,40.980583190918
"2022-07-18",42.8833312988281,43.4333343505859,42.7533340454102,42.9233322143555,14243700,40.885326385498
"2022-07-19",43.1300010681152,43.3199996948242,42.8666687011719,43.1866683959961,16995300,41.1361618041992
"2022-07-20",43.5033340454102,43.7700004577637,43.1666679382324,43.5466651916504,18564900,41.4790649414062
"2022-07-21",43.560001373291,44.1866683959961,43.5,44.1833343505859,18764700,42.0855026245117
"2022-07-22",44.1800003051758,44.4633331298828,43.7433319091797,44.0699996948242,13616400,41.9775390625
"2022-07-25",44.1300010681152,44.2333335876465,43.8199996948242,44.0066680908203,20535300,41.9172248840332
"2022-07-26",40.3766670227051,40.8966674804688,40.0200004577637,40.6599998474121,95391600,38.7294654846191
"2022-07-27",40.4133338928223,42.2566680908203,40.343334197998,42.1966667175293,42159600,40.1931648254395
"2022-07-28",42.0900001525879,43.5033340454102,42.0900001525879,43.25,33262200,41.1964874267578
"2022-07-29",42.7733345031738,44.0866661071777,42.6699981689453,44.0166664123535,30141900,41.9267501831055
"2022-08-01",43.6866683959961,44.7433319091797,43.6666679382324,44.1800003051758,24996300,42.082332611084
"2022-08-02",44.3833312988281,44.5699996948242,43.7999992370605,44.2266654968262,19695000,42.1267776489258
"2022-08-03",44.0533332824707,44.3133316040039,43.2866668701172,43.5,32003100,41.4346084594727
"2022-08-04",43.5566673278809,43.5999984741211,41.776668548584,41.8566665649414,53106000,39.8693046569824
"2022-08-05",41.8366661071777,42.2700004577637,41.7066688537598,42.1933326721191,32007000,40.1899948120117
"2022-08-08",42.216667175293,42.7366676330566,42.2033348083496,42.5366668701172,18175200,40.5170249938965
"2022-08-09",42.6300010681152,42.9900016784668,42.4033317565918,42.9566688537598,19325100,40.9170761108398
"2022-08-10",43.3333320617676,43.3833312988281,42.7966651916504,43.0466651916504,25251000,41.0028114318848
"2022-08-11",43.2333335876465,43.4566688537598,42.8666687011719,43.2733345031738,23854500,41.3982276916504
"2022-08-12",43.3333320617676,44.2799987792969,43.2733345031738,44.0733337402344,26625000,42.1635627746582
"2022-08-15",43.8766670227051,44.5233345031738,43.7866668701172,44.2000007629395,26516100,42.2847442626953
"2022-08-16",46.2999992370605,46.9766654968262,46.0633316040039,46.4566688537598,91773300,44.4436225891113
"2022-08-17",46.189998626709,47.5733337402344,46.1333312988281,46.5066680908203,41792100,44.4914474487305
"2022-08-18",46.5099983215332,46.8066673278809,46.1666679382324,46.3566665649414,19197600,44.3479537963867
"2022-08-19",46.3066673278809,46.3566665649414,45.6366653442383,45.6733322143555,22918800,43.6942367553711
"2022-08-22",45.4000015258789,45.5733337402344,44.8133316040039,44.8566665649414,18667200,42.9129524230957
"2022-08-23",44.8699989318848,44.9866676330566,44.4033317565918,44.6666679382324,16955100,42.7311820983887
"2022-08-24",44.783332824707,45.0966682434082,44.533332824707,44.9900016784668,15766500,43.0405158996582
"2022-08-25",45.093334197998,45.3300018310547,45.0099983215332,45.2900009155273,19414500,43.3275032043457
"2022-08-26",45.3699989318848,45.6100006103516,43.8366661071777,43.8666687011719,21331800,41.9658622741699
"2022-08-29",43.6100006103516,44.6233329772949,43.5299987792969,44.2933311462402,17381700,42.3740272521973
"2022-08-30",44.4466667175293,44.5499992370605,43.9133338928223,44.1599998474121,14468100,42.2464752197266
"2022-08-31",44.2599983215332,44.5966682434082,43.9766654968262,44.1833343505859,22460700,42.268798828125
"2022-09-01",44.1800003051758,45.0466651916504,44.1333312988281,44.8266677856445,21741900,42.8842582702637
"2022-09-02",44.9500007629395,45.223331451416,44.1466674804688,44.3333320617676,17234400,42.4122924804688
"2022-09-06",44.3499984741211,44.5400009155273,43.5733337402344,44.1133346557617,21899700,42.201831817627
"2022-09-07",44.3533325195312,45.3233337402344,44.2466659545898,45.2466659545898,17058900,43.2860488891602
"2022-09-08",45.1333312988281,45.6233329772949,44.9599990844727,45.4766654968262,16956000,43.5060844421387
"2022-09-09",45.4333343505859,45.8333320617676,45.3766670227051,45.6133346557617,16140600,43.6368370056152
"2022-09-12",45.6933326721191,46.0833320617676,45.656665802002,46.0233345031738,14284500,44.0290679931641
"2022-09-13",45.6199989318848,45.9833335876465,44.9366683959961,45.0733337402344,17687400,43.120231628418
"2022-09-14",45.2099990844727,45.5099983215332,44.7000007629395,44.973331451416,19934700,43.0245590209961
"2022-09-15",45.0166664123535,45.0499992370605,44.3233337402344,44.4900016784668,20189400,42.5621719360352
"2022-09-16",44,44.8499984741211,43.7599983215332,44.3966674804688,41874300,42.4728851318359
"2022-09-19",44.2733345031738,44.9199981689453,44.156665802002,44.776668548584,16853100,42.8364181518555
"2022-09-20",44.4933319091797,44.6266670227051,44.1800003051758,44.5166664123535,13963500,42.5876808166504
"2022-09-21",45.1466674804688,45.8166656494141,44.8733329772949,44.9233322143555,24903600,42.9767303466797
"2022-09-22",44.8566665649414,44.906665802002,44.2799987792969,44.4633331298828,16744500,42.5366592407227
"2022-09-23",44.2900009155273,44.3933334350586,42.9233322143555,43.3533325195312,27195300,41.4747581481934
"2022-09-26",42.9166679382324,44.0466651916504,42.7566680908203,43.7700004577637,23011200,41.8733711242676
"2022-09-27",44.0766677856445,44.4766654968262,43.4333343505859,43.6500015258789,17171700,41.7585678100586
"2022-09-28",43.8033332824707,44.5499992370605,43.2400016784668,44.3699989318848,16838400,42.4473724365234
"2022-09-29",44.5,44.7066688537598,43.8766670227051,44.0833320617676,15241500,42.1731338500977
"2022-09-30",44.0800018310547,44.1199989318848,43.2333335876465,43.2333335876465,19602300,41.3599662780762
"2022-10-03",43.4133338928223,44.2633323669434,43.3366661071777,44.1766662597656,17574900,42.2624130249023
"2022-10-04",44.6199989318848,45.0666656494141,44.4566688537598,44.75,16134300,42.8109130859375
"2022-10-05",44.5866661071777,44.8733329772949,44.1699981689453,44.3066673278809,14553900,42.3867874145508
"2022-10-06",44.3600006103516,44.8266677856445,43.8600006103516,43.8933334350586,14200500,41.9913597106934
"2022-10-07",43.7700004577637,43.8833312988281,42.689998626709,42.8533325195312,17080500,40.9964256286621
"2022-10-10",43.1766662597656,43.310001373291,42.7599983215332,43.1066665649414,11411700,41.2387847900391
"2022-10-11",43.1699981689453,44.5999984741211,43.1533317565918,44.223331451416,21276000,42.3070640563965
"2022-10-12",44.3366661071777,44.9233322143555,43.656665802002,43.723331451416,16947600,41.828727722168
"2022-10-13",43.093334197998,44.3133316040039,42.7900009155273,44.093334197998,20545500,42.1827011108398
"2022-10-14",44.1466674804688,44.406665802002,43.3499984741211,43.4766654968262,16641000,41.5927467346191
"2022-10-17",43.6533317565918,44.276668548584,43.5299987792969,43.7900009155273,17812500,41.8925132751465
"2022-10-18",44.4766654968262,45.033332824707,44.4433326721191,44.7133331298828,16842300,42.7758293151855
"2022-10-19",44.776668548584,44.9099998474121,44.3233337402344,44.5866661071777,11339400,42.6546516418457
"2022-10-20",44.6599998474121,45.1333312988281,44.5499992370605,44.6966667175293,12754800,42.759880065918
"2022-10-21",44.9366683959961,45.8033332824707,44.6666679382324,45.5999984741211,18134700,43.6240730285645
"2022-10-24",45.8166656494141,46.8266677856445,45.7099990844727,46.4700012207031,18806700,44.4563789367676
"2022-10-25",46.3633346557617,46.8133316040039,46.1066665649414,46.689998626709,15051300,44.6668357849121
"2022-10-26",46.7866668701172,47.3466682434082,46.6066665649414,47.0466651916504,20754300,45.0080490112305
"2022-10-27",47.0033340454102,47.3666687011719,46.7633323669434,46.9099998474121,16602900,44.8773078918457
"2022-10-28",46.6833343505859,47.6333312988281,46.6800003051758,47.5033340454102,13648200,45.4449310302734
"2022-10-31",47.4466667175293,47.689998626709,47.2566680908203,47.4433326721191,22572000,45.3875350952148
"2022-11-01",47.656665802002,47.8499984741211,47.1666679382324,47.2299995422363,14814300,45.1834526062012
"2022-11-02",47.0533332824707,47.8566665649414,46.9000015258789,46.9166679382324,15522000,44.8836898803711
"2022-11-03",46.5033340454102,47.2366676330566,46.3600006103516,46.906665802002,10976400,44.8741302490234
"2022-11-04",47.343334197998,47.4033317565918,46.2633323669434,46.9900016784668,14669400,44.9538497924805
"2022-11-07",47.0866661071777,47.656665802002,47.0866661071777,47.4833335876465,11364000,45.4257965087891
"2022-11-08",47.526668548584,48.0233345031738,47.1699981689453,47.5966682434082,15068400,45.5342216491699
"2022-11-09",47.5866661071777,47.7200012207031,46.4033317565918,46.4900016784668,15932100,44.475513458252
"2022-11-10",47.5033340454102,47.5633316040039,46.8333320617676,47.4533348083496,20310600,45.3971061706543
"2022-11-11",47.5566673278809,47.7066688537598,46.6633338928223,47.526668548584,19270800,45.4672584533691
"2022-11-14",47.2133331298828,47.7733345031738,46.0900001525879,46.1300010681152,37525800,44.1311073303223
"2022-11-15",48.5366668701172,50.0900001525879,48.1833343505859,49.1466674804688,76548600,47.0170631408691
"2022-11-16",49.2933311462402,50.0666656494141,49.0400009155273,49.5,32593200,47.3550758361816
"2022-11-17",49.0033340454102,49.5766677856445,48.9033317565918,49.3333320617676,24791400,47.1956367492676
"2022-11-18",49.8899993896484,50.0800018310547,49.5900001525879,50.0766677856445,18987000,47.9067649841309
"2022-11-21",50.2033348083496,50.7133331298828,50.0633316040039,50.3833312988281,21157200,48.2001342773438
"2022-11-22",50.6666679382324,50.8166656494141,50.3733329772949,50.5633316040039,16898400,48.3723411560059
"2022-11-23",50.6933326721191,51.1233329772949,50.6266670227051,50.8066673278809,16920600,48.6051330566406
"2022-11-25",50.7066688537598,51.0299987792969,50.6199989318848,51.0233345031738,8777400,48.8124046325684
"2022-11-28",50.906665802002,51.5466651916504,50.906665802002,51.1699981689453,17674800,48.9527206420898
"2022-11-29",51.0099983215332,51.2366676330566,50.8499984741211,50.9900016784668,13841700,48.780517578125
"2022-11-30",50.8699989318848,50.9233322143555,50.4000015258789,50.8066673278809,31338000,48.6051330566406
"2022-12-01",50.6833343505859,51.2033348083496,50.2433319091797,51.1233329772949,22732200,48.9080772399902
"2022-12-02",50.4933319091797,51.0800018310547,50.4933319091797,51.0733337402344,20733000,48.8602409362793
"2022-12-05",50.9166679382324,51,50.1699981689453,50.5499992370605,23608200,48.3595771789551
"2022-12-06",50.4000015258789,50.6366653442383,49.7366676330566,49.9633331298828,20625600,47.7983322143555
"2022-12-07",50.1666679382324,50.4033317565918,49.6066665649414,49.7033348083496,17550300,47.5496063232422
"2022-12-08",49.7200012207031,49.7599983215332,49.3800010681152,49.593334197998,13512600,47.6232261657715
"2022-12-09",49.156665802002,49.2400016784668,48.406665802002,48.4366683959961,27929400,46.512523651123
"2022-12-12",48.6333312988281,49.3666687011719,48.5200004577637,49.3400001525879,19432200,47.3799476623535
"2022-12-13",50,50.0666656494141,48.9133338928223,49.1633338928223,23408100,47.2103118896484
"2022-12-14",49.0299987792969,49.5099983215332,48.6533317565918,48.8899993896484,20334600,46.947826385498
"2022-12-15",48.526668548584,48.8066673278809,47.8766670227051,48.4533348083496,17514000,46.5285148620605
"2022-12-16",48.1599998474121,48.2400016784668,47.5233345031738,47.5833320617676,40343100,45.6930732727051
"2022-12-19",47.6699981689453,47.8533325195312,47.2433319091797,47.5999984741211,15067500,45.7090759277344
"2022-12-20",47.6399993896484,48.2133331298828,47.4166679382324,48.0166664123535,17009400,46.1091957092285
"2022-12-21",48.1066665649414,48.6466674804688,48.0866661071777,48.3933334350586,13726500,46.4708938598633
"2022-12-22",48.2566680908203,48.3266677856445,47.310001373291,47.8266677856445,13082400,45.9267463684082
"2022-12-23",47.6833343505859,47.9333343505859,47.4266662597656,47.9233322143555,9547500,46.0195655822754
"2022-12-27",48.0133323669434,48.1500015258789,47.7299995422363,47.9366683959961,10044600,46.0323753356934
"2022-12-28",47.8233337402344,47.8899993896484,46.9700012207031,47.0966682434082,15246300,45.2257461547852
"2022-12-29",47.3800010681152,47.6733322143555,47.25,47.3833312988281,9171900,45.5010223388672
"2022-12-30",47.1866683959961,47.3300018310547,46.9366683959961,47.2633323669434,11505900,45.3857803344727
