"Date","XOM.Open","XOM.High","XOM.Low","XOM.Close","XOM.Volume","XOM.Adjusted"
"2019-01-02",67.3499984741211,69.870002746582,67.2600021362305,69.6900024414062,16727200,49.6647415161133
"2019-01-03",70,70.25,68.3600006103516,68.620002746582,13866100,48.9021987915039
"2019-01-04",69.6399993896484,71.2699966430664,69.3600006103516,71.1500015258789,16043600,50.7052116394043
"2019-01-07",71.25,72.0999984741211,70.7399978637695,71.5199966430664,10844200,50.9688835144043
"2019-01-08",72.5400009155273,72.5899963378906,71.9400024414062,72.0400009155273,11439000,51.3394737243652
"2019-01-09",72.5999984741211,72.5999984741211,71.6500015258789,72.4199981689453,13473500,51.6102828979492
"2019-01-10",72.0699996948242,72.0800018310547,71.120002746582,72.0500030517578,13151100,51.3465957641602
"2019-01-11",71.8499984741211,71.8899993896484,71.0699996948242,71.7200012207031,9790100,51.1114311218262
"2019-01-14",71.2099990844727,71.7799987792969,71.120002746582,71.629997253418,11012400,51.0472793579102
"2019-01-15",71.9499969482422,72.3600006103516,71.3199996948242,71.6699981689453,10298300,51.0757942199707
"2019-01-16",71.4199981689453,72.379997253418,71.3099975585938,71.6399993896484,12595600,51.0544128417969
"2019-01-17",71.1900024414062,72.3399963378906,70.9000015258789,72.129997253418,10141700,51.4036140441895
"2019-01-18",73.2699966430664,73.2900009155273,72.129997253418,72.9899978637695,15759200,52.0164947509766
"2019-01-22",72.3899993896484,72.7099990844727,71.6800003051758,71.8899993896484,15035600,51.2325820922852
"2019-01-23",72.0100021362305,72.3000030517578,70.9300003051758,71.3000030517578,13187200,50.8121223449707
"2019-01-24",71.0999984741211,71.9700012207031,70.6399993896484,71.4000015258789,11272500,50.8833885192871
"2019-01-25",72.0699996948242,72.2699966430664,71.5400009155273,71.7200012207031,8996200,51.1114311218262
"2019-01-28",71.0199966430664,71.2799987792969,70.370002746582,71.2399978637695,13678400,50.769359588623
"2019-01-29",71.6999969482422,72.1900024414062,71.4800033569336,71.5100021362305,10513200,50.9617729187012
"2019-01-30",71.7699966430664,72.5699996948242,71.5100021362305,72.2900009155273,11524700,51.5176391601562
"2019-01-31",72.2900009155273,73.4899978637695,72.0199966430664,73.2799987792969,19876700,52.2231636047363
"2019-02-01",74.9199981689453,76.4899978637695,74.3199996948242,75.9199981689453,22968700,54.1045761108398
"2019-02-04",75.7600021362305,75.7600021362305,74.4000015258789,74.8199996948242,15483800,53.3206481933594
"2019-02-05",75.1800003051758,75.6399993896484,75.0100021362305,75.5899963378906,12786700,53.8693809509277
"2019-02-06",75.5800018310547,75.7699966430664,75.129997253418,75.2600021362305,10866900,53.6342163085938
"2019-02-07",74.9499969482422,75.1900024414062,73.9000015258789,74.6800003051758,14418900,53.220874786377
"2019-02-08",73.7600021362305,74.0699996948242,72.7300033569336,73.9800033569336,11959500,53.3073501586914
"2019-02-11",73.879997253418,74.2200012207031,73.4000015258789,74.0999984741211,10434800,53.3938140869141
"2019-02-12",75.0800018310547,75.4499969482422,74.8199996948242,75.4000015258789,12599200,54.3305511474609
"2019-02-13",75.5800018310547,76.5400009155273,75.5100021362305,76.25,13214600,54.9430389404297
"2019-02-14",76.2600021362305,76.6500015258789,75.7099990844727,76.2699966430664,12772900,54.9574394226074
"2019-02-15",76.9400024414062,77.7600021362305,76.75,77.7099990844727,14330300,55.9950485229492
"2019-02-19",77.5599975585938,78.4800033569336,77.4499969482422,78.2300033569336,13551500,56.3697509765625
"2019-02-20",78.3000030517578,78.8099975585938,78,78.5299987792969,12633100,56.5859069824219
"2019-02-21",78.2099990844727,78.6600036621094,77.6100006103516,77.8199996948242,10266000,56.0743026733398
"2019-02-22",78.7099990844727,78.9499969482422,77.620002746582,78.4199981689453,9519300,56.5066452026367
"2019-02-25",78.4300003051758,78.8499984741211,78.1999969482422,78.5,9274400,56.5642967224121
"2019-02-26",78.6800003051758,79.129997253418,78.3899993896484,78.6600036621094,10990600,56.6795768737793
"2019-02-27",78.879997253418,79.75,78.6600036621094,79.4700012207031,12398200,57.263256072998
"2019-02-28",79.4499969482422,79.75,78.7099990844727,79.0299987792969,14597900,56.9461936950684
"2019-03-01",79.379997253418,80,79.0299987792969,80,15419400,57.6451377868652
"2019-03-04",80.2399978637695,80.5500030517578,79.0100021362305,80.3099975585938,18089900,57.8685073852539
"2019-03-05",80.120002746582,80.4000015258789,79.75,80.1900024414062,13745500,57.7820472717285
"2019-03-06",78.8499984741211,79.379997253418,77.8600006103516,79.2799987792969,18633600,57.1263427734375
"2019-03-07",79.5500030517578,80.2600021362305,79.3199996948242,80.1600036621094,16541700,57.760440826416
"2019-03-08",78.8899993896484,79.3199996948242,78.25,79.0100021362305,16211300,56.9318008422852
"2019-03-11",79.9800033569336,80.2900009155273,79.6500015258789,79.7799987792969,11060900,57.4866256713867
"2019-03-12",80.1100006103516,80.5800018310547,79.8899993896484,80,11320000,57.6451377868652
"2019-03-13",80.5899963378906,80.7600021362305,80.1999969482422,80.7099990844727,10260200,58.1567420959473
"2019-03-14",80.8000030517578,80.9100036621094,80.3499984741211,80.4400024414062,9976700,57.9621925354004
"2019-03-15",80.1800003051758,80.5500030517578,80.0999984741211,80.1500015258789,25316400,57.7532424926758
"2019-03-18",80.4400024414062,81.25,80.4400024414062,81.0800018310547,9840600,58.4233589172363
"2019-03-19",81.5800018310547,82,80.6399993896484,80.870002746582,13936500,58.2720527648926
"2019-03-20",80.75,81.9199981689453,80.5599975585938,81.3199996948242,13133600,58.5962791442871
"2019-03-21",80.8099975585938,81.8899993896484,80.8000030517578,81.7900009155273,10117000,58.934944152832
"2019-03-22",81.2300033569336,81.4400024414062,80.3000030517578,80.4800033569336,12497700,57.9910163879395
"2019-03-25",80,80.4400024414062,79.5899963378906,79.9199981689453,11320400,57.5874977111816
"2019-03-26",80.3300018310547,81.2699966430664,80.1800003051758,80.9599990844727,9472800,58.3368835449219
"2019-03-27",80.9700012207031,81.3099975585938,79.8199996948242,80.3399963378906,7258700,57.8901214599609
"2019-03-28",80.0299987792969,80.7900009155273,80.0199966430664,80.7399978637695,7412300,58.178352355957
"2019-03-29",81.3300018310547,81.4800033569336,80.4800033569336,80.8000030517578,10889200,58.2215957641602
"2019-04-01",81.2300033569336,81.7799987792969,81.0800018310547,81.7300033569336,10816400,58.8917045593262
"2019-04-02",81.75,81.9499969482422,81.1100006103516,81.379997253418,7646000,58.6395225524902
"2019-04-03",81.7699966430664,81.7699966430664,80.6100006103516,80.9000015258789,8562900,58.2936401367188
"2019-04-04",81.120002746582,82.0800018310547,80.7699966430664,82.0500030517578,9360600,59.1222801208496
"2019-04-05",82.1500015258789,82.5299987792969,81.9499969482422,82.4899978637695,10059100,59.4393463134766
"2019-04-08",82.6699981689453,83.1999969482422,82.5899963378906,83,9108200,59.8068351745605
"2019-04-09",82.5199966430664,82.5800018310547,81.7399978637695,81.9300003051758,8561600,59.035831451416
"2019-04-10",81.9199981689453,82.0800018310547,81.4100036621094,81.5599975585938,10324300,58.7692108154297
"2019-04-11",81.5400009155273,82.0699996948242,81.0199966430664,81.9499969482422,9115100,59.0502395629883
"2019-04-12",82.8099975585938,82.8099975585938,80.5800018310547,80.9199981689453,16638700,58.3080444335938
"2019-04-15",80.8899993896484,81.0599975585938,80.5199966430664,80.6500015258789,8536100,58.113525390625
"2019-04-16",80.8099975585938,81.3499984741211,80.6900024414062,81.1999969482422,7005700,58.5098152160645
"2019-04-17",81.5500030517578,81.6999969482422,81.0800018310547,81.4300003051758,8311400,58.6755409240723
"2019-04-18",81.5599975585938,81.8300018310547,81.0699996948242,81.129997253418,9493900,58.4593963623047
"2019-04-22",81.870002746582,83.2200012207031,81.6399993896484,82.9000015258789,10770600,59.7347755432129
"2019-04-23",83.1900024414062,83.4899978637695,82.6800003051758,83.379997253418,10595100,60.0806427001953
"2019-04-24",83.0100021362305,83.0800018310547,81.7300033569336,81.7600021362305,11684000,58.9133262634277
"2019-04-25",81.6500015258789,82.8399963378906,81.4000015258789,82.2200012207031,11135000,59.2447929382324
"2019-04-26",80.2699966430664,80.629997253418,79.5599975585938,80.4899978637695,18053500,57.9982223510742
"2019-04-29",80.120002746582,80.379997253418,79.6600036621094,79.9700012207031,10023700,57.62353515625
"2019-04-30",80.370002746582,80.5299987792969,79.9300003051758,80.2799987792969,13721500,57.8468933105469
"2019-05-01",79.9400024414062,80.2600021362305,78.620002746582,78.6699981689453,13909800,56.6868019104004
"2019-05-02",78.2799987792969,78.5,77.2399978637695,77.2900009155273,15360400,55.6924133300781
"2019-05-03",77.7900009155273,78.2099990844727,77.4400024414062,77.4700012207031,12180700,55.8221130371094
"2019-05-06",76.9199981689453,77.6600036621094,76.7099990844727,77.129997253418,13367100,55.5771293640137
"2019-05-07",76.5,76.7900009155273,75.7699966430664,76.7200012207031,13498800,55.2817039489746
"2019-05-08",76.5400009155273,77.2900009155273,76.4199981689453,76.8399963378906,11352900,55.3681716918945
"2019-05-09",76.3499984741211,76.879997253418,75.9599990844727,76.7699966430664,13221600,55.3177146911621
"2019-05-10",76.1800003051758,76.7900009155273,75.1699981689453,76.5599975585938,11056000,55.7987365722656
"2019-05-13",75.6500015258789,76.2300033569336,75.3600006103516,75.7099990844727,12176100,55.179256439209
"2019-05-14",76.129997253418,76.8000030517578,75.7600021362305,75.8099975585938,10548400,55.2521209716797
"2019-05-15",75.5699996948242,76.5500030517578,75.2099990844727,76.370002746582,8918000,55.6602668762207
"2019-05-16",76.4000015258789,76.9499969482422,76.2200012207031,76.3600006103516,8105200,55.6529846191406
"2019-05-17",75.6500015258789,76.3000030517578,75.5899963378906,75.9100036621094,9279400,55.3249931335449
"2019-05-20",76.0500030517578,76.3600006103516,75.6699981689453,75.9000015258789,7154300,55.3177337646484
"2019-05-21",76.2699966430664,76.4599990844727,75.9300003051758,76.25,8489900,55.5728225708008
"2019-05-22",76.0199966430664,76.2200012207031,75.3899993896484,75.5599975585938,7858300,55.0699272155762
"2019-05-23",74.7699966430664,74.8000030517578,73.0400009155273,73.7900009155273,14657200,53.7799186706543
"2019-05-24",74.1399993896484,74.25,73.4400024414062,74.0999984741211,7056400,54.0058403015137
"2019-05-28",74.2399978637695,74.25,72.4899978637695,72.6100006103516,14912900,52.9198951721191
"2019-05-29",71.8899993896484,72.4300003051758,71.620002746582,72.1600036621094,13645200,52.5919342041016
"2019-05-30",72.0199966430664,72.129997253418,71.5299987792969,71.9700012207031,9362100,52.4534530639648
"2019-05-31",71.1900024414062,71.5500030517578,70.629997253418,70.7699966430664,13983300,51.5788421630859
"2019-06-03",71.0899963378906,72.0100021362305,70.9700012207031,71.879997253418,11831000,52.3878479003906
"2019-06-04",72.4499969482422,73.6600036621094,72.1699981689453,73.5899963378906,10423000,53.6341323852539
"2019-06-05",73.6399993896484,73.6399993896484,72.5800018310547,72.9800033569336,10617800,53.1895599365234
"2019-06-06",73.7099990844727,74.620002746582,73.5899963378906,74.3099975585938,11738900,54.1588935852051
"2019-06-07",74.5100021362305,74.9599990844727,74.4300003051758,74.5800018310547,9095500,54.3556823730469
"2019-06-10",75.1900024414062,75.3300018310547,74.4499969482422,74.9100036621094,7760400,54.5961952209473
"2019-06-11",75.5100021362305,75.8099975585938,74.8199996948242,74.8399963378906,9415100,54.5451698303223
"2019-06-12",74.4800033569336,74.6100006103516,73.8099975585938,74.0299987792969,7920800,53.9548301696777
"2019-06-13",74.6999969482422,75.1699981689453,74.379997253418,74.6800003051758,8986400,54.4285545349121
"2019-06-14",74.6800003051758,74.8099975585938,74.2300033569336,74.3499984741211,8575900,54.188045501709
"2019-06-17",74.1600036621094,75.1900024414062,74.0400009155273,75.0899963378906,9355700,54.7273712158203
"2019-06-18",75.4199981689453,76.2200012207031,75.3499984741211,75.7399978637695,10091500,55.201114654541
"2019-06-19",75.4000015258789,75.8499984741211,75.1699981689453,75.3199996948242,9757400,54.8950080871582
"2019-06-20",76.2399978637695,76.9700012207031,76.0800018310547,76.6100006103516,16229700,55.835205078125
"2019-06-21",77.1399993896484,77.7600021362305,76.870002746582,77.6900024414062,23108100,56.6223220825195
"2019-06-24",77.5299987792969,77.7600021362305,76.8099975585938,76.9499969482422,10011800,56.0829811096191
"2019-06-25",77.0800018310547,77.2200012207031,76.1900024414062,76.2699966430664,9740000,55.5873870849609
"2019-06-26",76.6800003051758,77.129997253418,76.4700012207031,76.5999984741211,11365500,55.8278923034668
"2019-06-27",76.5899963378906,76.75,75.7600021362305,75.8199996948242,8147800,55.2594337463379
"2019-06-28",76.1900024414062,76.7300033569336,75.9400024414062,76.629997253418,14781300,55.8497657775879
"2019-07-01",77.129997253418,77.9300003051758,76.2900009155273,76.5599975585938,11437900,55.7987365722656
"2019-07-02",76.1399993896484,76.2699966430664,75.4100036621094,75.7200012207031,10475400,55.1865272521973
"2019-07-03",75.8199996948242,76.5,75.629997253418,76.4400024414062,5246100,55.7112808227539
"2019-07-05",76.1900024414062,76.3499984741211,75.5899963378906,76.129997253418,6880800,55.4853591918945
"2019-07-08",76.1399993896484,76.6999969482422,75.9199981689453,76.4800033569336,7876100,55.7404556274414
"2019-07-09",76.4499969482422,76.7699966430664,75.7300033569336,76.4300003051758,7863000,55.7040023803711
"2019-07-10",76.8000030517578,77.629997253418,76.7399978637695,77.5100021362305,8077400,56.4911270141602
"2019-07-11",77.4100036621094,77.6100006103516,77.0500030517578,77.5699996948242,6404000,56.5348663330078
"2019-07-12",77.75,77.879997253418,77.5,77.629997253418,6139000,56.5785827636719
"2019-07-15",77.629997253418,77.7399978637695,76.8899993896484,77.0800018310547,7116400,56.1777381896973
"2019-07-16",76.9199981689453,77.0699996948242,75.7900009155273,75.9300003051758,10197400,55.3395919799805
"2019-07-17",75.7399978637695,75.9599990844727,75.3499984741211,75.4800033569336,7419300,55.0116271972656
"2019-07-18",75.0299987792969,75.2699966430664,74.1800003051758,74.8399963378906,11424500,54.5451698303223
"2019-07-19",74.9000015258789,75.25,74.5400009155273,74.9899978637695,11243100,54.6544952392578
"2019-07-22",75.2399978637695,75.3000030517578,74.5,75.0699996948242,8368800,54.7127990722656
"2019-07-23",75.1500015258789,75.7699966430664,74.75,75.370002746582,8551200,54.931453704834
"2019-07-24",75.3899993896484,76.0500030517578,74.8499984741211,75.3600006103516,8260200,54.9241485595703
"2019-07-25",75.7799987792969,75.7799987792969,74.8000030517578,74.9300003051758,9083900,54.6107597351074
"2019-07-26",74.870002746582,75.0800018310547,74.5999984741211,74.8099975585938,7677300,54.5232963562012
"2019-07-29",74.879997253418,75.379997253418,74.6999969482422,75.3399963378906,7091900,54.9095840454102
"2019-07-30",75.0599975585938,75.5599975585938,74.8899993896484,75.3499984741211,6961200,54.9168586730957
"2019-07-31",75.0400009155273,75.6600036621094,74.2600021362305,74.3600006103516,13104600,54.1953392028809
"2019-08-01",73.7399978637695,74.2699966430664,72.2699966430664,72.4599990844727,17132800,52.8105659484863
"2019-08-02",72.6100006103516,73.2600021362305,71.1800003051758,71.75,21376700,52.2931060791016
"2019-08-05",70.7799987792969,70.9199981689453,69.6100006103516,70.2799987792969,19080900,51.2217292785645
"2019-08-06",70.2900009155273,71.0100021362305,70.2799987792969,70.9599990844727,12282400,51.7173385620117
"2019-08-07",69.8600006103516,70.879997253418,69.4000015258789,70.5,15231100,51.3820724487305
"2019-08-08",70.8499984741211,72.4100036621094,70.620002746582,72.379997253418,14304100,52.752254486084
"2019-08-09",72.129997253418,72.25,70.4700012207031,70.8399963378906,13686600,51.6298828125
"2019-08-12",70.0599975585938,70.1600036621094,69.3300018310547,69.629997253418,9542600,51.3789901733398
"2019-08-13",69.2699966430664,70.620002746582,68.9199981689453,70.4899978637695,12403300,52.0135803222656
"2019-08-14",69.0699996948242,69.0899963378906,67.6500015258789,67.6500015258789,18114400,49.9179725646973
"2019-08-15",67.4599990844727,67.5599975585938,66.5299987792969,67.25,12874400,49.6228141784668
"2019-08-16",67.7799987792969,68.4599990844727,67.2699966430664,68.3000030517578,12649000,50.3976020812988
"2019-08-19",68.9700012207031,69.6500015258789,68.8600006103516,69.4499969482422,10032800,51.246166229248
"2019-08-20",69.3000030517578,69.3000030517578,68.7099990844727,69.0299987792969,9743500,50.9362564086914
"2019-08-21",69.9599990844727,69.9800033569336,69.370002746582,69.7200012207031,10134200,51.4454078674316
"2019-08-22",69.9100036621094,69.9599990844727,69.25,69.5699996948242,8972000,51.3347206115723
"2019-08-23",68.8199996948242,69.5299987792969,67.0299987792969,67.4899978637695,15371900,49.799919128418
"2019-08-26",68.120002746582,68.2600021362305,67.5299987792969,67.8499984741211,7343900,50.065559387207
"2019-08-27",68.129997253418,68.4400024414062,66.9700012207031,67.1900024414062,9490900,49.5785522460938
"2019-08-28",67.5299987792969,67.9800033569336,67.1600036621094,67.6800003051758,9647400,49.9401168823242
"2019-08-29",68.3000030517578,68.6699981689453,68.0899963378906,68.4300003051758,9004100,50.4935302734375
"2019-08-30",68.6100006103516,69.0800018310547,68.0599975585938,68.4800033569336,9180800,50.5304260253906
"2019-09-03",67.8899993896484,68.6800003051758,67.629997253418,68.5599975585938,9849700,50.5894584655762
"2019-09-04",69.5,69.6100006103516,69.0899963378906,69.2900009155273,6959200,51.128116607666
"2019-09-05",69.8399963378906,70.5500030517578,69.6999969482422,70.2699966430664,9901500,51.8512306213379
"2019-09-06",70.3499984741211,70.9499969482422,70.120002746582,70.9300003051758,10418500,52.3382415771484
"2019-09-09",71.1600036621094,72.0699996948242,70.9800033569336,71.4899978637695,12840200,52.7514572143555
"2019-09-10",72.1399993896484,72.8499984741211,71.620002746582,72.0699996948242,13810800,53.1794281005859
"2019-09-11",72.7799987792969,72.8399963378906,71.5500030517578,71.9300003051758,10525700,53.0761337280273
"2019-09-12",70.9800033569336,72.1600036621094,70.6999969482422,71.9800033569336,9100700,53.1130294799805
"2019-09-13",72.2600021362305,72.7200012207031,72.0599975585938,72.6399993896484,7337200,53.6000213623047
"2019-09-16",75.0400009155273,75.1800003051758,73.5999984741211,73.7300033569336,19830200,54.4043197631836
"2019-09-17",73.8199996948242,74.0800018310547,72.629997253418,73.1699981689453,14452200,53.9911041259766
"2019-09-18",72.6500015258789,72.9700012207031,72.3300018310547,72.8199996948242,7292200,53.7328414916992
"2019-09-19",72.9700012207031,73.1900024414062,72.1900024414062,72.3300018310547,8050200,53.3712844848633
"2019-09-20",72.4899978637695,72.5,71.8600006103516,72.0800018310547,19736600,53.1868209838867
"2019-09-23",71.5199966430664,72.3600006103516,71.4599990844727,72.129997253418,7495200,53.223705291748
"2019-09-24",71.8099975585938,71.870002746582,70.8199996948242,71.1399993896484,13307100,52.4932098388672
"2019-09-25",70.9800033569336,71.4700012207031,70.8199996948242,71.3499984741211,8035200,52.6481590270996
"2019-09-26",71.2200012207031,71.3499984741211,70.6800003051758,70.9700012207031,8420200,52.3677597045898
"2019-09-27",70.6999969482422,71.6699981689453,70.629997253418,71.4800033569336,8224000,52.744083404541
"2019-09-30",71.2399978637695,71.4499969482422,70.5800018310547,70.6100006103516,9768900,52.1021194458008
"2019-10-01",70.8300018310547,70.9100036621094,68.9100036621094,68.9499969482422,10279100,50.8772354125977
"2019-10-02",68.2699966430664,68.5899963378906,67.0100021362305,67.1500015258789,14503700,49.5490455627441
"2019-10-03",67,68,66.3099975585938,67.9800033569336,10788400,50.1614837646484
"2019-10-04",68.1100006103516,69.0699996948242,67.8199996948242,68.9700012207031,10534800,50.8919868469238
"2019-10-07",68.6999969482422,69.0299987792969,68.0199966430664,68.0199966430664,10993000,50.190990447998
"2019-10-08",67.5400009155273,67.9199981689453,66.6399993896484,66.6999969482422,9748700,49.2169876098633
"2019-10-09",67.3000030517578,67.6999969482422,67.1999969482422,67.4400024414062,8580900,49.7630386352539
"2019-10-10",67.4300003051758,68.3600006103516,67.379997253418,68.25,7100100,50.3607063293457
"2019-10-11",68.9800033569336,69.4899978637695,68.8899993896484,68.9800033569336,10101900,50.8993759155273
"2019-10-14",68.5999984741211,69.370002746582,68.5899963378906,69.1800003051758,6234600,51.046947479248
"2019-10-15",69.0599975585938,70,69.0100021362305,69.4199981689453,6645700,51.2240333557129
"2019-10-16",69.2099990844727,69.5299987792969,68.2099990844727,68.2300033569336,9765800,50.3459548950195
"2019-10-17",68.4800033569336,68.879997253418,68.0800018310547,68.1399993896484,9757200,50.2795372009277
"2019-10-18",67.870002746582,68.1500015258789,67.6100006103516,67.6100006103516,13472700,49.8884658813477
"2019-10-21",67.8199996948242,68.7699966430664,67.8199996948242,68.7399978637695,10199300,50.7222671508789
"2019-10-22",68.7799987792969,69.7600021362305,68.6500015258789,69.0899963378906,9536000,50.9805297851562
"2019-10-23",68.9599990844727,69.7600021362305,68.7799987792969,69.75,8641800,51.4675254821777
"2019-10-24",69.9599990844727,70.0500030517578,69.0199966430664,69.0899963378906,9003600,50.9805297851562
"2019-10-25",68.9000015258789,69.4800033569336,68.9000015258789,69.25,7607200,51.0985946655273
"2019-10-28",69.4599990844727,69.6699981689453,68.5800018310547,68.6399993896484,11209600,50.6484870910645
"2019-10-29",68.4800033569336,69.0299987792969,68.2399978637695,68.4400024414062,13894400,50.500904083252
"2019-10-30",68.370002746582,68.370002746582,67.2699966430664,67.7200012207031,12840600,49.9696311950684
"2019-10-31",67.4599990844727,67.7200012207031,67.1399993896484,67.5699996948242,16169100,49.8589515686035
"2019-11-01",68.3899993896484,69.6100006103516,68.3099975585938,69.5999984741211,14108700,51.3568649291992
"2019-11-04",70.0699996948242,71.870002746582,69.9400024414062,71.6699981689453,15858200,52.8842811584473
"2019-11-05",72.0400009155273,73.120002746582,71.8499984741211,73.0899963378906,14930400,53.9320640563965
"2019-11-06",72.7300033569336,72.870002746582,71.1999969482422,71.4899978637695,13996500,52.7514572143555
"2019-11-07",72.0299987792969,73.0299987792969,72,73.0100021362305,13073800,53.8730506896973
"2019-11-08",71.6100006103516,71.8000030517578,70.6600036621094,70.7699966430664,12106000,52.8499412536621
"2019-11-11",70.2099990844727,70.6100006103516,69.9700012207031,70.3399963378906,8674000,52.5288314819336
"2019-11-12",70.2699966430664,70.4100036621094,68.9800033569336,69.370002746582,13918600,51.8044548034668
"2019-11-13",69.0199966430664,69.1500015258789,68.5999984741211,68.8000030517578,11773700,51.3787841796875
"2019-11-14",68.8600006103516,68.9700012207031,68.1800003051758,68.5,11279800,51.1547584533691
"2019-11-15",68.7099990844727,69.3000030517578,68.6699981689453,69.1900024414062,11252800,51.6700401306152
"2019-11-18",68.6999969482422,68.8199996948242,68.3000030517578,68.5199966430664,10095600,51.1696815490723
"2019-11-19",68.4000015258789,68.5599975585938,67.7799987792969,67.8199996948242,12605500,50.6469345092773
"2019-11-20",67.6699981689453,68.5400009155273,67.3199996948242,68.0299987792969,16930700,50.8037605285645
"2019-11-21",68.0199966430664,69.75,67.9199981689453,69.6699981689453,14080900,52.0284843444824
"2019-11-22",69.7099990844727,70.1800003051758,69.3300018310547,69.370002746582,12143600,51.8044548034668
"2019-11-25",69.370002746582,69.4400024414062,68.7099990844727,68.9100036621094,10670000,51.4609184265137
"2019-11-26",68.9199981689453,69.0400009155273,68.4400024414062,68.7399978637695,15457000,51.3339691162109
"2019-11-27",68.7600021362305,69.0899963378906,68.4100036621094,68.6999969482422,8393900,51.3041000366211
"2019-11-29",68.3300018310547,68.5299987792969,68,68.129997253418,7980800,50.8784294128418
"2019-12-02",68.5,68.879997253418,68.370002746582,68.4199981689453,11116900,51.0949935913086
"2019-12-03",68,68.25,67.5199966430664,67.879997253418,12245800,50.6917457580566
"2019-12-04",68.25,68.7600021362305,68.1399993896484,68.6500015258789,11049700,51.2667579650879
"2019-12-05",68.8899993896484,68.9700012207031,68.2099990844727,68.4100036621094,13109000,51.0875396728516
"2019-12-06",68.7600021362305,69.870002746582,68.7600021362305,69.5100021362305,13710800,51.9089965820312
"2019-12-09",69.0800018310547,69.9700012207031,69.0199966430664,69.6600036621094,12397700,52.0210266113281
"2019-12-10",69.6600036621094,70.1500015258789,68.6999969482422,69.0599975585938,14281800,51.5729370117188
"2019-12-11",68.7399978637695,69.7600021362305,68.6699981689453,68.9599990844727,13748400,51.4982681274414
"2019-12-12",68.9599990844727,70.379997253418,68.9000015258789,70.3399963378906,17068500,52.5288314819336
"2019-12-13",70.4800033569336,70.5400009155273,69.120002746582,69.2300033569336,12274500,51.6998977661133
"2019-12-16",69.6999969482422,70.25,69.6999969482422,70,15208700,52.2749252319336
"2019-12-17",69.9800033569336,70.379997253418,69.3099975585938,69.6800003051758,14450700,52.035961151123
"2019-12-18",69.629997253418,70.2900009155273,69.2799987792969,69.870002746582,13652300,52.1778411865234
"2019-12-19",69.9899978637695,70.0500030517578,69.2399978637695,69.3899993896484,13273200,51.8193855285645
"2019-12-20",69.8600006103516,70.2300033569336,69.3899993896484,69.9400024414062,35092000,52.2301254272461
"2019-12-23",69.8600006103516,70.3000030517578,69.5299987792969,70.2900009155273,14172500,52.4914932250977
"2019-12-24",70.3499984741211,70.5,69.9100036621094,70.0199966430664,3979400,52.2898712158203
"2019-12-26",70.1900024414062,70.5,70.0100021362305,70.129997253418,8840200,52.371997833252
"2019-12-27",70.1999969482422,70.3099975585938,69.879997253418,69.8899993896484,10516100,52.1927757263184
"2019-12-30",70.0899963378906,70.4400024414062,69.4000015258789,69.4800033569336,12689400,51.8865966796875
"2019-12-31",69.0199966430664,69.8000030517578,69.0100021362305,69.7799987792969,13151800,52.1106452941895
"2020-01-02",70.2399978637695,71.0199966430664,70.2399978637695,70.9000015258789,12456400,52.9470405578613
"2020-01-03",71.3399963378906,71.370002746582,70.1600036621094,70.3300018310547,17386900,52.5213737487793
"2020-01-06",70.3199996948242,71.3600006103516,70.2300033569336,70.870002746582,20081900,52.9246292114258
"2020-01-07",70.5,70.5199966430664,69.5100021362305,70.2900009155273,17387700,52.4914932250977
"2020-01-08",70.1100006103516,70.2900009155273,69.1699981689453,69.2300033569336,15137700,51.6998977661133
"2020-01-09",69.1399993896484,69.9000015258789,68.629997253418,69.7600021362305,14811800,52.0957069396973
"2020-01-10",69.9300003051758,69.9599990844727,69.120002746582,69.1399993896484,11995600,51.6326904296875
"2020-01-13",69.1999969482422,69.870002746582,69.1100006103516,69.8000030517578,9953900,52.1255760192871
"2020-01-14",69.379997253418,69.5800018310547,68.8899993896484,69.1999969482422,16261000,51.6774864196777
"2020-01-15",69.1999969482422,69.5899963378906,68.8899993896484,69.0899963378906,11390300,51.5953483581543
"2020-01-16",69.3000030517578,69.5800018310547,68.8000030517578,68.8199996948242,13340300,51.3937225341797
"2020-01-17",68.75,69.0800018310547,68.2900009155273,68.5599975585938,18144100,51.1995620727539
"2020-01-21",68.379997253418,68.4199981689453,67.5100021362305,67.5800018310547,17982600,50.467700958252
"2020-01-22",67.5599975585938,67.6999969482422,67,67.1900024414062,17033100,50.1764602661133
"2020-01-23",66.7099990844727,66.9300003051758,66.0500030517578,66.7699966430664,19605900,49.8628005981445
"2020-01-24",66.5400009155273,66.6800003051758,66.0400009155273,66.3199996948242,18238600,49.5267562866211
"2020-01-27",65.4199981689453,65.7300033569336,64.6999969482422,64.7399978637695,21231000,48.3468322753906
"2020-01-28",65.1100006103516,65.1999969482422,64.629997253418,64.6500015258789,19664700,48.2796287536621
"2020-01-29",65.0299987792969,65.129997253418,63.9000015258789,64.1100006103516,14202800,47.8763656616211
"2020-01-30",63.7799987792969,64.879997253418,63.4300003051758,64.7900009155273,18544700,48.3841781616211
"2020-01-31",63.2000007629395,63.2000007629395,61.8600006103516,62.1199989318848,34282900,46.3902626037598
"2020-02-03",61.3800010681152,61.4199981689453,60.3699989318848,60.7299995422363,27389300,45.3522300720215
"2020-02-04",61.4500007629395,61.9099998474121,59.8899993896484,59.9700012207031,31922100,44.7846832275391
"2020-02-05",60.75,62.9300003051758,60.5999984741211,62.7299995422363,32099200,46.8458023071289
"2020-02-06",62.9300003051758,63.0099983215332,61.7799987792969,61.8800010681152,16055400,46.2110366821289
"2020-02-07",61.4099998474121,61.6599998474121,61.060001373291,61.4700012207031,15112500,45.9048500061035
"2020-02-10",60.4799995422363,60.5200004577637,59.6199989318848,59.9599990844727,20934500,45.4200477600098
"2020-02-11",60.5800018310547,60.8899993896484,60.1699981689453,60.5299987792969,14908700,45.8518218994141
"2020-02-12",61.3400001525879,61.5299987792969,60.560001373291,61.2700004577637,17862100,46.4123725891113
"2020-02-13",61.060001373291,61.4199981689453,60.560001373291,60.9300003051758,16949400,46.1548309326172
"2020-02-14",61.1500015258789,61.1599998474121,60.2799987792969,60.6500015258789,10855300,45.9427223205566
"2020-02-18",60.1500015258789,60.3899993896484,59.4500007629395,59.8800010681152,18948500,45.3594436645508
"2020-02-19",60.1100006103516,60.6199989318848,59.8300018310547,60.3400001525879,12804900,45.7078857421875
"2020-02-20",60.2299995422363,60.5400009155273,59.7200012207031,59.8600006103516,14817200,45.3443031311035
"2020-02-21",59.5099983215332,59.5099983215332,58.7900009155273,59.1300010681152,20315700,44.7913208007812
"2020-02-24",57.6199989318848,57.7999992370605,56.3600006103516,56.3600006103516,32096600,42.6930389404297
"2020-02-25",56.75,56.75,53.9700012207031,54.2000007629395,36414500,41.0568161010742
"2020-02-26",54.5499992370605,54.8199996948242,52.9300003051758,53.0099983215332,29801000,40.155387878418
"2020-02-27",51.7099990844727,52.439998626709,49.7999992370605,49.8199996948242,48141300,37.7389373779297
"2020-02-28",48.7700004577637,51.439998626709,48.0099983215332,51.439998626709,62446700,38.9661026000977
"2020-03-02",52.5900001525879,53.8899993896484,51.1300010681152,53.8800010681152,38127600,40.8144187927246
"2020-03-03",53.9500007629395,54.1500015258789,50.9799995422363,51.2999992370605,50580700,38.8600425720215
"2020-03-04",52.2299995422363,52.4799995422363,51.1199989318848,52.4199981689453,24079600,39.7084617614746
"2020-03-05",50.4199981689453,50.7000007629395,49.0400009155273,50.1100006103516,40788200,37.9586143493652
"2020-03-06",48.8400001525879,49.0099983215332,47.2000007629395,47.689998626709,55640500,36.1254539489746
"2020-03-09",41.7099990844727,44.5699996948242,40.7999992370605,41.8600006103516,72896300,31.7091979980469
"2020-03-10",46.1699981689453,46.2599983215332,41.4500007629395,43.4099998474121,60445900,32.8833351135254
"2020-03-11",42.3899993896484,43.4799995422363,41.75,41.9799995422363,51986100,31.8000907897949
"2020-03-12",39.9000015258789,40.6500015258789,37,37.1800003051758,65725300,28.1640682220459
"2020-03-13",40.0099983215332,40.1399993896484,35,38.1199989318848,79891500,28.8761157989502
"2020-03-16",34.4000015258789,37.8800010681152,33.25,34.4900016784668,48924700,26.1263828277588
"2020-03-17",35.2099990844727,37.3800010681152,34.2000007629395,36.810001373291,41204400,27.8837947845459
"2020-03-18",34.5499992370605,36.7099990844727,31.2299995422363,33.1199989318848,54036400,25.0885925292969
"2020-03-19",33.7299995422363,34.9000015258789,32.3499984741211,34.4300003051758,49412400,26.0809230804443
"2020-03-20",34.8400001525879,35.1800003051758,31.5599994659424,32.7400016784668,76534600,24.8007411956787
"2020-03-23",32.5299987792969,32.7000007629395,30.1100006103516,31.4500007629395,56952500,23.8235569000244
"2020-03-24",34.4199981689453,36.1699981689453,33.3300018310547,35.439998626709,61835600,26.8460083007812
"2020-03-25",36.5099983215332,38.5900001525879,35.1800003051758,37.2900009155273,56607700,28.2473964691162
"2020-03-26",37.5,39.560001373291,36.7200012207031,38.8199996948242,46722000,29.406379699707
"2020-03-27",37.1300010681152,37.6800003051758,36.2000007629395,36.9500007629395,51558600,27.9898376464844
"2020-03-30",36.2299995422363,38.1500015258789,35.8600006103516,37.5,45835000,28.4064693450928
"2020-03-31",38.3400001525879,39.4500007629395,37.3699989318848,37.9700012207031,41491600,28.7624950408936
"2020-04-01",36.8600006103516,38.7000007629395,36.3400001525879,37.5299987792969,36045900,28.4291954040527
"2020-04-02",38.7400016784668,41.9599990844727,37.9000015258789,40.4000015258789,62000200,30.6032333374023
"2020-04-03",41.4500007629395,42.1800003051758,38.5200004577637,39.2099990844727,48425700,29.7018032073975
"2020-04-06",39.8800010681152,40.8300018310547,39.2299995422363,40.4700012207031,41301900,30.6562633514404
"2020-04-07",42.9000015258789,43.3199996948242,41.1599998474121,41.2400016784668,48921800,31.2395458221436
"2020-04-08",41.9500007629395,44.0400009155273,41.4700012207031,43.8499984741211,33355600,33.2166328430176
"2020-04-09",45.4599990844727,46.7099990844727,41.7400016784668,43.1300010681152,60107300,32.6712341308594
"2020-04-13",44.4500007629395,44.689998626709,41.9700012207031,42.7599983215332,29651900,32.3909454345703
"2020-04-14",43,43.75,41.9099998474121,42.4300003051758,30769000,32.140983581543
"2020-04-15",41,41.060001373291,39.3800010681152,40.4799995422363,33125000,30.6638355255127
"2020-04-16",40.4799995422363,40.4799995422363,38.9300003051758,39.1500015258789,30934000,29.6563549041748
"2020-04-17",39.8800010681152,43.3199996948242,39.8699989318848,43.2200012207031,40829100,32.7393989562988
"2020-04-20",40.75,42.7400016784668,40.5400009155273,41.1800003051758,39260800,31.1940898895264
"2020-04-21",40.4000015258789,42.1300010681152,39.6300010681152,40.9599990844727,44381600,31.0274410247803
"2020-04-22",42.5999984741211,42.9300003051758,41.8600006103516,42.1300010681152,27074200,31.9137287139893
"2020-04-23",43.1300010681152,44.6599998474121,42.810001373291,43.4500007629395,35271000,32.9136276245117
"2020-04-24",44.4000015258789,44.8899993896484,43.1300010681152,43.7299995422363,28653800,33.1257286071777
"2020-04-27",43.5900001525879,44.3199996948242,42.2299995422363,43.939998626709,28274400,33.2848091125488
"2020-04-28",44.3699989318848,45.3899993896484,44.1100006103516,44.9700012207031,26545100,34.0650367736816
"2020-04-29",46.2599983215332,47.5999984741211,46.1599998474121,47.4599990844727,29502500,35.9512252807617
"2020-04-30",47.6800003051758,47.6800003051758,45.7700004577637,46.4700012207031,37076300,35.2012939453125
"2020-05-01",45.6300010681152,46.3899993896484,43,43.1399993896484,35399300,32.6787986755371
"2020-05-04",42.5099983215332,44.939998626709,42.2200012207031,44.8800010681152,27465600,33.9968605041504
"2020-05-05",46.2599983215332,47.1500015258789,44.6599998474121,44.8300018310547,29276200,33.9589881896973
"2020-05-06",44.9300003051758,45.2700004577637,43.9000015258789,43.9900016784668,22659000,33.3226928710938
"2020-05-07",44.9599990844727,45.2700004577637,43.9700012207031,44.2400016784668,22160300,33.5120582580566
"2020-05-08",45.310001373291,46.2200012207031,44.9799995422363,46.1800003051758,19977400,34.9816246032715
"2020-05-11",46.1100006103516,46.2000007629395,45.5099983215332,45.7400016784668,22258000,34.6483154296875
"2020-05-12",45.4199981689453,45.6699981689453,44.1199989318848,44.1199989318848,25439100,34.0691719055176
"2020-05-13",43.7400016784668,43.8699989318848,41.5999984741211,41.9300003051758,30827900,32.3780708312988
"2020-05-14",41.0699996948242,42.5499992370605,40.2000007629395,42.2999992370605,24856500,32.6637802124023
"2020-05-15",42.3800010681152,43.0099983215332,41.8499984741211,42,22445600,32.4321327209473
"2020-05-18",44.4000015258789,45.5800018310547,44.060001373291,45.3400001525879,32026100,35.0112495422363
"2020-05-19",45.5499992370605,46.6300010681152,43.9300003051758,43.939998626709,21771600,33.9301795959473
"2020-05-20",44.6199989318848,45.5800018310547,44.5699996948242,45.3699989318848,19352400,35.0344123840332
"2020-05-21",45.439998626709,45.7900009155273,44.3899993896484,44.560001373291,19130700,34.408935546875
"2020-05-22",44.0499992370605,44.6699981689453,43.4500007629395,44.5999984741211,15406400,34.439826965332
"2020-05-26",45.7400016784668,46.2999992370605,45.4700012207031,45.9099998474121,20356500,35.4513969421387
"2020-05-27",46.6599998474121,47.1399993896484,45.4099998474121,46.2400016784668,20788300,35.706226348877
"2020-05-28",46.4300003051758,46.4599990844727,44.9300003051758,45.0400009155273,19698000,34.7795867919922
"2020-05-29",44.8199996948242,45.689998626709,44.3699989318848,45.4700012207031,25874700,35.1116333007812
"2020-06-01",45.3199996948242,46.4500007629395,44.7999992370605,46.2799987792969,19031000,35.7371139526367
"2020-06-02",46.8600006103516,47.4500007629395,46.75,47.310001373291,22319000,36.5324668884277
"2020-06-03",48,49.4000015258789,47.9500007629395,49.2400016784668,23418000,38.0228004455566
"2020-06-04",48.8800010681152,49.1500015258789,48.1599998474121,49.0999984741211,18731400,37.9146842956543
"2020-06-05",51.6500015258789,53.4500007629395,51.5999984741211,53.0800018310547,41328900,40.9880256652832
"2020-06-08",54.7200012207031,55.3600006103516,53.4599990844727,54.7400016784668,33579400,42.2698669433594
"2020-06-09",52.8800010681152,53.9700012207031,52.4500007629395,53.5200004577637,27276900,41.3277969360352
"2020-06-10",53.5,53.5,50.5999984741211,50.6500015258789,31156800,39.1115913391113
"2020-06-11",47.5299987792969,48.8400001525879,46.0999984741211,46.1800003051758,39183000,35.6598968505859
"2020-06-12",48.0400009155273,48.6199989318848,45.9099998474121,47.1699981689453,30978100,36.4243659973145
"2020-06-15",45.3499984741211,47.7599983215332,44.75,47.1399993896484,27929300,36.4011917114258
"2020-06-16",49.5699996948242,49.75,47.2400016784668,48.2000007629395,26203400,37.2197113037109
"2020-06-17",48,48.1300010681152,46.5999984741211,46.6300010681152,19279400,36.0073852539062
"2020-06-18",46.1100006103516,47.3300018310547,45.7700004577637,46.9199981689453,21478700,36.231315612793
"2020-06-19",48.2200012207031,48.2599983215332,45.9799995422363,45.9799995422363,48899900,35.5054550170898
"2020-06-22",45.689998626709,46.439998626709,45.4000015258789,46.4199981689453,17565400,35.8452110290527
"2020-06-23",46.9000015258789,47.2200012207031,46.5,46.7000007629395,18916600,36.0614318847656
"2020-06-24",45.9099998474121,45.9599990844727,44.25,44.5,27626900,34.3626022338867
"2020-06-25",44.0499992370605,45.2400016784668,43.689998626709,45.1699981689453,19353600,34.8799667358398
"2020-06-26",44.8800010681152,44.939998626709,43.5,43.6199989318848,31518600,33.6830673217773
"2020-06-29",43.810001373291,44.5800018310547,43.5400009155273,44.3199996948242,17052100,34.2236061096191
"2020-06-30",43.4300003051758,44.9700012207031,43.1599998474121,44.7200012207031,22153600,34.5324897766113
"2020-07-01",44.4900016784668,45.3800010681152,43.6699981689453,43.7099990844727,17290100,33.7525787353516
"2020-07-02",44.6199989318848,45.189998626709,43.9300003051758,44.0800018310547,18216600,34.0382843017578
"2020-07-06",44.6699981689453,45.0800018310547,43.8400001525879,44.3899993896484,22692000,34.2776565551758
"2020-07-07",43.9000015258789,44,43.1100006103516,43.2400016784668,17407600,33.3896446228027
"2020-07-08",43.1500015258789,43.9300003051758,42.8400001525879,43.1399993896484,18291400,33.3124198913574
"2020-07-09",42.9000015258789,43.0999984741211,41.2900009155273,41.3600006103516,25882000,31.937915802002
"2020-07-10",41.1199989318848,42.7099990844727,41.0999984741211,42.6500015258789,18951000,32.9340515136719
"2020-07-13",42.9799995422363,43.2900009155273,42.2299995422363,42.6599998474121,20028300,32.9417686462402
"2020-07-14",42.5299987792969,44.189998626709,42.2599983215332,44.0699996948242,21444100,34.0305557250977
"2020-07-15",45.0299987792969,45.0900001525879,44.2099990844727,44.6300010681152,17332400,34.4629936218262
"2020-07-16",44.310001373291,44.810001373291,43.7900009155273,44.2799987792969,14673700,34.1927108764648
"2020-07-17",44.3300018310547,44.689998626709,43.3899993896484,43.5200004577637,17958900,33.6058540344238
"2020-07-20",43.2099990844727,43.5099983215332,42.4799995422363,42.5,18553900,32.8182182312012
"2020-07-21",43.1500015258789,45.189998626709,43.1100006103516,44.6500015258789,28821800,34.4784317016602
"2020-07-22",44.1500015258789,44.1500015258789,43.3699989318848,43.6100006103516,21345400,33.675350189209
"2020-07-23",43.4000015258789,43.8199996948242,43.0200004577637,43.7000007629395,17934400,33.7448501586914
"2020-07-24",43.8800010681152,44.4199981689453,43.189998626709,43.4300003051758,16415300,33.5363655090332
"2020-07-27",43.2299995422363,44.0900001525879,42.9700012207031,44.0699996948242,18547900,34.0305557250977
"2020-07-28",43.9099998474121,44.25,43.4599990844727,43.5499992370605,19190500,33.6290130615234
"2020-07-29",43.7099990844727,44.0900001525879,43.3400001525879,44.0299987792969,14143200,33.9996757507324
"2020-07-30",43.1300010681152,43.1800003051758,41.8300018310547,41.8699989318848,29901100,32.3317413330078
"2020-07-31",41.1599998474121,42.1699981689453,40.9099998474121,42.0800018310547,32116200,32.493896484375
"2020-08-03",42.0499992370605,42.5,41.4700012207031,42.25,23033600,32.625171661377
"2020-08-04",42.3400001525879,43.5999984741211,42.2400016784668,43.4700012207031,17724000,33.5672492980957
"2020-08-05",44.1500015258789,44.310001373291,43.5299987792969,43.8499984741211,17175100,33.8606796264648
"2020-08-06",43.4000015258789,43.9000015258789,43.25,43.6399993896484,14434900,33.6985244750977
"2020-08-07",43.2299995422363,43.5200004577637,42.810001373291,43.439998626709,18757900,33.5440826416016
"2020-08-10",43.9900016784668,44.5999984741211,43.5999984741211,44.5099983215332,24367800,34.3703269958496
"2020-08-11",45.5,46.4199981689453,44.7299995422363,44.9700012207031,28987500,34.7255325317383
"2020-08-12",44.4599990844727,44.939998626709,43.6300010681152,44.0900001525879,22503200,34.7176628112793
"2020-08-13",43.5,43.8699989318848,42.9199981689453,43.0099983215332,17338700,33.8672409057617
"2020-08-14",42.5999984741211,43.2799987792969,42.4099998474121,43.2000007629395,13595700,34.0168533325195
"2020-08-17",43.1699981689453,43.1699981689453,42.4700012207031,42.6399993896484,15554600,33.5758895874023
"2020-08-18",42.5900001525879,43.189998626709,42.2900009155273,42.4300003051758,13014000,33.4105339050293
"2020-08-19",42.3499984741211,42.6599998474121,41.8699989318848,41.9599990844727,14473100,33.0404319763184
"2020-08-20",41.689998626709,41.8899993896484,41.2999992370605,41.3199996948242,15678500,32.5364952087402
"2020-08-21",41.2999992370605,41.3400001525879,40.7099990844727,41.0099983215332,25517700,32.2923927307129
"2020-08-24",41.2799987792969,42.5099983215332,41.0900001525879,42.2200012207031,18208900,33.2451782226562
"2020-08-25",41.6599998474121,42.0699996948242,40.7000007629395,40.8800010681152,31285600,32.1900177001953
"2020-08-26",40.6399993896484,40.8400001525879,40,40.0099983215332,26795000,31.5049629211426
"2020-08-27",40,40.2999992370605,39.310001373291,39.7400016784668,32034300,31.2923526763916
"2020-08-28",39.8400001525879,40.9199981689453,39.7599983215332,40.689998626709,33477100,32.0404090881348
"2020-08-31",40.6399993896484,40.7200012207031,39.9000015258789,39.939998626709,25259600,31.449836730957
"2020-09-01",39.75,39.75,39.0499992370605,39.4300003051758,22464100,31.048246383667
"2020-09-02",39.2299995422363,39.7200012207031,38.9500007629395,39.189998626709,26413400,30.8592720031738
"2020-09-03",39.2000007629395,40.0299987792969,38.8800010681152,39.1100006103516,28817200,30.7962684631348
"2020-09-04",39.4599990844727,39.7900009155273,38.6500015258789,39.0800018310547,24632500,30.7726593017578
"2020-09-08",38.25,38.6800003051758,37.3499984741211,38.1800003051758,38496400,30.0639629364014
"2020-09-09",38.3499984741211,38.8400001525879,37.9199981689453,37.9500007629395,25886100,29.8828620910645
"2020-09-10",38.2700004577637,38.3699989318848,36.9000015258789,37,34381200,29.1348056793213
"2020-09-11",37.1300010681152,37.310001373291,36.4900016784668,36.9000015258789,26838600,29.056058883667
"2020-09-14",36.9099998474121,37.0099983215332,36.4900016784668,36.6599998474121,26129900,28.8670825958252
"2020-09-15",36.7999992370605,37.3800010681152,36.2099990844727,36.2700004577637,23724200,28.5599803924561
"2020-09-16",36.4599990844727,38.1500015258789,36.2700004577637,37.810001373291,30890900,29.7726287841797
"2020-09-17",37.3499984741211,37.9799995422363,36.9700012207031,37.7999992370605,24696200,29.7647457122803
"2020-09-18",37.5299987792969,37.8199996948242,36.7000007629395,37.189998626709,46853800,29.2844142913818
"2020-09-21",36.4300003051758,36.7099990844727,35.6800003051758,36.4300003051758,35351800,28.6859760284424
"2020-09-22",36.4599990844727,36.8400001525879,35.4700012207031,35.5299987792969,27303200,27.9772834777832
"2020-09-23",35.6500015258789,35.7900009155273,34.3499984741211,34.3899993896484,31251400,27.0796184539795
"2020-09-24",34.4000015258789,34.8199996948242,33.7599983215332,34.3199996948242,26796000,27.0244998931885
"2020-09-25",34,34.939998626709,33.8800010681152,34.6399993896484,23486000,27.2764797210693
"2020-09-28",35.1399993896484,35.9000015258789,35.0999984741211,35.310001373291,23396500,27.8040561676025
"2020-09-29",35,35.1100006103516,33.9900016784668,34.2799987792969,20770500,26.9929981231689
"2020-09-30",34.6399993896484,34.9199981689453,34.1300010681152,34.3300018310547,22223700,27.0323734283447
"2020-10-01",33.7900009155273,34.0999984741211,32.939998626709,33.1300010681152,36890200,26.0874633789062
"2020-10-02",32.25,33.3499984741211,32.2099990844727,32.9799995422363,32694300,25.9693508148193
"2020-10-05",33.3199996948242,33.75,33.1699981689453,33.7400016784668,22965200,26.5677928924561
"2020-10-06",34.1199989318848,34.4199981689453,33.310001373291,33.3899993896484,26731800,26.2921962738037
"2020-10-07",33.6399993896484,33.7400016784668,33.2099990844727,33.5,23779300,26.3788051605225
"2020-10-08",33.8800010681152,35.3400001525879,33.7599983215332,35.2599983215332,34413700,27.7646770477295
"2020-10-09",35.6800003051758,35.9500007629395,34.6500015258789,34.7400016784668,29228600,27.3552169799805
"2020-10-12",34.5400009155273,34.7299995422363,34.2299995422363,34.6300010681152,17912800,27.2685985565186
"2020-10-13",34.7299995422363,34.8699989318848,34.0999984741211,34.2200012207031,20995100,26.9457550048828
"2020-10-14",34.060001373291,34.8300018310547,34.0299987792969,34.1500015258789,17743000,26.8906364440918
"2020-10-15",33.7000007629395,34.4599990844727,33.2700004577637,34.4500007629395,23251600,27.1268634796143
"2020-10-16",34.3699989318848,34.6399993896484,33.8800010681152,34.0999984741211,22627200,26.8512592315674
"2020-10-19",34.0999984741211,34.3699989318848,33.3899993896484,33.4199981689453,23645800,26.3158168792725
"2020-10-20",33.6599998474121,33.9300003051758,33.3300018310547,33.7000007629395,23040600,26.5362930297852
"2020-10-21",33.5099983215332,33.6199989318848,33.1399993896484,33.1599998474121,28619300,26.1110858917236
"2020-10-22",33.1800003051758,34.9599990844727,33.0200004577637,34.8600006103516,31831500,27.44970703125
"2020-10-23",34.9700012207031,35.0800018310547,33.8600006103516,34.1599998474121,27429100,26.898509979248
"2020-10-26",33.6100006103516,33.7700004577637,32.9500007629395,33.3499984741211,30888700,26.2606945037842
"2020-10-27",33.1500015258789,33.2000007629395,32.7000007629395,32.8199996948242,27100700,25.8433589935303
"2020-10-28",32.0999984741211,32.3800010681152,31.5200004577637,31.5699996948242,42136400,24.8590698242188
"2020-10-29",31.4099998474121,33.1300010681152,31.1100006103516,32.9700012207031,38622800,25.9614753723145
"2020-10-30",32.4099998474121,33.1399993896484,32.0099983215332,32.6199989318848,47885700,25.6858749389648
"2020-11-02",33.1399993896484,34.4599990844727,32.5699996948242,33.9900016784668,40130300,26.7646503448486
"2020-11-03",34.4900016784668,34.4900016784668,33.1300010681152,33.4099998474121,36773000,26.3079376220703
"2020-11-04",33.2700004577637,34.1399993896484,32.5299987792969,33.2299995422363,35410100,26.1662044525146
"2020-11-05",33.3699989318848,33.9199981689453,33.1399993896484,33.1699981689453,30824100,26.1189556121826
"2020-11-06",33.0999984741211,33.6599998474121,32.6199989318848,32.7799987792969,33985600,25.8118629455566
"2020-11-09",36.4199981689453,38.0099983215332,36.060001373291,36.9300003051758,76879400,29.0796871185303
"2020-11-10",37.0499992370605,37.4300003051758,35.9799995422363,36.8600006103516,49055400,29.7248191833496
"2020-11-11",37.0900001525879,37.1199989318848,36.189998626709,36.4799995422363,34124500,29.4183769226074
"2020-11-12",35.8600006103516,36.2900009155273,34.8699989318848,35.2299995422363,30933700,28.4103450775146
"2020-11-13",35.4000015258789,36.25,35.3800010681152,36.0800018310547,29241500,29.0958137512207
"2020-11-16",37.5900001525879,38.1699981689453,37.0999984741211,38.1599998474121,38596800,30.77317237854
"2020-11-17",37.810001373291,38.7099990844727,37.3800010681152,38.6699981689453,26521100,31.1844482421875
"2020-11-18",39.0200004577637,39.1300010681152,37.2000007629395,37.2099990844727,31068000,30.0070762634277
"2020-11-19",36.8600006103516,37.5,36.560001373291,37.4000015258789,26954400,30.1602916717529
"2020-11-20",37.3499984741211,37.4099998474121,36.7799987792969,36.939998626709,18351000,29.7893371582031
"2020-11-23",37.5,39.4300003051758,37.2799987792969,39.3600006103516,29367600,31.7408924102783
"2020-11-24",40.5099983215332,42.0800018310547,40.2200012207031,41.9799995422363,46979300,33.8537254333496
"2020-11-25",41.6699981689453,41.7099990844727,40.6500015258789,40.810001373291,28178200,32.9101982116699
"2020-11-27",40.7000007629395,40.939998626709,39.8699989318848,40.189998626709,14971900,32.4102210998535
"2020-11-30",39.7999992370605,39.8800010681152,37.9700012207031,38.1300010681152,45614300,30.748987197876
"2020-12-01",38.9599990844727,39.6500015258789,38.4700012207031,38.5,32472900,31.0473594665527
"2020-12-02",38.3899993896484,40.4199981689453,38.3400001525879,39.939998626709,29369500,32.2086219787598
"2020-12-03",40.0699996948242,40.6399993896484,39.7299995422363,40.2099990844727,27038900,32.4263381958008
"2020-12-04",40.7700004577637,41.7599983215332,40.6500015258789,41.6800003051758,28723600,33.6117820739746
"2020-12-07",41.4199981689453,41.5400009155273,40.6699981689453,40.9000015258789,24899400,32.9827880859375
"2020-12-08",40.5299987792969,42.5900001525879,40.439998626709,42.2400016784668,32573800,34.0633926391602
"2020-12-09",42.7099990844727,43.7299995422363,42.3800010681152,42.7999992370605,37824800,34.5149803161621
"2020-12-10",43.2000007629395,44.4700012207031,42.7599983215332,44.0099983215332,38058700,35.4907608032227
"2020-12-11",43.7000007629395,43.9300003051758,43.2099990844727,43.7999992370605,25478800,35.3214149475098
"2020-12-14",44.3400001525879,44.4599990844727,42.1800003051758,42.2200012207031,30595000,34.0472564697266
"2020-12-15",42.439998626709,43.2200012207031,42.060001373291,43.0400009155273,27138400,34.7085266113281
"2020-12-16",43.75,44.1100006103516,42.9599990844727,43.7000007629395,34273000,35.2407646179199
"2020-12-17",44,44.0400009155273,43.4000015258789,43.4799995422363,21204600,35.0633506774902
"2020-12-18",43.2700004577637,43.7799987792969,42.4199981689453,42.7299995422363,46596800,34.4585304260254
"2020-12-21",41.1100006103516,42.0800018310547,40.5299987792969,41.9500007629395,27869500,33.8295364379883
"2020-12-22",41.5800018310547,41.9000015258789,41.2299995422363,41.2400016784668,21792900,33.2569618225098
"2020-12-23",41.5099983215332,42.3899993896484,41.4599990844727,41.7700004577637,19085900,33.6843681335449
"2020-12-24",41.6500015258789,41.8499984741211,41.3800010681152,41.5999984741211,8039000,33.5472831726074
"2020-12-28",41.689998626709,42.5499992370605,41.5200004577637,41.7400016784668,23877500,33.6601791381836
"2020-12-29",42.0400009155273,42.1199989318848,41.2000007629395,41.2700004577637,20287700,33.2811584472656
"2020-12-30",41.3300018310547,42.4199981689453,41.2700004577637,41.5999984741211,23807300,33.5472831726074
"2020-12-31",41.4700012207031,41.6800003051758,40.9700012207031,41.2200012207031,22786500,33.240837097168
"2021-01-04",41.4500007629395,42.25,41,41.5,27764700,33.4666366577148
"2021-01-05",41.8400001525879,44.7999992370605,41.8300018310547,43.5,44035100,35.0794792175293
"2021-01-06",44.4099998474121,45.0999984741211,43.7000007629395,44.6100006103516,36484800,35.9746131896973
"2021-01-07",45,45.5699996948242,44.5299987792969,44.9599990844727,29528100,36.2568664550781
"2021-01-08",45.2000007629395,45.8199996948242,44.9500007629395,45.4599990844727,28628200,36.6600761413574
"2021-01-11",45.0400009155273,47.1399993896484,44.75,46.8400001525879,38246200,37.7729415893555
"2021-01-12",47.4599990844727,48.1699981689453,46.9099998474121,47.8800010681152,36915100,38.611629486084
"2021-01-13",48.5299987792969,48.7099990844727,47.689998626709,48.4199981689453,29000300,39.0470962524414
"2021-01-14",48.5,51.0800018310547,48.5,50.310001373291,35474800,40.5712432861328
"2021-01-15",48.9099998474121,49.0800018310547,47.2900009155273,47.8899993896484,42411300,38.6196899414062
"2021-01-19",48.4500007629395,49.439998626709,48.3499984741211,48.8400001525879,24932600,39.3857955932617
"2021-01-20",49.1100006103516,49.7400016784668,48.9900016784668,49.5299987792969,22342400,39.9422225952148
"2021-01-21",49.3300018310547,49.3899993896484,47.6800003051758,48.1100006103516,29044500,38.7971038818359
"2021-01-22",47.0099983215332,47.6399993896484,46.6399993896484,47.4300003051758,23264800,38.2487335205078
"2021-01-25",46.9000015258789,47.0499992370605,46.1599998474121,46.9000015258789,26395800,37.8213348388672
"2021-01-26",47.2599983215332,47.8600006103516,45.8499984741211,45.8699989318848,23976800,36.9907073974609
"2021-01-27",45,46.6599998474121,44.5299987792969,45.3499984741211,32410300,36.5713691711426
"2021-01-28",45.939998626709,46.5900001525879,45.689998626709,46.060001373291,24967200,37.1439323425293
"2021-01-29",45.5499992370605,46.0400009155273,44.5099983215332,44.8400001525879,38961100,36.160099029541
"2021-02-01",45.5800018310547,45.5800018310547,44.2900009155273,44.9199981689453,24412400,36.2246055603027
"2021-02-02",45.810001373291,46.9900016784668,45.2799987792969,45.6300010681152,31940400,36.7971725463867
"2021-02-03",45.6300010681152,47.6699981689453,45.4199981689453,47.4199981689453,28459300,38.2406692504883
"2021-02-04",47.8800010681152,48.3800010681152,47.25,48.3300018310547,25280300,38.9745178222656
"2021-02-05",49.1800003051758,50.1199989318848,49.0400009155273,49.9500007629395,34980100,40.2809295654297
"2021-02-08",50.9199981689453,52.3600006103516,50.7099990844727,52.0999984741211,36998700,42.0147438049316
"2021-02-09",50.6699981689453,50.9599990844727,49.7700004577637,50.6300010681152,28977000,41.5226707458496
"2021-02-10",50.6300010681152,51.4199981689453,50.3899993896484,51.1199989318848,25723800,41.9245262145996
"2021-02-11",50.8899993896484,50.9300003051758,48.7799987792969,49.8400001525879,26972200,40.8747749328613
"2021-02-12",49.4300003051758,50.7099990844727,49.4099998474121,50.5200004577637,19756700,41.4324531555176
"2021-02-16",51.9599990844727,52.5299987792969,51.6199989318848,52.0400009155273,28060100,42.6790428161621
"2021-02-17",52.3499984741211,53.2700004577637,51.7999992370605,52.8499984741211,25509700,43.3433380126953
"2021-02-18",52.810001373291,52.939998626709,51.8600006103516,52.0200004577637,20627600,42.6626319885254
"2021-02-19",52.1100006103516,52.560001373291,51.9199981689453,52.3699989318848,22607200,42.9496765136719
"2021-02-22",52.5900001525879,54.810001373291,52.5900001525879,54.2999992370605,36435100,44.5325126647949
"2021-02-23",54.9799995422363,55.2599983215332,53.7400016784668,55.0499992370605,33527900,45.1476020812988
"2021-02-24",55.189998626709,57,54.8699989318848,56.7000007629395,28728600,46.5007858276367
"2021-02-25",56.9799995422363,57.25,55.3499984741211,55.7599983215332,29670900,45.7298812866211
"2021-02-26",54.4099998474121,55.060001373291,53.1199989318848,54.3699989318848,35291000,44.589916229248
"2021-03-01",56.4700012207031,57.6100006103516,56.1300010681152,56.4000015258789,36998300,46.2547607421875
"2021-03-02",56.6500015258789,56.9599990844727,56.0200004577637,56.0699996948242,30302600,45.9841194152832
"2021-03-03",56.4199981689453,57.9599990844727,55.8800010681152,56.5200004577637,35358900,46.3531723022461
"2021-03-04",57.1199989318848,59.4700012207031,57.0999984741211,58.7099990844727,52137500,48.1492385864258
"2021-03-05",59.8300018310547,61.0499992370605,59.1100006103516,60.9300003051758,51429800,49.969898223877
"2021-03-08",61.5800018310547,61.6100006103516,59.8199996948242,60.8699989318848,38154600,49.9206924438477
"2021-03-09",60.6100006103516,61.3899993896484,59.4700012207031,59.9300003051758,35645900,49.1497764587402
"2021-03-10",60.5200004577637,61.9199981689453,60.0299987792969,61.7700004577637,31579100,50.6588020324707
"2021-03-11",61.7799987792969,62.5499992370605,61.2599983215332,61.310001373291,24802600,50.2815399169922
"2021-03-12",61.5499992370605,62.3699989318848,61.5,61.9700012207031,20422700,50.8228225708008
"2021-03-15",61.4900016784668,61.8600006103516,59.8699989318848,60.3899993896484,31243600,49.527027130127
"2021-03-16",59.5400009155273,59.6599998474121,58.439998626709,59.1100006103516,30624800,48.4772872924805
"2021-03-17",58.689998626709,59.7299995422363,58.6199989318848,59.3699989318848,25575500,48.6905174255371
"2021-03-18",58.810001373291,58.9700012207031,56.5200004577637,56.810001373291,38622800,46.5910110473633
"2021-03-19",56.7099990844727,57.4700012207031,55.810001373291,56.4900016784668,84439400,46.3285751342773
"2021-03-22",56.5,56.8600006103516,55.9000015258789,55.9099998474121,29315100,45.8529052734375
"2021-03-23",54.939998626709,56.2900009155273,54.4500007629395,55.2200012207031,33493300,45.2870178222656
"2021-03-24",56.0800018310547,57.2799987792969,56.0800018310547,56.3400001525879,29781800,46.2055511474609
"2021-03-25",55.2099990844727,56.5,54.5,56.1800003051758,31495900,46.0743370056152
"2021-03-26",57.2999992370605,57.7799987792969,56.5200004577637,57.7099990844727,34226500,47.3291206359863
"2021-03-29",57.3400001525879,57.8199996948242,56.7400016784668,57.4000015258789,21144400,47.0748863220215
"2021-03-30",56.8600006103516,57.3600006103516,56.4900016784668,56.689998626709,20303400,46.4925956726074
"2021-03-31",56.3499984741211,56.6300010681152,55.7999992370605,55.8300018310547,23686500,45.787296295166
"2021-04-01",56.3199996948242,57.4500007629395,56.1399993896484,57.3899993896484,23194500,47.0666732788086
"2021-04-05",57.2999992370605,57.3199996948242,56.1399993896484,56.5,23264800,46.3367729187012
"2021-04-06",56.8400001525879,57.5400009155273,56.2599983215332,56.3400001525879,18926300,46.2055511474609
"2021-04-07",56.3899993896484,56.7700004577637,56.2400016784668,56.5900001525879,22385000,46.4105834960938
"2021-04-08",55.9300003051758,56.0800018310547,55.3199996948242,56,21999300,45.9267120361328
"2021-04-09",56,56.439998626709,55.5299987792969,55.8699989318848,20020700,45.8200988769531
"2021-04-12",56.7599983215332,56.7900009155273,55.310001373291,55.5,20238800,45.5166549682617
"2021-04-13",55.2999992370605,55.9799995422363,55.0900001525879,55.7099990844727,19370600,45.6888732910156
"2021-04-14",56.4099998474121,58.0099983215332,56.25,57.3199996948242,28051100,47.0092735290527
"2021-04-15",57.4199981689453,57.4199981689453,56.7799987792969,56.9799995422363,23250300,46.7304229736328
"2021-04-16",57.3600006103516,57.6800003051758,56.439998626709,56.6599998474121,22752000,46.4679985046387
"2021-04-19",56.75,57.1399993896484,55.9599990844727,56.4799995422363,21123300,46.3203659057617
"2021-04-20",56.4700012207031,56.4700012207031,54.7799987792969,55.2900009155273,21782100,45.344425201416
"2021-04-21",54.5,56.1300010681152,54.2999992370605,56,16625600,45.9267120361328
"2021-04-22",55.9900016784668,55.9900016784668,55.0200004577637,55.2700004577637,21600100,45.3280258178711
"2021-04-23",55.2700004577637,55.939998626709,55.1800003051758,55.5699996948242,15337900,45.5740623474121
"2021-04-26",55.4700012207031,56.2900009155273,55.439998626709,55.6800003051758,16083800,45.6642723083496
"2021-04-27",56.0099983215332,56.6300010681152,55.810001373291,56.4099998474121,19278600,46.2629623413086
"2021-04-28",56.9099998474121,58.4599990844727,56.7900009155273,58.1100006103516,24729800,47.657169342041
"2021-04-29",58.9199981689453,59.4799995422363,58.1500015258789,58.939998626709,27318400,48.3378639221191
"2021-04-30",58.3300018310547,58.8899993896484,57.1599998474121,57.2400016784668,30518400,46.9436645507812
"2021-05-03",57.9799995422363,58.9900016784668,57.7400016784668,58.8199996948242,20509600,48.2394485473633
"2021-05-04",59,59.5,58.5099983215332,59.189998626709,23522200,48.542896270752
"2021-05-05",59.7700004577637,61.0499992370605,59.4000015258789,60.9700012207031,31526200,50.0027122497559
"2021-05-06",60.8600006103516,61.6399993896484,60.0299987792969,61.5499992370605,26836800,50.4783744812012
"2021-05-07",61.0699996948242,62.4700012207031,60.8499984741211,62.4300003051758,33610600,51.200080871582
"2021-05-10",63.2400016784668,64.0199966430664,62.5299987792969,62.5800018310547,31956600,51.323112487793
"2021-05-11",61.6300010681152,62.3899993896484,60.3899993896484,60.5900001525879,34563800,49.6910667419434
"2021-05-12",60.0099983215332,61.6800003051758,59.75,60.0400009155273,34426500,49.9573249816895
"2021-05-13",59,60.4500007629395,58.75,59.2999992370605,24268200,49.3415946960449
"2021-05-14",59.9300003051758,60.8800010681152,59.9300003051758,60.7700004577637,20735400,50.5647354125977
"2021-05-17",60.5400009155273,62.25,60.4300003051758,62.189998626709,25282500,51.7462615966797
"2021-05-18",62,62.2999992370605,60.4000015258789,60.4300003051758,25170800,50.2818336486816
"2021-05-19",59.0999984741211,59.8600006103516,58.4199981689453,58.9799995422363,28889800,49.075325012207
"2021-05-20",58.9500007629395,59.1500015258789,58.2400016784668,58.8400001525879,20692500,48.9588432312012
"2021-05-21",59.4199981689453,59.8300018310547,58.8499984741211,58.9199981689453,20792700,49.0254058837891
"2021-05-24",59.0800018310547,59.7999992370605,58.689998626709,59.6100006103516,18400300,49.5995330810547
"2021-05-25",59.5,59.5400009155273,58.1199989318848,58.2599983215332,25616100,48.4762382507324
"2021-05-26",58.25,59.1199989318848,57.9000015258789,58.939998626709,21698700,49.042049407959
"2021-05-27",59.2299995422363,59.7000007629395,58.0200004577637,58.560001373291,33556000,48.7258682250977
"2021-05-28",58.7299995422363,58.7999992370605,58.1100006103516,58.3699989318848,19246800,48.5677757263184
"2021-06-01",59.4500007629395,60.7000007629395,59.4500007629395,60.4599990844727,28474200,50.3067893981934
"2021-06-02",60.75,61.310001373291,60.1699981689453,60.939998626709,22978300,50.7061729431152
"2021-06-03",60.5499992370605,61.4099998474121,60.3499984741211,61.1800003051758,20272800,50.905876159668
"2021-06-04",61.4599990844727,61.7000007629395,60.7799987792969,61.4500007629395,20427800,51.1305351257324
"2021-06-07",61.3300018310547,61.7299995422363,61.0200004577637,61.0499992370605,15477900,50.7977104187012
"2021-06-08",61.5,62.4799995422363,60.6699981689453,62.1300010681152,28953400,51.6963500976562
"2021-06-09",62.6699981689453,63.4199981689453,62.189998626709,62.6500015258789,29133000,52.1290245056152
"2021-06-10",63.6100006103516,63.9799995422363,62.25,62.75,27488700,52.2122268676758
"2021-06-11",63.0099983215332,63.189998626709,62.1399993896484,62.1699981689453,17631700,51.729621887207
"2021-06-14",62.2999992370605,62.7799987792969,61.5699996948242,62.0699996948242,16997200,51.6464233398438
"2021-06-15",62.4799995422363,64.4000015258789,62.3499984741211,64.3300018310547,30717100,53.5268974304199
"2021-06-16",64.3199996948242,64.8000030517578,63.560001373291,64.0999984741211,24803200,53.3355178833008
"2021-06-17",63.8600006103516,64.4599990844727,61.2700004577637,61.9900016784668,28491800,51.5798568725586
"2021-06-18",61,61.5499992370605,60.2400016784668,60.4000015258789,39590700,50.2568740844727
"2021-06-21",60.9300003051758,62.7000007629395,60.9000015258789,62.5900001525879,33145400,52.0790939331055
"2021-06-22",62.8499984741211,64.0100021362305,62.2299995422363,63.7900009155273,25140400,53.077579498291
"2021-06-23",64.0500030517578,64.6999969482422,63.5800018310547,64.2600021362305,20701600,53.4686470031738
"2021-06-24",64.1500015258789,64.5599975585938,63.810001373291,64.5199966430664,19568400,53.684986114502
"2021-06-25",64.6100006103516,64.9300003051758,64.3600006103516,64.6600036621094,18438300,53.8014793395996
"2021-06-28",64.5599975585938,64.5599975585938,62.75,63.0099983215332,20570000,52.4285583496094
"2021-06-29",63.2099990844727,63.7700004577637,62.5900001525879,62.6199989318848,19579300,52.1040649414062
"2021-06-30",62.7000007629395,63.2299995422363,62.4500007629395,63.0800018310547,17875500,52.4868125915527
"2021-07-01",64.3300018310547,64.4199981689453,62.7700004577637,63.2599983215332,22530300,52.6365776062012
"2021-07-02",63.0099983215332,63.3199996948242,62.4199981689453,63.1699981689453,14555300,52.5616912841797
"2021-07-06",62.75,62.7599983215332,60.9000015258789,61.3699989318848,22110800,51.0639762878418
"2021-07-07",61.1800003051758,61.810001373291,59.6199989318848,60.4099998474121,21671400,50.2651901245117
"2021-07-08",59.4500007629395,60.7099990844727,59.310001373291,60.1399993896484,18935900,50.04052734375
"2021-07-09",60.7000007629395,61.4500007629395,60.2400016784668,61.2299995422363,20086000,50.9474792480469
"2021-07-12",60.4199981689453,61.5,60.1599998474121,61.1699981689453,21809400,50.8975639343262
"2021-07-13",61,61.5099983215332,60.5099983215332,60.8800010681152,17147300,50.6562576293945
"2021-07-14",61.1699981689453,61.7299995422363,59.3600006103516,59.5299987792969,21573600,49.5329704284668
"2021-07-15",59.1699981689453,59.7000007629395,58.7700004577637,58.9500007629395,15851100,49.0503692626953
"2021-07-16",59.1800003051758,59.2599983215332,57.1500015258789,57.3199996948242,27049500,47.6940956115723
"2021-07-19",55.6399993896484,56.2000007629395,54.5999984741211,55.3499984741211,37969100,46.0549240112305
"2021-07-20",55.5,56.5999984741211,55.0299987792969,55.9599990844727,26756100,46.5624923706055
"2021-07-21",56.8600006103516,58.2999992370605,56.8300018310547,57.7599983215332,20908700,48.0602035522461
"2021-07-22",57.7299995422363,57.7400016784668,56.6599998474121,57.1100006103516,13493800,47.5193710327148
"2021-07-23",57.2900009155273,57.2900009155273,56.4700012207031,57.0400009155273,14088200,47.4611282348633
"2021-07-26",57.1599998474121,58.6500015258789,57,58.4799995422363,18387600,48.6593017578125
"2021-07-27",58.0099983215332,58.0099983215332,57.2099990844727,57.8300018310547,16861400,48.1184463500977
"2021-07-28",58,58.6300010681152,57.6199989318848,58.2200012207031,16855300,48.4429664611816
"2021-07-29",59,59.3300018310547,58.560001373291,58.9300003051758,18607800,49.0337295532227
"2021-07-30",58.8800010681152,58.8800010681152,57.3199996948242,57.5699996948242,28652800,47.9021148681641
"2021-08-02",57.5499992370605,59.060001373291,57.4000015258789,57.5800018310547,20873800,47.9104385375977
"2021-08-03",57.5699996948242,58.4099998474121,56.9300003051758,58.2000007629395,18208200,48.4263229370117
"2021-08-04",57.189998626709,57.8800010681152,56.810001373291,56.8400001525879,20868300,47.2947082519531
"2021-08-05",57.1300010681152,57.7000007629395,56.8300018310547,57.2000007629395,15180200,47.5942497253418
"2021-08-06",57.6599998474121,58.0699996948242,57.5299987792969,57.8600006103516,14888500,48.1434173583984
"2021-08-09",57.1300010681152,57.5200004577637,56.8300018310547,57.2000007629395,17828200,47.5942497253418
"2021-08-10",57.4199981689453,58.3600006103516,57.2999992370605,58.1800003051758,16340200,48.4096832275391
"2021-08-11",58.189998626709,58.5,57.7200012207031,58.3499984741211,18278600,48.5511322021484
"2021-08-12",57.4000015258789,57.7900009155273,56.8699989318848,57.3499984741211,19225500,48.4413261413574
"2021-08-13",57.0299987792969,57.0699996948242,56.2999992370605,56.7700004577637,20063000,47.951416015625
"2021-08-16",56.0200004577637,56.0900001525879,55.2700004577637,55.939998626709,16959500,47.2503509521484
"2021-08-17",55.5,56.2999992370605,55,55.560001373291,16243700,46.9293823242188
"2021-08-18",55.4199981689453,55.810001373291,54.310001373291,54.3899993896484,21890500,45.9411277770996
"2021-08-19",53.4700012207031,53.7099990844727,52.0999984741211,52.7299995422363,30923500,44.538990020752
"2021-08-20",52.2700004577637,53.1399993896484,52.1100006103516,52.7400016784668,16918300,44.5474395751953
"2021-08-23",53.9500007629395,55.060001373291,53.9500007629395,54.9099998474121,21632600,46.3803520202637
"2021-08-24",55.2900009155273,55.8499984741211,55.0099983215332,55.3600006103516,17915600,46.760440826416
"2021-08-25",55.2400016784668,55.7700004577637,54.8699989318848,55.4599990844727,13270300,46.844913482666
"2021-08-26",55.2000007629395,55.5400009155273,54.6300010681152,54.7099990844727,11842600,46.2114181518555
"2021-08-27",55.4000015258789,56.2099990844727,55.4000015258789,55.7700004577637,15822500,47.1067543029785
"2021-08-30",56.2400016784668,56.3400001525879,55.1199989318848,55.1599998474121,14086100,46.5915184020996
"2021-08-31",54.9300003051758,55.310001373291,54.4599990844727,54.5200004577637,27104100,46.0509338378906
"2021-09-01",54.4900016784668,54.7599983215332,53.5999984741211,53.7700004577637,21644100,45.4174308776855
"2021-09-02",54.2900009155273,55.6399993896484,54.2700004577637,55.0800018310547,23293300,46.5239372253418
"2021-09-03",55.1199989318848,55.3199996948242,54.5999984741211,54.8699989318848,13840000,46.3465576171875
"2021-09-07",54.6699981689453,55.2700004577637,54.4700012207031,54.5499992370605,14354400,46.0762786865234
"2021-09-08",54.7900009155273,55.1800003051758,54.0099983215332,54.0499992370605,18756700,45.6539421081543
"2021-09-09",53.6199989318848,55,53.2999992370605,54.0900001525879,19110800,45.6877288818359
"2021-09-10",55.189998626709,55.2299995422363,53.9500007629395,53.9799995422363,15123700,45.5948143005371
"2021-09-13",54.6500015258789,55.9300003051758,54.6199989318848,55.3699989318848,22052300,46.7688903808594
"2021-09-14",55.689998626709,55.7700004577637,54.4099998474121,54.5800018310547,19940300,46.1016082763672
"2021-09-15",55.3699989318848,56.5299987792969,55.310001373291,56.4199981689453,23240900,47.6557807922363
"2021-09-16",56.4599990844727,56.4599990844727,55.5,55.8199996948242,17907200,47.1490020751953
"2021-09-17",55.3400001525879,56.75,55.0999984741211,55.1599998474121,30000400,46.5915184020996
"2021-09-20",53.7799987792969,54.1699981689453,52.9599990844727,53.689998626709,27555100,45.3498611450195
"2021-09-21",54.3699989318848,54.5099983215332,53.25,53.6399993896484,19696800,45.3076324462891
"2021-09-22",54.4300003051758,55.9099998474121,54.3699989318848,55.2099990844727,25690600,46.6337509155273
"2021-09-23",55.4199981689453,57.2400016784668,55.2799987792969,57.0800018310547,23069400,48.2132720947266
"2021-09-24",56.7000007629395,57.8199996948242,56.6800003051758,57.5900001525879,22328600,48.6440391540527
"2021-09-27",58.8499984741211,59.7999992370605,58.8199996948242,59.2999992370605,32972200,50.0884170532227
"2021-09-28",59.9000015258789,60.4799995422363,59.5099983215332,59.9199981689453,37619300,50.6121025085449
"2021-09-29",59.8400001525879,60.189998626709,59.0499992370605,59.8800010681152,23422800,50.5783195495605
"2021-09-30",60.1199989318848,60.1699981689453,58.810001373291,58.8199996948242,31289600,49.682975769043
"2021-10-01",59.4099998474121,60.9900016784668,59.4099998474121,60.9300003051758,24407300,51.4652214050293
"2021-10-04",61.3199996948242,62.0699996948242,60.9500007629395,61.7200012207031,33946700,52.1325035095215
"2021-10-05",62.5200004577637,62.7000007629395,61.0200004577637,61.6199989318848,29641600,52.0480308532715
"2021-10-06",60.4700012207031,61.1199989318848,59.75,60.4900016784668,25284900,51.0935592651367
"2021-10-07",60.6100006103516,61.0800018310547,60.1399993896484,60.6599998474121,19513600,51.2371559143066
"2021-10-08",61.25,62.4199981689453,61.25,62.1800003051758,22186900,52.5210380554199
"2021-10-11",63.0299987792969,63.060001373291,61.5,61.560001373291,22121500,51.9973487854004
"2021-10-12",61.5699996948242,61.9799995422363,60.8499984741211,61.2400016784668,20198600,51.7270622253418
"2021-10-13",60.7799987792969,61.3899993896484,60.2099990844727,61.0699996948242,14991700,51.5834655761719
"2021-10-14",61.7099990844727,62.2200012207031,61.1699981689453,62,18594500,52.3689880371094
"2021-10-15",62.7299995422363,63.0699996948242,62.439998626709,62.5900001525879,16092600,52.8673477172852
"2021-10-18",63.0900001525879,63.1399993896484,62.2700004577637,62.560001373291,18282800,52.8420181274414
"2021-10-19",62.8699989318848,63.6100006103516,62.6699981689453,63.5,18933200,53.6359901428223
"2021-10-20",62.8899993896484,63.8699989318848,62.7200012207031,63.8499984741211,14305200,53.9316253662109
"2021-10-21",63.4700012207031,63.6399993896484,62.3499984741211,62.689998626709,16564600,52.9518127441406
"2021-10-22",62.7700004577637,63.2200012207031,62.3499984741211,63.1199989318848,14266800,53.3150215148926
"2021-10-25",63.7200012207031,64.4199981689453,63.5800018310547,64.3499984741211,17939800,54.3539619445801
"2021-10-26",64.4899978637695,65.9400024414062,64.3600006103516,65.8399963378906,25585100,55.612491607666
"2021-10-27",65.1600036621094,65.25,63.9799995422363,64.129997253418,21764500,54.1681213378906
"2021-10-28",63.8199996948242,64.4700012207031,63.6300010681152,64.3099975585938,16626400,54.3201637268066
"2021-10-29",65.0500030517578,65.3600006103516,64.3300018310547,64.4700012207031,23966300,54.4553184509277
"2021-11-01",65.0699996948242,66.0800018310547,65.0199966430664,65.629997253418,19656400,55.4351196289062
"2021-11-02",65.0299987792969,65.4499969482422,64.6600036621094,64.8199996948242,16300000,54.7509498596191
"2021-11-03",64.0400009155273,64.4499969482422,63.6599998474121,63.9300003051758,17372800,53.9991989135742
"2021-11-04",64.6800003051758,64.8899993896484,63.8300018310547,64.4100036621094,17720100,54.4046440124512
"2021-11-05",65.0500030517578,65.3300018310547,64.5599975585938,65.0199966430664,18565100,54.9198684692383
"2021-11-08",65.5500030517578,66.379997253418,65.379997253418,65.7200012207031,17696000,55.5111503601074
"2021-11-09",65.7699966430664,66.370002746582,65.3099975585938,66.3600006103516,18781300,56.0517311096191
"2021-11-10",65.3199996948242,65.6500015258789,63.7700004577637,64.1900024414062,20177200,54.9474716186523
"2021-11-11",64.1900024414062,64.8300018310547,64.0199966430664,64.3099975585938,13319300,55.0501861572266
"2021-11-12",63.9599990844727,64.370002746582,63.5800018310547,63.8199996948242,18158900,54.6307411193848
"2021-11-15",63.7599983215332,64.7699966430664,63.2200012207031,64.370002746582,18849200,55.1015548706055
"2021-11-16",64.3399963378906,65.370002746582,64.3399963378906,65.0199966430664,17028700,55.6579513549805
"2021-11-17",64.379997253418,65.2399978637695,64.1800003051758,64.3099975585938,15497000,55.0501861572266
"2021-11-18",64.1600036621094,64.5299987792969,63.1100006103516,63.6100006103516,16948200,54.4509887695312
"2021-11-19",61.8899993896484,62.0299987792969,60.4099998474121,60.6699981689453,32035500,51.9343070983887
"2021-11-22",60.3199996948242,62.5400009155273,60.3199996948242,61.5099983215332,21994400,52.6533470153809
"2021-11-23",62.189998626709,63.3800010681152,61.9199981689453,63.1300010681152,21185900,54.0401000976562
"2021-11-24",62.5800018310547,63.8499984741211,62.5800018310547,63.4799995422363,15869700,54.3396949768066
"2021-11-26",60.5200004577637,61.4199981689453,59.5400009155273,61.25,24979600,52.4307861328125
"2021-11-29",62.5699996948242,63.1399993896484,61.2900009155273,61.5900001525879,18946400,52.7218399047852
"2021-11-30",60.4599990844727,61.189998626709,59.6599998474121,59.8400001525879,34979800,51.223804473877
"2021-12-01",60.9000015258789,62.0299987792969,59.75,59.7900009155273,30630600,51.1810150146484
"2021-12-02",59.7400016784668,61.5800018310547,59.1399993896484,61.2799987792969,29216000,52.4564743041992
"2021-12-03",61.9199981689453,62.2299995422363,60.3499984741211,60.8899993896484,22014700,52.1226272583008
"2021-12-06",61.7200012207031,62.1599998474121,61.4199981689453,61.5800018310547,19210500,52.7132759094238
"2021-12-07",62.3400001525879,63.0299987792969,62.0999984741211,62.2700004577637,19800400,53.3039321899414
"2021-12-08",62.6100006103516,63.189998626709,62.3400001525879,62.4500007629395,18214400,53.4580078125
"2021-12-09",62.0499992370605,62.7700004577637,61.810001373291,62.6100006103516,16910300,53.5949668884277
"2021-12-10",63.2700004577637,63.3499984741211,62.2299995422363,63.0099983215332,17942400,53.937370300293
"2021-12-13",62.4700012207031,62.7200012207031,61.3499984741211,61.6300010681152,17793700,52.7560768127441
"2021-12-14",61.2599983215332,62.4700012207031,61.2200012207031,61.5400009155273,22551100,52.6790313720703
"2021-12-15",61.189998626709,61.5,60.0099983215332,61.2700004577637,19961900,52.4479103088379
"2021-12-16",61.439998626709,62.4500007629395,61.2999992370605,61.3699989318848,21187800,52.5335121154785
"2021-12-17",60.9500007629395,61.2799987792969,59.689998626709,60.0299987792969,44338100,51.3864593505859
"2021-12-20",58.7900009155273,59.25,57.9599990844727,59.1599998474121,21819300,50.641731262207
"2021-12-21",59.75,60.6800003051758,59.7200012207031,60.5,19798900,51.7887763977051
"2021-12-22",60.3400001525879,61.3699989318848,59.9700012207031,60.9900016784668,14058300,52.2082290649414
"2021-12-23",61.1699981689453,61.8400001525879,61,61.0200004577637,13543300,52.2339096069336
"2021-12-27",60.9300003051758,61.9500007629395,60.4199981689453,61.8899993896484,12593700,52.978630065918
"2021-12-28",61.9099998474121,62.310001373291,61.4000015258789,61.689998626709,12781000,52.8074378967285
"2021-12-29",61.4799995422363,61.5999984741211,60.9199981689453,61.1500015258789,12733600,52.3451805114746
"2021-12-30",61.2200012207031,61.5999984741211,60.7700004577637,60.7900009155273,11940300,52.0370254516602
"2021-12-31",60.7400016784668,61.4700012207031,60.7000007629395,61.189998626709,14072000,52.3794326782227
"2022-01-03",61.2400016784668,63.5999984741211,61.2099990844727,63.5400009155273,24282400,54.391056060791
"2022-01-04",64.129997253418,66.1900024414062,64.0999984741211,65.9300003051758,38584000,56.436939239502
"2022-01-05",66.5,67.6100006103516,66.4800033569336,66.75,34033300,57.1388511657715
"2022-01-06",68,68.4800033569336,67.0699996948242,68.3199996948242,30668500,58.4828033447266
"2022-01-07",68.5199966430664,69.1800003051758,67.9800033569336,68.879997253418,23985400,58.9621658325195
"2022-01-10",68.9700012207031,69.1699981689453,67.9499969482422,68.4700012207031,22760300,58.6112022399902
"2022-01-11",68.8899993896484,71.4000015258789,68.5800018310547,71.3499984741211,32936100,61.0765266418457
"2022-01-12",71.1399993896484,71.8099975585938,70.6399993896484,71.1399993896484,23045100,60.8967666625977
"2022-01-13",71.120002746582,71.5800018310547,70.3099975585938,70.629997253418,21043200,60.4601936340332
"2022-01-14",70.6500015258789,72.1500015258789,70.5999984741211,71.870002746582,23012900,61.5216445922852
"2022-01-18",72.8199996948242,73.879997253418,72.0100021362305,73.0800018310547,32841200,62.5574188232422
"2022-01-19",73.75,73.8600006103516,72.5500030517578,73.1100006103516,26431600,62.5830955505371
"2022-01-20",72.5,74.370002746582,72.2600021362305,73.2699966430664,26774600,62.7200698852539
"2022-01-21",73.1800003051758,73.1800003051758,71.0400009155273,72.1699981689453,35995200,61.7784538269043
"2022-01-24",70.879997253418,73.0800018310547,69.8099975585938,72.7900009155273,41507000,62.3091850280762
"2022-01-25",72.5899963378906,75.2399978637695,71.3899993896484,74.9300003051758,39278400,64.1410446166992
"2022-01-26",75.4300003051758,76,73.4899978637695,74.1699981689453,35252400,63.4904823303223
"2022-01-27",75.4599990844727,76.0100021362305,73.9899978637695,75.120002746582,29174700,64.3037033081055
"2022-01-28",74.9700012207031,75.620002746582,73.9499969482422,75.2799987792969,30595700,64.4406661987305
"2022-01-31",74.9700012207031,76.4199981689453,74.2699966430664,75.9599990844727,36085500,65.0227355957031
"2022-02-01",76.4499969482422,81.5100021362305,76.2699966430664,80.8300018310547,61033100,69.191520690918
"2022-02-02",80.0599975585938,80.8099975585938,79.1500015258789,80.620002746582,30299300,69.0117568969727
"2022-02-03",80.0899963378906,80.3099975585938,79.0199966430664,79.6800003051758,28529400,68.2071151733398
"2022-02-04",80.870002746582,82.5299987792969,80.870002746582,81.4100036621094,32197500,69.6880111694336
"2022-02-07",81.1399993896484,83.0800018310547,80.6399993896484,82.3899993896484,34949200,70.5268936157227
"2022-02-08",82.2699966430664,82.5,79.9199981689453,80.2600021362305,34356300,68.7035980224609
"2022-02-09",79.5800018310547,80.0299987792969,78.7099990844727,79,40106100,68.3747100830078
"2022-02-10",78.7200012207031,79.6800003051758,77.7900009155273,78.2399978637695,28527700,67.7169189453125
"2022-02-11",78.620002746582,80.3199996948242,78.2300033569336,80.2099990844727,42002100,69.4219665527344
"2022-02-14",79.5800018310547,79.8399963378906,77.0500030517578,78.9800033569336,34652800,68.3574066162109
"2022-02-15",76.9000015258789,78.1900024414062,76.4199981689453,77.9899978637695,25075100,67.5005493164062
"2022-02-16",78.7900009155273,79.7300033569336,78.0400009155273,78.3499984741211,21733800,67.8121185302734
"2022-02-17",78.4800033569336,79.120002746582,77.9499969482422,78.2300033569336,23738800,67.7082748413086
"2022-02-18",77.1600036621094,78.1699981689453,76.8899993896484,77.3600006103516,23394800,66.9552764892578
"2022-02-22",79.6699981689453,79.7900009155273,75.3099975585938,76.4599990844727,35947800,66.1763229370117
"2022-02-23",76.4599990844727,77.4700012207031,76.129997253418,76.7699966430664,25385000,66.4446258544922
"2022-02-24",79,79.0299987792969,74.0299987792969,75.8000030517578,46199900,65.605110168457
"2022-02-25",76.6900024414062,77.9899978637695,76.2600021362305,77.8399963378906,28310300,67.370719909668
"2022-02-28",76.5100021362305,78.9300003051758,76.1999969482422,78.4199981689453,32204600,67.8727188110352
"2022-03-01",78.7699966430664,80.6500015258789,78.3300018310547,79.1699981689453,40002300,68.5218276977539
"2022-03-02",80.5999984741211,82.1500015258789,79.8199996948242,80.5299987792969,44321400,69.6989212036133
"2022-03-03",79.8600006103516,81.7699966430664,79.629997253418,81.0400009155273,30196600,70.1403350830078
"2022-03-04",81.0500030517578,84.2799987792969,80.6600036621094,84.0899963378906,42802200,72.7801055908203
"2022-03-07",84.9199981689453,87.2300033569336,83.9000015258789,87.120002746582,55207900,75.4025955200195
"2022-03-08",89.0500030517578,91.5100021362305,85.4300003051758,87.7799987792969,72082300,75.9738159179688
"2022-03-09",84.0299987792969,86.5699996948242,81.5999984741211,82.7900009155273,65466700,71.6549758911133
"2022-03-10",84.0100021362305,85.6800003051758,82.9000015258789,85.3600006103516,44644200,73.8792953491211
"2022-03-11",84.0699996948242,86.2300033569336,83.9700012207031,84.9199981689453,35303400,73.4984893798828
"2022-03-14",83.0599975585938,83.4499969482422,80.5,81.879997253418,37462600,70.8673400878906
"2022-03-15",78.8199996948242,79.1699981689453,76.370002746582,77.2200012207031,47957900,66.834114074707
"2022-03-16",77.8099975585938,78.620002746582,76.25,76.9300003051758,37812300,66.5831069946289
"2022-03-17",78.1800003051758,79.1500015258789,77.0699996948242,78.9800033569336,34041900,68.3574066162109
"2022-03-18",79.0599975585938,79.3899993896484,78.0999984741211,78.6699981689453,41461500,68.0890884399414
"2022-03-21",80.120002746582,82.5199966430664,79.7399978637695,82.1999969482422,33089300,71.1443023681641
"2022-03-22",81.629997253418,82.1999969482422,80.7900009155273,81.8399963378906,23132200,70.8327255249023
"2022-03-23",83.3399963378906,84.2699966430664,83.0500030517578,83.129997253418,27716300,71.9492340087891
"2022-03-24",83.4599990844727,84.6500015258789,82.75,83.379997253418,19871600,72.1656112670898
"2022-03-25",82.9199981689453,85.4899978637695,82.7900009155273,85.1999969482422,22398300,73.7408065795898
"2022-03-28",83.1699981689453,83.3099975585938,82.0199966430664,82.8099975585938,21552400,71.6722640991211
"2022-03-29",80.8099975585938,82.4899978637695,79.7600021362305,82.370002746582,27036300,71.2914505004883
"2022-03-30",83.0599975585938,84.0100021362305,82.7099990844727,83.7799987792969,22079000,72.5118026733398
"2022-03-31",82.870002746582,84.4000015258789,82.5500030517578,82.5899963378906,27861500,71.4818572998047
"2022-04-01",81.9899978637695,84.1399993896484,81.9899978637695,83.120002746582,18671100,71.9405975341797
"2022-04-04",83.5599975585938,83.6600036621094,82.0500030517578,83.1600036621094,20869400,71.9751892089844
"2022-04-05",83.5,85.0699996948242,82.5599975585938,82.7300033569336,21753100,71.60302734375
"2022-04-06",83.4199981689453,84.6999969482422,82.9400024414062,83.6500015258789,24768200,72.399284362793
"2022-04-07",83.8300018310547,85.4400024414062,82.7099990844727,85.0500030517578,26122000,73.6109848022461
"2022-04-08",85.1699981689453,87.2099990844727,85.1699981689453,86.8399963378906,24866500,75.1602478027344
"2022-04-11",85.7799987792969,85.9300003051758,83.5,83.8499984741211,21800100,72.572395324707
"2022-04-12",85.7099990844727,86.8199996948242,85.379997253418,85.5999984741211,22444200,74.0870208740234
"2022-04-13",86.6100006103516,87.1100006103516,85.1900024414062,86.8099975585938,19306800,75.1342697143555
"2022-04-14",86.6699981689453,88.4599990844727,86.2300033569336,87.8300018310547,24566400,76.0170974731445
"2022-04-18",88.5,88.8899993896484,87.75,88.5500030517578,19032300,76.6402435302734
"2022-04-19",88.0100021362305,88.6600036621094,87.2699966430664,87.7600021362305,20382600,75.9564971923828
"2022-04-20",87.9700012207031,88.5,87.3000030517578,87.9599990844727,20689400,76.1296081542969
"2022-04-21",88.9499969482422,89.8000030517578,86.7900009155273,87.0299987792969,29010900,75.32470703125
"2022-04-22",86.6600036621094,88.120002746582,85,85.129997253418,23591600,73.6802368164062
"2022-04-25",82.370002746582,82.6600036621094,79.2900009155273,82.2600021362305,37698300,71.1962585449219
"2022-04-26",82.7300033569336,84.7200012207031,82.1800003051758,82.2900009155273,28941500,71.2222137451172
"2022-04-27",83.3899993896484,85.4800033569336,82.2799987792969,84.6399993896484,32773000,73.2561340332031
"2022-04-28",84.879997253418,88.1399993896484,84.0699996948242,87.1999969482422,33683800,75.4718246459961
"2022-04-29",88.1399993896484,88.1399993896484,84.6999969482422,85.25,34656500,73.7840957641602
"2022-05-02",85.0100021362305,87.0400009155273,84.629997253418,86.4100036621094,36335200,74.7880935668945
"2022-05-03",86.2600021362305,88.7799987792969,86.120002746582,88.1900024414062,33908100,76.3286895751953
"2022-05-04",89.5,91.879997253418,88.9100036621094,91.6999969482422,46188400,79.3666000366211
"2022-05-05",92.0400009155273,92.0500030517578,88.3899993896484,90.3099975585938,41013400,78.1635513305664
"2022-05-06",90.9800033569336,91.8199996948242,89.3499984741211,91.6900024414062,29619300,79.3579330444336
"2022-05-09",89.4400024414062,89.5599975585938,84.0199966430664,84.4599990844727,45851600,73.1003494262695
"2022-05-10",85.6399993896484,86.8899993896484,83.5199966430664,85.0199966430664,34483200,73.5850219726562
"2022-05-11",86.4300003051758,88.9400024414062,86.2799987792969,86.7900009155273,33020600,75.1169738769531
"2022-05-12",85.9499969482422,86.379997253418,83.4000015258789,86.3000030517578,29491500,75.4579696655273
"2022-05-13",87.3600006103516,88.9499969482422,86.3499984741211,88.8600006103516,25798400,77.6963424682617
"2022-05-16",88.9800033569336,91.9800033569336,88.9700012207031,90.9499969482422,26101200,79.5237884521484
"2022-05-17",91.7300033569336,92.4499969482422,91.120002746582,92.1100006103516,23120700,80.5380630493164
"2022-05-18",92.5100021362305,92.9199981689453,89.8300018310547,90.6500015258789,25451200,79.2614822387695
"2022-05-19",89,92.3000030517578,89,91.1399993896484,24387400,79.6899261474609
"2022-05-20",91.9300003051758,93.5899963378906,90.4000015258789,91.8600006103516,28795000,80.319465637207
"2022-05-23",92.6600036621094,94.7699966430664,92.5500030517578,93.8899993896484,27239300,82.0944290161133
"2022-05-24",92.8199996948242,94.7900009155273,92.3199996948242,94.4000015258789,24293300,82.5403594970703
"2022-05-25",94.5800018310547,96.5299987792969,94.4700012207031,96.3000030517578,29947800,84.2016525268555
"2022-05-26",96.5999984741211,97.4300003051758,96.1999969482422,96.6399993896484,24314800,84.4989471435547
"2022-05-27",95.9499969482422,97.9300003051758,95.3000030517578,97.5899963378906,25588800,85.3295822143555
"2022-05-31",98.5599975585938,99.7799987792969,95.7099990844727,96,44888100,83.9393539428711
"2022-06-01",97.0199966430664,98.7099990844727,96.620002746582,97.8399963378906,25815400,85.5481796264648
"2022-06-02",97.2900009155273,98.0999984741211,96.7900009155273,97.6699981689453,19089100,85.399528503418
"2022-06-03",97.9000015258789,99.6600036621094,97.9000015258789,99.0899963378906,21038200,86.6411514282227
"2022-06-06",99.1800003051758,99.7799987792969,98.6699981689453,98.8399963378906,20682100,86.4225387573242
"2022-06-07",99.6999969482422,103.430000305176,99.4899978637695,103.370002746582,37810200,90.3834533691406
"2022-06-08",103.48999786377,105.569999694824,102.980003356934,104.589996337891,31613200,91.4501800537109
"2022-06-09",103.419998168945,104.569999694824,102.160003662109,102.330001831055,26607000,89.4740982055664
"2022-06-10",101.940002441406,103.349998474121,99.7900009155273,100.459999084473,30950500,87.8390274047852
"2022-06-13",97.5199966430664,97.7699966430664,93.9199981689453,95.8499984741211,33421000,83.8081893920898
"2022-06-14",97.4100036621094,98.6699981689453,95.2699966430664,96.0999984741211,31264000,84.0267944335938
"2022-06-15",95.9899978637695,96.5699996948242,93.2699966430664,94.8899993896484,29620800,82.9688034057617
"2022-06-16",92.4100036621094,93.129997253418,90.2799987792969,91.3899993896484,35696700,79.9085159301758
"2022-06-17",90.9599990844727,91.3499984741211,85.6600036621094,86.120002746582,64610200,75.3005828857422
"2022-06-21",88.5800018310547,92.5299987792969,88.5199966430664,91.4800033569336,35951500,79.9872055053711
"2022-06-22",87.5400009155273,89.7600021362305,87.5299987792969,87.8600006103516,29727200,76.8219757080078
"2022-06-23",88.6600036621094,89.0500030517578,83.5199966430664,85.2099990844727,35757200,74.5049057006836
"2022-06-24",86.9499969482422,88.4000015258789,85.8099975585938,86.9000015258789,26639000,75.9826049804688
"2022-06-27",87.8099975585938,90.0400009155273,87.6699981689453,89.0299987792969,25478700,77.8449935913086
"2022-06-28",91.120002746582,93.2399978637695,90.3499984741211,91.5,33096900,80.0046844482422
"2022-06-29",92.9800033569336,93.1999969482422,87.7600021362305,88.120002746582,25400900,77.0493240356445
"2022-06-30",86.1399993896484,87.5999984741211,84.6699981689453,85.6399993896484,39948100,74.8808822631836
"2022-07-01",86.7399978637695,87.879997253418,84.7099990844727,87.5500030517578,26327900,76.5509262084961
"2022-07-05",86.3399963378906,86.6999969482422,83.0100021362305,84.8099975585938,34591100,74.155158996582
"2022-07-06",83.7600021362305,85.2300033569336,81.0100021362305,83.2799987792969,33375700,72.8173904418945
"2022-07-07",85.379997253418,86.7600021362305,85.3000030517578,85.9400024414062,23817400,75.1432037353516
"2022-07-08",86.9499969482422,87.3000030517578,84.9300003051758,86.0800018310547,17673800,75.2656097412109
"2022-07-11",85.1699981689453,86.120002746582,84.3600006103516,85.6399993896484,15603800,74.8808822631836
"2022-07-12",83.7799987792969,85.0500030517578,82.8600006103516,84.5,21013000,73.8841018676758
"2022-07-13",83.379997253418,86.3099975585938,83.3000030517578,84.8399963378906,19928600,74.1813888549805
"2022-07-14",81.8499984741211,83.3099975585938,80.6900024414062,83.1399993896484,26343000,72.6949691772461
"2022-07-15",84.8000030517578,84.879997253418,82.9000015258789,84.5400009155273,17243700,73.919075012207
"2022-07-18",86.5800018310547,87.9400024414062,85.75,86.0999984741211,19395800,75.2831039428711
"2022-07-19",86.4199981689453,88.5199966430664,86.25,88.2699966430664,18248900,77.1804733276367
"2022-07-20",87.5800018310547,89.6500015258789,87.25,89.2399978637695,16584400,78.0286178588867
"2022-07-21",86.9300003051758,87.8000030517578,85.2099990844727,87.75,21375700,76.7258148193359
"2022-07-22",87.5500030517578,88.4700012207031,86.629997253418,87.0800018310547,15479500,76.1399765014648
"2022-07-25",88.1600036621094,90.129997253418,87.4199981689453,89.9800033569336,17536400,78.6756439208984
"2022-07-26",91.129997253418,91.2799987792969,89,89.629997253418,15141200,78.3696212768555
"2022-07-27",90.2799987792969,92,89.4000015258789,91.5699996948242,18047000,80.0658950805664
"2022-07-28",92.1800003051758,93.25,91.0100021362305,92.6399993896484,20353100,81.0014801025391
"2022-07-29",94.4499969482422,97.5199966430664,94.0999984741211,96.9300003051758,29825800,84.7525024414062
"2022-08-01",94.7900009155273,95.3499984741211,93.2300033569336,94.4800033569336,20793200,82.6102981567383
"2022-08-02",94.6900024414062,95.1999969482422,93.8199996948242,94.0699996948242,16722500,82.2518081665039
"2022-08-03",94.4199981689453,94.4199981689453,90.7900009155273,91.0199966430664,23580800,79.5849914550781
"2022-08-04",90.3099975585938,90.3399963378906,86.4300003051758,87.1900024414062,31821500,76.2361602783203
"2022-08-05",86.3600006103516,89.6900024414062,86.2799987792969,88.4499969482422,17408000,77.3378524780273
"2022-08-08",88.6100006103516,89.5999984741211,88.2200012207031,88.9499969482422,14458500,77.7750473022461
"2022-08-09",90.0500030517578,91.6100006103516,89.9499969482422,90.5899963378906,19083400,79.2090148925781
"2022-08-10",90.6800003051758,91.7900009155273,89.1900024414062,91.4499969482422,18302000,79.9609832763672
"2022-08-11",91.8399963378906,94.3000030517578,91.4400024414062,93.1900024414062,18797900,82.2740859985352
"2022-08-12",92.4800033569336,94.0199966430664,92.1100006103516,94,15058200,82.9891891479492
"2022-08-15",90.5299987792969,92.7300033569336,89.6600036621094,92.3199996948242,20755200,81.5059814453125
"2022-08-16",92.0299987792969,92.8899993896484,91.2900009155273,91.4599990844727,14038200,80.7467193603516
"2022-08-17",91.2699966430664,93.2099990844727,90.9199981689453,92.1999969482422,13678000,81.400032043457
"2022-08-18",93.1500015258789,95.3099975585938,93.0899963378906,94.379997253418,17770400,83.3246917724609
"2022-08-19",94.1600036621094,95.1999969482422,93.8000030517578,94.0800018310547,16128600,83.059814453125
"2022-08-22",93.4199981689453,94.4899978637695,91.8600006103516,94.0100021362305,16019900,82.9980316162109
"2022-08-23",95.5500030517578,98.4100036621094,95.4499969482422,98,23764700,86.5206451416016
"2022-08-24",98.0100021362305,98.9700012207031,97.3600006103516,98.5800018310547,17050300,87.0327072143555
"2022-08-25",98.9199981689453,99.8600006103516,98.0999984741211,99.0899963378906,15305700,87.4829711914062
"2022-08-26",98.7699966430664,99.9100036621094,97.4199981689453,97.870002746582,15531400,86.4058837890625
"2022-08-29",98.1800003051758,101.559997558594,98.1399993896484,100.120002746582,23059200,88.3923187255859
"2022-08-30",98.3600006103516,98.620002746582,95.8199996948242,96.3099975585938,17086800,85.0286026000977
"2022-08-31",94.0299987792969,96.8399963378906,93.5899963378906,95.5899963378906,18340900,84.3929443359375
"2022-09-01",94.4199981689453,95.0699996948242,92.2900009155273,93.870002746582,16423000,82.8744354248047
"2022-09-02",96.3499984741211,96.7900009155273,95.1100006103516,95.5899963378906,18206800,84.3929443359375
"2022-09-06",96.1600036621094,96.5899963378906,94.5100021362305,94.9499969482422,19201500,83.8279266357422
"2022-09-07",93.1900024414062,94.5899963378906,92.3000030517578,94.1399993896484,16274700,83.1128005981445
"2022-09-08",94.6600036621094,95.4199981689453,93.7200012207031,94.9100036621094,18759200,83.7926025390625
"2022-09-09",96.5199966430664,97,95.3199996948242,96.5,17158000,85.1963653564453
"2022-09-12",97.6500015258789,99.1900024414062,96.879997253418,97.6100006103516,16118900,86.1763153076172
"2022-09-13",96.6100006103516,97.7799987792969,94.9100036621094,95.3300018310547,18229100,84.1633987426758
"2022-09-14",96.1900024414062,98.5599975585938,96.1500015258789,97.6699981689453,22655700,86.2293167114258
"2022-09-15",96.2200012207031,96.5400009155273,94.0500030517578,94.8300018310547,21092300,83.7219619750977
"2022-09-16",95.0699996948242,95.3399963378906,92,93.2099990844727,37874700,82.2917251586914
"2022-09-19",91.0100021362305,93.4899978637695,91,93.1999969482422,15342100,82.2828979492188
"2022-09-20",92.7300033569336,92.9300003051758,91.6399993896484,92.4400024414062,14712500,81.6119232177734
"2022-09-21",93.5699996948242,93.879997253418,90.870002746582,90.9499969482422,17332400,80.2964553833008
"2022-09-22",92.1999969482422,92.6600036621094,90.5199966430664,90.5699996948242,16139400,79.9609909057617
"2022-09-23",87.5,87.5,84.8499984741211,85.75,27738800,75.70556640625
"2022-09-26",84.9000015258789,86.2200012207031,83.8899993896484,83.9800033569336,22043400,74.1429138183594
"2022-09-27",85.6100006103516,86.9599990844727,84.8099975585938,85.7399978637695,17307300,75.6967391967773
"2022-09-28",86.120002746582,89.3000030517578,85.9199981689453,88.8600006103516,19543300,78.4512786865234
"2022-09-29",88.1800003051758,89.3600006103516,87.129997253418,88.6800003051758,17896000,78.2923583984375
"2022-09-30",88.1699981689453,89.0400009155273,87.3099975585938,87.3099975585938,21357600,77.0828399658203
"2022-10-03",90.0400009155273,92.3600006103516,89.7200012207031,91.9199981689453,23881300,81.15283203125
"2022-10-04",93.2399978637695,95.3600006103516,92.7099990844727,95.2699966430664,22133700,84.1104202270508
"2022-10-05",95.75,99.9899978637695,95.6600036621094,99.120002746582,34857700,87.5094528198242
"2022-10-06",98.4700012207031,102.180000305176,98.3300018310547,102.059997558594,29124700,90.1050643920898
"2022-10-07",102.190002441406,103.319999694824,100.180000305176,101.029998779297,24507600,89.1957244873047
"2022-10-10",101.48999786377,102.029998779297,98.7200012207031,98.8399963378906,16786100,87.2622528076172
"2022-10-11",97.2200012207031,99.7600021362305,96.75,98,17804100,86.5206451416016
"2022-10-12",97.5,98.9100036621094,97.2300033569336,98.4300003051758,12635800,86.900276184082
"2022-10-13",97.5500030517578,102.449996948242,97.4000015258789,101.870002746582,22019100,89.9373474121094
"2022-10-14",101.120002746582,102.23999786377,99.0400009155273,99.1900024414062,15222000,87.5712432861328
"2022-10-17",101.069999694824,101.970001220703,100.5,100.620002746582,14283200,88.8337478637695
"2022-10-18",101.540000915527,102.349998474121,99.2300033569336,100.800003051758,14065400,88.99267578125
"2022-10-19",101.25,103.98999786377,101.230003356934,103.790000915527,20921700,91.6324234008789
"2022-10-20",104.319999694824,105,103.410003662109,103.930000305176,17649000,91.7560348510742
"2022-10-21",104.449996948242,106.400001525879,103.910003662109,105.860000610352,22814100,93.4599533081055
"2022-10-24",105.660003662109,107.680000305176,105.120002746582,106.599998474121,17024200,94.1132736206055
"2022-10-25",106.410003662109,107.330001831055,105.069999694824,105.879997253418,15719800,93.4776000976562
"2022-10-26",106.26000213623,107.830001831055,106,107.139999389648,17383800,94.5900192260742
"2022-10-27",108.410003662109,109.580001831055,107.419998168945,107.550003051758,18214000,94.9519958496094
"2022-10-28",109.459999084473,111.209999084473,108.120002746582,110.699996948242,28169400,97.7330169677734
"2022-10-31",109.5,112.910003662109,109.440002441406,110.809997558594,26401800,97.8301315307617
"2022-11-01",112.370002746582,112.569999694824,110.650001525879,111.910003662109,22213100,98.8012847900391
"2022-11-02",111.580001831055,112.099998474121,109.309997558594,109.610000610352,20654200,96.7706909179688
"2022-11-03",108.580001831055,111.819999694824,108.309997558594,111.099998474121,17103700,98.0861740112305
"2022-11-04",113,113.5,110.800003051758,112.309997558594,17541500,99.1544189453125
"2022-11-07",112.410003662109,113.98999786377,112.129997253418,113.639999389648,16008000,100.328636169434
"2022-11-08",113.480003356934,114.660003662109,112.599998474121,114,14661000,100.646476745605
"2022-11-09",113.099998474121,113.279998779297,108.569999694824,108.900001525879,19522800,96.1438674926758
"2022-11-10",110.190002441406,110.699996948242,107.569999694824,110.5,20146700,97.5564422607422
"2022-11-11",112.580001831055,114.5,112.48999786377,113.949996948242,20518900,100.602325439453
"2022-11-14",112.629997253418,114.639999389648,112.48999786377,113.370002746582,20858300,100.896034240723
"2022-11-15",113.800003051758,114.529998779297,112.870002746582,114.129997253418,19373800,101.572380065918
"2022-11-16",113.440002441406,114.26000213623,111.860000610352,112.910003662109,13591000,100.486625671387
"2022-11-17",111.290000915527,113.199996948242,110.75,113.059997558594,12425900,100.620124816895
"2022-11-18",110.900001525879,112.480003356934,109.610000610352,112.080001831055,15415000,99.7479629516602
"2022-11-21",109.98999786377,111.199996948242,107.480003356934,110.970001220703,20973000,98.7600860595703
"2022-11-22",112.209999084473,114.470001220703,111.430000305176,114.180000305176,17719100,101.616889953613
"2022-11-23",112.319999694824,113.949996948242,112.099998474121,113.610000610352,11546700,101.109603881836
"2022-11-25",113.879997253418,114.610000610352,113.059997558594,113.209999084473,7136000,100.753623962402
"2022-11-28",110.660003662109,111.459999084473,109.620002746582,109.809997558594,23015500,97.7277145385742
"2022-11-29",110.610000610352,111.800003051758,109.790000915527,110.540000915527,14453200,98.3773956298828
"2022-11-30",111.540000915527,111.900001525879,109.779998779297,111.339996337891,23158100,99.0893783569336
"2022-12-01",111.639999389648,112.069999694824,110.180000305176,110.800003051758,14398300,98.6087875366211
"2022-12-02",109.51000213623,111.709999084473,109.199996948242,109.860000610352,15248400,97.7722244262695
"2022-12-05",110.699996948242,111.360000610352,105.940002441406,106.849998474121,19287700,95.0934066772461
"2022-12-06",105.900001525879,107.040000915527,103.150001525879,103.879997253418,21197000,92.4501953125
"2022-12-07",103.779998779297,104.849998474121,102.370002746582,103.650001525879,20061700,92.2454986572266
"2022-12-08",106.279998779297,106.800003051758,103.709999084473,104.419998168945,21128800,92.930778503418
"2022-12-09",104.589996337891,105.949996948242,103.300003051758,103.540000915527,21298200,92.1475982666016
"2022-12-12",103.830001831055,106.23999786377,103.589996337891,106.089996337891,20413200,94.4170227050781
"2022-12-13",107.800003051758,108.540000915527,107.019996643066,107.25,24305300,95.4493942260742
"2022-12-14",107.98999786377,108.300003051758,105.75,106.459999084473,17597300,94.7463150024414
"2022-12-15",105.330001831055,106.169998168945,103.699996948242,105.440002441406,15365100,93.8385543823242
"2022-12-16",103.690002441406,105.580001831055,103.129997253418,104.699996948242,54596600,93.1799774169922
"2022-12-19",105.26000213623,106.199996948242,104.379997253418,105.169998168945,13611100,93.5982513427734
"2022-12-20",105.169998168945,107.51000213623,105.069999694824,106.690002441406,14680000,94.9510192871094
"2022-12-21",108.290000915527,108.589996337891,107.160003662109,108.059997558594,13565400,96.1702651977539
"2022-12-22",107.889999389648,108.190002441406,104.099998474121,105.879997253418,13213000,94.2301177978516
"2022-12-23",106.949996948242,108.73999786377,106.900001525879,108.680000305176,11539400,96.722053527832
"2022-12-27",109.269996643066,110.470001220703,108.830001831055,110.190002441406,11962100,98.06591796875
"2022-12-28",109.910003662109,110,107.900001525879,108.379997253418,10702100,96.4550552368164
"2022-12-29",107.98999786377,109.720001220703,107.98999786377,109.199996948242,10534000,97.1848373413086
"2022-12-30",108.610000610352,110.5,108.610000610352,110.300003051758,11799600,98.1637954711914
